{"sigma_r": 1.5244, "sigma_i": 0.8747, "f_hot": 0.4, "sigma_i_hot": 10.0, "m": 3, "seed": 3553972552, "n_k": {"1": 4491, "2": 788, "3": 157, "4": 33, "5": 10, "6+": 1}, "dlogr": [0.000526, 0.001093, 0.001391, 0.001602, 0.002121, 0.002696, 0.00271, 0.00301, 0.003253, 0.003357, 0.003382, 0.003468, 0.003523, 0.003596, 0.003665, 0.003678, 0.003691, 0.004158, 0.004168, 0.004263, 0.004319, 0.004435, 0.004676, 0.004802, 0.005076, 0.00538, 0.005491, 0.005612, 0.005619, 0.006487, 0.006713, 0.006796, 0.00702, 0.007049, 0.007062, 0.007203, 0.007551, 0.007552, 0.007584, 0.008186, 0.008552, 0.008975, 0.009517, 0.009576, 0.00989, 0.010079, 0.010139, 0.010177, 0.010446, 0.010517, 0.010971, 0.011309, 0.011705, 0.011901, 0.011933, 0.012403, 0.012425, 0.0125, 0.012531, 0.0129, 0.012909, 0.01365, 0.013779, 0.013972, 0.014274, 0.014569, 0.014641, 0.014651, 0.014796, 0.015075, 0.015221, 0.015243, 0.01527, 0.015349, 0.015925, 0.016352, 0.016364, 0.016374, 0.016744, 0.01699, 0.017121, 0.017123, 0.017278, 0.0173, 0.018025, 0.018115, 0.0186, 0.018602, 0.018772, 0.019486, 0.019532, 0.020306, 0.021046, 0.021136, 0.021789, 0.022424, 0.022424, 0.022684, 0.022761, 0.02303, 0.023067, 0.023115, 0.023117, 0.023164, 0.02322, 0.023844, 0.024485, 0.024532, 0.024739, 0.025351, 0.025579, 0.025656, 0.025827, 0.025843, 0.025947, 0.026082, 0.026148, 0.026168, 0.026192, 0.026261, 0.026266, 0.026323, 0.026601, 0.02669, 0.026976, 0.027006, 0.027269, 0.027713, 0.028013, 0.028448, 0.028685, 0.029491, 0.029548, 0.029597, 0.030692, 0.03103, 0.031387, 0.031407, 0.031508, 0.031589, 0.031652, 0.031764, 0.031815, 0.032106, 0.032168, 0.032244, 0.033056, 0.033125, 0.033212, 0.033385, 0.033663, 0.033813, 0.033843, 0.03446, 0.034538, 0.034651, 0.034796, 0.035244, 0.03541, 0.035944, 0.036847, 0.036848, 0.037313, 0.037547, 0.037697, 0.03775, 0.037751, 0.038234, 0.038362, 0.038719, 0.039005, 0.039115, 0.039278, 0.039474, 0.040212, 0.040408, 0.040531, 0.040546, 0.040839, 0.041268, 0.041311, 0.041472, 0.041623, 0.041708, 0.041768, 0.041773, 0.042308, 0.042469, 0.042539, 0.043072, 0.043104, 0.043659, 0.043961, 0.044262, 0.044388, 0.044505, 0.044885, 0.044991, 0.045259, 0.045349, 0.045501, 0.045529, 0.045886, 0.046089, 0.046395, 0.046482, 0.046513, 0.046525, 0.046694, 0.047063, 0.047312, 0.047387, 0.047399, 0.047516, 0.047586, 0.048033, 0.048067, 0.048087, 0.048227, 0.048755, 0.048756, 0.049267, 0.049396, 0.049443, 0.050139, 0.050247, 0.050594, 0.051104, 0.051292, 0.051915, 0.052619, 0.052981, 0.05303, 0.05306, 0.053146, 0.053244, 0.05346, 0.053823, 0.053881, 0.054359, 0.054404, 0.05453, 0.055155, 0.0555, 0.055632, 0.0559, 0.056, 0.056273, 0.056513, 0.056961, 0.056995, 0.05725, 0.057378, 0.057398, 0.057498, 0.0583, 0.058626, 0.058788, 0.058816, 0.058936, 0.059077, 0.059095, 0.05938, 0.059387, 0.060088, 0.060376, 0.060913, 0.061171, 0.061855, 0.062064, 0.0626, 0.062836, 0.062924, 0.063342, 0.063377, 0.063648, 0.064404, 0.064436, 0.064741, 0.064887, 0.065016, 0.065137, 0.065653, 0.066141, 0.066316, 0.066498, 0.067343, 0.067593, 0.067846, 0.06814, 0.068276, 0.068394, 0.068468, 0.068752, 0.068912, 0.069248, 0.069272, 0.069298, 0.069315, 0.069567, 0.069987, 0.070082, 0.070142, 0.070187, 0.07022, 0.070752, 0.070956, 0.071041, 0.071518, 0.0718, 0.073221, 0.073276, 0.073466, 0.073566, 0.073618, 0.073727, 0.073771, 0.073901, 0.074058, 0.074066, 0.074071, 0.074156, 0.074384, 0.074565, 0.074787, 0.07514, 0.075563, 0.076077, 0.076552, 0.076587, 0.076602, 0.076956, 0.077022, 0.077091, 0.07716, 0.078044, 0.0782, 0.079169, 0.079218, 0.079508, 0.079838, 0.079935, 0.080583, 0.081109, 0.081348, 0.081359, 0.081939, 0.082507, 0.082536, 0.082748, 0.082893, 0.083146, 0.083267, 0.08339, 0.083522, 0.083721, 0.083986, 0.084698, 0.086322, 0.086509, 0.086582, 0.086603, 0.08661, 0.086745, 0.086858, 0.086879, 0.08707, 0.08736, 0.087375, 0.087858, 0.087928, 0.088144, 0.088187, 0.08828, 0.088345, 0.088432, 0.088584, 0.088695, 0.08971, 0.090311, 0.090585, 0.090836, 0.091103, 0.091125, 0.091152, 0.091448, 0.091767, 0.092161, 0.092399, 0.092765, 0.093029, 0.093236, 0.09328, 0.093293, 0.093301, 0.093335, 0.093759, 0.093973, 0.093996, 0.09402, 0.094727, 0.095014, 0.095692, 0.096023, 0.096442, 0.096623, 0.096842, 0.097557, 0.09768, 0.09834, 0.098377, 0.098773, 0.098851, 0.098917, 0.098918, 0.098943, 0.099203, 0.099489, 0.099859, 0.100224, 0.100629, 0.100754, 0.100961, 0.101068, 0.101094, 0.101101, 0.101293, 0.101358, 0.101436, 0.101461, 0.101714, 0.101811, 0.101914, 0.10222, 0.102331, 0.102543, 0.103177, 0.103209, 0.103254, 0.103276, 0.103337, 0.103479, 0.103482, 0.103545, 0.103667, 0.10389, 0.103996, 0.105045, 0.105246, 0.106406, 0.107271, 0.107683, 0.107705, 0.108717, 0.109012, 0.109118, 0.109119, 0.109162, 0.109217, 0.109405, 0.109665, 0.110075, 0.110402, 0.110443, 0.110568, 0.110688, 0.110881, 0.110892, 0.110923, 0.111071, 0.111329, 0.111749, 0.11204, 0.112142, 0.112313, 0.112591, 0.112828, 0.113538, 0.113726, 0.11453, 0.114665, 0.114826, 0.114902, 0.115645, 0.115735, 0.11574, 0.115895, 0.116045, 0.116125, 0.116396, 0.116501, 0.116502, 0.116566, 0.116592, 0.116815, 0.116856, 0.117106, 0.117413, 0.117479, 0.118004, 0.118339, 0.118471, 0.1187, 0.118951, 0.119051, 0.119794, 0.11986, 0.121008, 0.121448, 0.12159, 0.121599, 0.121728, 0.121729, 0.12185, 0.121901, 0.122469, 0.122536, 0.123132, 0.123579, 0.12389, 0.124509, 0.124559, 0.12466, 0.125097, 0.125126, 0.125149, 0.125326, 0.125353, 0.126066, 0.12618, 0.126619, 0.126917, 0.127391, 0.128017, 0.128045, 0.128156, 0.1282, 0.128245, 0.128396, 0.129194, 0.129223, 0.129444, 0.129729, 0.130412, 0.130497, 0.130897, 0.131085, 0.13163, 0.131826, 0.132422, 0.133096, 0.133272, 0.133549, 0.133687, 0.134083, 0.134153, 0.134208, 0.134374, 0.1345, 0.13529, 0.13534, 0.135344, 0.13549, 0.136121, 0.136273, 0.137304, 0.137327, 0.137513, 0.13811, 0.13849, 0.13866, 0.138837, 0.139306, 0.139451, 0.139463, 0.139758, 0.139849, 0.140543, 0.141578, 0.141778, 0.141795, 0.142199, 0.14228, 0.142474, 0.142833, 0.143348, 0.143666, 0.143799, 0.144237, 0.144261, 0.144439, 0.144442, 0.14479, 0.145264, 0.145301, 0.14681, 0.147437, 0.148248, 0.148728, 0.148947, 0.148951, 0.149047, 0.149203, 0.14927, 0.14933, 0.149845, 0.149957, 0.150175, 0.151625, 0.151655, 0.151941, 0.152565, 0.152605, 0.152932, 0.153395, 0.153643, 0.153983, 0.15404, 0.154074, 0.154293, 0.154544, 0.155008, 0.155064, 0.155127, 0.156311, 0.156551, 0.157104, 0.157936, 0.159572, 0.159898, 0.160072, 0.160128, 0.16014, 0.160456, 0.160642, 0.160775, 0.160865, 0.161148, 0.161831, 0.162661, 0.162718, 0.163061, 0.163421, 0.16381, 0.164004, 0.16408, 0.164312, 0.164481, 0.164858, 0.165897, 0.166129, 0.166637, 0.166805, 0.167131, 0.167401, 0.167658, 0.167687, 0.167704, 0.168057, 0.168109, 0.16812, 0.16818, 0.168254, 0.168342, 0.168773, 0.168883, 0.169009, 0.169092, 0.169369, 0.170124, 0.170198, 0.170722, 0.171603, 0.172341, 0.173153, 0.173482, 0.173692, 0.173855, 0.174054, 0.174124, 0.17515, 0.175299, 0.175696, 0.175913, 0.176078, 0.177267, 0.177637, 0.177841, 0.177851, 0.178436, 0.178893, 0.179755, 0.179827, 0.179904, 0.18015, 0.1802, 0.180705, 0.181221, 0.18222, 0.182636, 0.182852, 0.182856, 0.182931, 0.183517, 0.183844, 0.184572, 0.184733, 0.18488, 0.185034, 0.185137, 0.185377, 0.185453, 0.18547, 0.186, 0.186225, 0.186679, 0.187363, 0.187776, 0.188613, 0.189178, 0.189218, 0.18963, 0.190224, 0.191309, 0.191474, 0.191931, 0.192314, 0.192624, 0.19269, 0.19317, 0.19459, 0.195043, 0.195185, 0.195974, 0.196188, 0.196626, 0.197726, 0.198024, 0.200858, 0.201314, 0.201432, 0.201536, 0.203481, 0.203843, 0.203952, 0.204581, 0.204993, 0.20516, 0.205553, 0.205708, 0.206011, 0.206229, 0.206592, 0.206656, 0.207262, 0.207489, 0.207588, 0.207688, 0.208093, 0.209175, 0.20943, 0.209431, 0.21017, 0.210376, 0.21085, 0.211951, 0.212219, 0.212553, 0.213195, 0.214184, 0.214309, 0.214763, 0.214896, 0.215624, 0.215803, 0.215866, 0.215868, 0.216891, 0.217235, 0.217899, 0.217981, 0.218052, 0.218561, 0.218674, 0.218959, 0.219254, 0.219402, 0.219539, 0.219955, 0.220155, 0.220424, 0.221745, 0.221804, 