{"sigma_r": 1.5244, "sigma_i": 0.2, "f_hot": 0.4, "sigma_i_hot": 10.0, "m": 4, "seed": 1023385371, "n_k": {"1": 4443, "2": 731, "3": 172, "4": 44, "5": 10, "6+": 2}, "dlogr": [0.0, 0.000447, 0.001011, 0.001013, 0.001086, 0.001228, 0.001324, 0.001546, 0.001881, 0.002908, 0.003042, 0.003471, 0.00365, 0.003866, 0.004259, 0.004988, 0.005005, 0.005327, 0.00541, 0.005568, 0.005762, 0.006066, 0.006085, 0.006113, 0.006214, 0.006217, 0.006742, 0.006821, 0.006829, 0.00698, 0.0073, 0.007539, 0.007714, 0.007755, 0.007967, 0.008002, 0.008016, 0.008256, 0.008414, 0.00852, 0.008672, 0.009385, 0.00946, 0.009626, 0.009627, 0.009628, 0.009995, 0.010042, 0.010574, 0.010626, 0.01109, 0.011692, 0.01174, 0.011836, 0.01194, 0.011962, 0.012246, 0.012296, 0.012317, 0.012446, 0.013086, 0.013226, 0.013292, 0.013366, 0.013574, 0.01365, 0.01383, 0.014369, 0.014708, 0.014908, 0.015003, 0.015122, 0.015171, 0.015218, 0.015422, 0.016031, 0.016034, 0.017071, 0.01712, 0.01722, 0.017323, 0.017417, 0.017507, 0.017605, 0.017899, 0.017986, 0.01812, 0.018421, 0.018576, 0.018732, 0.018854, 0.019078, 0.019153, 0.01959, 0.020109, 0.020342, 0.020381, 0.021116, 0.021226, 0.021434, 0.021827, 0.02191, 0.022118, 0.022485, 0.022703, 0.022935, 0.023069, 0.023584, 0.023609, 0.023776, 0.024208, 0.024244, 0.025171, 0.025281, 0.025362, 0.025371, 0.025516, 0.025659, 0.026023, 0.026326, 0.026393, 0.026399, 0.026635, 0.026799, 0.026863, 0.027188, 0.027241, 0.027329, 0.027417, 0.027768, 0.02798, 0.028093, 0.028305, 0.028379, 0.028834, 0.029165, 0.029371, 0.029772, 0.030304, 0.030327, 0.030382, 0.030432, 0.030455, 0.030456, 0.030509, 0.030584, 0.030754, 0.030781, 0.031753, 0.032016, 0.032586, 0.033485, 0.033486, 0.034102, 0.034304, 0.034433, 0.034889, 0.035012, 0.035037, 0.035482, 0.036244, 0.036974, 0.037048, 0.037149, 0.037227, 0.037246, 0.037384, 0.037549, 0.03817, 0.038324, 0.038346, 0.038652, 0.039148, 0.039174, 0.039491, 0.039593, 0.040143, 0.040232, 0.040269, 0.040305, 0.040857, 0.040919, 0.041201, 0.041576, 0.041831, 0.042964, 0.043051, 0.043332, 0.043691, 0.044088, 0.044339, 0.04442, 0.044456, 0.044811, 0.045262, 0.04527, 0.045654, 0.046071, 0.046405, 0.046682, 0.046704, 0.046804, 0.047258, 0.047366, 0.047714, 0.047787, 0.048105, 0.048218, 0.04859, 0.04862, 0.048755, 0.04887, 0.049203, 0.049341, 0.049382, 0.049449, 0.049588, 0.049897, 0.049916, 0.049974, 0.050346, 0.051021, 0.051093, 0.051252, 0.051433, 0.051476, 0.051702, 0.052403, 0.052512, 0.052829, 0.052973, 0.053138, 0.053301, 0.053353, 0.053621, 0.053711, 0.053724, 0.053742, 0.054051, 0.054142, 0.054222, 0.05432, 0.054379, 0.054468, 0.055007, 0.055584, 0.055628, 0.055801, 0.055917, 0.056305, 0.05645, 0.056475, 0.056641, 0.056856, 0.057328, 0.057934, 0.058351, 0.05852, 0.058558, 0.058678, 0.058772, 0.058953, 0.058961, 0.059319, 0.059368, 0.059429, 0.059443, 0.059966, 0.060036, 0.060129, 0.060467, 0.060774, 0.060873, 0.060903, 0.061049, 0.061475, 0.061641, 0.061691, 0.061693, 0.06172, 0.061926, 0.062106, 0.062269, 0.062278, 0.062674, 0.062726, 0.063293, 0.063411, 0.063515, 0.063642, 0.063772, 0.064193, 0.064196, 0.06484, 0.064959, 0.065469, 0.06556, 0.065588, 0.065626, 0.065654, 0.065837, 0.066264, 0.066291, 0.066352, 0.066547, 0.066642, 0.06681, 0.066873, 0.067248, 0.0673, 0.067503, 0.067555, 0.067795, 0.067908, 0.067967, 0.06815, 0.06819, 0.068609, 0.068631, 0.069244, 0.069392, 0.069502, 0.06954, 0.06989, 0.070123, 0.070637, 0.071244, 0.071392, 0.071536, 0.071765, 0.072015, 0.07222, 0.072509, 0.072944, 0.072984, 0.073246, 0.073684, 0.074408, 0.074714, 0.074756, 0.074859, 0.075024, 0.075156, 0.075333, 0.076005, 0.076125, 0.076193, 0.076216, 0.076873, 0.077035, 0.077049, 0.077137, 0.077473, 0.077603, 0.077922, 0.078204, 0.078542, 0.07892, 0.079036, 0.079044, 0.07906, 0.079358, 0.079366, 0.080074, 0.080097, 0.08107, 0.082398, 0.08241, 0.082805, 0.083029, 0.083146, 0.083608, 0.083869, 0.0841, 0.084361, 0.084605, 0.084675, 0.084681, 0.084887, 0.085004, 0.085254, 0.085839, 0.085867, 0.086047, 0.086138, 0.08632, 0.086461, 0.086703, 0.086753, 0.086792, 0.087505, 0.088054, 0.088456, 0.088938, 0.08905, 0.089087, 0.089095, 0.089289, 0.089744, 0.08986, 0.090347, 0.091206, 0.091281, 0.091457, 0.091496, 0.091624, 0.091845, 0.092971, 0.093474, 0.093685, 0.094117, 0.094599, 0.094807, 0.09485, 0.0949, 0.095103, 0.095558, 0.096067, 0.096604, 0.097135, 0.09717, 0.097618, 0.097654, 0.097743, 0.097815, 0.098046, 0.098174, 0.098772, 0.098801, 0.099342, 0.099444, 0.099777, 0.100069, 0.100151, 0.100215, 0.10038, 0.100817, 0.100895, 0.101113, 0.101487, 0.101631, 0.101677, 0.101702, 0.102312, 0.10244, 0.102626, 0.102771, 0.103028, 0.103294, 0.103942, 0.104141, 0.104198, 0.104247, 0.105017, 0.105374, 0.105548, 0.105902, 0.105943, 0.106109, 0.106515, 0.106601, 0.106745, 0.10684, 0.107099, 0.10728, 0.107464, 0.108157, 0.108238, 0.108856, 0.109169, 0.109545, 0.109618, 0.110281, 0.110324, 0.111216, 0.111301, 0.111674, 0.111959, 0.112125, 0.112416, 0.112515, 0.112964, 0.11326, 0.114619, 0.11466, 0.114994, 0.115086, 0.115167, 0.115417, 0.115731, 0.116567, 0.116791, 0.117578, 0.117939, 0.117968, 0.118173, 0.118184, 0.11826, 0.118698, 0.11879, 0.118798, 0.118944, 0.119199, 0.119408, 0.119925, 0.120498, 0.120617, 0.120938, 0.12111, 0.121358, 0.121572, 0.121978, 0.122113, 0.12222, 0.122643, 0.123208, 0.123705, 0.124123, 0.12424, 0.124687, 0.125087, 0.125235, 0.125966, 0.126845, 0.126995, 0.127348, 0.127437, 0.127442, 0.12754, 0.128615, 0.128781, 0.129005, 0.129038, 0.129123, 0.12914, 0.129391, 0.129516, 0.129698, 0.130064, 0.130103, 0.13014, 0.130175, 0.130271, 0.130522, 0.130621, 0.131027, 0.131067, 0.13108, 0.131179, 0.131207, 0.132082, 0.132215, 0.132651, 0.132809, 0.133066, 0.133081, 0.133185, 0.134932, 0.135071, 0.135154, 0.135221, 0.135244, 0.135274, 0.135667, 0.135682, 0.135704, 0.13707, 0.137218, 0.137334, 0.137354, 0.137402, 0.137699, 0.138239, 0.138359, 0.138426, 0.13847, 0.138977, 0.139203, 0.139557, 0.13972, 0.139745, 0.140411, 0.140556, 0.141034, 0.141331, 0.141432, 0.141545, 0.141916, 0.142782, 0.143007, 0.144479, 0.144675, 0.145296, 0.145623, 0.14588, 0.146139, 0.146503, 0.146648, 0.146701, 0.147023, 0.147106, 0.148078, 0.148491, 0.14916, 0.149182, 0.149258, 0.149913, 0.150002, 0.150252, 0.150649, 0.150778, 0.150805, 0.151115, 0.151244, 0.151895, 0.152691, 0.153545, 0.154298, 0.154407, 0.154651, 0.155415, 0.155445, 0.155604, 0.156184, 0.156205, 0.156212, 0.156506, 0.156817, 0.157017, 0.15736, 0.157563, 0.157741, 0.15784, 0.157878, 0.158732, 0.159101, 0.159186, 0.159489, 0.159653, 0.159789, 0.159825, 0.160972, 0.161106, 0.161119, 0.161201, 0.161604, 0.161768, 0.162254, 0.162942, 0.16423, 0.164656, 0.164743, 0.165292, 0.165517, 0.166799, 0.167325, 0.167338, 0.168431, 0.168832, 0.169238, 0.169512, 0.170217, 0.170458, 0.170837, 0.171678, 0.171919, 0.172055, 0.172066, 0.172371, 0.172558, 0.17271, 0.172853, 0.173304, 0.174029, 0.174031, 0.174851, 0.175036, 0.175198, 0.175528, 0.175579, 0.176247, 0.176688, 0.176949, 0.177037, 0.177187, 0.177517, 0.178232, 0.17829, 0.17834, 0.178622, 0.178683, 0.179319, 0.18069, 0.18124, 0.181644, 0.181846, 0.181902, 0.181991, 0.181995, 0.182748, 0.183136, 0.183465, 0.184484, 0.184734, 0.184966, 0.185176, 0.1852, 0.185837, 0.18596, 0.185984, 0.186454, 0.186689, 0.186778, 0.187167, 0.18757, 0.1876, 0.189369, 0.189564, 0.189829, 0.190889, 0.191193, 0.191655, 0.192072, 0.192353, 0.192528, 0.193365, 0.193377, 0.193621, 0.19388, 0.194234, 0.194353, 0.194788, 0.19603, 0.196201, 0.196458, 0.196771, 0.197965, 0.198341, 0.198545, 0.198822, 0.199699, 0.200032, 0.201205, 0.201582, 0.201592, 0.201861, 0.201914, 0.201994, 0.202136, 0.202297, 0.202472, 0.203562, 0.205169, 0.205342, 0.205665, 0.20643, 0.206727, 0.207056, 0.207565, 0.207606, 0.207974, 0.208039, 0.208534, 0.208716, 0.209087, 0.210711, 0.211478, 0.211479, 0.211483, 0.21233, 0.213258, 0.213336, 0.213697, 0.214192, 0.214417, 0.214815, 0.215022, 0.215819, 0.216213, 0.21681, 0.217486, 0.218374, 0.218837, 0.219835, 0.220092, 0.220628, 0.221202, 0.222026, 0.222072, 0.222216, 0.22236, 0.222731, 