{"sigma_r": 1.5244, "sigma_i": 0.2, "f_hot": 0.3, "sigma_i_hot": 30.0, "m": 1, "seed": 3298467637, "n_k": {"1": 4467, "2": 683, "3": 202, "4": 53, "5": 13, "6+": 3}, "dlogr": [0.0, 0.0, 0.000136, 0.000202, 0.000214, 0.000684, 0.000686, 0.000716, 0.000844, 0.000971, 0.001001, 0.001004, 0.001355, 0.001396, 0.001729, 0.002031, 0.00222, 0.00273, 0.003114, 0.003474, 0.003539, 0.004007, 0.004496, 0.004854, 0.005006, 0.005067, 0.00529, 0.005444, 0.005543, 0.005789, 0.005813, 0.005913, 0.006233, 0.006616, 0.006793, 0.006853, 0.00689, 0.006997, 0.007011, 0.007016, 0.007232, 0.007612, 0.007973, 0.008055, 0.008082, 0.008141, 0.008261, 0.008651, 0.008785, 0.008847, 0.009227, 0.009235, 0.009477, 0.009507, 0.009516, 0.009913, 0.011401, 0.011529, 0.011548, 0.011565, 0.011701, 0.011839, 0.011854, 0.01186, 0.012016, 0.012457, 0.012527, 0.012999, 0.013186, 0.013599, 0.013664, 0.013671, 0.013729, 0.013843, 0.014044, 0.014268, 0.01442, 0.014478, 0.014706, 0.014969, 0.014974, 0.014975, 0.014994, 0.015201, 0.015552, 0.016286, 0.016417, 0.016451, 0.01668, 0.017025, 0.017136, 0.017304, 0.0176, 0.017647, 0.017834, 0.018277, 0.018399, 0.018555, 0.018684, 0.018979, 0.019119, 0.020309, 0.020701, 0.02073, 0.020952, 0.021053, 0.021054, 0.022148, 0.022361, 0.022593, 0.022782, 0.022983, 0.023422, 0.023482, 0.023686, 0.023738, 0.023798, 0.023805, 0.023845, 0.024253, 0.024567, 0.024757, 0.025008, 0.025126, 0.025449, 0.025892, 0.026597, 0.026779, 0.026972, 0.027073, 0.027425, 0.027575, 0.027615, 0.028179, 0.028443, 0.029276, 0.029609, 0.029751, 0.029804, 0.029954, 0.030012, 0.030041, 0.030195, 0.030437, 0.030872, 0.031444, 0.031877, 0.032029, 0.032029, 0.032679, 0.032852, 0.033333, 0.033663, 0.034377, 0.034504, 0.034758, 0.035826, 0.036061, 0.036081, 0.036134, 0.036237, 0.036733, 0.037064, 0.037287, 0.037705, 0.037829, 0.037904, 0.038421, 0.038572, 0.038952, 0.039388, 0.03941, 0.039414, 0.039558, 0.03974, 0.039755, 0.039801, 0.04, 0.040048, 0.04034, 0.040376, 0.040572, 0.041044, 0.041501, 0.041546, 0.041778, 0.041861, 0.042029, 0.042086, 0.042871, 0.04295, 0.043126, 0.043334, 0.043821, 0.043877, 0.044044, 0.044093, 0.044134, 0.04499, 0.045068, 0.045306, 0.045456, 0.045468, 0.045484, 0.045596, 0.045733, 0.045956, 0.046064, 0.047243, 0.047557, 0.047627, 0.047735, 0.047754, 0.048283, 0.048508, 0.048602, 0.048804, 0.049034, 0.049268, 0.049486, 0.050073, 0.050434, 0.050515, 0.050856, 0.051443, 0.051965, 0.052112, 0.052292, 0.052412, 0.052598, 0.052735, 0.052824, 0.052991, 0.053373, 0.053505, 0.053749, 0.05397, 0.054126, 0.054247, 0.054278, 0.054608, 0.054687, 0.054867, 0.055048, 0.055317, 0.055408, 0.055452, 0.055987, 0.056105, 0.05638, 0.056614, 0.05662, 0.056717, 0.056774, 0.057131, 0.057493, 0.057651, 0.057687, 0.057848, 0.058303, 0.058522, 0.058525, 0.058544, 0.058743, 0.058835, 0.059103, 0.059815, 0.060069, 0.060171, 0.060655, 0.060792, 0.060969, 0.06109, 0.061144, 0.061355, 0.061408, 0.061599, 0.061624, 0.061792, 0.062048, 0.062724, 0.062773, 0.063186, 0.063267, 0.063267, 0.063511, 0.063647, 0.063777, 0.063845, 0.063899, 0.064138, 0.064159, 0.064331, 0.064512, 0.064731, 0.064798, 0.064981, 0.065366, 0.065391, 0.065918, 0.066277, 0.066739, 0.067056, 0.067159, 0.067499, 0.068416, 0.068626, 0.068712, 0.06873, 0.068775, 0.068807, 0.068865, 0.069009, 0.069252, 0.069345, 0.069347, 0.069621, 0.06987, 0.069979, 0.070044, 0.070203, 0.070204, 0.07022, 0.070517, 0.070807, 0.070901, 0.071227, 0.071424, 0.071453, 0.071524, 0.07168, 0.071796, 0.071846, 0.072115, 0.072184, 0.072612, 0.072784, 0.073315, 0.073401, 0.073426, 0.073855, 0.074321, 0.07463, 0.074865, 0.074915, 0.074969, 0.074991, 0.075016, 0.075032, 0.075063, 0.075148, 0.07519, 0.075906, 0.076067, 0.076267, 0.076367, 0.077019, 0.077614, 0.077642, 0.077825, 0.077995, 0.078452, 0.078587, 0.078781, 0.078936, 0.079185, 0.079263, 0.079352, 0.079362, 0.079428, 0.079537, 0.079815, 0.080564, 0.080604, 0.080747, 0.080903, 0.080934, 0.080973, 0.081379, 0.081456, 0.081566, 0.081642, 0.081868, 0.08187, 0.082044, 0.082767, 0.083031, 0.083068, 0.083326, 0.083369, 0.083509, 0.083853, 0.08387, 0.084441, 0.084665, 0.08546, 0.085649, 0.085806, 0.08615, 0.086246, 0.086306, 0.086735, 0.086951, 0.087088, 0.087335, 0.087773, 0.088526, 0.088546, 0.08863, 0.088939, 0.08919, 0.089386, 0.089488, 0.089821, 0.089908, 0.090105, 0.090133, 0.090165, 0.090275, 0.09056, 0.090878, 0.090921, 0.090974, 0.091752, 0.092054, 0.092173, 0.092492, 0.092557, 0.092985, 0.093179, 0.093248, 0.093366, 0.093638, 0.093651, 0.09377, 0.094128, 0.094249, 0.094377, 0.09465, 0.095091, 0.095226, 0.095314, 0.095438, 0.09548, 0.095534, 0.095746, 0.095824, 0.095953, 0.096536, 0.096848, 0.096973, 0.097404, 0.09752, 0.097652, 0.098092, 0.098606, 0.09884, 0.098961, 0.09945, 0.099625, 0.099632, 0.099863, 0.100217, 0.101222, 0.101386, 0.101783, 0.101783, 0.102882, 0.103084, 0.103125, 0.103464, 0.103635, 0.103946, 0.104253, 0.104783, 0.10543, 0.105624, 0.105694, 0.105941, 0.106291, 0.106773, 0.106788, 0.107023, 0.107438, 0.107515, 0.107806, 0.108299, 0.108603, 0.108747, 0.109546, 0.109843, 0.110832, 0.110852, 0.111057, 0.111427, 0.111675, 0.111689, 0.111693, 0.111942, 0.111945, 0.111952, 0.112191, 0.112224, 0.112463, 0.11257, 0.112627, 0.112769, 0.112981, 0.11327, 0.113367, 0.113721, 0.114205, 0.114223, 0.114307, 0.114621, 0.114709, 0.115558, 0.115967, 0.116054, 0.116192, 0.116391, 0.117177, 0.117776, 0.117816, 0.118544, 0.118713, 0.118749, 0.118823, 0.118861, 0.119069, 0.119289, 0.119474, 0.119555, 0.119932, 0.120116, 0.120319, 0.120739, 0.12111, 0.122086, 0.122093, 0.12222, 0.122313, 0.122521, 0.12329, 0.123849, 0.123948, 0.124068, 0.124109, 0.1245, 0.125327, 0.125375, 0.125444, 0.125557, 0.125607, 0.125744, 0.125772, 0.12598, 0.126147, 0.126511, 0.126792, 0.127008, 0.127218, 0.127219, 0.127296, 0.127833, 0.12843, 0.128504, 0.128633, 0.128979, 0.128988, 0.129057, 0.129059, 0.129406, 0.129418, 0.129636, 0.129951, 0.129963, 0.130163, 0.130865, 0.131143, 0.131259, 0.131269, 0.131334, 0.131461, 0.132149, 0.132155, 0.132608, 0.132826, 0.132879, 0.133203, 0.133857, 0.133975, 0.134, 0.134168, 0.134237, 0.134395, 0.134998, 0.135057, 0.135314, 0.135631, 0.135913, 0.136436, 0.136474, 0.136724, 0.136928, 0.136964, 0.137105, 0.137217, 0.137896, 0.138175, 0.138479, 0.138598, 0.138762, 0.139023, 0.139105, 0.139646, 0.140068, 0.14019, 0.140373, 0.140811, 0.141025, 0.141677, 0.141902, 0.142251, 0.142481, 0.142536, 0.143071, 0.143696, 0.143994, 0.144146, 0.144342, 0.144648, 0.14534, 0.146058, 0.146116, 0.146264, 0.146756, 0.146772, 0.147147, 0.14735, 0.147647, 0.147896, 0.147981, 0.148225, 0.148285, 0.148355, 0.148461, 0.14849, 0.148574, 0.149101, 0.149364, 0.149841, 0.149988, 0.150598, 0.150936, 0.151043, 0.151905, 0.151912, 0.152543, 0.152712, 0.152723, 0.15325, 0.153417, 0.153648, 0.153835, 0.154012, 0.154138, 0.154194, 0.154698, 0.15511, 0.155118, 0.155523, 0.155526, 0.155712, 0.155847, 0.156153, 0.156382, 0.156478, 0.156979, 0.157076, 0.157167, 0.157291, 0.157394, 0.157439, 0.158874, 0.159042, 0.159215, 0.159372, 0.160159, 0.16028, 0.160497, 0.160624, 0.161799, 0.161956, 0.162039, 0.162275, 0.162937, 0.162986, 0.163064, 0.163328, 0.163458, 0.163725, 0.163768, 0.164479, 0.164608, 0.164774, 0.165382, 0.1659, 0.165941, 0.166375, 0.166419, 0.166823, 0.166838, 0.167223, 0.167319, 0.167413, 0.16767, 0.167866, 0.168227, 0.168245, 0.168615, 0.169124, 0.169186, 0.169203, 0.169362, 0.169505, 0.169781, 0.170588, 0.17088, 0.171071, 0.172072, 0.17209, 0.172862, 0.173392, 0.174549, 0.17564, 0.175719, 0.175778, 0.175858, 0.176159, 0.176213, 0.176839, 0.177108, 0.178422, 0.178543, 0.178704, 0.179039, 0.179253, 0.180521, 0.18074, 0.181295, 0.18205, 0.182393, 0.18251, 0.1826, 0.183028, 0.183238, 0.184176, 0.184719, 0.185463, 0.185713, 0.185935, 0.186142, 0.186437, 0.186928, 0.188227, 0.18833, 0.188541, 0.188543, 0.188693, 0.188742, 0.188837, 0.1894, 0.189414, 0.189476, 0.189792, 0.189798, 0.189993, 0.190164, 0.19019, 0.190783, 0.192568, 0.192865, 0.192884, 0.193349, 0.193567, 0.193893, 0.19407, 0.194218, 0.194378, 0.194594, 