{"sigma_r": 1.5244, "sigma_i": 0.8747, "f_hot": 0.1, "sigma_i_hot": 10.0, "m": 5, "seed": 1431450760, "n_k": {"1": 4025, "2": 887, "3": 216, "4": 44, "5": 9, "6+": 1}, "dlogr": [0.0, 1e-06, 3.5e-05, 0.000385, 0.000625, 0.000816, 0.000836, 0.000862, 0.000878, 0.00122, 0.001703, 0.00177, 0.002388, 0.002517, 0.002667, 0.002673, 0.002696, 0.002856, 0.002907, 0.003046, 0.00347, 0.003664, 0.003776, 0.003827, 0.004036, 0.004151, 0.004204, 0.004427, 0.004518, 0.004772, 0.005087, 0.005386, 0.005555, 0.005594, 0.005611, 0.005723, 0.005801, 0.005852, 0.006238, 0.006356, 0.00652, 0.006679, 0.00701, 0.007184, 0.007199, 0.007266, 0.007293, 0.007371, 0.007593, 0.007867, 0.008038, 0.008461, 0.008492, 0.008672, 0.008764, 0.00927, 0.009411, 0.009466, 0.009716, 0.009818, 0.010473, 0.01099, 0.011061, 0.011182, 0.011183, 0.011266, 0.011422, 0.0116, 0.011762, 0.012029, 0.012157, 0.01302, 0.013038, 0.013049, 0.013106, 0.013399, 0.013569, 0.014173, 0.01427, 0.014315, 0.014906, 0.0151, 0.015177, 0.015181, 0.015337, 0.015431, 0.015562, 0.015662, 0.016582, 0.017199, 0.017461, 0.017681, 0.018808, 0.019204, 0.019395, 0.019447, 0.019648, 0.019662, 0.019734, 0.020124, 0.020242, 0.020353, 0.020437, 0.020605, 0.020754, 0.020766, 0.021036, 0.02115, 0.021283, 0.021698, 0.02186, 0.02219, 0.022203, 0.022295, 0.022316, 0.022394, 0.022396, 0.022471, 0.022637, 0.022728, 0.022841, 0.023342, 0.023416, 0.023436, 0.023459, 0.023645, 0.023819, 0.023925, 0.024213, 0.024276, 0.024364, 0.0244, 0.02454, 0.024645, 0.024696, 0.024802, 0.02485, 0.024861, 0.024915, 0.024985, 0.025318, 0.025626, 0.025709, 0.025818, 0.025951, 0.025991, 0.026011, 0.026066, 0.026223, 0.026343, 0.026421, 0.026496, 0.02656, 0.026825, 0.02728, 0.027282, 0.027358, 0.027375, 0.027557, 0.027564, 0.027603, 0.02772, 0.027778, 0.028007, 0.028773, 0.028939, 0.029166, 0.029555, 0.029589, 0.029835, 0.02986, 0.030172, 0.030239, 0.030411, 0.030594, 0.030655, 0.030754, 0.030781, 0.030988, 0.031039, 0.031045, 0.031413, 0.031693, 0.03173, 0.032098, 0.032533, 0.032763, 0.032766, 0.032995, 0.033371, 0.033949, 0.033974, 0.033981, 0.034194, 0.034435, 0.034438, 0.034483, 0.03471, 0.034825, 0.034922, 0.034967, 0.035213, 0.035825, 0.035957, 0.036479, 0.036992, 0.037043, 0.037064, 0.037168, 0.037295, 0.03731, 0.037711, 0.038102, 0.038818, 0.039217, 0.039285, 0.039438, 0.039453, 0.039492, 0.039752, 0.039889, 0.039938, 0.039944, 0.040169, 0.040273, 0.040371, 0.040541, 0.042084, 0.042401, 0.042662, 0.042745, 0.043092, 0.04316, 0.043174, 0.043344, 0.043519, 0.043602, 0.043743, 0.043904, 0.044234, 0.044334, 0.044389, 0.04439, 0.044841, 0.044915, 0.044953, 0.044966, 0.044984, 0.045313, 0.045351, 0.045538, 0.045681, 0.046044, 0.04625, 0.046276, 0.046477, 0.046766, 0.046805, 0.047242, 0.047248, 0.047301, 0.047516, 0.047883, 0.04793, 0.047942, 0.048277, 0.048294, 0.048347, 0.048366, 0.048719, 0.048785, 0.049068, 0.049472, 0.049732, 0.049759, 0.049934, 0.050059, 0.050088, 0.050093, 0.05056, 0.050693, 0.050706, 0.050717, 0.050841, 0.051044, 0.051045, 0.051453, 0.051861, 0.051883, 0.052188, 0.052353, 0.05254, 0.0527, 0.053001, 0.053298, 0.054326, 0.054858, 0.055437, 0.055777, 0.05681, 0.056924, 0.056936, 0.057191, 0.057405, 0.057664, 0.0577, 0.057719, 0.057789, 0.05779, 0.057808, 0.058232, 0.058466, 0.058594, 0.058596, 0.059717, 0.059771, 0.059845, 0.05994, 0.060178, 0.060248, 0.060294, 0.060348, 0.060708, 0.060931, 0.06112, 0.061478, 0.061719, 0.061793, 0.062188, 0.062719, 0.063187, 0.063252, 0.063252, 0.063378, 0.063444, 0.063485, 0.063527, 0.063637, 0.063645, 0.063758, 0.063785, 0.064154, 0.064577, 0.064871, 0.065188, 0.065335, 0.065359, 0.065379, 0.065383, 0.065395, 0.065966, 0.065976, 0.066165, 0.066258, 0.066341, 0.06695, 0.066988, 0.06748, 0.067538, 0.067622, 0.067648, 0.067909, 0.068006, 0.068038, 0.0681, 0.068309, 0.068328, 0.068336, 0.06864, 0.068898, 0.068974, 0.069399, 0.069511, 0.069681, 0.069889, 0.070695, 0.07098, 0.071341, 0.071443, 0.07163, 0.071936, 0.071993, 0.072749, 0.072832, 0.073021, 0.073126, 0.073286, 0.073375, 0.073738, 0.07395, 0.074274, 0.074629, 0.074725, 0.074811, 0.075119, 0.075148, 0.075364, 0.076396, 0.0768, 0.076819, 0.076899, 0.077566, 0.077618, 0.077752, 0.07791, 0.078059, 0.078178, 0.078569, 0.078826, 0.07886, 0.0793, 0.079717, 0.079799, 0.080181, 0.080223, 0.080261, 0.080753, 0.081422, 0.081648, 0.082207, 0.082239, 0.08225, 0.08226, 0.082671, 0.082798, 0.082882, 0.083004, 0.083412, 0.083701, 0.08394, 0.084406, 0.084963, 0.085424, 0.085676, 0.085691, 0.08576, 0.085906, 0.085929, 0.086133, 0.086644, 0.086761, 0.087036, 0.087137, 0.087189, 0.087261, 0.08744, 0.087582, 0.087618, 0.087757, 0.087769, 0.087969, 0.08834, 0.088941, 0.08918, 0.08947, 0.089515, 0.089537, 0.089542, 0.08973, 0.089913, 0.090191, 0.09064, 0.090738, 0.090815, 0.090861, 0.090901, 0.090917, 0.091779, 0.09212, 0.092162, 0.092179, 0.092181, 0.092428, 0.093042, 0.093311, 0.093392, 0.093712, 0.093953, 0.09397, 0.093999, 0.094011, 0.095116, 0.095555, 0.09565, 0.096114, 0.096399, 0.096618, 0.096691, 0.096825, 0.096903, 0.097012, 0.097157, 0.097369, 0.097554, 0.097957, 0.098034, 0.098462, 0.098832, 0.098842, 0.098896, 0.099046, 0.099056, 0.099209, 0.099419, 0.100092, 0.100104, 0.100576, 0.101143, 0.101251, 0.101565, 0.101697, 0.102105, 0.102248, 0.102519, 0.102625, 0.102905, 0.103192, 0.103221, 0.103494, 0.103738, 0.103918, 0.104008, 0.104092, 0.104168, 0.104901, 0.104923, 0.104924, 0.105023, 0.105095, 0.105127, 0.105319, 0.105423, 0.105587, 0.105853, 0.105859, 0.10598, 0.106135, 0.106315, 0.106881, 0.106986, 0.107163, 0.107227, 0.107246, 0.107706, 0.108061, 0.108207, 0.108672, 0.108875, 0.109011, 0.109052, 0.109257, 0.109575, 0.109965, 0.110221, 0.110341, 0.110378, 0.110557, 0.110712, 0.111023, 0.111189, 0.111321, 0.111523, 0.111715, 0.111786, 0.111997, 0.112336, 0.112344, 0.112521, 0.112618, 0.113446, 0.114193, 0.114288, 0.114301, 0.114445, 0.114828, 0.115019, 0.115397, 0.11591, 0.11591, 0.116423, 0.116906, 0.117138, 0.117185, 0.11727, 0.11731, 0.117312, 0.117523, 0.11754, 0.117581, 0.117846, 0.118119, 0.118281, 0.118354, 0.118587, 0.119366, 0.119715, 0.119814, 0.119826, 0.120144, 0.12064, 0.120863, 0.121061, 0.121447, 0.121655, 0.121929, 0.122164, 0.122324, 0.122487, 0.122727, 0.122875, 0.123105, 0.123385, 0.123554, 0.123635, 0.12383, 0.123896, 0.123929, 0.123938, 0.124109, 0.12446, 0.124485, 0.124535, 0.124833, 0.124986, 0.125031, 0.125078, 0.125424, 0.125498, 0.125563, 0.125581, 0.12582, 0.12583, 0.126224, 0.126257, 0.126439, 0.126527, 0.12678, 0.127152, 0.127196, 0.127243, 0.127328, 0.127462, 0.127506, 0.127792, 0.12786, 0.127918, 0.128389, 0.128724, 0.128725, 0.128895, 0.129284, 0.129659, 0.130222, 0.130261, 0.130532, 0.130618, 0.130789, 0.13123, 0.131372, 0.131727, 0.131991, 0.132069, 0.132439, 0.132501, 0.133271, 0.133434, 0.134486, 0.134614, 0.13474, 0.134992, 0.135186, 0.135252, 0.135475, 0.135685, 0.136049, 0.136313, 0.136343, 0.13669, 0.136697, 0.136755, 0.13711, 0.137181, 0.137228, 0.137309, 0.13736, 0.138642, 0.13921, 0.139307, 0.139431, 0.139605, 0.139767, 0.139995, 0.140257, 0.140317, 0.140365, 0.140462, 0.140559, 0.140734, 0.140747, 0.141406, 0.141493, 0.141741, 0.141773, 0.141783, 0.142158, 0.14216, 0.142223, 0.142715, 0.142846, 0.142924, 0.143253, 0.143357, 0.143457, 0.143927, 0.144361, 0.144422, 0.144557, 0.144629, 0.14493, 0.145035, 0.14592, 0.145953, 0.146006, 0.146021, 0.146099, 0.146643, 0.148089, 0.148669, 0.14904, 0.149163, 0.149416, 0.149599, 0.149707, 0.15049, 0.150725, 0.151172, 0.151174, 0.151496, 0.151526, 0.151541, 0.151596, 0.152144, 0.152178, 0.152888, 0.153072, 0.154347, 0.154488, 0.154524, 0.154565, 0.155673, 0.155712, 0.15589, 0.156274, 0.156497, 0.156606, 0.156641, 0.15668, 0.156805, 0.156973, 0.157375, 0.157931, 0.158116, 0.158121, 0.158496, 0.158838, 0.159183, 0.159643, 0.160826, 0.161352, 0.161442, 0.161483, 0.161678, 0.162024, 0.162222, 0.162472, 0.162552, 0.162559, 0.162939, 0.163159, 0.163199, 0.163243, 0.16351, 0.164471, 0.164777, 0.165437, 0.165628, 0.165717, 0.165825, 0.166646, 0.167648, 0.167797, 0.168003, 