{"sigma_r": 1.5244, "sigma_i": 0.3271, "f_hot": 0.05, "sigma_i_hot": 30.0, "m": 5, "seed": 2034291945, "n_k": {"1": 3822, "2": 912, "3": 272, "4": 65, "5": 19, "6+": 0}, "dlogr": [0.0, 6.2e-05, 9.9e-05, 0.000328, 0.000471, 0.000482, 0.00049, 0.000548, 0.000903, 0.000931, 0.000982, 0.001181, 0.001362, 0.001375, 0.001496, 0.001957, 0.001983, 0.002268, 0.002276, 0.002297, 0.002335, 0.002555, 0.002592, 0.002967, 0.003007, 0.003238, 0.003556, 0.003686, 0.003864, 0.003911, 0.004064, 0.004126, 0.004134, 0.004551, 0.004746, 0.004765, 0.004771, 0.004853, 0.004895, 0.004896, 0.004962, 0.005023, 0.005083, 0.005164, 0.005337, 0.005356, 0.005458, 0.005778, 0.006296, 0.006442, 0.006923, 0.00696, 0.007104, 0.007725, 0.007868, 0.008058, 0.008152, 0.008341, 0.008539, 0.00859, 0.00864, 0.009, 0.009071, 0.009089, 0.0093, 0.009328, 0.00938, 0.009773, 0.009832, 0.009899, 0.009997, 0.010266, 0.010365, 0.010495, 0.010607, 0.010636, 0.010724, 0.010761, 0.010867, 0.011048, 0.011224, 0.011346, 0.012133, 0.012157, 0.012646, 0.012764, 0.012924, 0.012949, 0.013114, 0.013251, 0.013519, 0.013778, 0.013868, 0.013968, 0.014734, 0.014865, 0.014932, 0.015089, 0.015433, 0.015654, 0.015708, 0.016127, 0.016607, 0.016692, 0.016893, 0.01694, 0.017057, 0.017097, 0.017301, 0.017523, 0.017859, 0.018278, 0.018509, 0.019222, 0.019508, 0.01954, 0.019561, 0.019666, 0.019869, 0.020049, 0.02062, 0.020677, 0.020728, 0.020849, 0.02093, 0.020942, 0.021041, 0.0215, 0.021509, 0.021557, 0.021575, 0.02168, 0.021847, 0.021855, 0.022101, 0.022286, 0.022304, 0.022549, 0.022884, 0.023527, 0.023669, 0.023853, 0.024484, 0.024526, 0.024706, 0.024828, 0.024881, 0.024897, 0.024945, 0.025052, 0.025239, 0.025395, 0.025439, 0.025494, 0.025931, 0.025965, 0.026301, 0.026374, 0.026562, 0.02661, 0.02682, 0.026859, 0.027164, 0.027253, 0.027279, 0.027288, 0.027325, 0.027327, 0.027348, 0.027622, 0.027695, 0.027922, 0.027929, 0.027966, 0.02801, 0.02827, 0.028473, 0.028814, 0.029152, 0.029638, 0.029751, 0.029833, 0.030022, 0.030054, 0.030148, 0.030309, 0.030318, 0.030559, 0.03058, 0.030699, 0.031023, 0.03125, 0.03128, 0.031464, 0.031838, 0.031988, 0.031997, 0.032282, 0.032481, 0.032534, 0.032576, 0.032594, 0.032684, 0.032774, 0.032998, 0.033039, 0.033346, 0.033509, 0.033532, 0.033594, 0.033819, 0.033827, 0.034008, 0.034014, 0.034014, 0.034199, 0.034228, 0.03444, 0.034854, 0.034959, 0.035024, 0.03514, 0.035201, 0.035327, 0.035346, 0.03559, 0.035725, 0.035815, 0.035953, 0.036131, 0.03648, 0.036727, 0.037059, 0.037134, 0.037208, 0.03744, 0.037489, 0.037839, 0.038023, 0.038198, 0.038447, 0.038509, 0.038551, 0.039082, 0.039104, 0.039122, 0.039845, 0.040049, 0.040062, 0.040118, 0.040232, 0.040295, 0.040336, 0.040608, 0.040702, 0.040719, 0.040751, 0.040859, 0.04087, 0.040988, 0.041116, 0.041253, 0.041708, 0.041864, 0.04197, 0.042122, 0.042189, 0.042283, 0.042314, 0.042343, 0.042522, 0.0426, 0.042614, 0.043326, 0.043513, 0.043526, 0.043621, 0.043868, 0.044029, 0.044554, 0.044606, 0.044954, 0.045053, 0.045062, 0.045166, 0.045904, 0.04593, 0.046082, 0.046177, 0.046239, 0.046277, 0.046452, 0.046474, 0.046504, 0.046589, 0.046973, 0.047262, 0.04739, 0.047409, 0.047651, 0.04779, 0.04795, 0.047995, 0.048059, 0.048076, 0.048402, 0.048616, 0.048681, 0.048974, 0.049638, 0.049792, 0.050159, 0.050171, 0.050239, 0.050295, 0.050389, 0.050423, 0.050976, 0.051056, 0.051078, 0.051126, 0.051142, 0.051258, 0.0513, 0.051325, 0.051505, 0.051613, 0.05182, 0.051879, 0.051922, 0.051994, 0.052192, 0.052426, 0.052454, 0.052545, 0.052778, 0.052789, 0.052947, 0.053107, 0.053132, 0.053163, 0.05319, 0.053978, 0.054293, 0.054566, 0.054663, 0.054812, 0.054838, 0.054885, 0.055298, 0.055371, 0.055416, 0.055489, 0.055802, 0.056015, 0.056188, 0.056202, 0.057146, 0.057233, 0.0573, 0.057356, 0.057388, 0.057498, 0.057783, 0.058103, 0.058297, 0.058318, 0.058344, 0.058365, 0.058547, 0.058803, 0.058916, 0.0591, 0.059198, 0.059241, 0.059434, 0.059676, 0.059685, 0.060407, 0.060471, 0.060504, 0.060524, 0.060535, 0.060712, 0.060911, 0.061174, 0.061194, 0.061256, 0.061347, 0.061415, 0.061738, 0.061899, 0.062205, 0.062262, 0.062312, 0.062324, 0.062483, 0.062527, 0.062593, 0.062597, 0.063004, 0.063171, 0.06328, 0.06341, 0.063444, 0.064053, 0.064088, 0.064349, 0.06474, 0.065237, 0.06536, 0.065381, 0.065482, 0.065523, 0.065565, 0.065676, 0.066129, 0.066235, 0.066456, 0.066592, 0.066598, 0.066742, 0.066865, 0.066977, 0.067019, 0.067647, 0.067675, 0.067714, 0.067756, 0.067929, 0.068386, 0.06839, 0.068404, 0.068408, 0.068819, 0.069097, 0.069295, 0.069446, 0.069717, 0.069938, 0.069992, 0.070002, 0.070332, 0.070519, 0.070869, 0.071015, 0.071133, 0.071388, 0.071692, 0.071965, 0.072081, 0.072215, 0.072586, 0.072728, 0.072867, 0.073257, 0.073441, 0.073593, 0.073623, 0.073836, 0.073857, 0.073894, 0.074263, 0.074389, 0.074617, 0.074636, 0.074686, 0.074693, 0.07499, 0.075024, 0.07527, 0.075778, 0.075957, 0.075957, 0.076038, 0.07668, 0.076741, 0.076753, 0.076974, 0.077111, 0.077243, 0.077745, 0.077785, 0.077898, 0.077948, 0.078007, 0.078107, 0.078226, 0.078265, 0.078373, 0.078441, 0.078453, 0.078756, 0.078928, 0.079061, 0.079306, 0.079433, 0.080093, 0.080273, 0.080598, 0.080615, 0.080671, 0.080764, 0.081478, 0.081509, 0.08154, 0.082417, 0.082479, 0.082666, 0.08292, 0.083147, 0.083223, 0.083349, 0.083383, 0.08347, 0.083669, 0.083688, 0.084035, 0.084049, 0.084329, 0.084336, 0.08437, 0.084455, 0.08485, 0.08522, 0.085476, 0.085602, 0.086243, 0.086325, 0.086389, 0.086405, 0.086968, 0.087021, 0.087146, 0.087226, 0.087881, 0.088324, 0.088361, 0.088427, 0.088783, 0.088802, 0.088809, 0.088929, 0.088941, 0.089451, 0.08955, 0.089595, 0.089823, 0.090093, 0.090147, 0.090355, 0.091175, 0.091198, 0.091363, 0.091456, 0.091584, 0.091665, 0.091909, 0.091966, 0.091981, 0.091981, 0.092307, 0.092377, 0.092466, 0.09267, 0.093215, 0.093385, 0.093527, 0.093594, 0.093784, 0.09383, 0.09388, 0.093919, 0.093968, 0.094134, 0.094176, 0.094224, 0.094653, 0.094884, 0.094958, 0.094994, 0.095007, 0.095348, 0.09551, 0.096217, 0.096248, 0.096406, 0.096434, 0.09755, 0.097568, 0.097992, 0.098201, 0.098205, 0.098359, 0.098439, 0.098638, 0.098764, 0.098927, 0.099144, 0.100672, 0.1007, 0.100812, 0.10084, 0.100847, 0.100931, 0.101547, 0.101585, 0.101628, 0.101661, 0.102208, 0.102846, 0.103681, 0.103983, 0.104179, 0.104264, 0.10458, 0.104631, 0.104754, 0.105206, 0.105221, 0.105476, 0.105476, 0.105538, 0.105704, 0.105719, 0.106037, 0.106174, 0.106222, 0.106782, 0.106798, 0.10691, 0.106966, 0.107289, 0.107402, 0.107638, 0.107997, 0.10803, 0.108068, 0.108101, 0.108105, 0.108214, 0.108222, 0.109015, 0.109023, 0.109061, 0.109096, 0.109147, 0.10946, 0.10956, 0.110443, 0.11075, 0.110863, 0.110909, 0.110967, 0.111002, 0.111011, 0.111198, 0.111544, 0.111604, 0.111719, 0.111739, 0.112258, 0.112405, 0.112474, 0.112592, 0.112701, 0.112751, 0.113084, 0.113586, 0.11372, 0.11379, 0.11418, 0.11441, 0.114574, 0.114632, 0.114662, 0.114705, 0.114901, 0.115106, 0.115441, 0.115613, 0.115635, 0.115822, 0.115832, 0.116093, 0.116448, 0.116499, 0.116549, 0.116637, 0.117031, 0.11711, 0.117427, 0.118059, 0.118542, 0.118818, 0.119182, 0.119267, 0.11927, 0.119523, 0.119943, 0.120048, 0.120203, 0.120204, 0.120838, 0.120858, 0.121032, 0.121352, 0.12138, 0.121655, 0.122052, 0.122537, 0.122545, 0.122551, 0.123629, 0.123635, 0.123876, 0.123887, 0.124096, 0.124532, 0.124949, 0.125279, 0.125407, 0.125988, 0.126021, 0.126023, 0.126081, 0.126353, 0.126417, 0.126698, 0.127768, 0.127776, 0.127881, 0.128416, 0.12855, 0.128551, 0.128592, 0.128842, 0.129118, 0.129307, 0.13063, 0.130708, 0.131078, 0.131183, 0.131259, 0.131344, 0.13141, 0.13144, 0.13178, 0.132378, 0.132446, 0.132556, 0.132937, 0.133223, 0.133242, 0.133704, 0.133984, 0.134095, 0.134393, 0.134433, 0.134592, 0.134649, 0.134704, 0.134717, 0.134725, 0.134752, 0.134981, 0.134992, 0.135426, 0.135608, 0.135836, 0.136533, 0.137348, 0.137482, 0.137591, 0.137758, 0.137919, 0.137943, 0.13798, 0.138007, 0.138102, 0.138116, 0.138157, 0.138283, 0.13838, 0.138421, 0.138431, 0.138841, 0.138898, 0.1389, 0.139105, 0.139127, 