{"sigma_r": 1.5244, "sigma_i": 0.5349, "f_hot": 0.05, "sigma_i_hot": 30.0, "m": 4, "seed": 323045215, "n_k": {"1": 3997, "2": 907, "3": 230, "4": 40, "5": 7, "6+": 3}, "dlogr": [0.0, 0.000261, 0.000489, 0.000597, 0.000995, 0.001044, 0.00105, 0.001375, 0.001437, 0.001442, 0.001616, 0.001824, 0.002011, 0.002084, 0.002093, 0.002111, 0.002113, 0.002185, 0.00223, 0.002597, 0.002969, 0.003354, 0.003429, 0.003486, 0.003491, 0.003595, 0.00366, 0.003845, 0.004092, 0.004135, 0.004152, 0.004183, 0.004278, 0.004288, 0.004419, 0.004451, 0.004721, 0.004886, 0.005013, 0.005078, 0.005496, 0.005625, 0.005777, 0.005832, 0.005952, 0.005957, 0.006032, 0.006119, 0.006334, 0.006407, 0.006904, 0.006946, 0.006987, 0.007019, 0.007294, 0.007491, 0.007635, 0.008156, 0.008429, 0.008502, 0.008757, 0.008788, 0.009364, 0.009412, 0.009449, 0.009456, 0.009809, 0.009904, 0.010204, 0.010241, 0.01031, 0.010471, 0.010576, 0.010626, 0.010676, 0.010755, 0.011216, 0.01138, 0.011405, 0.011626, 0.01172, 0.011875, 0.012123, 0.012138, 0.012253, 0.01261, 0.012989, 0.013061, 0.013068, 0.013159, 0.013173, 0.013198, 0.01322, 0.013303, 0.013386, 0.013696, 0.013796, 0.013817, 0.014867, 0.01502, 0.015144, 0.015591, 0.015755, 0.015974, 0.015982, 0.016099, 0.016356, 0.01657, 0.017498, 0.017616, 0.01768, 0.017712, 0.017808, 0.017962, 0.018021, 0.018197, 0.01846, 0.01847, 0.018808, 0.018897, 0.018983, 0.019037, 0.019449, 0.01978, 0.019798, 0.019855, 0.020022, 0.020266, 0.020368, 0.020655, 0.020978, 0.021518, 0.021674, 0.02181, 0.021944, 0.02214, 0.022803, 0.023034, 0.023083, 0.02336, 0.023565, 0.023639, 0.024, 0.024173, 0.024208, 0.024223, 0.024273, 0.024362, 0.024699, 0.024719, 0.025362, 0.025647, 0.0258, 0.02588, 0.026171, 0.026235, 0.026344, 0.02637, 0.026374, 0.026418, 0.026501, 0.026733, 0.026747, 0.026818, 0.026934, 0.027026, 0.027164, 0.02742, 0.027466, 0.027658, 0.02773, 0.027816, 0.028091, 0.028344, 0.028376, 0.028441, 0.028454, 0.028565, 0.028756, 0.028927, 0.029049, 0.029244, 0.029253, 0.029349, 0.029635, 0.029655, 0.029708, 0.030212, 0.030627, 0.030712, 0.03114, 0.031153, 0.031188, 0.031489, 0.031672, 0.031835, 0.032141, 0.032164, 0.032236, 0.032325, 0.033144, 0.033312, 0.03333, 0.033585, 0.03439, 0.034426, 0.034548, 0.034606, 0.034667, 0.034753, 0.034816, 0.034855, 0.035229, 0.035604, 0.035808, 0.036095, 0.0362, 0.036256, 0.036386, 0.03654, 0.036627, 0.036794, 0.036886, 0.037098, 0.037213, 0.037472, 0.037782, 0.037992, 0.038065, 0.038104, 0.038143, 0.038156, 0.038471, 0.038872, 0.039086, 0.039201, 0.039861, 0.040091, 0.040096, 0.040526, 0.040933, 0.04105, 0.041249, 0.041279, 0.041284, 0.041856, 0.042013, 0.04204, 0.042059, 0.042085, 0.042164, 0.042684, 0.042914, 0.04292, 0.042978, 0.043356, 0.043377, 0.043394, 0.043441, 0.043916, 0.044177, 0.044314, 0.044562, 0.0446, 0.045053, 0.045178, 0.045628, 0.045695, 0.045815, 0.045831, 0.045849, 0.045943, 0.046012, 0.046032, 0.04625, 0.046437, 0.046517, 0.04672, 0.046891, 0.047319, 0.047365, 0.047623, 0.048, 0.048129, 0.048191, 0.048192, 0.048508, 0.04866, 0.049036, 0.049214, 0.049463, 0.049487, 0.049569, 0.049713, 0.049802, 0.049901, 0.049945, 0.050236, 0.050579, 0.051085, 0.051129, 0.051199, 0.051763, 0.052045, 0.052063, 0.052065, 0.052235, 0.052419, 0.052619, 0.052657, 0.052818, 0.052951, 0.052965, 0.053023, 0.053379, 0.053436, 0.05345, 0.053451, 0.053665, 0.053789, 0.053849, 0.05386, 0.054255, 0.054277, 0.054564, 0.054612, 0.054744, 0.05483, 0.055037, 0.055195, 0.055302, 0.05599, 0.056037, 0.056379, 0.05676, 0.056775, 0.056794, 0.057004, 0.057008, 0.057138, 0.057336, 0.057547, 0.057715, 0.05773, 0.057765, 0.057929, 0.058168, 0.058352, 0.0586, 0.059908, 0.060127, 0.060234, 0.060236, 0.060458, 0.060546, 0.060564, 0.060646, 0.061069, 0.061264, 0.061317, 0.061424, 0.061511, 0.061682, 0.062109, 0.062164, 0.062453, 0.062744, 0.062846, 0.063661, 0.063695, 0.063917, 0.064326, 0.064457, 0.064541, 0.064789, 0.064908, 0.065149, 0.065333, 0.065633, 0.06568, 0.065681, 0.065818, 0.065931, 0.066105, 0.066153, 0.06618, 0.066714, 0.067163, 0.067376, 0.067567, 0.06792, 0.068067, 0.068314, 0.06852, 0.068732, 0.068951, 0.069169, 0.069557, 0.069616, 0.070268, 0.070344, 0.070496, 0.070582, 0.070672, 0.070772, 0.070916, 0.071682, 0.071736, 0.072211, 0.072482, 0.073065, 0.073138, 0.073325, 0.073428, 0.073518, 0.073745, 0.0741, 0.074386, 0.0744, 0.074487, 0.074597, 0.074686, 0.074936, 0.074987, 0.075292, 0.07548, 0.075571, 0.075865, 0.076383, 0.076429, 0.076667, 0.076864, 0.076987, 0.077299, 0.077308, 0.077485, 0.077635, 0.07788, 0.078103, 0.07825, 0.078349, 0.078478, 0.079155, 0.079214, 0.079268, 0.079487, 0.080008, 0.08002, 0.080134, 0.080506, 0.080638, 0.080701, 0.080769, 0.080844, 0.081024, 0.081475, 0.081475, 0.082038, 0.082577, 0.083125, 0.083453, 0.083483, 0.083653, 0.084052, 0.084064, 0.084606, 0.084609, 0.084795, 0.08533, 0.085556, 0.086022, 0.086428, 0.086485, 0.086823, 0.087079, 0.087193, 0.087522, 0.088132, 0.08862, 0.089, 0.089202, 0.089379, 0.089409, 0.089441, 0.089479, 0.08966, 0.089787, 0.090151, 0.090264, 0.090388, 0.090397, 0.090582, 0.090672, 0.090755, 0.090796, 0.091134, 0.091138, 0.091324, 0.091406, 0.09145, 0.092185, 0.092238, 0.093025, 0.093393, 0.09348, 0.094012, 0.094076, 0.094474, 0.095184, 0.095341, 0.095792, 0.096164, 0.096434, 0.096496, 0.096952, 0.097059, 0.097696, 0.097865, 0.097921, 0.098023, 0.098136, 0.098139, 0.098428, 0.098683, 0.098848, 0.098935, 0.098947, 0.09932, 0.099395, 0.09958, 0.099721, 0.100064, 0.10013, 0.10015, 0.10029, 0.10041, 0.100508, 0.100525, 0.101366, 0.101564, 0.101588, 0.101669, 0.101827, 0.101956, 0.102196, 0.102324, 0.102583, 0.102737, 0.102965, 0.103125, 0.103201, 0.103403, 0.103518, 0.103538, 0.103787, 0.103843, 0.104473, 0.104827, 0.105486, 0.105588, 0.105625, 0.105668, 0.105758, 0.105843, 0.105956, 0.105994, 0.106323, 0.106457, 0.106771, 0.106918, 0.107102, 0.107154, 0.107193, 0.107221, 0.107283, 0.10759, 0.107861, 0.107928, 0.108224, 0.108545, 0.10864, 0.108662, 0.108891, 0.108949, 0.109004, 0.109475, 0.109694, 0.109731, 0.110006, 0.11007, 0.110125, 0.110154, 0.110278, 0.110324, 0.110678, 0.110802, 0.110856, 0.111047, 0.111418, 0.111676, 0.112253, 0.112694, 0.112774, 0.112984, 0.113038, 0.113427, 0.113981, 0.114144, 0.114178, 0.114186, 0.11426, 0.114311, 0.114603, 0.114619, 0.114825, 0.115327, 0.115532, 0.115682, 0.115993, 0.116544, 0.116562, 0.116601, 0.116755, 0.117091, 0.117614, 0.117742, 0.117887, 0.117912, 0.117921, 0.117922, 0.11807, 0.118105, 0.118116, 0.118436, 0.118718, 0.118805, 0.118841, 0.119058, 0.119162, 0.119341, 0.119361, 0.120391, 0.120707, 0.120952, 0.12097, 0.121299, 0.121606, 0.122319, 0.12261, 0.122633, 0.123031, 0.123461, 0.123625, 0.123645, 0.123933, 0.124142, 0.124151, 0.124185, 0.124968, 0.125038, 0.125127, 0.125243, 0.125567, 0.125782, 0.125868, 0.125876, 0.126139, 0.126557, 0.127066, 0.127145, 0.127151, 0.127482, 0.127581, 0.127919, 0.128752, 0.12887, 0.128943, 0.129239, 0.129268, 0.130153, 0.130872, 0.131083, 0.131462, 0.131655, 0.132118, 0.132193, 0.132371, 0.132501, 0.132556, 0.13268, 0.133298, 0.133525, 0.133725, 0.135052, 0.13525, 0.135405, 0.135557, 0.135862, 0.135888, 0.136596, 0.136718, 0.136907, 0.136926, 0.137018, 0.137282, 0.137974, 0.138061, 0.138148, 0.138606, 0.138915, 0.138978, 0.139102, 0.139126, 0.139322, 0.139625, 0.140406, 0.140539, 0.140589, 0.140764, 0.141441, 0.141452, 0.141525, 0.141577, 0.141623, 0.142115, 0.143213, 0.143317, 0.143651, 0.143934, 0.14422, 0.144367, 0.14451, 0.144841, 0.144919, 0.145857, 0.145971, 0.146595, 0.146632, 0.146688, 0.146735, 0.147881, 0.147911, 0.147961, 0.147971, 0.148029, 0.148562, 0.149343, 0.149435, 0.149474, 0.149979, 0.149998, 0.15034, 0.150818, 0.151535, 0.151938, 0.152152, 0.152447, 0.152983, 0.153661, 0.153783, 0.154182, 0.154396, 0.154935, 0.155234, 0.155745, 0.155762, 0.155804, 0.155978, 0.156219, 0.156674, 0.157198, 0.15741, 0.157929, 0.159086, 0.159228, 0.159415, 0.15954, 0.159585, 0.159596, 0.160113, 0.16034, 0.160496, 0.160706, 0.16086, 0.161159, 0.161323, 0.161563, 0.161877, 0.163497, 0.16385, 0.16411, 0.164553, 