{"sigma_r": 1.5244, "sigma_i": 0.5349, "f_hot": 0.4, "sigma_i_hot": 10.0, "m": 0, "seed": 1416270490, "n_k": {"1": 4485, "2": 795, "3": 161, "4": 36, "5": 5, "6+": 0}, "dlogr": [0.0, 0.0, 0.0, 0.000133, 0.000255, 0.000279, 0.00051, 0.000603, 0.000604, 0.000878, 0.000919, 0.00092, 0.001277, 0.001313, 0.001681, 0.001841, 0.002102, 0.002262, 0.002354, 0.002428, 0.002785, 0.002846, 0.003923, 0.004365, 0.004793, 0.004901, 0.005004, 0.005086, 0.005435, 0.005672, 0.005693, 0.006023, 0.006137, 0.006203, 0.006789, 0.007334, 0.007768, 0.007781, 0.008193, 0.008372, 0.008454, 0.008867, 0.008885, 0.008997, 0.010064, 0.010111, 0.010226, 0.010484, 0.01068, 0.010998, 0.011058, 0.011146, 0.011238, 0.011297, 0.011446, 0.011475, 0.011561, 0.011792, 0.011913, 0.012113, 0.012478, 0.012595, 0.01266, 0.012711, 0.012747, 0.012846, 0.01291, 0.012943, 0.013071, 0.013286, 0.013457, 0.013832, 0.014101, 0.014124, 0.014439, 0.014492, 0.014758, 0.014807, 0.015015, 0.015706, 0.015934, 0.016533, 0.016692, 0.016775, 0.016916, 0.017578, 0.017712, 0.017955, 0.018273, 0.018304, 0.018426, 0.0187, 0.018842, 0.018957, 0.019192, 0.019364, 0.019796, 0.02005, 0.020072, 0.020429, 0.020597, 0.020744, 0.020759, 0.020772, 0.021086, 0.021155, 0.021678, 0.021744, 0.021877, 0.022133, 0.02217, 0.022303, 0.022925, 0.023153, 0.023236, 0.023314, 0.023661, 0.023864, 0.024152, 0.024202, 0.024208, 0.024569, 0.024941, 0.02517, 0.025674, 0.025739, 0.02612, 0.026378, 0.026776, 0.026851, 0.027301, 0.027427, 0.028309, 0.02859, 0.02898, 0.029122, 0.02924, 0.029295, 0.02949, 0.029748, 0.030954, 0.031515, 0.03177, 0.031998, 0.032152, 0.032547, 0.032714, 0.033504, 0.033532, 0.033561, 0.033793, 0.033864, 0.033982, 0.035048, 0.035382, 0.035422, 0.035528, 0.035585, 0.035718, 0.035995, 0.036813, 0.03684, 0.036889, 0.036904, 0.03709, 0.037152, 0.037171, 0.037387, 0.037646, 0.037686, 0.037808, 0.037883, 0.037944, 0.038026, 0.038277, 0.038482, 0.038971, 0.039026, 0.039252, 0.039382, 0.03942, 0.039533, 0.040028, 0.040083, 0.040237, 0.040442, 0.040546, 0.040689, 0.040897, 0.040933, 0.040961, 0.041098, 0.04117, 0.041304, 0.041801, 0.041832, 0.041888, 0.041995, 0.042648, 0.042746, 0.042946, 0.042958, 0.043623, 0.04371, 0.043941, 0.043997, 0.045093, 0.045146, 0.045191, 0.045305, 0.045735, 0.046066, 0.046459, 0.047092, 0.047291, 0.047365, 0.04752, 0.047592, 0.047618, 0.047728, 0.048098, 0.048215, 0.048326, 0.04846, 0.048656, 0.049167, 0.049231, 0.049565, 0.049645, 0.049975, 0.05029, 0.050305, 0.050588, 0.050685, 0.050819, 0.050848, 0.051031, 0.051154, 0.05125, 0.05133, 0.05177, 0.052338, 0.052677, 0.052775, 0.053103, 0.053217, 0.053414, 0.053494, 0.053768, 0.053786, 0.053827, 0.054292, 0.054766, 0.054887, 0.054902, 0.054965, 0.055025, 0.055295, 0.05548, 0.055496, 0.055568, 0.055614, 0.056394, 0.056461, 0.056796, 0.056804, 0.05695, 0.05716, 0.058132, 0.058347, 0.058447, 0.058571, 0.058919, 0.059092, 0.05912, 0.059139, 0.05916, 0.059313, 0.06001, 0.060023, 0.06016, 0.060639, 0.060716, 0.0612, 0.061302, 0.061458, 0.06155, 0.061685, 0.061765, 0.06198, 0.062022, 0.062305, 0.06242, 0.06271, 0.063269, 0.063295, 0.063458, 0.063752, 0.063753, 0.064016, 0.064125, 0.064156, 0.065514, 0.065574, 0.065579, 0.066004, 0.066013, 0.066399, 0.066473, 0.066573, 0.066698, 0.066721, 0.066738, 0.066843, 0.067089, 0.067155, 0.067163, 0.067232, 0.067407, 0.067773, 0.06814, 0.068198, 0.068316, 0.068778, 0.069025, 0.069307, 0.069816, 0.071092, 0.071231, 0.071626, 0.071667, 0.071753, 0.071843, 0.071959, 0.07197, 0.072129, 0.072239, 0.072269, 0.072629, 0.07273, 0.073056, 0.073608, 0.073614, 0.073978, 0.074005, 0.074121, 0.074142, 0.074837, 0.074871, 0.074883, 0.075117, 0.0755, 0.075519, 0.075645, 0.076148, 0.076297, 0.076403, 0.076449, 0.077511, 0.077535, 0.077698, 0.078029, 0.078589, 0.078596, 0.079013, 0.079414, 0.07957, 0.079649, 0.080105, 0.080608, 0.08075, 0.080869, 0.08107, 0.081345, 0.081436, 0.081466, 0.081537, 0.081555, 0.081879, 0.082436, 0.082842, 0.083251, 0.083276, 0.083557, 0.083571, 0.083671, 0.083679, 0.083945, 0.084002, 0.084139, 0.084304, 0.084355, 0.08467, 0.084875, 0.084901, 0.085062, 0.085133, 0.08565, 0.085806, 0.085828, 0.085925, 0.085928, 0.085956, 0.086255, 0.086277, 0.08633, 0.086631, 0.086688, 0.087015, 0.087551, 0.087921, 0.087999, 0.088289, 0.089018, 0.089263, 0.08937, 0.089371, 0.089418, 0.089527, 0.090093, 0.090496, 0.090578, 0.090677, 0.091217, 0.091681, 0.091694, 0.091771, 0.092017, 0.092142, 0.09222, 0.092241, 0.092411, 0.092511, 0.092816, 0.093034, 0.093136, 0.093322, 0.093697, 0.093698, 0.093761, 0.094288, 0.094345, 0.09445, 0.094626, 0.094828, 0.095074, 0.09529, 0.095477, 0.095664, 0.095971, 0.096054, 0.096054, 0.09641, 0.096631, 0.0968, 0.096959, 0.09781, 0.098345, 0.098355, 0.098379, 0.098775, 0.098855, 0.099463, 0.099538, 0.099719, 0.099926, 0.099999, 0.100057, 0.100509, 0.100722, 0.100976, 0.101034, 0.101068, 0.101415, 0.102176, 0.102225, 0.102472, 0.102484, 0.103074, 0.103344, 0.104201, 0.104221, 0.104293, 0.10473, 0.104784, 0.105334, 0.105612, 0.105715, 0.10589, 0.106152, 0.10632, 0.10654, 0.106815, 0.10708, 0.107476, 0.107917, 0.10839, 0.10845, 0.109347, 0.109814, 0.109932, 0.110212, 0.110504, 0.111302, 0.111499, 0.11165, 0.111677, 0.111781, 0.111887, 0.111963, 0.11214, 0.112167, 0.112267, 0.112289, 0.112749, 0.113293, 0.113407, 0.113411, 0.113454, 0.113526, 0.113704, 0.114395, 0.11442, 0.114473, 0.114504, 0.114671, 0.115452, 0.115848, 0.115915, 0.116165, 0.117735, 0.117787, 0.118002, 0.118744, 0.119185, 0.11919, 0.119407, 0.119461, 0.119509, 0.119662, 0.119891, 0.120026, 0.120113, 0.12049, 0.121059, 0.121892, 0.122345, 0.122779, 0.123178, 0.123274, 0.123293, 0.123816, 0.124473, 0.124631, 0.124888, 0.125161, 0.125763, 0.126034, 0.126062, 0.126439, 0.126496, 0.126866, 0.127247, 0.128301, 0.128331, 0.128878, 0.12893, 0.129196, 0.129325, 0.129851, 0.130171, 0.130896, 0.131685, 0.131892, 0.132214, 0.132627, 0.132768, 0.132816, 0.133238, 0.134078, 0.134521, 0.134934, 0.135253, 0.135792, 0.136081, 0.136226, 0.136323, 0.136496, 0.136693, 0.136738, 0.137622, 0.137666, 0.137755, 0.138089, 0.138316, 0.138528, 0.138814, 0.138985, 0.139315, 0.139446, 0.139565, 0.140122, 0.140213, 0.140473, 0.141057, 0.141248, 0.141271, 0.142507, 0.142539, 0.142571, 0.14258, 0.14261, 0.142762, 0.143165, 0.144056, 0.144324, 0.144914, 0.145454, 0.145563, 0.14606, 0.146313, 0.146345, 0.146393, 0.146471, 0.146755, 0.146916, 0.146986, 0.147017, 0.14729, 0.147331, 0.147683, 0.147727, 0.147825, 0.147994, 0.149013, 0.149078, 0.149137, 0.149729, 0.149746, 0.149765, 0.150074, 0.150077, 0.150723, 0.151233, 0.152255, 0.152609, 0.152616, 0.152706, 0.153485, 0.153556, 0.154042, 0.154671, 0.154725, 0.154922, 0.155187, 0.156187, 0.156342, 0.15694, 0.158169, 0.15882, 0.158822, 0.15934, 0.159741, 0.160065, 0.160284, 0.160749, 0.161011, 0.161246, 0.161954, 0.161956, 0.162087, 0.162111, 0.162192, 0.16244, 0.162921, 0.163425, 0.163705, 0.164041, 0.164152, 0.164429, 0.164461, 0.164945, 0.165593, 0.165908, 0.166579, 0.16673, 0.166892, 0.166995, 0.167051, 0.167165, 0.167375, 0.16801, 0.168171, 0.168215, 0.168227, 0.168511, 0.168695, 0.168801, 0.168808, 0.169727, 0.169822, 0.170353, 0.170502, 0.171165, 0.171292, 0.171738, 0.172065, 0.172286, 0.172496, 0.172779, 0.173296, 0.174542, 0.175156, 0.175838, 0.176027, 0.176286, 0.17649, 0.1776, 0.177833, 0.178374, 0.1785, 0.178619, 0.178713, 0.179941, 0.180664, 0.180847, 0.181188, 0.181497, 0.181941, 0.181966, 0.182095, 0.182802, 0.182952, 0.183527, 0.183651, 0.183815, 0.183819, 0.183972, 0.184362, 0.184947, 0.184998, 0.18536, 0.185525, 0.185785, 0.185832, 0.186106, 0.187426, 0.187706, 0.187707, 0.188311, 0.188635, 0.188639, 0.188879, 0.189094, 0.189306, 0.189664, 0.190745, 0.191195, 0.19141, 0.19272, 0.192782, 0.192868, 0.193097, 0.193526, 0.193775, 0.193995, 0.194062, 0.194233, 0.194697, 0.194783, 0.194981, 0.195318, 0.195655, 0.196177, 0.196292, 0.196504, 0.196892, 0.196917, 0.197078, 0.197088, 0.19758, 0.197831, 0.198156, 0.198656, 0.199706, 0.199908, 0.200201, 0.20022, 0.200704, 0.200818, 0.201024, 0.201214, 0.201434,