{"sigma_r": 1.5244, "sigma_i": 0.3271, "f_hot": 0.15, "sigma_i_hot": 10.0, "m": 2, "seed": 3774617847, "n_k": {"1": 4061, "2": 800, "3": 235, "4": 58, "5": 10, "6+": 0}, "dlogr": [0.0, 0.000235, 0.000288, 0.000844, 0.001163, 0.001257, 0.001657, 0.001817, 0.001954, 0.002397, 0.002612, 0.002901, 0.00344, 0.003575, 0.003704, 0.003773, 0.004624, 0.004965, 0.005064, 0.005628, 0.006153, 0.006225, 0.006345, 0.006648, 0.006688, 0.006763, 0.006848, 0.006972, 0.007021, 0.007248, 0.007328, 0.007331, 0.00743, 0.007589, 0.007653, 0.008186, 0.008391, 0.008681, 0.008798, 0.008856, 0.009289, 0.009327, 0.009699, 0.009819, 0.009828, 0.009962, 0.00997, 0.010143, 0.010203, 0.010623, 0.010679, 0.010815, 0.011529, 0.011835, 0.012045, 0.012217, 0.01273, 0.013187, 0.013219, 0.013221, 0.013355, 0.013469, 0.013513, 0.013824, 0.013827, 0.01394, 0.013994, 0.014012, 0.014228, 0.01423, 0.014399, 0.014572, 0.014895, 0.014899, 0.014901, 0.015036, 0.015225, 0.015667, 0.015708, 0.01571, 0.016362, 0.016891, 0.016892, 0.016903, 0.016922, 0.017043, 0.017118, 0.017305, 0.017626, 0.017639, 0.017734, 0.017797, 0.018163, 0.018236, 0.018928, 0.018941, 0.019234, 0.019412, 0.019497, 0.019507, 0.02004, 0.020147, 0.020276, 0.020297, 0.020372, 0.020598, 0.02112, 0.021356, 0.0214, 0.021519, 0.021571, 0.02167, 0.021717, 0.022001, 0.022165, 0.022284, 0.022703, 0.022956, 0.023098, 0.023133, 0.024345, 0.024635, 0.024904, 0.025157, 0.025648, 0.02585, 0.025908, 0.026359, 0.026403, 0.026536, 0.026609, 0.026613, 0.026679, 0.02695, 0.026989, 0.027272, 0.027616, 0.027708, 0.027726, 0.02776, 0.027901, 0.028231, 0.02842, 0.028449, 0.028494, 0.028515, 0.028894, 0.029659, 0.029725, 0.029912, 0.029983, 0.030394, 0.030405, 0.0307, 0.030907, 0.031027, 0.031118, 0.031992, 0.032028, 0.032775, 0.032779, 0.032976, 0.033348, 0.033486, 0.033577, 0.033872, 0.034321, 0.034612, 0.034625, 0.034627, 0.03498, 0.03508, 0.03545, 0.035595, 0.035841, 0.035902, 0.035922, 0.035998, 0.036074, 0.036137, 0.036139, 0.036183, 0.036483, 0.036568, 0.036684, 0.03686, 0.037057, 0.037277, 0.037346, 0.037852, 0.038013, 0.038232, 0.039429, 0.039686, 0.040018, 0.040104, 0.040589, 0.040598, 0.040717, 0.040794, 0.041072, 0.041211, 0.041278, 0.041517, 0.041688, 0.041706, 0.042269, 0.042327, 0.042407, 0.042547, 0.04256, 0.042562, 0.042951, 0.043254, 0.043389, 0.043731, 0.043897, 0.043926, 0.04494, 0.044989, 0.044993, 0.045409, 0.045479, 0.04556, 0.045912, 0.045977, 0.045986, 0.046247, 0.046313, 0.046442, 0.046626, 0.046748, 0.046898, 0.047145, 0.047147, 0.047227, 0.047935, 0.048109, 0.048196, 0.048512, 0.048825, 0.048905, 0.049054, 0.049164, 0.049444, 0.049472, 0.049629, 0.049667, 0.049736, 0.049937, 0.050194, 0.050368, 0.050421, 0.050527, 0.050614, 0.050849, 0.05123, 0.051749, 0.051757, 0.052806, 0.053166, 0.053235, 0.053494, 0.054031, 0.054332, 0.054399, 0.054618, 0.05501, 0.055127, 0.055198, 0.055235, 0.055254, 0.055658, 0.055844, 0.055985, 0.055986, 0.056319, 0.05649, 0.056754, 0.056801, 0.057024, 0.057206, 0.057395, 0.057538, 0.0576, 0.057823, 0.058078, 0.058455, 0.058473, 0.058942, 0.059225, 0.059488, 0.059641, 0.059786, 0.059907, 0.059967, 0.060087, 0.060365, 0.06058, 0.060819, 0.061037, 0.061179, 0.061628, 0.061852, 0.061901, 0.061967, 0.062004, 0.062025, 0.062115, 0.062155, 0.062275, 0.062339, 0.062481, 0.062509, 0.062802, 0.063676, 0.064468, 0.06451, 0.064601, 0.064666, 0.064846, 0.064854, 0.065008, 0.065072, 0.065389, 0.065391, 0.065452, 0.065499, 0.065564, 0.066222, 0.066913, 0.067089, 0.06742, 0.067427, 0.067611, 0.068236, 0.068327, 0.068343, 0.0688, 0.06915, 0.069532, 0.069563, 0.069677, 0.069784, 0.070121, 0.070337, 0.070376, 0.070379, 0.070587, 0.070752, 0.071348, 0.071478, 0.071484, 0.071604, 0.071619, 0.072128, 0.072427, 0.073117, 0.073146, 0.073251, 0.073992, 0.074091, 0.074131, 0.074828, 0.07487, 0.074898, 0.074988, 0.075052, 0.075506, 0.075571, 0.075811, 0.076008, 0.076503, 0.076511, 0.076519, 0.076636, 0.076856, 0.076979, 0.077028, 0.077138, 0.077275, 0.077762, 0.077905, 0.078018, 0.078063, 0.078644, 0.078838, 0.078899, 0.079186, 0.079253, 0.079602, 0.079718, 0.079761, 0.079858, 0.080183, 0.080424, 0.080952, 0.081014, 0.081298, 0.081554, 0.081611, 0.081906, 0.082833, 0.08321, 0.083426, 0.083563, 0.083661, 0.084097, 0.084209, 0.084315, 0.084919, 0.085251, 0.085273, 0.085489, 0.085606, 0.085668, 0.085701, 0.085803, 0.086027, 0.086149, 0.086167, 0.086929, 0.087004, 0.087372, 0.087396, 0.087414, 0.087492, 0.087586, 0.087663, 0.08771, 0.087733, 0.087758, 0.087809, 0.087842, 0.087925, 0.088027, 0.088188, 0.088643, 0.088683, 0.08877, 0.088915, 0.08902, 0.089268, 0.089379, 0.089733, 0.090033, 0.090323, 0.090783, 0.090791, 0.090854, 0.090884, 0.091163, 0.091199, 0.091228, 0.091534, 0.091629, 0.09163, 0.091804, 0.092123, 0.092316, 0.092442, 0.092636, 0.092755, 0.092829, 0.092858, 0.092907, 0.093718, 0.094347, 0.094554, 0.094825, 0.095012, 0.095107, 0.095161, 0.095245, 0.095603, 0.095606, 0.095767, 0.095789, 0.095843, 0.096354, 0.096357, 0.097847, 0.097917, 0.098497, 0.098653, 0.098863, 0.099139, 0.099673, 0.099825, 0.099903, 0.100287, 0.100288, 0.100401, 0.101126, 0.101139, 0.101814, 0.101986, 0.102029, 0.102515, 0.102538, 0.102544, 0.102706, 0.103196, 0.103445, 0.103471, 0.103649, 0.103852, 0.104203, 0.104238, 0.10463, 0.104654, 0.10548, 0.1055, 0.106015, 0.106163, 0.106467, 0.106616, 0.106737, 0.106854, 0.107176, 0.107273, 0.10733, 0.107377, 0.10747, 0.107823, 0.107839, 0.10807, 0.108075, 0.108102, 0.108105, 0.108478, 0.10864, 0.108769, 0.109074, 0.109114, 0.109312, 0.109425, 0.109437, 0.109441, 0.109582, 0.109669, 0.110056, 0.110316, 0.110574, 0.110979, 0.111353, 0.111442, 0.111671, 0.111688, 0.111748, 0.111913, 0.111919, 0.112028, 0.112172, 0.112519, 0.112789, 0.112812, 0.113098, 0.114047, 0.114243, 0.114258, 0.114401, 0.114551, 0.114823, 0.115011, 0.115296, 0.115448, 0.115752, 0.116075, 0.116184, 0.116343, 0.116743, 0.116808, 0.116919, 0.116985, 0.11704, 0.117046, 0.117075, 0.11709, 0.117326, 0.117602, 0.117747, 0.117885, 0.118615, 0.118725, 0.118753, 0.119277, 0.119366, 0.119497, 0.11959, 0.120667, 0.120669, 0.120818, 0.120895, 0.121165, 0.121216, 0.121238, 0.121842, 0.121958, 0.122018, 0.1221, 0.122289, 0.122635, 0.122732, 0.122828, 0.122841, 0.123161, 0.12324, 0.123273, 0.1234, 0.12342, 0.123464, 0.123478, 0.123582, 0.123673, 0.123908, 0.123923, 0.124042, 0.124523, 0.12464, 0.12499, 0.125308, 0.125427, 0.125942, 0.12609, 0.126492, 0.126763, 0.126766, 0.127013, 0.127061, 0.127461, 0.127688, 0.127884, 0.128363, 0.128392, 0.128526, 0.12882, 0.128995, 0.128998, 0.129041, 0.129351, 0.129438, 0.12945, 0.129499, 0.129684, 0.129726, 0.12975, 0.12978, 0.130554, 0.130801, 0.130959, 0.130999, 0.131079, 0.131093, 0.131131, 0.131797, 0.131804, 0.131896, 0.13197, 0.131995, 0.132014, 0.132097, 0.132101, 0.132419, 0.132591, 0.132691, 0.133089, 0.133458, 0.133596, 0.133985, 0.134094, 0.134431, 0.135, 0.135055, 0.135785, 0.135877, 0.135939, 0.13596, 0.135995, 0.136507, 0.136595, 0.137016, 0.137374, 0.138376, 0.138403, 0.138443, 0.138504, 0.138693, 0.138854, 0.138881, 0.139125, 0.139501, 0.139957, 0.140235, 0.140346, 0.140798, 0.140968, 0.141015, 0.141253, 0.141394, 0.141995, 0.142024, 0.142119, 0.142617, 0.142836, 0.143175, 0.143403, 0.144269, 0.144513, 0.144527, 0.144808, 0.144962, 0.145013, 0.145106, 0.145255, 0.145491, 0.145823, 0.146105, 0.146272, 0.146304, 0.146518, 0.146751, 0.146925, 0.146981, 0.146995, 0.147152, 0.147262, 0.147624, 0.147815, 0.147851, 0.147981, 0.148121, 0.148473, 0.148764, 0.14898, 0.150474, 0.150601, 0.150876, 0.150895, 0.150933, 0.151075, 0.151118, 0.151391, 0.151869, 0.151924, 0.152818, 0.1532, 0.153375, 0.153754, 0.153949, 0.153988, 0.154337, 0.154509, 0.154834, 0.155694, 0.156202, 0.156579, 0.157785, 0.157868, 0.158054, 0.158154, 0.158365, 0.158453, 0.159703, 0.159743, 0.159786, 0.160014, 0.16012, 0.160511, 0.160528, 0.160636, 0.160717, 0.161871, 0.162158, 0.162442, 0.162861, 0.163095, 0.164127, 0.164356, 0.164746, 0.164767, 0.164798, 0.164824, 0.165665, 0.165665, 0.16596, 0.166044, 0.166108, 0.166126, 0.166267, 