{"sigma_r": 1.5244, "sigma_i": 1.4304, "f_hot": 0.1, "sigma_i_hot": 30.0, "m": 6, "seed": 1520256793, "n_k": {"1": 4259, "2": 831, "3": 203, "4": 33, "5": 5, "6+": 0}, "dlogr": [8.1e-05, 0.000207, 0.000544, 0.000762, 0.001484, 0.001645, 0.00165, 0.001656, 0.00169, 0.00186, 0.002011, 0.002106, 0.002303, 0.002784, 0.002957, 0.003313, 0.003414, 0.003713, 0.003862, 0.003993, 0.003996, 0.004938, 0.005054, 0.00511, 0.005452, 0.005633, 0.00574, 0.005862, 0.005892, 0.006084, 0.006527, 0.006562, 0.006767, 0.006816, 0.006822, 0.006903, 0.007388, 0.007453, 0.007471, 0.007566, 0.008069, 0.008338, 0.008782, 0.008821, 0.009191, 0.009314, 0.009329, 0.009454, 0.009673, 0.00975, 0.009847, 0.009961, 0.009971, 0.01005, 0.010067, 0.010397, 0.010493, 0.010648, 0.010743, 0.010761, 0.011096, 0.011192, 0.011325, 0.011454, 0.011752, 0.011782, 0.011966, 0.012082, 0.012208, 0.012345, 0.012653, 0.012996, 0.013082, 0.013231, 0.013298, 0.013304, 0.013415, 0.013541, 0.013679, 0.013861, 0.013885, 0.013886, 0.013954, 0.013962, 0.01414, 0.01423, 0.014561, 0.01463, 0.014758, 0.01523, 0.015567, 0.015657, 0.016019, 0.016177, 0.016241, 0.016494, 0.016871, 0.017032, 0.017173, 0.017201, 0.01754, 0.01761, 0.017916, 0.017984, 0.018172, 0.018382, 0.01853, 0.018561, 0.018566, 0.01863, 0.018714, 0.018739, 0.018835, 0.01901, 0.019197, 0.019403, 0.019498, 0.019515, 0.02054, 0.02103, 0.021316, 0.021704, 0.02205, 0.022147, 0.022162, 0.022314, 0.022338, 0.022484, 0.022949, 0.02336, 0.023451, 0.023619, 0.023992, 0.023995, 0.024076, 0.024489, 0.024674, 0.024685, 0.024766, 0.025083, 0.025195, 0.025431, 0.025517, 0.025622, 0.025634, 0.025812, 0.025891, 0.02674, 0.026804, 0.027162, 0.027591, 0.027602, 0.027606, 0.027641, 0.027786, 0.027894, 0.02792, 0.02803, 0.028033, 0.028212, 0.028212, 0.028344, 0.028408, 0.02852, 0.028844, 0.029114, 0.029735, 0.030262, 0.030309, 0.030429, 0.030566, 0.03083, 0.032135, 0.032224, 0.032359, 0.032363, 0.032606, 0.032646, 0.032755, 0.032997, 0.033013, 0.033392, 0.033502, 0.03358, 0.034032, 0.034055, 0.034358, 0.034519, 0.034724, 0.034744, 0.03482, 0.034975, 0.035073, 0.035225, 0.035259, 0.035625, 0.035709, 0.035896, 0.036405, 0.036422, 0.036447, 0.036448, 0.036615, 0.036746, 0.036811, 0.036865, 0.0376, 0.038371, 0.038388, 0.038389, 0.038896, 0.039412, 0.040635, 0.041003, 0.041147, 0.041386, 0.042531, 0.042789, 0.042924, 0.042964, 0.043185, 0.043434, 0.043587, 0.043797, 0.04382, 0.043939, 0.043983, 0.044019, 0.04462, 0.044935, 0.045619, 0.045662, 0.045853, 0.045866, 0.046067, 0.046105, 0.046453, 0.046863, 0.046962, 0.047248, 0.047266, 0.047342, 0.047403, 0.047535, 0.047563, 0.047883, 0.048497, 0.048617, 0.048621, 0.048754, 0.048913, 0.049, 0.049443, 0.049484, 0.049744, 0.050139, 0.050359, 0.05045, 0.05054, 0.050704, 0.05102, 0.051455, 0.051473, 0.051584, 0.051638, 0.051849, 0.051868, 0.052016, 0.052511, 0.052756, 0.052811, 0.052879, 0.052904, 0.053013, 0.053281, 0.053778, 0.053817, 0.054184, 0.054246, 0.054922, 0.054924, 0.055429, 0.055486, 0.055808, 0.055845, 0.055972, 0.056252, 0.056717, 0.056801, 0.056845, 0.056852, 0.057168, 0.05739, 0.057709, 0.057943, 0.058023, 0.05805, 0.058288, 0.058399, 0.058656, 0.058786, 0.058852, 0.059037, 0.059067, 0.059142, 0.059234, 0.059378, 0.059443, 0.05948, 0.061379, 0.061675, 0.061776, 0.061787, 0.062103, 0.062135, 0.06261, 0.063059, 0.063086, 0.063297, 0.063831, 0.064359, 0.064396, 0.064811, 0.064971, 0.065336, 0.065382, 0.065783, 0.06581, 0.066105, 0.0662, 0.066345, 0.066887, 0.066908, 0.06723, 0.068765, 0.068882, 0.06934, 0.069434, 0.06946, 0.069668, 0.069897, 0.071065, 0.071071, 0.071116, 0.072179, 0.072403, 0.072538, 0.072899, 0.073016, 0.07302, 0.073078, 0.07482, 0.074866, 0.075097, 0.075219, 0.075413, 0.075464, 0.075882, 0.07611, 0.076131, 0.076554, 0.076753, 0.076767, 0.076917, 0.077125, 0.077147, 0.07732, 0.078187, 0.078227, 0.078272, 0.079205, 0.079647, 0.079802, 0.080137, 0.080401, 0.080901, 0.081135, 0.081434, 0.081478, 0.081673, 0.082417, 0.082442, 0.082854, 0.082923, 0.083216, 0.083981, 0.084041, 0.084313, 0.0844, 0.08492, 0.08504, 0.085354, 0.085393, 0.085604, 0.085743, 0.085829, 0.085879, 0.086037, 0.086367, 0.086391, 0.086529, 0.086578, 0.086582, 0.086992, 0.087005, 0.087386, 0.087657, 0.087888, 0.087889, 0.087921, 0.088183, 0.088455, 0.088536, 0.088997, 0.089067, 0.089095, 0.089185, 0.089619, 0.089705, 0.090016, 0.090121, 0.090198, 0.090314, 0.090995, 0.09103, 0.091056, 0.092511, 0.09274, 0.092836, 0.092989, 0.093049, 0.093288, 0.093381, 0.093453, 0.093954, 0.094283, 0.094371, 0.094463, 0.09455, 0.094601, 0.094649, 0.094934, 0.09537, 0.095752, 0.095917, 0.095993, 0.096081, 0.096726, 0.097055, 0.097233, 0.097612, 0.09791, 0.098152, 0.098691, 0.098877, 0.099418, 0.099538, 0.099888, 0.099953, 0.099969, 0.10018, 0.100216, 0.100396, 0.10057, 0.100798, 0.100832, 0.100889, 0.100894, 0.10103, 0.101263, 0.102031, 0.102214, 0.102399, 0.102619, 0.102853, 0.10338, 0.103381, 0.103603, 0.103628, 0.103787, 0.10414, 0.104171, 0.104584, 0.104837, 0.105134, 0.105135, 0.105245, 0.105565, 0.105882, 0.106077, 0.106106, 0.106343, 0.106708, 0.107428, 0.10751, 0.107888, 0.107999, 0.108174, 0.108687, 0.109218, 0.109442, 0.10958, 0.109744, 0.110274, 0.110529, 0.110627, 0.111244, 0.111301, 0.111336, 0.111727, 0.111902, 0.112069, 0.112464, 0.112661, 0.112869, 0.112904, 0.113043, 0.113136, 0.113233, 0.113336, 0.113397, 0.113457, 0.113722, 0.113778, 0.113834, 0.113845, 0.113936, 0.113994, 0.114003, 0.114259, 0.114807, 0.115702, 0.116298, 0.116823, 0.116887, 0.116911, 0.116985, 0.11702, 0.117093, 0.117199, 0.117372, 0.11754, 0.117668, 0.118338, 0.11847, 0.118523, 0.118602, 0.119027, 0.119128, 0.119476, 0.120516, 0.120609, 0.120809, 0.121169, 0.121386, 0.121709, 0.123295, 0.123333, 0.12337, 0.123524, 0.12412, 0.124266, 0.124296, 0.124376, 0.12442, 0.124807, 0.125015, 0.125059, 0.125089, 0.1252, 0.125317, 0.125398, 0.125712, 0.126036, 0.12618, 0.126608, 0.126724, 0.126859, 0.126921, 0.127048, 0.127117, 0.127233, 0.127746, 0.128177, 0.128443, 0.128514, 0.128526, 0.128874, 0.128947, 0.128987, 0.129127, 0.129236, 0.129272, 0.129384, 0.129661, 0.1302, 0.130262, 0.130361, 0.130383, 0.130521, 0.130763, 0.130793, 0.130865, 0.131046, 0.131292, 0.13143, 0.131446, 0.132428, 0.132453, 0.132517, 0.132532, 0.132855, 0.132975, 0.13322, 0.133304, 0.133531, 0.134161, 0.134431, 0.134549, 0.134655, 0.134816, 0.134977, 0.135384, 0.135895, 0.13595, 0.136504, 0.13662, 0.136727, 0.136845, 0.13718, 0.137267, 0.137281, 0.137516, 0.137572, 0.138007, 0.138362, 0.138756, 0.139058, 0.139869, 0.140611, 0.140657, 0.141228, 0.141679, 0.141976, 0.142374, 0.142655, 0.142801, 0.142906, 0.142924, 0.143251, 0.143925, 0.143971, 0.144052, 0.144414, 0.14449, 0.145274, 0.145356, 0.145401, 0.145488, 0.145573, 0.145602, 0.145742, 0.145925, 0.146277, 0.146719, 0.146735, 0.146866, 0.147522, 0.14772, 0.147913, 0.147937, 0.148188, 0.148298, 0.148453, 0.14852, 0.148648, 0.149631, 0.149801, 0.150101, 0.150263, 0.150325, 0.15077, 0.150994, 0.151094, 0.151839, 0.152204, 0.152205, 0.152335, 0.152589, 0.152671, 0.152734, 0.152931, 0.153267, 0.15337, 0.153755, 0.153786, 0.154251, 0.15428, 0.154405, 0.154492, 0.154571, 0.154655, 0.154892, 0.155082, 0.155431, 0.155622, 0.155634, 0.155798, 0.157369, 0.157494, 0.157562, 0.157655, 0.157855, 0.157936, 0.157973, 0.158114, 0.158147, 0.158221, 0.158272, 0.158632, 0.158733, 0.158938, 0.159061, 0.159781, 0.159875, 0.159974, 0.160063, 0.160412, 0.160774, 0.160804, 0.161216, 0.161268, 0.161681, 0.162785, 0.162913, 0.163426, 0.163813, 0.164274, 0.16455, 0.165212, 0.16532, 0.165327, 0.165713, 0.166272, 0.166323, 0.166416, 0.166529, 0.166687, 0.167219, 0.168235, 0.168432, 0.168861, 0.169556, 0.169937, 0.171075, 0.17114, 0.171337, 0.171396, 0.171487, 0.172872, 0.172991, 0.173367, 0.173472, 0.173627, 0.173721, 0.173807, 0.173986, 0.174078, 0.174146, 0.174359, 0.174572, 0.174869, 0.174917, 0.175536, 0.175587, 0.175903, 0.176214, 0.176283, 0.17684, 0.176864, 0.176888, 0.177093, 0.17713, 0.177253, 0.178102, 0.178105, 0.178208, 0.178882, 0.180166, 0.180298, 0.180846, 