{"sigma_r": 1.5244, "sigma_i": 1.4304, "f_hot": 0.15, "sigma_i_hot": 10.0, "m": 1, "seed": 2337315438, "n_k": {"1": 4330, "2": 883, "3": 176, "4": 28, "5": 4, "6+": 0}, "dlogr": [0.000555, 0.000779, 0.000866, 0.001482, 0.001655, 0.001688, 0.001811, 0.002016, 0.002085, 0.00234, 0.002583, 0.002666, 0.002964, 0.003396, 0.003411, 0.003889, 0.004182, 0.004217, 0.004685, 0.004697, 0.005147, 0.005269, 0.005368, 0.005434, 0.005654, 0.005685, 0.005912, 0.006013, 0.006081, 0.006159, 0.006371, 0.006568, 0.006725, 0.006779, 0.006797, 0.006858, 0.007142, 0.007219, 0.007486, 0.007826, 0.008227, 0.00848, 0.008758, 0.008863, 0.008963, 0.00936, 0.009466, 0.009474, 0.009579, 0.009638, 0.009866, 0.00993, 0.010333, 0.01036, 0.010401, 0.010737, 0.011395, 0.011427, 0.011638, 0.011759, 0.012945, 0.013136, 0.013555, 0.013775, 0.013894, 0.01394, 0.014155, 0.014231, 0.014326, 0.014439, 0.014519, 0.014546, 0.014547, 0.014645, 0.014799, 0.014954, 0.015085, 0.015243, 0.015411, 0.015759, 0.016096, 0.016104, 0.016276, 0.016408, 0.01674, 0.017342, 0.017376, 0.018004, 0.018144, 0.018231, 0.018625, 0.018763, 0.018772, 0.019065, 0.019205, 0.019295, 0.019654, 0.01981, 0.019869, 0.020041, 0.020132, 0.02131, 0.021595, 0.0216, 0.021666, 0.021809, 0.022068, 0.022105, 0.022345, 0.022419, 0.022677, 0.022987, 0.023251, 0.023451, 0.02351, 0.023661, 0.023772, 0.023815, 0.024085, 0.024335, 0.02471, 0.025241, 0.025585, 0.025627, 0.025683, 0.02599, 0.026137, 0.026187, 0.026506, 0.026681, 0.026842, 0.026863, 0.027051, 0.027213, 0.027474, 0.027487, 0.027505, 0.027526, 0.027762, 0.028318, 0.02868, 0.028793, 0.028974, 0.029532, 0.029553, 0.029723, 0.030001, 0.030206, 0.030247, 0.030403, 0.030516, 0.030601, 0.030662, 0.030809, 0.031, 0.031016, 0.031403, 0.031432, 0.031521, 0.031788, 0.032131, 0.032397, 0.03271, 0.033185, 0.033806, 0.034037, 0.034081, 0.034127, 0.034159, 0.034208, 0.035309, 0.035423, 0.036221, 0.036419, 0.03692, 0.036967, 0.036974, 0.036985, 0.037042, 0.037182, 0.037348, 0.037854, 0.037861, 0.03815, 0.038224, 0.03825, 0.038384, 0.038488, 0.038663, 0.038962, 0.039055, 0.039087, 0.039154, 0.039493, 0.039625, 0.039782, 0.039783, 0.039815, 0.039934, 0.040014, 0.040223, 0.040443, 0.040799, 0.041064, 0.041388, 0.041548, 0.041614, 0.04172, 0.04192, 0.041924, 0.041959, 0.041972, 0.042121, 0.042264, 0.042393, 0.042904, 0.043172, 0.043492, 0.043711, 0.043716, 0.043776, 0.044428, 0.044544, 0.044545, 0.044605, 0.044862, 0.045032, 0.045086, 0.045377, 0.045492, 0.046346, 0.046407, 0.04661, 0.046798, 0.047061, 0.047217, 0.047226, 0.047345, 0.047611, 0.047859, 0.048229, 0.048256, 0.048641, 0.048766, 0.048816, 0.048873, 0.048969, 0.049342, 0.049475, 0.049516, 0.04953, 0.049887, 0.04997, 0.050179, 0.050322, 0.050538, 0.051044, 0.051296, 0.051537, 0.052329, 0.052359, 0.052448, 0.052577, 0.053064, 0.053066, 0.053497, 0.053503, 0.053532, 0.053606, 0.054252, 0.055201, 0.055524, 0.055692, 0.055727, 0.056049, 0.056973, 0.057013, 0.057298, 0.057308, 0.058352, 0.05836, 0.05838, 0.058462, 0.058668, 0.059279, 0.059474, 0.05959, 0.059638, 0.059828, 0.060122, 0.060291, 0.060354, 0.060471, 0.060602, 0.06075, 0.061216, 0.061431, 0.061786, 0.061811, 0.061976, 0.061976, 0.062001, 0.062023, 0.062081, 0.062258, 0.062344, 0.062369, 0.06263, 0.062687, 0.062794, 0.062829, 0.063396, 0.063545, 0.063615, 0.064211, 0.064532, 0.06459, 0.064788, 0.064875, 0.064877, 0.064991, 0.065937, 0.06599, 0.066136, 0.066153, 0.066302, 0.066506, 0.06652, 0.066619, 0.066674, 0.066812, 0.067327, 0.067367, 0.067856, 0.067997, 0.068018, 0.068199, 0.068232, 0.068576, 0.068576, 0.068863, 0.068867, 0.069151, 0.069241, 0.069296, 0.069309, 0.069446, 0.06973, 0.069872, 0.071305, 0.071329, 0.071511, 0.071661, 0.07182, 0.071877, 0.072123, 0.072772, 0.072964, 0.073096, 0.073186, 0.073384, 0.073472, 0.0738, 0.073853, 0.074517, 0.074944, 0.074955, 0.075233, 0.075318, 0.075774, 0.076104, 0.076574, 0.076656, 0.076687, 0.076738, 0.076933, 0.076935, 0.077269, 0.07796, 0.077978, 0.078212, 0.078281, 0.078292, 0.078469, 0.07859, 0.078618, 0.07864, 0.079764, 0.079991, 0.08, 0.080096, 0.080278, 0.080411, 0.080674, 0.08088, 0.081428, 0.081611, 0.081681, 0.082095, 0.082217, 0.082241, 0.08281, 0.083234, 0.084138, 0.084502, 0.084862, 0.085065, 0.08513, 0.085168, 0.085473, 0.085661, 0.085851, 0.086052, 0.086375, 0.086806, 0.087124, 0.087348, 0.087396, 0.087407, 0.087678, 0.087745, 0.087972, 0.088532, 0.088582, 0.088602, 0.090045, 0.090058, 0.09015, 0.090203, 0.090243, 0.090922, 0.091009, 0.091114, 0.091265, 0.092471, 0.092517, 0.092594, 0.092599, 0.092728, 0.093098, 0.093372, 0.09357, 0.093613, 0.093872, 0.093936, 0.09413, 0.094405, 0.094576, 0.094802, 0.094967, 0.095151, 0.095229, 0.095666, 0.096152, 0.09629, 0.096406, 0.096646, 0.096691, 0.096702, 0.096797, 0.096888, 0.097139, 0.097304, 0.097658, 0.097702, 0.097772, 0.098231, 0.098846, 0.098885, 0.099025, 0.099364, 0.099382, 0.099451, 0.099849, 0.099853, 0.100001, 0.100148, 0.100158, 0.100351, 0.100719, 0.101028, 0.1015, 0.10206, 0.102126, 0.102144, 0.102238, 0.102328, 0.102545, 0.102721, 0.102724, 0.103711, 0.10382, 0.104125, 0.104224, 0.105022, 0.105693, 0.105694, 0.105748, 0.106039, 0.106163, 0.106196, 0.106622, 0.106781, 0.107392, 0.107418, 0.108092, 0.10819, 0.108232, 0.108781, 0.109502, 0.109611, 0.109637, 0.109977, 0.109993, 0.110155, 0.110303, 0.110307, 0.111183, 0.111425, 0.111585, 0.111706, 0.112245, 0.112266, 0.112334, 0.112389, 0.112789, 0.112856, 0.113328, 0.113612, 0.113744, 0.113871, 0.114152, 0.114775, 0.114971, 0.115224, 0.115253, 0.115257, 0.11669, 0.116863, 0.117062, 0.117126, 0.11738, 0.117775, 0.118065, 0.118851, 0.118934, 0.11915, 0.119225, 0.119357, 0.119369, 0.119491, 0.119835, 0.119905, 0.12036, 0.120701, 0.121238, 0.121341, 0.121347, 0.122113, 0.122626, 0.122729, 0.122853, 0.122881, 0.122942, 0.123365, 0.123535, 0.123819, 0.123837, 0.12432, 0.124808, 0.125283, 0.12546, 0.125555, 0.126339, 0.126524, 0.126939, 0.126968, 0.127186, 0.127219, 0.127379, 0.12739, 0.12756, 0.127604, 0.127701, 0.128363, 0.128612, 0.129275, 0.129365, 0.129474, 0.129914, 0.130035, 0.130437, 0.130627, 0.130882, 0.131223, 0.131848, 0.131887, 0.132132, 0.132226, 0.132494, 0.132766, 0.132781, 0.132895, 0.133151, 0.133488, 0.133608, 0.133854, 0.134084, 0.134419, 0.135057, 0.135664, 0.135741, 0.135792, 0.136872, 0.136943, 0.137679, 0.137978, 0.13816, 0.138172, 0.138392, 0.138414, 0.138427, 0.138581, 0.138594, 0.138674, 0.138765, 0.139391, 0.139415, 0.140399, 0.140432, 0.140571, 0.141247, 0.141687, 0.141812, 0.141909, 0.14233, 0.142473, 0.142606, 0.142773, 0.142847, 0.142859, 0.142888, 0.142913, 0.142999, 0.143045, 0.143134, 0.143276, 0.143375, 0.143704, 0.144822, 0.145093, 0.14556, 0.146315, 0.146525, 0.146603, 0.147483, 0.14767, 0.147841, 0.148261, 0.148748, 0.149301, 0.14945, 0.15086, 0.151057, 0.151104, 0.151381, 0.151785, 0.151999, 0.15266, 0.153065, 0.153338, 0.153569, 0.1537, 0.154322, 0.154406, 0.154754, 0.154804, 0.155105, 0.155564, 0.155713, 0.155838, 0.156227, 0.156304, 0.156618, 0.156747, 0.156784, 0.157361, 0.15771, 0.158099, 0.158273, 0.158815, 0.15929, 0.159425, 0.159942, 0.160069, 0.160121, 0.160187, 0.160516, 0.160681, 0.1609, 0.16115, 0.16167, 0.161896, 0.162204, 0.162405, 0.162463, 0.162594, 0.162761, 0.162808, 0.163191, 0.163499, 0.164074, 0.164125, 0.164169, 0.165447, 0.165632, 0.165944, 0.166063, 0.166169, 0.166247, 0.166637, 0.167086, 0.167661, 0.167775, 0.167795, 0.168051, 0.168403, 0.168529, 0.168609, 0.170138, 0.170392, 0.170425, 0.170454, 0.170458, 0.170676, 0.17161, 0.171764, 0.172339, 0.172506, 0.172549, 0.172685, 0.173129, 0.173539, 0.173858, 0.174056, 0.174528, 0.174614, 0.174694, 0.175288, 0.175394, 0.175514, 0.175629, 0.17563, 0.175907, 0.175932, 0.176405, 0.176948, 0.177149, 0.177212, 0.177349, 0.177828, 0.177875, 0.178475, 0.178923, 0.178976, 0.179589, 0.180076, 0.180131, 0.18017, 0.180215, 0.180448, 0.180509, 0.180609, 0.180613, 0.181591, 0.181802, 0.181819, 0.181872, 0.181949, 0.182484, 0.183199, 0.183439, 0.18351, 0.183554, 0.183604, 0.184042, 0.184135, 0.184311, 0.184527, 0.184783, 