{"sigma_r": 1.5244, "sigma_i": 0.8747, "f_hot": 0.4, "sigma_i_hot": 30.0, "m": 1, "seed": 1986327815, "n_k": {"1": 4763, "2": 676, "3": 139, "4": 24, "5": 8, "6+": 0}, "dlogr": [0.0, 0.000151, 0.000583, 0.000682, 0.000791, 0.001127, 0.002109, 0.00233, 0.002696, 0.00294, 0.003134, 0.00333, 0.003408, 0.00393, 0.004199, 0.004456, 0.004794, 0.004947, 0.005211, 0.005335, 0.005561, 0.005639, 0.005706, 0.006281, 0.006392, 0.006448, 0.006503, 0.00687, 0.007275, 0.007634, 0.008056, 0.008373, 0.008599, 0.009144, 0.009969, 0.010159, 0.01016, 0.010164, 0.010348, 0.010652, 0.010743, 0.011301, 0.0114, 0.011441, 0.012009, 0.012047, 0.012158, 0.01273, 0.012814, 0.0129, 0.014, 0.014253, 0.014351, 0.014463, 0.014497, 0.014581, 0.014582, 0.014916, 0.015377, 0.015477, 0.015552, 0.016187, 0.016273, 0.016311, 0.016664, 0.016802, 0.016809, 0.017287, 0.01768, 0.01771, 0.017845, 0.018065, 0.018267, 0.019247, 0.019394, 0.020058, 0.020291, 0.020501, 0.020646, 0.020788, 0.021148, 0.021393, 0.021716, 0.021808, 0.021936, 0.022928, 0.023448, 0.023489, 0.024149, 0.02415, 0.02424, 0.02464, 0.024761, 0.024857, 0.025337, 0.025367, 0.0255, 0.025665, 0.025731, 0.025807, 0.025949, 0.026384, 0.026408, 0.026928, 0.027011, 0.027074, 0.027116, 0.027982, 0.027992, 0.028178, 0.028446, 0.028641, 0.029437, 0.029725, 0.02986, 0.030114, 0.030133, 0.030292, 0.030337, 0.030358, 0.030621, 0.030691, 0.03073, 0.032127, 0.032141, 0.032212, 0.032449, 0.032605, 0.032936, 0.032961, 0.032964, 0.034191, 0.034439, 0.035244, 0.035412, 0.035792, 0.035959, 0.036051, 0.036247, 0.036593, 0.036633, 0.036789, 0.037011, 0.037243, 0.037727, 0.03802, 0.038049, 0.038203, 0.038485, 0.038525, 0.038784, 0.039043, 0.039207, 0.039267, 0.039528, 0.039588, 0.040329, 0.040636, 0.040857, 0.041485, 0.041599, 0.041723, 0.042449, 0.042727, 0.042878, 0.042965, 0.043016, 0.043199, 0.043364, 0.043804, 0.043847, 0.044283, 0.044302, 0.044357, 0.044487, 0.044593, 0.044756, 0.044835, 0.045166, 0.045274, 0.04538, 0.045597, 0.045601, 0.045822, 0.046335, 0.046486, 0.04663, 0.046652, 0.046742, 0.047561, 0.047588, 0.047629, 0.047754, 0.048379, 0.049459, 0.049553, 0.05038, 0.050754, 0.050896, 0.051136, 0.051312, 0.051558, 0.051596, 0.051747, 0.052003, 0.052102, 0.05291, 0.052938, 0.053486, 0.053897, 0.054008, 0.054243, 0.054317, 0.054399, 0.054429, 0.054861, 0.05526, 0.055317, 0.055552, 0.056302, 0.056413, 0.056639, 0.056723, 0.056825, 0.05707, 0.057441, 0.057707, 0.057973, 0.058328, 0.058401, 0.05883, 0.058901, 0.059486, 0.059745, 0.059749, 0.0598, 0.060353, 0.060561, 0.060606, 0.060608, 0.060856, 0.060919, 0.061185, 0.061303, 0.061792, 0.061848, 0.062068, 0.062197, 0.063437, 0.063895, 0.064278, 0.064517, 0.064584, 0.064786, 0.065115, 0.065674, 0.065689, 0.06569, 0.065868, 0.066057, 0.066059, 0.066195, 0.066768, 0.067519, 0.06784, 0.067967, 0.068135, 0.068737, 0.068811, 0.069101, 0.069392, 0.069561, 0.069723, 0.0699, 0.07015, 0.070262, 0.0707, 0.070854, 0.071095, 0.071592, 0.071629, 0.071848, 0.072128, 0.072474, 0.072858, 0.073181, 0.07329, 0.074116, 0.074193, 0.074397, 0.074416, 0.074645, 0.075059, 0.075313, 0.07537, 0.075382, 0.075742, 0.076284, 0.076418, 0.076451, 0.076482, 0.076763, 0.076768, 0.07733, 0.077624, 0.077696, 0.077749, 0.078284, 0.078699, 0.078842, 0.079516, 0.07983, 0.080339, 0.080495, 0.080662, 0.080811, 0.080924, 0.081065, 0.081778, 0.081866, 0.082007, 0.082475, 0.083444, 0.083462, 0.083523, 0.083716, 0.083895, 0.084439, 0.085087, 0.08522, 0.085355, 0.085388, 0.085499, 0.086362, 0.086463, 0.086518, 0.086677, 0.086695, 0.086787, 0.086825, 0.086922, 0.087183, 0.087969, 0.08817, 0.08877, 0.089048, 0.090274, 0.090703, 0.090775, 0.090963, 0.091115, 0.091614, 0.093023, 0.093078, 0.093108, 0.093854, 0.094278, 0.094857, 0.095101, 0.095693, 0.095776, 0.096299, 0.096385, 0.096457, 0.096704, 0.097322, 0.097857, 0.097889, 0.098191, 0.09843, 0.098474, 0.098527, 0.098854, 0.09891, 0.098982, 0.099031, 0.099135, 0.099477, 0.099704, 0.100343, 0.10096, 0.101179, 0.101381, 0.101385, 0.101385, 0.101564, 0.101692, 0.102015, 0.102283, 0.102347, 0.102566, 0.103211, 0.10331, 0.103952, 0.105273, 0.105447, 0.105684, 0.106018, 0.10618, 0.106321, 0.106701, 0.106722, 0.106738, 0.106775, 0.107213, 0.107256, 0.107352, 0.107624, 0.108018, 0.108392, 0.108444, 0.109034, 0.109221, 0.109418, 0.109592, 0.109633, 0.109813, 0.109981, 0.110467, 0.110931, 0.110974, 0.111104, 0.111301, 0.111338, 0.111576, 0.112161, 0.112358, 0.112374, 0.113039, 0.113276, 0.113434, 0.113512, 0.113522, 0.113756, 0.113833, 0.114634, 0.115321, 0.115444, 0.11559, 0.115853, 0.116425, 0.116667, 0.11673, 0.116998, 0.117571, 0.117711, 0.11806, 0.118542, 0.118709, 0.118855, 0.11888, 0.119347, 0.119535, 0.11965, 0.120474, 0.121819, 0.121891, 0.122188, 0.12246, 0.122989, 0.123046, 0.123255, 0.123879, 0.124281, 0.124614, 0.124718, 0.124803, 0.125005, 0.125108, 0.12524, 0.125624, 0.12571, 0.125839, 0.126436, 0.126908, 0.127138, 0.127248, 0.127445, 0.128673, 0.128714, 0.129437, 0.129627, 0.129724, 0.131075, 0.131637, 0.131876, 0.132206, 0.132977, 0.1333, 0.133659, 0.133852, 0.134057, 0.134285, 0.134346, 0.134569, 0.134808, 0.135083, 0.135365, 0.135385, 0.135502, 0.135607, 0.135906, 0.136123, 0.136229, 0.136249, 0.136761, 0.136805, 0.136852, 0.137598, 0.138051, 0.138069, 0.138175, 0.138947, 0.139123, 0.139353, 0.139976, 0.139979, 0.140128, 0.140966, 0.141173, 0.141398, 0.141578, 0.141802, 0.141804, 0.142548, 0.143714, 0.144074, 0.144345, 0.144515, 0.144553, 0.14633, 0.146935, 0.147815, 0.148205, 0.148283, 0.148622, 0.14883, 0.148944, 0.149183, 0.149201, 0.149282, 0.149371, 0.149477, 0.150217, 0.151005, 0.151057, 0.151406, 0.151551, 0.151609, 0.151724, 0.152404, 0.152477, 0.153226, 0.153607, 0.154122, 0.154501, 0.154941, 0.154944, 0.155415, 0.155586, 0.155698, 0.155723, 0.156006, 0.156264, 0.157505, 0.157842, 0.158137, 0.158199, 0.159177, 0.15938, 0.160118, 0.160761, 0.162112, 0.162139, 0.163755, 0.165328, 0.165513, 0.166005, 0.167004, 0.167899, 0.168707, 0.169636, 0.170817, 0.173203, 0.173491, 0.173663, 0.174165, 0.174292, 0.17446, 0.174684, 0.174821, 0.175514, 0.177024, 0.177331, 0.177364, 0.177609, 0.178208, 0.178212, 0.178629, 0.178994, 0.179397, 0.179405, 0.179466, 0.179615, 0.179673, 0.179858, 0.18038, 0.180845, 0.181482, 0.181496, 0.181553, 0.182944, 0.184233, 0.1843, 0.184957, 0.185033, 0.185428, 0.185731, 0.186288, 0.187099, 0.18734, 0.188023, 0.188841, 0.189052, 0.18909, 0.189906, 0.191199, 0.191461, 0.191547, 0.191847, 0.191856, 0.191992, 0.192657, 0.192662, 0.195206, 0.196278, 0.197106, 0.197413, 0.197773, 0.198248, 0.198591, 0.19861, 0.198887, 0.199379, 0.199771, 0.200199, 0.200434, 0.200484, 0.201086, 0.202553, 0.202651, 0.203228, 0.203336, 0.203572, 0.205173, 0.205803, 0.206063, 0.206321, 0.207302, 0.208572, 0.20882, 0.208847, 0.208923, 0.209644, 0.210111, 0.211408, 0.211586, 0.212542, 0.212734, 0.212829, 0.212858, 0.213224, 0.213369, 0.214188, 0.214312, 0.21549, 0.216509, 0.216603, 0.217104, 0.218065, 0.2193, 0.219486, 0.220021, 0.220418, 0.220507, 0.220837, 0.220921, 0.222038, 0.223018, 0.225134, 0.22542, 0.226653, 0.227111, 0.228326, 0.228393, 0.229581, 0.229985, 0.230108, 0.230461, 0.230637, 0.230848, 0.232836, 0.23447, 0.23497, 0.235563, 0.235624, 0.236084, 0.237398, 0.237683, 0.237782, 0.23797, 0.238393, 0.239025, 0.240113, 0.240926, 0.241162, 0.241635, 0.24202, 0.242077, 0.243747, 0.243986, 0.245626, 0.245889, 0.246206, 0.247119, 0.247173, 0.247452, 0.24773, 0.247732, 0.248903, 0.250234, 0.250256, 0.250423, 0.250736, 0.251527, 0.252154, 0.254046, 0.254726, 0.254863, 0.254988, 0.255794, 0.256272, 0.256625, 0.256971, 0.258178, 0.258739, 0.261626, 0.261785, 0.261833, 0.261954, 0.262852, 0.263142, 0.26503, 0.265035, 0.265149, 0.265697, 0.265719, 0.266598, 0.269282, 0.2694, 0.270758, 0.271971, 0.272596, 0.273007, 0.273571, 0.27363, 0.275327, 0.275968, 0.276831, 0.27704, 0.277079, 0.277278, 0.278278, 0.278894, 0.279603, 0.281453, 0.281614, 0.28236, 0.282623, 0.283182, 0.284307, 0.284381, 0.284537, 0.284596, 0.285581, 0.286797, 0.288018, 0.288589, 0.289148, 0.290334, 0.291555, 