{"sigma_r": 1.5244, "sigma_i": 1.4304, "f_hot": 0.3, "sigma_i_hot": 30.0, "m": 3, "seed": 1124421604, "n_k": {"1": 4826, "2": 693, "3": 166, "4": 23, "5": 2, "6+": 1}, "dlogr": [0.0, 0.000231, 0.000774, 0.000783, 0.001434, 0.001587, 0.00204, 0.002221, 0.002301, 0.002328, 0.002609, 0.002725, 0.002854, 0.003222, 0.003227, 0.003508, 0.00355, 0.003879, 0.004251, 0.005217, 0.005307, 0.005783, 0.006041, 0.006325, 0.006457, 0.006481, 0.006487, 0.006795, 0.006886, 0.006936, 0.00703, 0.00717, 0.00729, 0.007431, 0.007503, 0.007652, 0.007981, 0.008189, 0.008651, 0.008895, 0.008932, 0.009016, 0.009336, 0.009537, 0.009738, 0.009854, 0.009888, 0.010004, 0.010382, 0.010923, 0.010985, 0.011185, 0.011317, 0.01153, 0.01163, 0.012134, 0.012176, 0.012356, 0.012377, 0.012609, 0.012743, 0.012807, 0.012914, 0.013053, 0.013077, 0.013617, 0.014124, 0.014193, 0.014364, 0.014509, 0.014698, 0.014707, 0.014822, 0.014829, 0.015315, 0.015742, 0.015812, 0.015818, 0.016159, 0.016205, 0.016366, 0.016439, 0.016773, 0.016855, 0.016959, 0.017076, 0.017182, 0.017261, 0.017663, 0.017763, 0.018046, 0.018069, 0.018442, 0.018991, 0.019133, 0.019848, 0.019989, 0.020069, 0.020106, 0.020185, 0.020901, 0.02105, 0.021108, 0.021395, 0.021468, 0.021741, 0.022099, 0.022387, 0.02317, 0.023296, 0.023325, 0.02341, 0.023935, 0.024068, 0.025763, 0.025918, 0.026009, 0.026481, 0.026944, 0.027459, 0.027513, 0.027611, 0.027629, 0.028046, 0.028166, 0.028407, 0.028454, 0.028529, 0.028741, 0.028754, 0.029339, 0.029388, 0.029902, 0.031038, 0.031126, 0.031292, 0.031295, 0.031651, 0.031881, 0.032068, 0.032559, 0.033117, 0.033505, 0.033562, 0.033721, 0.033802, 0.034089, 0.034136, 0.03439, 0.03459, 0.035437, 0.035564, 0.035601, 0.035695, 0.0369, 0.037339, 0.037542, 0.038178, 0.038327, 0.039172, 0.0393, 0.039439, 0.039701, 0.039768, 0.040219, 0.040317, 0.040589, 0.040981, 0.04103, 0.041883, 0.041897, 0.042122, 0.042911, 0.043597, 0.043664, 0.043726, 0.044609, 0.044918, 0.04508, 0.045278, 0.045454, 0.045676, 0.045915, 0.045964, 0.046135, 0.046396, 0.046947, 0.047384, 0.047406, 0.047532, 0.048055, 0.049332, 0.049434, 0.049696, 0.049697, 0.049745, 0.049838, 0.049868, 0.04996, 0.050062, 0.050475, 0.050508, 0.050634, 0.050635, 0.050953, 0.051144, 0.051206, 0.051217, 0.051257, 0.051637, 0.051999, 0.052045, 0.052112, 0.052684, 0.052968, 0.052996, 0.053028, 0.053181, 0.05329, 0.053548, 0.053593, 0.053663, 0.053669, 0.053729, 0.053773, 0.054123, 0.0543, 0.054608, 0.054717, 0.055145, 0.055162, 0.055258, 0.055284, 0.055289, 0.055383, 0.055447, 0.055461, 0.056366, 0.056539, 0.056831, 0.057014, 0.057366, 0.057484, 0.057511, 0.057519, 0.057662, 0.058162, 0.058323, 0.059128, 0.059844, 0.06017, 0.060215, 0.060228, 0.060584, 0.060584, 0.060857, 0.060942, 0.061137, 0.061563, 0.06174, 0.062112, 0.062734, 0.062925, 0.063016, 0.063075, 0.063351, 0.063457, 0.063519, 0.063658, 0.063836, 0.064541, 0.064985, 0.065154, 0.065461, 0.066091, 0.066135, 0.066314, 0.066782, 0.06755, 0.068099, 0.068248, 0.068296, 0.068596, 0.068604, 0.068776, 0.068796, 0.069101, 0.069143, 0.069266, 0.069603, 0.070062, 0.070099, 0.070103, 0.070194, 0.070255, 0.070294, 0.070502, 0.071376, 0.071492, 0.071741, 0.071836, 0.072425, 0.072494, 0.072554, 0.072717, 0.072768, 0.072963, 0.072968, 0.073537, 0.073698, 0.073961, 0.073995, 0.074021, 0.074097, 0.074826, 0.074925, 0.075039, 0.075113, 0.07522, 0.075454, 0.075527, 0.075967, 0.075978, 0.076761, 0.07725, 0.077493, 0.077864, 0.077954, 0.078236, 0.07844, 0.078987, 0.079365, 0.079393, 0.08006, 0.080368, 0.080903, 0.081008, 0.081062, 0.081065, 0.081115, 0.081661, 0.082094, 0.082674, 0.083506, 0.083567, 0.083986, 0.084235, 0.084271, 0.084401, 0.0846, 0.084703, 0.084727, 0.084728, 0.084826, 0.084872, 0.085295, 0.08601, 0.086031, 0.086068, 0.087104, 0.088438, 0.088812, 0.088901, 0.089201, 0.090274, 0.090816, 0.090949, 0.090969, 0.091299, 0.091362, 0.091951, 0.092561, 0.092672, 0.093176, 0.09347, 0.093561, 0.093895, 0.09455, 0.094661, 0.095093, 0.095291, 0.095466, 0.095615, 0.095845, 0.096742, 0.09701, 0.098234, 0.098837, 0.099093, 0.09934, 0.09941, 0.099469, 0.099678, 0.100455, 0.100617, 0.101291, 0.101484, 0.102625, 0.102753, 0.103339, 0.10341, 0.104146, 0.104294, 0.104376, 0.10487, 0.104961, 0.105173, 0.105487, 0.106846, 0.107161, 0.10721, 0.107313, 0.107375, 0.107697, 0.107776, 0.108035, 0.109014, 0.10906, 0.109315, 0.110087, 0.110353, 0.110798, 0.110996, 0.111373, 0.112103, 0.112358, 0.112359, 0.112388, 0.112417, 0.11243, 0.112675, 0.112815, 0.113473, 0.113807, 0.113835, 0.114216, 0.114222, 0.114715, 0.1148, 0.115628, 0.115945, 0.116442, 0.116477, 0.117338, 0.117404, 0.117484, 0.117664, 0.117669, 0.118428, 0.118698, 0.118858, 0.119283, 0.119451, 0.119467, 0.119681, 0.119895, 0.119916, 0.120426, 0.120546, 0.121267, 0.121279, 0.121582, 0.121845, 0.122159, 0.122708, 0.123611, 0.123732, 0.124336, 0.124349, 0.124469, 0.12463, 0.12484, 0.125407, 0.125694, 0.12571, 0.126489, 0.126578, 0.127782, 0.12783, 0.128345, 0.128439, 0.128984, 0.129961, 0.130299, 0.130367, 0.130762, 0.131597, 0.131677, 0.131966, 0.131981, 0.132013, 0.13202, 0.132634, 0.132688, 0.13313, 0.133541, 0.133899, 0.134022, 0.13429, 0.134623, 0.13468, 0.134764, 0.134767, 0.13479, 0.135141, 0.135254, 0.135643, 0.136456, 0.136462, 0.137607, 0.137654, 0.138426, 0.138688, 0.139385, 0.139582, 0.13966, 0.139856, 0.139962, 0.140993, 0.141126, 0.141172, 0.141214, 0.141329, 0.142467, 0.143132, 0.143196, 0.14402, 0.14443, 0.145836, 0.145984, 0.14603, 0.147531, 0.14765, 0.147738, 0.148327, 0.148519, 0.149361, 0.149399, 0.149665, 0.149782, 0.150004, 0.150209, 0.151192, 0.151713, 0.15179, 0.152119, 0.152119, 0.152543, 0.153394, 0.153466, 0.153968, 0.15433, 0.154341, 0.155252, 0.156139, 0.156197, 0.156516, 0.156631, 0.158276, 0.158346, 0.159766, 0.159986, 0.160412, 0.160585, 0.160729, 0.160876, 0.161227, 0.161358, 0.161456, 0.161527, 0.161651, 0.161812, 0.162198, 0.162252, 0.162458, 0.162871, 0.162898, 0.163161, 0.163665, 0.163943, 0.164123, 0.164302, 0.164721, 0.165003, 0.165179, 0.165289, 0.165762, 0.165984, 0.166606, 0.166662, 0.166698, 0.167137, 0.167182, 0.168059, 0.168382, 0.168532, 0.169544, 0.170752, 0.171219, 0.171294, 0.171606, 0.172331, 0.172337, 0.172454, 0.172639, 0.172819, 0.173397, 0.173709, 0.17506, 0.175313, 0.175414, 0.175933, 0.176063, 0.176723, 0.177391, 0.177514, 0.177866, 0.178133, 0.178169, 0.178311, 0.178353, 0.178914, 0.179135, 0.179482, 0.179696, 0.179801, 0.179876, 0.180242, 0.181211, 0.181605, 0.181617, 0.182974, 0.182993, 0.183056, 0.183514, 0.184272, 0.184822, 0.184859, 0.186604, 0.186883, 0.186972, 0.18701, 0.189003, 0.189023, 0.189078, 0.189499, 0.190015, 0.190352, 0.190721, 0.191339, 0.19297, 0.193418, 0.193512, 0.193768, 0.193801, 0.194705, 0.195633, 0.196118, 0.196408, 0.196707, 0.197449, 0.197703, 0.198036, 0.198473, 0.199799, 0.199851, 0.200072, 0.200444, 0.200856, 0.201061, 0.201232, 0.20129, 0.201721, 0.203229, 0.204186, 0.204675, 0.204701, 0.205983, 0.206021, 0.206022, 0.207095, 0.207156, 0.207786, 0.208077, 0.208601, 0.208933, 0.209466, 0.2101, 0.210271, 0.210747, 0.211146, 0.211239, 0.212459, 0.212626, 0.213006, 0.21308, 0.214645, 0.214799, 0.214807, 0.215087, 0.215297, 0.215301, 0.215621, 0.21588, 0.215905, 0.216026, 0.216066, 0.216382, 0.216786, 0.217602, 0.217775, 0.218315, 0.219151, 0.220137, 0.220289, 0.220451, 0.220546, 0.221121, 0.221428, 0.221519, 0.222521, 0.222608, 0.224079, 0.224402, 0.224603, 0.224701, 0.224912, 0.225475, 0.225731, 0.225893, 0.22657, 0.226669, 0.227022, 0.227074, 0.227659, 0.227682, 0.228891, 0.229047, 0.229055, 0.229167, 0.229866, 0.23065, 0.230937, 0.231384, 0.23155, 0.232706, 0.23271, 0.233666, 0.2344, 0.234461, 0.234542, 0.234668, 0.234854, 0.23517, 0.235506, 0.235953, 0.236383, 0.236582, 0.238216, 0.238349, 0.239107, 0.239701, 0.240267, 0.240675, 0.24138, 0.241425, 0.242599, 0.242628, 0.243386, 0.243748, 0.245321, 0.245846, 0.246017, 0.246166, 0.247452, 0.248119, 0.249695, 0.249798, 0.250508, 0.25142, 0.251663, 0.252001, 0.254039, 0.254307, 0.254725, 0.254888, 0.254966, 0.255565, 0.255704, 0.256351, 