{"sigma_r": 1.5244, "sigma_i": 0.8747, "f_hot": 0.15, "sigma_i_hot": 10.0, "m": 6, "seed": 88210918, "n_k": {"1": 4094, "2": 876, "3": 206, "4": 35, "5": 4, "6+": 1}, "dlogr": [0.0, 0.0, 0.000148, 0.000284, 0.00043, 0.000462, 0.001234, 0.001334, 0.001724, 0.001889, 0.001936, 0.002523, 0.002977, 0.00307, 0.003108, 0.003134, 0.003362, 0.00345, 0.003671, 0.003692, 0.003775, 0.003819, 0.004134, 0.00414, 0.004145, 0.004403, 0.004479, 0.004693, 0.004785, 0.004908, 0.005025, 0.00505, 0.005195, 0.005351, 0.005559, 0.005952, 0.006147, 0.006436, 0.006878, 0.006897, 0.00692, 0.007006, 0.007295, 0.007385, 0.007522, 0.007815, 0.008288, 0.008526, 0.008763, 0.008809, 0.009203, 0.009324, 0.009499, 0.009562, 0.009566, 0.009887, 0.009906, 0.010291, 0.010344, 0.011051, 0.011195, 0.011334, 0.011336, 0.011368, 0.012395, 0.012618, 0.012944, 0.013285, 0.013295, 0.013296, 0.013345, 0.013905, 0.014222, 0.01429, 0.014383, 0.014508, 0.014696, 0.014989, 0.015376, 0.015606, 0.015886, 0.01612, 0.016149, 0.016842, 0.016924, 0.017145, 0.01732, 0.017491, 0.017788, 0.01782, 0.017853, 0.017906, 0.017987, 0.018084, 0.018484, 0.018511, 0.018572, 0.018811, 0.018895, 0.018957, 0.019078, 0.019132, 0.019938, 0.020088, 0.02014, 0.020234, 0.02038, 0.020484, 0.020826, 0.021145, 0.021197, 0.021328, 0.021481, 0.021652, 0.022366, 0.022642, 0.022854, 0.023134, 0.023196, 0.02335, 0.023478, 0.023543, 0.023584, 0.023585, 0.023896, 0.024038, 0.024055, 0.024056, 0.024064, 0.024168, 0.024365, 0.024384, 0.02454, 0.024962, 0.025004, 0.0253, 0.025443, 0.025495, 0.025657, 0.025728, 0.02573, 0.026417, 0.026521, 0.026754, 0.027351, 0.027398, 0.027426, 0.028579, 0.028736, 0.028811, 0.028954, 0.029108, 0.02932, 0.029343, 0.029843, 0.030078, 0.030551, 0.030586, 0.030597, 0.031274, 0.031361, 0.031817, 0.032124, 0.032151, 0.032287, 0.03244, 0.032667, 0.032691, 0.0328, 0.032836, 0.033026, 0.033144, 0.033198, 0.033365, 0.033706, 0.034016, 0.03421, 0.034558, 0.035278, 0.035335, 0.035405, 0.036363, 0.03643, 0.036491, 0.036578, 0.036638, 0.036789, 0.036967, 0.037005, 0.038352, 0.038418, 0.038519, 0.038677, 0.038746, 0.038815, 0.038858, 0.038879, 0.03894, 0.039213, 0.03931, 0.039474, 0.040311, 0.040985, 0.041168, 0.041301, 0.041374, 0.041464, 0.041603, 0.041766, 0.04283, 0.042894, 0.042898, 0.04299, 0.043023, 0.043101, 0.043243, 0.043319, 0.043791, 0.043969, 0.044325, 0.044474, 0.045252, 0.045724, 0.045901, 0.046054, 0.046107, 0.046212, 0.046267, 0.046457, 0.04669, 0.046791, 0.046868, 0.047004, 0.047236, 0.047335, 0.047704, 0.047737, 0.047798, 0.047807, 0.047864, 0.048639, 0.04875, 0.048953, 0.049424, 0.049521, 0.049587, 0.049758, 0.049935, 0.050195, 0.05037, 0.050469, 0.050489, 0.050567, 0.050725, 0.050921, 0.050982, 0.05099, 0.051337, 0.051448, 0.051625, 0.051638, 0.051742, 0.051793, 0.052081, 0.052125, 0.052177, 0.052374, 0.052555, 0.052809, 0.052871, 0.052992, 0.053031, 0.053198, 0.053355, 0.053553, 0.053722, 0.053789, 0.054144, 0.054217, 0.05438, 0.054453, 0.054465, 0.054612, 0.054905, 0.055307, 0.055449, 0.055465, 0.055608, 0.055723, 0.056688, 0.057312, 0.057351, 0.057409, 0.057685, 0.058552, 0.058641, 0.05882, 0.058993, 0.059107, 0.059151, 0.059159, 0.059482, 0.059555, 0.059686, 0.060144, 0.060309, 0.060321, 0.060378, 0.060437, 0.060517, 0.06074, 0.06082, 0.061115, 0.061149, 0.061526, 0.061693, 0.062232, 0.062509, 0.062708, 0.062945, 0.062967, 0.062979, 0.063264, 0.063419, 0.063539, 0.06372, 0.064371, 0.064639, 0.064662, 0.064797, 0.065008, 0.065326, 0.065523, 0.066077, 0.066316, 0.066363, 0.066456, 0.066532, 0.066544, 0.066572, 0.066631, 0.066774, 0.066896, 0.067356, 0.067693, 0.06773, 0.067836, 0.067874, 0.067937, 0.06824, 0.068914, 0.069044, 0.069184, 0.06957, 0.069693, 0.069774, 0.070473, 0.070757, 0.070838, 0.071095, 0.071208, 0.071483, 0.071501, 0.071774, 0.071882, 0.072002, 0.072571, 0.072647, 0.073073, 0.073134, 0.07342, 0.073526, 0.073693, 0.074293, 0.074473, 0.074477, 0.074501, 0.074728, 0.075051, 0.075101, 0.075506, 0.075558, 0.0757, 0.075819, 0.075888, 0.076136, 0.076514, 0.077255, 0.077392, 0.077454, 0.077805, 0.077862, 0.077863, 0.077943, 0.077986, 0.0781, 0.078264, 0.078445, 0.078589, 0.078752, 0.079145, 0.079363, 0.0794, 0.079481, 0.079714, 0.079964, 0.080306, 0.081486, 0.081762, 0.08188, 0.081945, 0.082264, 0.082323, 0.082673, 0.082687, 0.082723, 0.082747, 0.082827, 0.08291, 0.083157, 0.08329, 0.084116, 0.084209, 0.084476, 0.084553, 0.086297, 0.086376, 0.086405, 0.086587, 0.086625, 0.086646, 0.087129, 0.087202, 0.087249, 0.087308, 0.087308, 0.087358, 0.087643, 0.087715, 0.088646, 0.088746, 0.088852, 0.088955, 0.089058, 0.089342, 0.089679, 0.08981, 0.089978, 0.090601, 0.090943, 0.090954, 0.091057, 0.091385, 0.091774, 0.091846, 0.091962, 0.092407, 0.092818, 0.093056, 0.093809, 0.093967, 0.093976, 0.094341, 0.09448, 0.094761, 0.094878, 0.09491, 0.095365, 0.096358, 0.096472, 0.096549, 0.096863, 0.096953, 0.09708, 0.097142, 0.097239, 0.09755, 0.097724, 0.097957, 0.098234, 0.0983, 0.098342, 0.098427, 0.098607, 0.098667, 0.098767, 0.098817, 0.099223, 0.099225, 0.099233, 0.099331, 0.099344, 0.099481, 0.099644, 0.099917, 0.100091, 0.100119, 0.100549, 0.10058, 0.100824, 0.101, 0.101187, 0.10136, 0.101399, 0.101436, 0.101512, 0.101557, 0.10182, 0.101843, 0.10265, 0.102671, 0.102709, 0.102773, 0.102925, 0.103158, 0.103356, 0.103445, 0.103584, 0.103781, 0.103984, 0.104299, 0.104394, 0.104542, 0.104631, 0.105785, 0.106473, 0.106483, 0.106698, 0.106867, 0.106874, 0.106963, 0.106976, 0.107027, 0.107146, 0.107633, 0.107788, 0.108421, 0.10843, 0.108477, 0.108577, 0.108994, 0.109183, 0.109217, 0.109416, 0.111004, 0.111324, 0.111343, 0.111346, 0.112008, 0.112017, 0.112165, 0.112203, 0.112223, 0.112447, 0.112564, 0.11267, 0.112984, 0.113401, 0.113419, 0.113575, 0.113596, 0.113727, 0.113762, 0.114151, 0.114284, 0.11439, 0.114987, 0.115034, 0.115179, 0.115383, 0.115638, 0.115643, 0.115787, 0.115792, 0.11631, 0.116396, 0.116405, 0.116529, 0.116552, 0.116862, 0.11706, 0.117194, 0.117454, 0.117463, 0.117551, 0.117562, 0.117808, 0.117951, 0.118213, 0.118218, 0.118696, 0.118939, 0.119227, 0.119754, 0.119997, 0.12021, 0.120565, 0.120805, 0.120993, 0.121239, 0.121289, 0.121367, 0.12138, 0.121434, 0.121529, 0.121571, 0.121651, 0.121748, 0.122008, 0.122014, 0.122583, 0.122805, 0.123238, 0.123294, 0.123849, 0.12396, 0.124133, 0.124753, 0.124848, 0.124976, 0.125009, 0.125221, 0.125321, 0.125325, 0.125807, 0.126175, 0.126236, 0.126345, 0.126916, 0.126983, 0.127182, 0.127569, 0.127698, 0.127719, 0.127858, 0.1279, 0.128, 0.128061, 0.128329, 0.128932, 0.128952, 0.129469, 0.129537, 0.130034, 0.130717, 0.130754, 0.131061, 0.131125, 0.131176, 0.131371, 0.131375, 0.131812, 0.131841, 0.13187, 0.13262, 0.132621, 0.132756, 0.132895, 0.133353, 0.133433, 0.133556, 0.133561, 0.13363, 0.133644, 0.133692, 0.134065, 0.134279, 0.135116, 0.135189, 0.135328, 0.135917, 0.136115, 0.136301, 0.13639, 0.137219, 0.138205, 0.138471, 0.138482, 0.138753, 0.138763, 0.13953, 0.140022, 0.140295, 0.140322, 0.140324, 0.14042, 0.140597, 0.140679, 0.140832, 0.141048, 0.141328, 0.141363, 0.141581, 0.141822, 0.142991, 0.143308, 0.143647, 0.14374, 0.144191, 0.144397, 0.144744, 0.144776, 0.145032, 0.145112, 0.145529, 0.146087, 0.146311, 0.146312, 0.146458, 0.146576, 0.146853, 0.147082, 0.147092, 0.147099, 0.147517, 0.148114, 0.148134, 0.148391, 0.148481, 0.149579, 0.149586, 0.15001, 0.150245, 0.150718, 0.150743, 0.15088, 0.151028, 0.15112, 0.151711, 0.152249, 0.152261, 0.152309, 0.152809, 0.152841, 0.153294, 0.153631, 0.153986, 0.154483, 0.154552, 0.154553, 0.154882, 0.155309, 0.155709, 0.155869, 0.156315, 0.156609, 0.156977, 0.157387, 0.157888, 0.157894, 0.15841, 0.158643, 0.158688, 0.159098, 0.160429, 0.160553, 0.162436, 0.162931, 0.163322, 0.164285, 0.164476, 0.164575, 0.164776, 0.165633, 0.165856, 0.166176, 0.166337, 0.166465, 0.167233, 0.167238, 0.167494, 0.168026, 0.168207, 0.168878, 0.169087, 0.169505, 0.169625, 0.169678, 0.169792, 0.170165, 0.170589, 0.171653, 0.171684, 0.171711, 0.171779, 0.172091, 0.172562, 0.17257, 0.17272, 0.172984, 0.173234, 0.173299, 