{"sigma_r": 1.5244, "sigma_i": 0.3271, "f_hot": 0.05, "sigma_i_hot": 10.0, "m": 7, "seed": 367703138, "n_k": {"1": 3758, "2": 896, "3": 252, "4": 57, "5": 10, "6+": 2}, "dlogr": [0.000216, 0.000738, 0.000762, 0.00079, 0.000804, 0.001593, 0.002157, 0.002334, 0.002588, 0.002786, 0.002843, 0.003038, 0.003051, 0.003105, 0.003433, 0.00344, 0.003557, 0.003901, 0.004335, 0.005098, 0.005291, 0.005455, 0.005514, 0.0056, 0.005708, 0.005815, 0.00588, 0.006203, 0.006209, 0.006308, 0.00634, 0.006345, 0.006384, 0.006482, 0.006736, 0.006879, 0.006948, 0.006979, 0.007173, 0.007539, 0.007677, 0.007825, 0.007832, 0.008039, 0.008124, 0.008482, 0.008567, 0.008723, 0.008985, 0.009657, 0.009695, 0.009776, 0.009823, 0.009862, 0.009946, 0.010133, 0.010134, 0.010162, 0.010183, 0.010685, 0.010751, 0.010858, 0.011229, 0.011389, 0.011486, 0.012026, 0.0121, 0.012128, 0.012178, 0.01263, 0.012938, 0.013472, 0.01364, 0.013692, 0.013833, 0.014118, 0.014161, 0.014224, 0.014475, 0.01466, 0.014757, 0.014913, 0.014946, 0.014989, 0.015064, 0.015084, 0.015364, 0.015917, 0.016072, 0.016222, 0.016344, 0.01684, 0.01705, 0.017363, 0.017435, 0.017452, 0.017626, 0.017756, 0.01796, 0.018036, 0.018223, 0.018324, 0.018862, 0.018878, 0.019001, 0.019107, 0.019223, 0.019343, 0.019459, 0.019486, 0.019509, 0.020143, 0.020889, 0.021048, 0.021119, 0.021447, 0.021645, 0.021712, 0.021722, 0.021808, 0.021912, 0.022072, 0.022123, 0.022754, 0.022809, 0.023063, 0.023154, 0.023492, 0.023725, 0.023881, 0.023956, 0.024313, 0.024333, 0.024379, 0.02441, 0.024478, 0.02467, 0.02489, 0.024916, 0.02497, 0.025333, 0.026317, 0.02658, 0.02669, 0.0267, 0.026828, 0.02755, 0.027663, 0.027801, 0.027832, 0.02785, 0.027959, 0.027979, 0.028116, 0.028194, 0.028576, 0.029119, 0.029145, 0.029176, 0.029264, 0.029569, 0.029735, 0.029765, 0.030012, 0.030157, 0.030743, 0.031069, 0.031204, 0.031315, 0.031537, 0.03166, 0.032056, 0.032113, 0.03223, 0.032338, 0.032586, 0.032904, 0.033015, 0.033275, 0.033449, 0.033959, 0.034193, 0.034203, 0.034465, 0.034485, 0.034551, 0.034649, 0.034984, 0.035129, 0.035234, 0.035291, 0.035392, 0.035422, 0.036075, 0.036122, 0.036147, 0.036151, 0.036586, 0.036658, 0.037307, 0.037993, 0.038445, 0.038561, 0.038599, 0.038714, 0.038825, 0.038952, 0.038963, 0.039192, 0.039243, 0.039749, 0.039889, 0.039936, 0.040082, 0.040096, 0.040111, 0.040113, 0.040178, 0.040205, 0.040254, 0.040335, 0.040343, 0.040869, 0.041294, 0.041437, 0.041552, 0.041633, 0.04186, 0.042058, 0.042231, 0.042368, 0.043276, 0.043372, 0.043441, 0.043562, 0.04365, 0.043662, 0.043774, 0.04405, 0.044062, 0.044354, 0.044485, 0.044559, 0.044672, 0.04491, 0.045317, 0.045552, 0.045658, 0.045868, 0.045908, 0.045957, 0.046087, 0.046135, 0.046873, 0.047059, 0.047183, 0.047335, 0.047492, 0.048238, 0.048295, 0.048313, 0.048365, 0.048655, 0.048812, 0.048868, 0.048913, 0.048922, 0.04896, 0.048987, 0.049346, 0.049455, 0.04957, 0.04983, 0.04986, 0.049873, 0.050011, 0.050137, 0.050159, 0.050177, 0.050367, 0.050436, 0.050666, 0.050671, 0.05107, 0.05108, 0.051155, 0.051464, 0.051703, 0.051876, 0.051914, 0.051993, 0.05233, 0.05246, 0.052558, 0.052871, 0.053016, 0.05308, 0.053087, 0.053128, 0.053706, 0.054095, 0.054101, 0.054388, 0.054411, 0.054419, 0.054556, 0.054716, 0.054721, 0.055125, 0.055264, 0.055343, 0.055417, 0.055513, 0.055575, 0.055623, 0.055677, 0.055986, 0.056012, 0.056079, 0.056314, 0.056586, 0.057139, 0.057247, 0.057362, 0.057417, 0.057439, 0.057693, 0.057899, 0.058223, 0.058265, 0.058308, 0.058392, 0.058428, 0.058744, 0.058796, 0.058906, 0.059018, 0.059836, 0.059908, 0.059937, 0.060198, 0.060211, 0.060226, 0.060406, 0.060471, 0.060572, 0.060616, 0.060679, 0.061069, 0.061185, 0.061317, 0.061474, 0.061684, 0.061818, 0.06223, 0.062287, 0.062387, 0.062414, 0.062554, 0.062657, 0.062728, 0.062741, 0.062956, 0.06301, 0.063254, 0.063531, 0.063556, 0.06356, 0.063613, 0.063696, 0.063774, 0.063946, 0.0641, 0.064209, 0.064955, 0.065035, 0.065064, 0.065508, 0.065692, 0.065811, 0.066069, 0.066304, 0.066476, 0.066544, 0.066739, 0.06682, 0.066843, 0.067564, 0.067722, 0.067934, 0.068131, 0.068356, 0.068641, 0.068707, 0.06871, 0.068765, 0.068895, 0.068926, 0.06908, 0.069194, 0.06931, 0.069363, 0.069488, 0.069708, 0.070324, 0.070724, 0.070994, 0.07161, 0.071647, 0.071962, 0.072094, 0.072097, 0.072177, 0.072323, 0.072481, 0.072488, 0.072488, 0.072512, 0.072643, 0.072663, 0.07268, 0.0727, 0.073175, 0.073475, 0.07348, 0.073773, 0.073954, 0.074208, 0.07446, 0.074613, 0.074695, 0.074744, 0.075121, 0.075273, 0.075368, 0.075512, 0.076273, 0.076781, 0.076969, 0.076972, 0.077038, 0.077169, 0.077482, 0.077587, 0.077615, 0.07767, 0.077876, 0.077907, 0.078197, 0.078372, 0.078396, 0.07847, 0.078567, 0.078763, 0.078967, 0.079203, 0.07935, 0.0797, 0.08012, 0.080218, 0.080243, 0.080408, 0.080867, 0.080877, 0.08096, 0.081008, 0.081265, 0.081274, 0.081358, 0.08174, 0.082011, 0.082069, 0.082146, 0.082187, 0.082556, 0.082618, 0.082756, 0.083041, 0.083093, 0.083372, 0.083442, 0.083575, 0.083799, 0.084066, 0.084146, 0.084202, 0.084383, 0.084601, 0.084686, 0.084693, 0.084965, 0.085193, 0.08541, 0.085466, 0.085959, 0.085968, 0.086016, 0.086252, 0.086544, 0.08661, 0.086643, 0.086804, 0.086943, 0.087185, 0.087425, 0.087441, 0.087966, 0.087972, 0.088137, 0.088606, 0.088648, 0.088752, 0.088755, 0.088933, 0.088983, 0.08922, 0.089495, 0.089743, 0.089886, 0.089962, 0.090026, 0.090328, 0.09039, 0.090422, 0.090505, 0.090662, 0.090713, 0.090792, 0.090835, 0.090855, 0.090879, 0.091134, 0.091382, 0.091456, 0.0915, 0.091745, 0.091877, 0.092141, 0.092218, 0.092872, 0.092873, 0.092937, 0.093968, 0.094246, 0.094314, 0.094539, 0.094729, 0.094832, 0.094843, 0.094865, 0.094918, 0.095312, 0.095652, 0.095761, 0.095844, 0.096032, 0.096104, 0.096106, 0.096188, 0.096447, 0.096505, 0.096623, 0.096801, 0.096905, 0.097014, 0.097046, 0.097064, 0.097131, 0.09718, 0.097715, 0.097843, 0.097953, 0.098175, 0.098506, 0.098632, 0.098635, 0.098888, 0.099259, 0.099437, 0.099495, 0.099587, 0.099733, 0.099839, 0.099926, 0.100373, 0.100497, 0.100545, 0.100583, 0.100779, 0.100815, 0.101124, 0.101143, 0.10115, 0.101248, 0.101982, 0.102051, 0.102097, 0.102107, 0.10223, 0.102313, 0.102324, 0.102367, 0.102862, 0.10292, 0.103234, 0.103268, 0.103624, 0.103856, 0.104573, 0.104773, 0.104808, 0.1049, 0.105046, 0.105865, 0.107242, 0.107707, 0.107972, 0.107994, 0.108228, 0.108438, 0.108605, 0.108692, 0.108694, 0.108716, 0.109297, 0.109474, 0.109613, 0.109741, 0.109922, 0.109974, 0.110341, 0.110415, 0.110762, 0.110936, 0.111041, 0.111237, 0.111244, 0.111491, 0.112004, 0.1121, 0.112763, 0.112855, 0.113127, 0.113739, 0.113798, 0.113897, 0.114094, 0.114508, 0.114738, 0.114783, 0.114842, 0.114912, 0.115277, 0.115347, 0.115459, 0.115709, 0.115883, 0.115925, 0.116126, 0.116408, 0.116528, 0.116579, 0.116587, 0.11685, 0.117533, 0.117705, 0.117961, 0.118384, 0.118633, 0.118816, 0.119056, 0.119121, 0.120107, 0.120719, 0.120744, 0.120796, 0.120803, 0.121709, 0.122456, 0.122467, 0.122574, 0.122805, 0.122921, 0.123078, 0.12366, 0.123913, 0.124154, 0.124442, 0.124557, 0.124578, 0.124678, 0.124818, 0.124935, 0.12501, 0.125076, 0.125513, 0.125896, 0.126225, 0.126445, 0.126523, 0.126672, 0.126815, 0.127369, 0.127948, 0.12828, 0.128424, 0.128517, 0.128831, 0.129128, 0.129148, 0.1296, 0.12977, 0.130055, 0.130222, 0.130357, 0.130504, 0.130766, 0.131227, 0.131749, 0.131905, 0.132699, 0.133023, 0.133114, 0.13318, 0.133241, 0.133354, 0.133677, 0.133695, 0.133783, 0.133818, 0.133884, 0.134164, 0.13534, 0.135571, 0.13558, 0.136363, 0.136758, 0.136916, 0.137172, 0.137309, 0.137348, 0.13753, 0.138093, 0.138202, 0.138338, 0.138684, 0.139189, 0.139264, 0.139829, 0.140171, 0.140974, 0.141315, 0.14145, 0.142399, 0.142494, 0.142554, 0.143089, 0.143162, 0.143284, 0.144127, 0.144143, 0.144314, 0.144314, 0.144562, 0.144858, 0.145309, 0.14536, 0.145869, 0.145877, 0.14596, 0.146205, 0.146622, 0.146739, 0.14681, 0.146817, 0.146829, 0.146882, 0.146886, 0.146966, 0.147058, 0.147183, 0.147196, 0.147434, 0.147515, 0.147551, 0.148287, 0.148306, 0.148317, 0.148324, 0.148327, 0.148383, 