{"sigma_r": 1.5244, "sigma_i": 1.4304, "f_hot": 0.4, "sigma_i_hot": 10.0, "m": 3, "seed": 2730666585, "n_k": {"1": 4737, "2": 774, "3": 127, "4": 24, "5": 7, "6+": 1}, "dlogr": [0.0, 0.0, 7e-06, 4.7e-05, 0.00026, 0.001631, 0.001768, 0.001895, 0.002066, 0.002262, 0.002267, 0.002353, 0.002518, 0.002593, 0.00293, 0.002943, 0.003327, 0.003516, 0.003587, 0.003757, 0.003789, 0.004263, 0.004318, 0.004426, 0.004446, 0.004486, 0.004925, 0.004998, 0.00562, 0.005963, 0.006226, 0.006561, 0.007272, 0.007715, 0.008264, 0.009337, 0.009516, 0.009845, 0.01011, 0.010362, 0.010545, 0.010907, 0.011059, 0.011184, 0.01135, 0.01146, 0.011676, 0.012075, 0.012091, 0.012227, 0.012466, 0.012682, 0.012822, 0.013033, 0.013513, 0.014164, 0.014449, 0.014505, 0.014764, 0.01481, 0.015568, 0.016452, 0.016585, 0.017239, 0.017283, 0.017359, 0.017493, 0.01775, 0.017936, 0.017945, 0.018096, 0.018335, 0.018382, 0.018594, 0.018668, 0.018767, 0.018866, 0.019189, 0.020495, 0.020496, 0.020754, 0.020809, 0.0221, 0.022175, 0.022201, 0.022737, 0.02358, 0.023618, 0.023705, 0.024273, 0.024698, 0.025076, 0.025255, 0.025559, 0.025694, 0.026118, 0.026225, 0.027438, 0.027494, 0.027672, 0.027917, 0.028085, 0.028133, 0.028306, 0.028354, 0.02852, 0.028657, 0.02945, 0.029613, 0.029976, 0.030296, 0.031052, 0.031478, 0.031948, 0.032032, 0.03233, 0.032575, 0.032863, 0.03295, 0.033381, 0.03348, 0.033613, 0.033871, 0.033885, 0.034241, 0.034273, 0.034461, 0.034793, 0.034828, 0.034993, 0.035342, 0.035611, 0.035849, 0.035876, 0.035976, 0.036056, 0.03637, 0.03659, 0.037257, 0.037287, 0.037544, 0.038069, 0.038076, 0.038225, 0.03845, 0.03856, 0.038637, 0.039016, 0.040122, 0.04027, 0.040602, 0.041048, 0.041246, 0.041277, 0.041421, 0.04159, 0.041647, 0.041841, 0.041939, 0.041965, 0.043034, 0.043397, 0.043547, 0.043997, 0.044008, 0.044178, 0.044782, 0.044815, 0.044852, 0.045605, 0.04585, 0.046148, 0.046292, 0.046451, 0.046548, 0.046554, 0.046689, 0.04687, 0.047148, 0.047573, 0.047938, 0.04939, 0.049514, 0.049696, 0.050109, 0.050411, 0.050581, 0.050826, 0.050827, 0.051347, 0.051906, 0.05253, 0.052669, 0.052769, 0.053013, 0.053039, 0.053427, 0.053457, 0.053506, 0.053526, 0.053587, 0.053911, 0.054398, 0.054635, 0.055545, 0.055615, 0.055664, 0.05582, 0.055914, 0.056055, 0.056418, 0.056978, 0.057211, 0.057675, 0.057864, 0.05787, 0.057983, 0.058286, 0.058482, 0.058714, 0.058926, 0.059101, 0.059218, 0.059363, 0.059527, 0.0599, 0.060048, 0.060129, 0.060185, 0.0602, 0.060459, 0.060718, 0.061062, 0.061137, 0.061602, 0.061939, 0.062171, 0.062212, 0.062328, 0.062406, 0.062596, 0.062636, 0.063014, 0.0632, 0.063915, 0.063993, 0.064476, 0.064755, 0.064757, 0.065451, 0.065571, 0.066053, 0.066506, 0.066553, 0.066673, 0.066777, 0.066852, 0.066901, 0.067279, 0.067302, 0.067383, 0.067569, 0.068229, 0.06826, 0.068666, 0.068746, 0.068984, 0.069116, 0.069753, 0.070045, 0.070375, 0.070619, 0.071315, 0.07141, 0.071531, 0.071563, 0.071735, 0.071838, 0.072739, 0.072751, 0.073434, 0.073452, 0.07347, 0.073577, 0.07362, 0.073836, 0.07393, 0.074044, 0.074061, 0.074134, 0.074238, 0.074669, 0.074825, 0.075105, 0.075134, 0.075692, 0.076059, 0.076409, 0.076699, 0.077002, 0.07706, 0.077344, 0.077344, 0.077463, 0.077511, 0.077959, 0.078188, 0.078419, 0.078912, 0.078916, 0.079056, 0.079134, 0.079378, 0.079747, 0.079841, 0.079959, 0.08016, 0.08023, 0.080313, 0.080634, 0.080758, 0.080896, 0.081113, 0.081831, 0.082016, 0.082149, 0.082775, 0.082942, 0.083408, 0.083454, 0.083567, 0.083571, 0.083668, 0.084285, 0.084384, 0.08445, 0.084886, 0.085001, 0.085055, 0.085057, 0.085156, 0.085463, 0.086083, 0.086179, 0.086693, 0.087296, 0.08732, 0.087365, 0.087796, 0.088037, 0.088491, 0.08858, 0.088631, 0.088703, 0.088716, 0.089225, 0.090032, 0.0907, 0.091188, 0.091622, 0.092144, 0.092353, 0.092455, 0.092569, 0.092937, 0.093025, 0.093121, 0.093349, 0.093557, 0.093558, 0.094262, 0.094388, 0.09485, 0.094856, 0.095619, 0.096105, 0.096196, 0.096329, 0.09651, 0.096543, 0.097232, 0.097683, 0.097886, 0.098012, 0.098195, 0.098703, 0.099472, 0.099592, 0.099667, 0.099706, 0.099887, 0.099909, 0.099974, 0.100177, 0.100521, 0.100723, 0.100915, 0.10114, 0.101346, 0.101374, 0.10164, 0.101727, 0.102222, 0.102529, 0.102839, 0.102859, 0.103513, 0.103883, 0.10408, 0.104472, 0.105732, 0.10586, 0.106142, 0.106197, 0.106336, 0.106527, 0.106921, 0.10693, 0.107959, 0.10846, 0.108506, 0.108521, 0.108559, 0.108631, 0.108929, 0.10962, 0.109838, 0.110097, 0.110597, 0.110685, 0.111015, 0.111836, 0.112194, 0.112392, 0.112969, 0.113206, 0.113237, 0.113396, 0.11343, 0.113811, 0.113912, 0.113972, 0.114046, 0.114145, 0.114623, 0.115084, 0.115146, 0.11534, 0.115389, 0.116201, 0.116257, 0.116715, 0.117395, 0.118026, 0.118688, 0.118973, 0.119403, 0.120238, 0.120299, 0.120689, 0.120971, 0.121244, 0.121592, 0.122047, 0.122792, 0.122969, 0.123079, 0.123105, 0.1235, 0.123713, 0.12374, 0.125163, 0.125491, 0.125597, 0.125668, 0.125763, 0.125826, 0.125844, 0.125943, 0.126203, 0.12628, 0.12635, 0.126689, 0.12763, 0.127666, 0.127776, 0.128017, 0.128049, 0.128354, 0.128892, 0.129039, 0.129186, 0.129685, 0.129767, 0.13047, 0.130562, 0.131088, 0.131367, 0.131533, 0.132218, 0.133015, 0.133373, 0.134269, 0.134314, 0.134826, 0.134856, 0.135463, 0.136049, 0.136275, 0.136428, 0.136625, 0.136785, 0.136961, 0.137098, 0.137107, 0.137443, 0.137548, 0.137878, 0.137924, 0.138252, 0.138483, 0.138661, 0.138677, 0.139048, 0.139331, 0.139933, 0.13998, 0.140137, 0.140223, 0.140241, 0.140629, 0.140953, 0.142181, 0.142258, 0.143083, 0.143393, 0.143411, 0.143415, 0.143509, 0.143815, 0.146662, 0.14679, 0.147331, 0.147736, 0.147845, 0.148354, 0.148913, 0.149396, 0.149618, 0.149693, 0.149728, 0.149779, 0.149999, 0.150013, 0.150144, 0.150254, 0.150329, 0.150352, 0.151281, 0.15131, 0.152006, 0.152602, 0.153125, 0.15331, 0.15331, 0.15397, 0.154142, 0.154351, 0.154753, 0.156027, 0.156368, 0.156842, 0.157072, 0.157098, 0.15751, 0.157716, 0.158475, 0.158599, 0.159601, 0.159612, 0.159757, 0.16014, 0.160232, 0.160684, 0.161052, 0.161078, 0.161138, 0.161241, 0.162417, 0.16258, 0.162745, 0.163026, 0.163591, 0.163957, 0.164968, 0.165261, 0.165328, 0.165459, 0.165503, 0.16551, 0.166353, 0.166465, 0.166635, 0.166739, 0.166826, 0.168073, 0.168605, 0.169814, 0.16984, 0.170052, 0.170236, 0.170756, 0.171496, 0.171759, 0.172814, 0.17377, 0.173933, 0.174364, 0.174401, 0.174764, 0.175014, 0.175126, 0.175238, 0.175784, 0.175828, 0.175892, 0.176016, 0.176495, 0.176502, 0.176639, 0.176778, 0.177315, 0.177471, 0.177657, 0.178246, 0.178458, 0.179047, 0.179557, 0.179879, 0.18131, 0.181672, 0.182147, 0.182177, 0.182405, 0.183044, 0.183273, 0.183817, 0.183955, 0.184196, 0.186717, 0.187307, 0.187549, 0.188452, 0.188798, 0.190836, 0.19092, 0.191138, 0.191191, 0.192025, 0.192038, 0.192412, 0.192978, 0.193177, 0.193334, 0.194131, 0.194731, 0.194828, 0.195004, 0.195414, 0.195599, 0.19664, 0.198177, 0.19818, 0.19836, 0.198409, 0.198534, 0.198657, 0.199704, 0.19987, 0.200805, 0.201047, 0.201063, 0.201214, 0.201275, 0.201394, 0.202088, 0.202637, 0.202641, 0.203699, 0.20386, 0.20389, 0.204027, 0.205865, 0.206268, 0.206558, 0.207338, 0.207388, 0.207642, 0.208177, 0.208315, 0.209333, 0.211278, 0.211306, 0.211408, 0.211561, 0.212779, 0.213165, 0.21369, 0.213905, 0.213906, 0.214057, 0.214656, 0.215499, 0.218159, 0.218398, 0.218464, 0.218552, 0.218741, 0.219117, 0.219622, 0.21987, 0.220517, 0.220763, 0.221246, 0.221689, 0.222125, 0.222245, 0.223652, 0.223819, 0.2239, 0.223991, 0.225918, 0.226132, 0.226142, 0.227272, 0.227413, 0.228207, 0.228708, 0.228807, 0.228964, 0.2296, 0.229661, 0.229844, 0.230138, 0.230886, 0.230916, 0.231181, 0.231442, 0.233166, 0.233528, 0.234248, 0.235131, 0.236539, 0.236566, 0.237089, 0.237136, 0.23838, 0.23871, 0.239082, 0.239667, 0.240108, 0.240224, 0.240685, 0.241284, 0.241739, 0.241837, 0.24249, 0.242716, 0.243128, 0.243456, 0.243457, 0.244362, 0.244554, 0.245617, 0.245927, 0.245942, 0.248411, 0.248508, 0.248825, 0.24914, 0.249393, 0.250513, 0.251185, 0.251388, 0.251826, 0.252314, 0.253097, 0.253975, 0.254572, 0.255169, 0.25641, 0.256817, 0.257296, 