{"sigma_r": 1.5244, "sigma_i": 1.4304, "f_hot": 0.4, "sigma_i_hot": 10.0, "m": 5, "seed": 1867685509, "n_k": {"1": 4772, "2": 731, "3": 135, "4": 22, "5": 3, "6+": 1}, "dlogr": [0.000162, 0.000242, 0.000432, 0.000931, 0.000974, 0.001151, 0.001302, 0.001875, 0.001953, 0.001958, 0.002157, 0.002225, 0.002407, 0.002514, 0.002791, 0.0029, 0.00302, 0.003055, 0.003181, 0.003362, 0.003666, 0.003708, 0.003752, 0.003754, 0.003793, 0.004237, 0.004838, 0.005263, 0.005552, 0.005851, 0.005907, 0.006868, 0.006975, 0.006975, 0.007058, 0.007077, 0.007135, 0.007244, 0.007352, 0.007693, 0.007773, 0.007834, 0.007931, 0.008526, 0.009048, 0.009573, 0.009611, 0.010056, 0.010245, 0.01028, 0.010329, 0.010366, 0.010737, 0.0108, 0.011209, 0.011755, 0.01179, 0.011872, 0.012086, 0.012209, 0.012311, 0.012463, 0.012854, 0.013454, 0.013828, 0.014141, 0.014312, 0.014378, 0.014661, 0.015312, 0.015585, 0.015597, 0.01626, 0.01636, 0.016429, 0.016457, 0.017179, 0.017253, 0.017894, 0.018716, 0.01893, 0.019003, 0.019239, 0.019675, 0.019774, 0.019891, 0.019905, 0.021035, 0.021081, 0.02127, 0.021338, 0.021649, 0.02186, 0.021868, 0.021873, 0.02194, 0.022028, 0.022081, 0.022192, 0.022397, 0.022528, 0.022868, 0.022874, 0.022967, 0.023051, 0.023185, 0.023643, 0.024152, 0.024514, 0.024587, 0.024613, 0.024741, 0.025048, 0.025491, 0.025672, 0.025919, 0.026341, 0.026353, 0.027216, 0.027508, 0.027914, 0.027929, 0.028131, 0.028406, 0.028637, 0.028969, 0.029434, 0.029914, 0.030348, 0.030579, 0.030723, 0.030958, 0.031698, 0.031731, 0.031849, 0.031909, 0.032462, 0.032613, 0.032792, 0.033099, 0.033697, 0.034091, 0.034191, 0.034353, 0.034492, 0.03474, 0.034842, 0.03519, 0.035434, 0.035882, 0.035928, 0.036091, 0.036159, 0.036181, 0.036685, 0.037039, 0.037199, 0.037254, 0.037266, 0.037282, 0.037412, 0.03828, 0.038297, 0.038455, 0.038635, 0.038658, 0.038691, 0.038709, 0.039058, 0.039326, 0.039718, 0.039734, 0.040115, 0.040315, 0.040761, 0.04086, 0.041227, 0.041263, 0.041341, 0.04182, 0.04196, 0.041975, 0.042525, 0.042714, 0.042794, 0.043071, 0.043072, 0.043414, 0.043714, 0.043795, 0.043867, 0.043867, 0.044083, 0.044133, 0.044443, 0.045021, 0.045115, 0.045282, 0.04621, 0.046413, 0.046826, 0.046879, 0.047349, 0.047667, 0.047682, 0.047695, 0.048001, 0.048519, 0.048837, 0.049191, 0.049561, 0.050432, 0.050633, 0.050675, 0.051033, 0.051391, 0.051859, 0.052292, 0.052305, 0.052342, 0.052623, 0.052672, 0.052743, 0.052806, 0.05328, 0.053485, 0.053554, 0.053656, 0.053721, 0.0541, 0.054156, 0.054479, 0.054481, 0.054632, 0.054636, 0.054727, 0.055167, 0.05584, 0.055909, 0.056538, 0.056571, 0.056992, 0.057004, 0.057077, 0.057454, 0.057539, 0.057916, 0.057933, 0.058213, 0.058566, 0.058572, 0.058949, 0.059081, 0.05917, 0.059842, 0.059951, 0.060084, 0.060327, 0.060473, 0.06232, 0.062806, 0.062874, 0.06314, 0.063948, 0.064501, 0.064913, 0.064969, 0.065221, 0.065247, 0.06584, 0.065988, 0.066095, 0.066223, 0.066276, 0.066377, 0.066517, 0.066611, 0.066928, 0.066943, 0.067059, 0.067134, 0.068131, 0.068181, 0.06839, 0.069231, 0.069356, 0.069764, 0.070194, 0.070395, 0.070424, 0.070958, 0.071229, 0.071352, 0.071499, 0.072393, 0.072463, 0.072503, 0.072761, 0.073472, 0.073826, 0.073959, 0.074076, 0.074239, 0.074345, 0.074359, 0.074999, 0.075003, 0.075129, 0.075244, 0.075254, 0.075722, 0.075768, 0.075896, 0.076069, 0.076097, 0.076703, 0.076948, 0.077317, 0.077717, 0.078323, 0.078324, 0.078608, 0.078797, 0.078815, 0.078854, 0.079755, 0.079944, 0.080052, 0.080226, 0.080597, 0.081616, 0.081817, 0.082124, 0.082432, 0.082609, 0.082858, 0.083267, 0.083286, 0.084212, 0.084252, 0.08433, 0.08445, 0.084896, 0.084912, 0.085689, 0.085946, 0.086125, 0.086219, 0.086411, 0.086734, 0.087292, 0.08746, 0.087858, 0.087863, 0.087916, 0.08793, 0.088146, 0.088187, 0.088736, 0.089414, 0.089895, 0.091431, 0.092415, 0.093366, 0.093608, 0.093872, 0.094032, 0.094261, 0.094367, 0.094483, 0.094643, 0.09472, 0.095403, 0.095725, 0.095928, 0.095969, 0.097148, 0.097704, 0.098623, 0.098701, 0.098804, 0.099262, 0.099846, 0.100414, 0.10062, 0.100928, 0.100983, 0.101309, 0.101515, 0.101933, 0.102066, 0.102814, 0.103277, 0.103777, 0.103879, 0.103906, 0.103979, 0.104422, 0.104439, 0.104764, 0.104982, 0.105228, 0.105405, 0.105934, 0.106859, 0.10693, 0.107278, 0.107316, 0.107716, 0.10773, 0.107731, 0.107735, 0.108212, 0.10822, 0.108335, 0.108692, 0.108735, 0.109349, 0.109361, 0.109838, 0.110298, 0.11145, 0.111671, 0.112028, 0.112234, 0.112239, 0.112307, 0.112409, 0.112448, 0.112503, 0.112659, 0.11272, 0.113642, 0.114409, 0.114769, 0.114896, 0.114951, 0.115166, 0.115713, 0.115953, 0.116162, 0.116214, 0.116273, 0.116576, 0.116576, 0.116831, 0.117509, 0.117831, 0.117884, 0.118175, 0.118342, 0.118743, 0.119144, 0.119247, 0.119278, 0.119963, 0.121197, 0.121469, 0.121918, 0.121947, 0.12215, 0.122564, 0.123047, 0.123895, 0.123964, 0.123999, 0.12452, 0.124626, 0.126239, 0.126295, 0.126306, 0.126513, 0.126779, 0.127256, 0.128371, 0.128492, 0.129167, 0.129871, 0.130047, 0.130327, 0.130542, 0.130993, 0.131097, 0.131116, 0.13114, 0.131497, 0.131692, 0.131718, 0.131805, 0.132249, 0.132889, 0.132918, 0.133614, 0.13365, 0.133746, 0.134014, 0.134264, 0.134287, 0.135281, 0.136083, 0.136322, 0.13699, 0.137174, 0.137177, 0.137361, 0.137716, 0.138392, 0.138927, 0.139014, 0.139171, 0.140033, 0.141019, 0.141282, 0.141673, 0.141978, 0.142071, 0.142355, 0.1429, 0.142903, 0.143499, 0.144354, 0.144355, 0.144781, 0.144928, 0.145377, 0.145917, 0.146677, 0.147675, 0.147737, 0.148059, 0.148104, 0.148859, 0.149005, 0.149241, 0.14948, 0.149577, 0.149923, 0.149977, 0.15055, 0.150956, 0.151217, 0.151668, 0.151732, 0.151896, 0.152194, 0.152299, 0.152422, 0.152524, 0.152594, 0.152654, 0.154681, 0.154782, 0.155017, 0.155033, 0.15543, 0.156365, 0.156537, 0.156813, 0.156971, 0.157323, 0.15789, 0.158215, 0.158413, 0.159379, 0.159889, 0.161214, 0.161251, 0.161503, 0.161781, 0.16186, 0.162099, 0.162154, 0.162849, 0.163112, 0.16325, 0.163546, 0.164197, 0.16461, 0.165812, 0.166185, 0.166266, 0.166596, 0.1666, 0.166625, 0.166875, 0.166985, 0.168117, 0.168186, 0.168209, 0.168375, 0.168667, 0.168717, 0.169678, 0.169703, 0.16981, 0.169835, 0.170666, 0.17096, 0.17108, 0.17129, 0.171615, 0.172386, 0.172462, 0.172487, 0.17297, 0.174446, 0.174969, 0.175174, 0.175518, 0.175681, 0.176399, 0.176454, 0.177123, 0.177437, 0.177657, 0.178448, 0.178994, 0.179098, 0.18043, 0.180448, 0.180472, 0.180668, 0.181187, 0.181458, 0.181668, 0.182453, 0.183456, 0.184262, 0.18434, 0.184504, 0.184689, 0.18469, 0.185059, 0.185835, 0.185952, 0.186454, 0.186665, 0.186822, 0.18774, 0.187769, 0.188101, 0.188115, 0.189184, 0.189254, 0.18939, 0.189712, 0.189799, 0.190475, 0.191847, 0.192631, 0.192871, 0.193549, 0.195778, 0.196053, 0.19632, 0.19651, 0.196844, 0.197032, 0.198002, 0.198613, 0.19882, 0.199444, 0.199645, 0.199814, 0.200615, 0.200713, 0.200913, 0.201613, 0.202967, 0.204203, 0.204648, 0.204655, 0.204754, 0.205467, 0.205874, 0.206609, 0.207287, 0.207329, 0.207894, 0.20873, 0.210111, 0.210881, 0.211363, 0.211928, 0.212071, 0.212666, 0.21273, 0.21327, 0.213507, 0.213905, 0.214218, 0.214694, 0.216034, 0.216459, 0.216526, 0.217316, 0.217548, 0.218063, 0.218252, 0.21901, 0.219574, 0.219623, 0.221615, 0.222192, 0.223459, 0.223459, 0.223972, 0.224209, 0.224227, 0.225176, 0.225568, 0.226154, 0.226557, 0.226715, 0.226829, 0.227483, 0.227699, 0.228219, 0.228484, 0.228789, 0.229191, 0.229569, 0.229804, 0.229978, 0.230475, 0.230518, 0.230739, 0.231835, 0.231862, 0.231978, 0.231981, 0.232492, 0.232765, 0.232959, 0.234313, 0.234516, 0.235214, 0.235366, 0.235548, 0.236795, 0.238407, 0.239046, 0.239276, 0.239502, 0.24146, 0.241626, 0.241773, 0.242198, 0.2431, 0.244348, 0.245062, 0.24522, 0.246297, 0.246624, 0.246817, 0.246871, 0.247361, 0.24751, 0.247789, 0.247943, 0.248998, 0.249787, 0.249947, 0.25061, 0.251641, 0.251645, 0.251675, 0.252454, 0.252577, 0.252774, 0.253774, 0.254034, 0.25446, 0.255599, 0.255877, 0.256122, 0.256155, 0.256746, 0.25739, 0.257897, 0.258703, 0.259006, 0.259293, 0.26231, 0.263347, 0.263502, 0.263776, 0.2671, 0.267229, 0.267606, 