{"sigma_r": 1.5244, "sigma_i": 0.3271, "f_hot": 0.4, "sigma_i_hot": 10.0, "m": 1, "seed": 786975622, "n_k": {"1": 4532, "2": 728, "3": 159, "4": 39, "5": 10, "6+": 0}, "dlogr": [0.0, 0.0, 0.000275, 0.000402, 0.000404, 0.00046, 0.000576, 0.000705, 0.00076, 0.001077, 0.001908, 0.002325, 0.002407, 0.002688, 0.002913, 0.002935, 0.003043, 0.00324, 0.003242, 0.003251, 0.003538, 0.003775, 0.00404, 0.005006, 0.005096, 0.005213, 0.005328, 0.005344, 0.005438, 0.005664, 0.006158, 0.006306, 0.006417, 0.006438, 0.006495, 0.006576, 0.006737, 0.00707, 0.007086, 0.007222, 0.00724, 0.007339, 0.008109, 0.008145, 0.008635, 0.008716, 0.008903, 0.00964, 0.009687, 0.009917, 0.01091, 0.012043, 0.012191, 0.012485, 0.0135, 0.013571, 0.013707, 0.014137, 0.014243, 0.014345, 0.014373, 0.014667, 0.014704, 0.014734, 0.014797, 0.014996, 0.015709, 0.015879, 0.015957, 0.016087, 0.016374, 0.016389, 0.016906, 0.016983, 0.017117, 0.017438, 0.018874, 0.01903, 0.019166, 0.019354, 0.019477, 0.02004, 0.020365, 0.020714, 0.020788, 0.020896, 0.021024, 0.021027, 0.021294, 0.021536, 0.021606, 0.021706, 0.02173, 0.021817, 0.022022, 0.022282, 0.022506, 0.022511, 0.022819, 0.02392, 0.024083, 0.024288, 0.024465, 0.024817, 0.024829, 0.025618, 0.025919, 0.02621, 0.026365, 0.02641, 0.02644, 0.026476, 0.026744, 0.026794, 0.027077, 0.027093, 0.027442, 0.027819, 0.027944, 0.028334, 0.028897, 0.029316, 0.02934, 0.029706, 0.029837, 0.029938, 0.030175, 0.030274, 0.030392, 0.030422, 0.030431, 0.030596, 0.030814, 0.03102, 0.031022, 0.031064, 0.031119, 0.031491, 0.03188, 0.031946, 0.032667, 0.033139, 0.033561, 0.033836, 0.034067, 0.034814, 0.034896, 0.034935, 0.035052, 0.035329, 0.035641, 0.03565, 0.036065, 0.036425, 0.036479, 0.036525, 0.036741, 0.037301, 0.038331, 0.038519, 0.038719, 0.038944, 0.038952, 0.039081, 0.03933, 0.039397, 0.039467, 0.039704, 0.039721, 0.04013, 0.040172, 0.040292, 0.040359, 0.040576, 0.040659, 0.041152, 0.041359, 0.041468, 0.041986, 0.042115, 0.042726, 0.042763, 0.04343, 0.043488, 0.043499, 0.04374, 0.043826, 0.04473, 0.044812, 0.044888, 0.044925, 0.044982, 0.045714, 0.045912, 0.046229, 0.046702, 0.047132, 0.04721, 0.047313, 0.047393, 0.0475, 0.047594, 0.048389, 0.049002, 0.049069, 0.049179, 0.049202, 0.049415, 0.049641, 0.049651, 0.049654, 0.04971, 0.049776, 0.049816, 0.049974, 0.05009, 0.050255, 0.050584, 0.050724, 0.050746, 0.050876, 0.050906, 0.050948, 0.05101, 0.051333, 0.052028, 0.052102, 0.052248, 0.052269, 0.052389, 0.052776, 0.053184, 0.054337, 0.05438, 0.054896, 0.055009, 0.055137, 0.055495, 0.055551, 0.055756, 0.056166, 0.056277, 0.056328, 0.056533, 0.056705, 0.056764, 0.057091, 0.057342, 0.05768, 0.057712, 0.057732, 0.057878, 0.058064, 0.058558, 0.058603, 0.058645, 0.058666, 0.058736, 0.059761, 0.060205, 0.061152, 0.061627, 0.061662, 0.062733, 0.062807, 0.062963, 0.063122, 0.06316, 0.063215, 0.063268, 0.063297, 0.063434, 0.063884, 0.063915, 0.064059, 0.064144, 0.064232, 0.064455, 0.064835, 0.065285, 0.065382, 0.065457, 0.065601, 0.065913, 0.066271, 0.066688, 0.066848, 0.067311, 0.067431, 0.067631, 0.067662, 0.068133, 0.068464, 0.068546, 0.068573, 0.068657, 0.069212, 0.069228, 0.069822, 0.071086, 0.071202, 0.071406, 0.071738, 0.072, 0.072042, 0.072205, 0.07221, 0.072606, 0.072666, 0.072819, 0.072969, 0.072989, 0.073028, 0.073108, 0.073765, 0.073815, 0.073844, 0.074041, 0.074389, 0.074487, 0.075366, 0.0754, 0.075513, 0.075981, 0.076078, 0.076219, 0.076301, 0.076475, 0.076599, 0.076634, 0.077187, 0.077225, 0.077406, 0.077422, 0.077422, 0.077937, 0.078042, 0.078228, 0.079136, 0.079293, 0.079864, 0.080016, 0.080284, 0.080302, 0.080612, 0.081721, 0.081826, 0.081879, 0.082466, 0.083238, 0.083443, 0.083494, 0.083523, 0.083719, 0.084083, 0.084085, 0.084288, 0.084896, 0.084934, 0.085325, 0.085559, 0.085689, 0.085719, 0.085898, 0.086111, 0.086271, 0.08646, 0.086493, 0.086708, 0.086768, 0.086842, 0.087261, 0.08735, 0.087595, 0.087847, 0.088064, 0.088113, 0.08829, 0.088343, 0.088637, 0.088994, 0.089161, 0.089421, 0.089435, 0.089586, 0.089896, 0.090288, 0.090498, 0.090938, 0.091071, 0.091249, 0.091335, 0.091445, 0.0917, 0.091721, 0.092105, 0.092138, 0.0922, 0.092466, 0.092691, 0.093042, 0.093401, 0.094899, 0.094931, 0.094988, 0.09532, 0.095497, 0.095533, 0.09611, 0.096119, 0.096367, 0.096882, 0.097358, 0.097464, 0.097566, 0.098276, 0.098704, 0.098945, 0.098997, 0.09905, 0.0994, 0.09952, 0.099968, 0.1, 0.100169, 0.100749, 0.100814, 0.1012, 0.101304, 0.10182, 0.101854, 0.103111, 0.103318, 0.103328, 0.104027, 0.104416, 0.104513, 0.104857, 0.105347, 0.105759, 0.106031, 0.10628, 0.106346, 0.106399, 0.10654, 0.106615, 0.106713, 0.107188, 0.107263, 0.107794, 0.107908, 0.1088, 0.108949, 0.108963, 0.109269, 0.109485, 0.110392, 0.110824, 0.111071, 0.111072, 0.111078, 0.111447, 0.111537, 0.111566, 0.111788, 0.111954, 0.112001, 0.112398, 0.112804, 0.113058, 0.113112, 0.113359, 0.113479, 0.113993, 0.114014, 0.114356, 0.114542, 0.114566, 0.114734, 0.114781, 0.114823, 0.115218, 0.115701, 0.115951, 0.116125, 0.116164, 0.116539, 0.11697, 0.117505, 0.118571, 0.118655, 0.11866, 0.119134, 0.119154, 0.119171, 0.119293, 0.119819, 0.120507, 0.120717, 0.120822, 0.120973, 0.121011, 0.121015, 0.12147, 0.121656, 0.121659, 0.121717, 0.121762, 0.121847, 0.121874, 0.122142, 0.122578, 0.122593, 0.122776, 0.122823, 0.123293, 0.12505, 0.125363, 0.12551, 0.126011, 0.126532, 0.126566, 0.127079, 0.127808, 0.128307, 0.129059, 0.129107, 0.129352, 0.129511, 0.129626, 0.129699, 0.130743, 0.131262, 0.131445, 0.131537, 0.131923, 0.132142, 0.132382, 0.132682, 0.132786, 0.133058, 0.133129, 0.133157, 0.133592, 0.133713, 0.133873, 0.134133, 0.134303, 0.134465, 0.134508, 0.134783, 0.136053, 0.136187, 0.136287, 0.136472, 0.136659, 0.137309, 0.137544, 0.137637, 0.137773, 0.137819, 0.137972, 0.138086, 0.138371, 0.138382, 0.138551, 0.138628, 0.138696, 0.139174, 0.139184, 0.139382, 0.139568, 0.13999, 0.140355, 0.141442, 0.14202, 0.142114, 0.14261, 0.142796, 0.142871, 0.143, 0.143462, 0.143835, 0.143848, 0.143883, 0.144933, 0.145029, 0.145204, 0.146721, 0.146884, 0.147222, 0.148008, 0.148115, 0.148172, 0.148546, 0.149093, 0.149198, 0.150281, 0.150338, 0.150527, 0.151001, 0.151653, 0.151764, 0.151858, 0.1523, 0.152342, 0.152527, 0.153357, 0.153544, 0.153693, 0.153905, 0.153938, 0.154015, 0.15467, 0.154803, 0.154822, 0.154959, 0.155062, 0.155328, 0.155411, 0.155413, 0.155594, 0.155946, 0.156318, 0.156586, 0.156654, 0.157041, 0.157113, 0.15778, 0.157943, 0.158329, 0.15837, 0.159064, 0.159137, 0.159407, 0.159487, 0.159511, 0.159776, 0.159859, 0.160201, 0.160989, 0.161373, 0.161442, 0.16149, 0.161499, 0.161865, 0.161876, 0.162329, 0.162742, 0.162928, 0.163492, 0.164114, 0.164941, 0.164972, 0.165167, 0.165871, 0.166392, 0.166773, 0.166807, 0.167062, 0.167125, 0.167546, 0.167646, 0.167922, 0.168648, 0.169152, 0.169284, 0.17, 0.170111, 0.170971, 0.171258, 0.171639, 0.171968, 0.172269, 0.172439, 0.172869, 0.173514, 0.173533, 0.173638, 0.173642, 0.174145, 0.174271, 0.174412, 0.174625, 0.174793, 0.176575, 0.176914, 0.177038, 0.178105, 0.178291, 0.178347, 0.178571, 0.178581, 0.178588, 0.178639, 0.17944, 0.179674, 0.179797, 0.180416, 0.180615, 0.181137, 0.18115, 0.181867, 0.18205, 0.182185, 0.182391, 0.182406, 0.182624, 0.182707, 0.182993, 0.183533, 0.183663, 0.183775, 0.184235, 0.184429, 0.184673, 0.184902, 0.185303, 0.186351, 0.186673, 0.187603, 0.187701, 0.187868, 0.188021, 0.18858, 0.188893, 0.189342, 0.189898, 0.191101, 0.191985, 0.192114, 0.192438, 0.192493, 0.192813, 0.193142, 0.194072, 0.19459, 0.194698, 0.194844, 0.194984, 0.195121, 0.195174, 0.195221, 0.195809, 0.196105, 0.196451, 0.196484, 0.196871, 0.19689, 0.19725, 0.197795, 0.198542, 0.198917, 0.19901, 0.199105, 0.199335, 0.199684, 0.201298, 0.202216, 0.20249, 0.202506, 0.203133, 0.20329, 0.204641, 0.204761, 0.205022, 0.205219, 0.205542, 0.205853, 0.206236, 0.206256, 0.207688, 0.207965, 0.208219, 0.208383, 0.208624, 0.20908, 0.210188, 0.210233, 0.210301, 0.210711, 0.211336, 0.211704, 0.212788, 0.213239, 0.213485, 0.21413, 0.214204, 0.214779, 0.215416, 0.216026, 0.216189, 0.216379, 