{"sigma_r": 1.5244, "sigma_i": 1.4304, "f_hot": 0.4, "sigma_i_hot": 10.0, "m": 2, "seed": 1692194738, "n_k": {"1": 4808, "2": 722, "3": 128, "4": 26, "5": 3, "6+": 0}, "dlogr": [0.000195, 0.00029, 0.000294, 0.000685, 0.000716, 0.000802, 0.001159, 0.001495, 0.001563, 0.00192, 0.002048, 0.002168, 0.002179, 0.00266, 0.002728, 0.00353, 0.004378, 0.004529, 0.004638, 0.004754, 0.004868, 0.005068, 0.005349, 0.00562, 0.005633, 0.005804, 0.005832, 0.006202, 0.006263, 0.006585, 0.006696, 0.006782, 0.006812, 0.00683, 0.006884, 0.007368, 0.007742, 0.008083, 0.008323, 0.008399, 0.008749, 0.008994, 0.009128, 0.009206, 0.009657, 0.009699, 0.0097, 0.009903, 0.010137, 0.010319, 0.010554, 0.010598, 0.010615, 0.010946, 0.011095, 0.011697, 0.011944, 0.012128, 0.012319, 0.012613, 0.012851, 0.012942, 0.013073, 0.01319, 0.013192, 0.013687, 0.013708, 0.014979, 0.015344, 0.015439, 0.015747, 0.015869, 0.01602, 0.016154, 0.01671, 0.016971, 0.017101, 0.017182, 0.017733, 0.017765, 0.018146, 0.018179, 0.018229, 0.018261, 0.018441, 0.01899, 0.019124, 0.019259, 0.01984, 0.020899, 0.021132, 0.0212, 0.021286, 0.02137, 0.022244, 0.022687, 0.022936, 0.02331, 0.023631, 0.024055, 0.024253, 0.024405, 0.024465, 0.024586, 0.024814, 0.025018, 0.025602, 0.025961, 0.026014, 0.026307, 0.026447, 0.027109, 0.027483, 0.027944, 0.028391, 0.028403, 0.028912, 0.029643, 0.029651, 0.030015, 0.030513, 0.030524, 0.030743, 0.030776, 0.030798, 0.030881, 0.0309, 0.031071, 0.031108, 0.03119, 0.03132, 0.031527, 0.032113, 0.032291, 0.032484, 0.032801, 0.033362, 0.033401, 0.033746, 0.033805, 0.034541, 0.034618, 0.034721, 0.03501, 0.035107, 0.035767, 0.036094, 0.036646, 0.037392, 0.0375, 0.037501, 0.03801, 0.038074, 0.038605, 0.039619, 0.039681, 0.039903, 0.039917, 0.040076, 0.040089, 0.040412, 0.040918, 0.041479, 0.041638, 0.041776, 0.041786, 0.041995, 0.04214, 0.042465, 0.042909, 0.043086, 0.043372, 0.043533, 0.043564, 0.043762, 0.044476, 0.04475, 0.044896, 0.045023, 0.045068, 0.045504, 0.045859, 0.045873, 0.046138, 0.046195, 0.046459, 0.046544, 0.046592, 0.046706, 0.047423, 0.047475, 0.047735, 0.047773, 0.048762, 0.048999, 0.04901, 0.049108, 0.049531, 0.049639, 0.049701, 0.049724, 0.049863, 0.049979, 0.050033, 0.050128, 0.050128, 0.050188, 0.050564, 0.050568, 0.050635, 0.050826, 0.05093, 0.050956, 0.051026, 0.051038, 0.05168, 0.052121, 0.052537, 0.052714, 0.053169, 0.053191, 0.053731, 0.053766, 0.053984, 0.053997, 0.054764, 0.054765, 0.054926, 0.05537, 0.055648, 0.056244, 0.056479, 0.056795, 0.056856, 0.057488, 0.057927, 0.058214, 0.058378, 0.058911, 0.05933, 0.059561, 0.059678, 0.060164, 0.060646, 0.060663, 0.060866, 0.061999, 0.06212, 0.063035, 0.063191, 0.063459, 0.063706, 0.064143, 0.064713, 0.064935, 0.064993, 0.065085, 0.06552, 0.06654, 0.066859, 0.066988, 0.067307, 0.067434, 0.067434, 0.067902, 0.068118, 0.068174, 0.068349, 0.068618, 0.068647, 0.068832, 0.069267, 0.069495, 0.069575, 0.069666, 0.069877, 0.069989, 0.070287, 0.070468, 0.071531, 0.071715, 0.07179, 0.071793, 0.071889, 0.071996, 0.072495, 0.072648, 0.074011, 0.074277, 0.074686, 0.074925, 0.075072, 0.075474, 0.075918, 0.07606, 0.076347, 0.076511, 0.076772, 0.076811, 0.077354, 0.0775, 0.077592, 0.077905, 0.07796, 0.078175, 0.078243, 0.078368, 0.078599, 0.078649, 0.078868, 0.079264, 0.079905, 0.080753, 0.081017, 0.081574, 0.081963, 0.08212, 0.082404, 0.082475, 0.083151, 0.083352, 0.083381, 0.083786, 0.08398, 0.084849, 0.084901, 0.085487, 0.085592, 0.085881, 0.086132, 0.086243, 0.086398, 0.086684, 0.086696, 0.087096, 0.087262, 0.088015, 0.088049, 0.088111, 0.088402, 0.089033, 0.089891, 0.089957, 0.090067, 0.090115, 0.090186, 0.090811, 0.09087, 0.09097, 0.091498, 0.09223, 0.092763, 0.092873, 0.093283, 0.093744, 0.094021, 0.094253, 0.09447, 0.095405, 0.095516, 0.095674, 0.095769, 0.096087, 0.096178, 0.096476, 0.096491, 0.096593, 0.096663, 0.096826, 0.097484, 0.097614, 0.097769, 0.098069, 0.09868, 0.098818, 0.099153, 0.099483, 0.099535, 0.099577, 0.099987, 0.100152, 0.100436, 0.100477, 0.100666, 0.101288, 0.10151, 0.101943, 0.102138, 0.102507, 0.103424, 0.103699, 0.104702, 0.105043, 0.105331, 0.105412, 0.105412, 0.105763, 0.105763, 0.106109, 0.106369, 0.107191, 0.107366, 0.107505, 0.107701, 0.108057, 0.108266, 0.108485, 0.109737, 0.110158, 0.11084, 0.110952, 0.111112, 0.1112, 0.111268, 0.111567, 0.111848, 0.113524, 0.114098, 0.114412, 0.114436, 0.114669, 0.11484, 0.115446, 0.116032, 0.116057, 0.116539, 0.116574, 0.116897, 0.116948, 0.117413, 0.118055, 0.118147, 0.118489, 0.118605, 0.118771, 0.119677, 0.119963, 0.120274, 0.120583, 0.120632, 0.121116, 0.121742, 0.121811, 0.122259, 0.122609, 0.123146, 0.123224, 0.123229, 0.12334, 0.12387, 0.124047, 0.124378, 0.12478, 0.126015, 0.126048, 0.126348, 0.127603, 0.127799, 0.128458, 0.12896, 0.130005, 0.130317, 0.131089, 0.131133, 0.13121, 0.131409, 0.131687, 0.131794, 0.132051, 0.132091, 0.132174, 0.132259, 0.132742, 0.132926, 0.133443, 0.133494, 0.133956, 0.134101, 0.134214, 0.135538, 0.135895, 0.135921, 0.136016, 0.136809, 0.137069, 0.137693, 0.137718, 0.138125, 0.139175, 0.139712, 0.139985, 0.140191, 0.140395, 0.140687, 0.140794, 0.141092, 0.141404, 0.141724, 0.14292, 0.142966, 0.143456, 0.144764, 0.145515, 0.146478, 0.146718, 0.147231, 0.147246, 0.147665, 0.147701, 0.14781, 0.147835, 0.148135, 0.148389, 0.148564, 0.149058, 0.149698, 0.150103, 0.150164, 0.150319, 0.151006, 0.151078, 0.15354, 0.154196, 0.155045, 0.155098, 0.155212, 0.1555, 0.155747, 0.156078, 0.1562, 0.156797, 0.156911, 0.157341, 0.157573, 0.157635, 0.158225, 0.159553, 0.159678, 0.159976, 0.160186, 0.160538, 0.160703, 0.161222, 0.161346, 0.161479, 0.161487, 0.162011, 0.162252, 0.162718, 0.162789, 0.162867, 0.164086, 0.164278, 0.164455, 0.165424, 0.166147, 0.166602, 0.166754, 0.167192, 0.168284, 0.168796, 0.168815, 0.169462, 0.169652, 0.171333, 0.171647, 0.171925, 0.172031, 0.17312, 0.175053, 0.175878, 0.176057, 0.176194, 0.176243, 0.177531, 0.178593, 0.179238, 0.179595, 0.179835, 0.17997, 0.180115, 0.180385, 0.181572, 0.181722, 0.182381, 0.182407, 0.182637, 0.182675, 0.183293, 0.184365, 0.184987, 0.185279, 0.186988, 0.187097, 0.188789, 0.188854, 0.189239, 0.189656, 0.190092, 0.19027, 0.190439, 0.190823, 0.191726, 0.19275, 0.193431, 0.194103, 0.194694, 0.196111, 0.196265, 0.196564, 0.196649, 0.197151, 0.198519, 0.199711, 0.199906, 0.200412, 0.200469, 0.200574, 0.200816, 0.201388, 0.201603, 0.201611, 0.201831, 0.201961, 0.202162, 0.203137, 0.203271, 0.203286, 0.203326, 0.203478, 0.203583, 0.204805, 0.205144, 0.206057, 0.207206, 0.207222, 0.207596, 0.208106, 0.208435, 0.209614, 0.210267, 0.210537, 0.21059, 0.211516, 0.21183, 0.212147, 0.212348, 0.212723, 0.212743, 0.213274, 0.213307, 0.214182, 0.214245, 0.214257, 0.214619, 0.21475, 0.215259, 0.215381, 0.215418, 0.215508, 0.215673, 0.216685, 0.218204, 0.218755, 0.219417, 0.22007, 0.220095, 0.220183, 0.220765, 0.221201, 0.221392, 0.222107, 0.222664, 0.223754, 0.223916, 0.223937, 0.224429, 0.224482, 0.22493, 0.225484, 0.225523, 0.227013, 0.227124, 0.227588, 0.228198, 0.228607, 0.229511, 0.229688, 0.229741, 0.230131, 0.230819, 0.230974, 0.23238, 0.232967, 0.233125, 0.234171, 0.235007, 0.235559, 0.235575, 0.23559, 0.236081, 0.237181, 0.237195, 0.237501, 0.23753, 0.23851, 0.238772, 0.238901, 0.239031, 0.24037, 0.240797, 0.241681, 0.242091, 0.242891, 0.242996, 0.243118, 0.243606, 0.244124, 0.244346, 0.244914, 0.246577, 0.246898, 0.2478, 0.247831, 0.248003, 0.248307, 0.249823, 0.250303, 0.251118, 0.252309, 0.252655, 0.252814, 0.254439, 0.255027, 0.255119, 0.255139, 0.256478, 0.257328, 0.260641, 0.261024, 0.261221, 0.26178, 0.262567, 0.262633, 0.263221, 0.263592, 0.264169, 0.264697, 0.26506, 0.265224, 0.267279, 0.267549, 0.26771, 0.267984, 0.268164, 0.268799, 0.26969, 0.271146, 0.271171, 0.271344, 0.272213, 0.272591, 0.272607, 0.274259, 0.274345, 0.275132, 0.275451, 0.276859, 0.276864, 0.277071, 0.278412, 0.279331, 0.279453, 0.279657, 0.280097, 0.280166, 0.280207, 0.280405, 0.282173, 0.283852, 0.284412, 0.284466, 0.28468, 0.284907, 0.28617, 0.286984, 0.287261, 0.287535, 0.28966, 0.290714, 0.291244,