{"sigma_r": 1.5244, "sigma_i": 0.8747, "f_hot": 0.05, "sigma_i_hot": 10.0, "m": 6, "seed": 1815161720, "n_k": {"1": 3933, "2": 928, "3": 236, "4": 56, "5": 6, "6+": 2}, "dlogr": [0.00024, 0.000347, 0.001022, 0.001053, 0.001185, 0.001302, 0.001303, 0.0014, 0.001507, 0.001618, 0.001639, 0.00176, 0.001771, 0.001818, 0.001982, 0.001984, 0.002021, 0.00229, 0.002328, 0.00233, 0.002738, 0.002876, 0.003267, 0.003311, 0.003329, 0.00339, 0.003395, 0.003541, 0.003555, 0.003732, 0.003785, 0.003797, 0.003989, 0.004243, 0.004379, 0.004446, 0.004617, 0.0047, 0.004756, 0.004996, 0.005055, 0.005525, 0.005625, 0.00633, 0.006492, 0.006534, 0.006553, 0.006616, 0.006856, 0.006953, 0.007688, 0.007751, 0.007824, 0.008132, 0.008175, 0.008606, 0.008651, 0.009289, 0.009329, 0.009482, 0.009503, 0.009618, 0.009664, 0.010175, 0.01043, 0.010741, 0.010869, 0.010902, 0.010973, 0.01124, 0.01137, 0.012043, 0.01224, 0.012413, 0.012709, 0.012835, 0.012983, 0.013138, 0.0132, 0.013573, 0.013659, 0.013685, 0.013745, 0.013852, 0.014232, 0.014352, 0.014478, 0.014566, 0.015487, 0.015576, 0.015672, 0.015706, 0.015777, 0.015787, 0.016267, 0.016389, 0.016499, 0.016556, 0.016634, 0.016869, 0.017266, 0.017369, 0.017387, 0.017391, 0.017405, 0.017682, 0.017911, 0.018001, 0.018045, 0.018151, 0.018231, 0.018282, 0.018313, 0.018393, 0.01872, 0.019095, 0.0191, 0.019392, 0.019437, 0.019718, 0.020061, 0.020114, 0.020137, 0.020475, 0.020488, 0.020659, 0.020829, 0.021042, 0.021116, 0.021235, 0.021522, 0.021548, 0.021561, 0.021664, 0.021875, 0.021897, 0.021901, 0.021921, 0.022262, 0.022533, 0.023025, 0.02315, 0.023647, 0.023663, 0.023807, 0.023845, 0.02392, 0.023974, 0.024025, 0.024035, 0.024162, 0.024179, 0.02425, 0.024416, 0.024656, 0.024864, 0.02506, 0.025069, 0.025124, 0.025292, 0.025333, 0.025423, 0.02565, 0.025714, 0.025767, 0.026371, 0.026411, 0.026885, 0.027057, 0.027452, 0.027665, 0.027847, 0.028287, 0.028552, 0.028717, 0.028759, 0.028787, 0.029518, 0.029605, 0.029806, 0.029849, 0.030218, 0.030365, 0.03039, 0.03047, 0.030566, 0.030995, 0.031333, 0.031745, 0.031882, 0.0319, 0.032026, 0.032323, 0.032625, 0.03304, 0.033178, 0.033636, 0.033988, 0.034344, 0.034481, 0.035058, 0.035105, 0.035474, 0.035572, 0.035922, 0.036046, 0.036062, 0.036077, 0.036327, 0.036338, 0.036876, 0.036927, 0.037216, 0.037242, 0.037334, 0.037733, 0.037854, 0.038568, 0.039039, 0.03925, 0.039295, 0.039437, 0.039438, 0.039587, 0.039642, 0.039866, 0.039924, 0.040257, 0.04041, 0.04046, 0.040461, 0.040571, 0.040688, 0.041078, 0.04129, 0.041639, 0.042127, 0.042233, 0.042362, 0.04244, 0.042484, 0.042502, 0.042537, 0.042563, 0.042628, 0.042669, 0.042749, 0.043506, 0.043579, 0.043718, 0.04384, 0.044341, 0.044413, 0.04446, 0.044512, 0.044928, 0.04538, 0.045801, 0.045816, 0.045871, 0.045937, 0.045967, 0.046023, 0.046191, 0.046239, 0.046263, 0.046287, 0.046385, 0.046435, 0.04645, 0.046539, 0.046559, 0.046852, 0.046961, 0.046995, 0.047056, 0.04724, 0.047293, 0.047394, 0.047398, 0.047739, 0.047799, 0.047842, 0.047901, 0.048061, 0.048096, 0.048103, 0.048212, 0.048427, 0.048703, 0.048868, 0.049082, 0.049108, 0.049248, 0.049323, 0.049728, 0.049808, 0.050269, 0.050309, 0.050323, 0.050333, 0.050435, 0.050494, 0.050533, 0.050782, 0.050785, 0.050911, 0.051052, 0.051062, 0.051068, 0.051221, 0.051501, 0.051851, 0.051916, 0.052264, 0.052397, 0.052547, 0.052801, 0.05308, 0.053123, 0.053278, 0.053314, 0.053407, 0.05363, 0.053969, 0.054037, 0.054162, 0.054506, 0.054566, 0.055074, 0.055274, 0.055318, 0.0556, 0.055662, 0.055805, 0.056058, 0.056881, 0.056893, 0.056949, 0.05728, 0.057364, 0.057875, 0.057994, 0.058279, 0.058418, 0.058447, 0.058449, 0.058517, 0.058636, 0.058791, 0.05882, 0.058858, 0.059112, 0.05914, 0.059742, 0.059755, 0.059977, 0.060102, 0.060159, 0.060266, 0.060626, 0.060924, 0.061059, 0.06106, 0.061274, 0.061358, 0.061411, 0.061633, 0.062106, 0.062125, 0.062163, 0.062548, 0.062675, 0.062713, 0.063119, 0.063142, 0.063216, 0.063475, 0.063826, 0.063898, 0.063938, 0.064179, 0.064229, 0.064308, 0.064738, 0.064809, 0.064991, 0.065002, 0.065301, 0.065408, 0.065433, 0.065845, 0.06589, 0.065935, 0.066188, 0.066247, 0.066267, 0.066418, 0.06662, 0.066644, 0.066756, 0.066893, 0.066921, 0.066962, 0.067123, 0.067222, 0.067411, 0.067578, 0.067731, 0.067939, 0.068186, 0.06829, 0.068335, 0.068458, 0.06874, 0.068927, 0.068998, 0.06937, 0.069435, 0.069517, 0.069695, 0.070237, 0.070295, 0.070302, 0.070488, 0.070582, 0.070676, 0.071301, 0.071325, 0.071379, 0.071589, 0.071641, 0.071705, 0.071723, 0.071907, 0.071923, 0.07208, 0.072227, 0.072573, 0.072713, 0.072851, 0.072882, 0.073079, 0.073141, 0.07321, 0.073417, 0.073431, 0.073464, 0.073859, 0.073878, 0.073902, 0.074046, 0.07414, 0.074934, 0.074969, 0.075121, 0.075239, 0.07531, 0.075485, 0.075566, 0.075603, 0.075765, 0.076292, 0.076512, 0.076783, 0.076886, 0.077041, 0.077141, 0.077376, 0.077532, 0.077626, 0.07785, 0.07821, 0.07855, 0.078779, 0.078808, 0.078826, 0.079432, 0.079528, 0.079716, 0.079756, 0.079868, 0.080213, 0.08032, 0.080539, 0.080571, 0.080693, 0.080709, 0.08075, 0.081113, 0.081163, 0.081372, 0.081602, 0.081742, 0.081992, 0.082039, 0.082451, 0.082453, 0.082619, 0.082961, 0.083395, 0.083755, 0.083984, 0.084368, 0.084482, 0.08457, 0.084766, 0.084837, 0.084989, 0.085009, 0.085175, 0.085231, 0.085341, 0.085506, 0.085542, 0.0856, 0.085623, 0.085709, 0.085874, 0.086378, 0.086578, 0.086822, 0.08697, 0.087123, 0.087958, 0.088128, 0.088556, 0.088657, 0.088728, 0.088971, 0.089019, 0.089481, 0.08953, 0.089591, 0.089607, 0.08978, 0.089873, 0.089951, 0.089988, 0.090263, 0.090397, 0.090664, 0.090789, 0.09121, 0.091233, 0.091592, 0.091743, 0.091903, 0.091963, 0.092227, 0.092314, 0.092486, 0.092789, 0.093277, 0.0934, 0.09385, 0.094558, 0.094606, 0.094648, 0.094915, 0.095127, 0.095131, 0.095921, 0.096145, 0.096366, 0.096671, 0.096889, 0.097921, 0.097943, 0.09807, 0.098109, 0.098452, 0.098643, 0.098773, 0.098871, 0.098918, 0.098999, 0.099217, 0.09962, 0.10006, 0.100073, 0.100091, 0.100502, 0.100581, 0.100759, 0.100858, 0.100875, 0.101221, 0.101309, 0.101397, 0.101882, 0.102, 0.102482, 0.102867, 0.102883, 0.102906, 0.103296, 0.103426, 0.103762, 0.104109, 0.104276, 0.104391, 0.104458, 0.104612, 0.104617, 0.104696, 0.104719, 0.105023, 0.105179, 0.105243, 0.10542, 0.106181, 0.106256, 0.106369, 0.106421, 0.106576, 0.106613, 0.1067, 0.106767, 0.107289, 0.107754, 0.107787, 0.10786, 0.108142, 0.108302, 0.108711, 0.109046, 0.109049, 0.109056, 0.109711, 0.110013, 0.110421, 0.110575, 0.110716, 0.111003, 0.111004, 0.111228, 0.112106, 0.112168, 0.112473, 0.112822, 0.11305, 0.113429, 0.113726, 0.11444, 0.114444, 0.114561, 0.114576, 0.114696, 0.11516, 0.115268, 0.115485, 0.11608, 0.116148, 0.116411, 0.116924, 0.116972, 0.117591, 0.118149, 0.118373, 0.118758, 0.118908, 0.119347, 0.119357, 0.119574, 0.119843, 0.119925, 0.120066, 0.120103, 0.12052, 0.120674, 0.120832, 0.121177, 0.122444, 0.122663, 0.12281, 0.122835, 0.122888, 0.122894, 0.123072, 0.123132, 0.123247, 0.123536, 0.12366, 0.123783, 0.123871, 0.123977, 0.12437, 0.124397, 0.124883, 0.125936, 0.125958, 0.126127, 0.126184, 0.126192, 0.126605, 0.127127, 0.127151, 0.127441, 0.12748, 0.1275, 0.127721, 0.127745, 0.127806, 0.128185, 0.128281, 0.128295, 0.128311, 0.128384, 0.12855, 0.128682, 0.128975, 0.129055, 0.12956, 0.12956, 0.12958, 0.1296, 0.129638, 0.129987, 0.130409, 0.130418, 0.131299, 0.131393, 0.132153, 0.132272, 0.132289, 0.13244, 0.13252, 0.132757, 0.132907, 0.133108, 0.133302, 0.133671, 0.133706, 0.133786, 0.134142, 0.134515, 0.134646, 0.134799, 0.134875, 0.135119, 0.13533, 0.13546, 0.135489, 0.135579, 0.13558, 0.135619, 0.13577, 0.135773, 0.135849, 0.135949, 0.136238, 0.136714, 0.136843, 0.136932, 0.136967, 0.137455, 0.137745, 0.137768, 0.138105, 0.138212, 0.138389, 0.138772, 0.139013, 0.139103, 0.139376, 0.139457, 0.139596, 0.139596, 0.1397, 0.139718, 0.139721, 0.140416, 0.140434, 0.140577, 0.140993, 0.141096, 0.141219, 0.141267, 0.141528, 0.141563, 0.141812, 0.141881, 0.141943, 0.141954, 0.142168, 0.143745, 0.143852, 0.143943, 0.143979, 0.144124, 0.144283, 