{"sigma_r": 1.5244, "sigma_i": 0.5349, "f_hot": 0.4, "sigma_i_hot": 30.0, "m": 0, "seed": 307932858, "n_k": {"1": 4885, "2": 605, "3": 165, "4": 41, "5": 5, "6+": 3}, "dlogr": [0.000154, 0.001164, 0.001244, 0.00139, 0.00161, 0.001774, 0.001972, 0.002118, 0.002308, 0.002671, 0.003095, 0.003273, 0.00378, 0.004001, 0.004102, 0.004585, 0.004613, 0.005224, 0.005242, 0.005282, 0.005612, 0.005625, 0.00563, 0.006056, 0.006106, 0.006604, 0.006734, 0.006934, 0.00695, 0.006965, 0.008115, 0.008133, 0.008184, 0.008725, 0.008893, 0.008936, 0.009275, 0.009422, 0.009822, 0.009838, 0.010298, 0.010407, 0.010445, 0.010701, 0.010713, 0.011099, 0.01122, 0.011245, 0.012096, 0.012245, 0.012776, 0.012958, 0.013335, 0.013624, 0.013693, 0.01405, 0.014089, 0.014169, 0.014288, 0.014301, 0.014399, 0.014453, 0.014587, 0.01467, 0.014876, 0.014937, 0.015252, 0.015272, 0.015479, 0.016347, 0.016425, 0.01719, 0.017444, 0.017502, 0.01775, 0.018515, 0.018639, 0.01981, 0.020007, 0.020166, 0.020446, 0.02069, 0.020696, 0.020715, 0.020716, 0.020725, 0.021245, 0.021764, 0.022041, 0.022157, 0.022301, 0.022368, 0.022493, 0.02263, 0.023218, 0.023256, 0.023258, 0.023463, 0.023463, 0.023734, 0.023776, 0.023931, 0.024045, 0.02471, 0.025275, 0.025403, 0.025824, 0.026049, 0.026426, 0.026559, 0.026579, 0.026803, 0.026826, 0.02694, 0.026982, 0.027024, 0.027151, 0.027298, 0.027404, 0.027627, 0.027928, 0.027979, 0.028084, 0.028104, 0.028356, 0.02851, 0.028645, 0.028816, 0.029164, 0.029688, 0.029925, 0.030477, 0.030502, 0.030596, 0.030684, 0.030731, 0.030771, 0.031014, 0.03107, 0.031617, 0.032457, 0.032568, 0.03312, 0.033617, 0.033841, 0.033967, 0.034425, 0.034941, 0.035234, 0.035457, 0.035524, 0.035598, 0.035682, 0.035879, 0.035885, 0.036204, 0.036227, 0.037131, 0.037227, 0.037764, 0.037793, 0.038066, 0.038794, 0.039396, 0.039799, 0.039836, 0.040058, 0.040077, 0.040177, 0.040678, 0.040772, 0.040854, 0.041375, 0.041909, 0.042614, 0.043269, 0.043346, 0.043753, 0.044032, 0.044261, 0.044296, 0.044809, 0.045296, 0.045704, 0.045724, 0.045787, 0.0458, 0.046303, 0.046351, 0.046469, 0.046562, 0.046645, 0.046726, 0.04709, 0.047097, 0.047169, 0.04719, 0.047227, 0.047992, 0.048042, 0.048924, 0.048989, 0.049208, 0.049375, 0.049438, 0.049591, 0.050008, 0.050125, 0.050176, 0.050325, 0.050557, 0.050582, 0.051141, 0.051509, 0.051614, 0.051645, 0.052274, 0.052778, 0.052863, 0.052932, 0.054308, 0.054315, 0.054953, 0.055202, 0.055214, 0.055627, 0.055937, 0.056009, 0.056257, 0.057079, 0.05762, 0.058085, 0.058399, 0.058572, 0.058747, 0.058905, 0.059063, 0.059242, 0.05941, 0.059433, 0.060661, 0.060865, 0.061081, 0.061183, 0.061318, 0.061469, 0.061519, 0.061595, 0.061761, 0.061991, 0.062013, 0.062049, 0.062102, 0.062152, 0.062162, 0.06221, 0.062534, 0.063772, 0.064538, 0.064631, 0.064755, 0.06487, 0.065486, 0.065672, 0.065722, 0.065857, 0.065935, 0.066047, 0.066685, 0.067524, 0.068089, 0.068155, 0.068467, 0.068774, 0.069125, 0.069417, 0.069569, 0.069916, 0.070027, 0.070609, 0.070689, 0.07079, 0.071019, 0.071404, 0.071833, 0.071929, 0.071933, 0.071938, 0.071942, 0.072101, 0.072159, 0.072286, 0.073579, 0.073586, 0.073608, 0.073634, 0.073807, 0.073887, 0.074533, 0.074645, 0.074835, 0.074878, 0.074901, 0.075917, 0.075929, 0.076282, 0.076429, 0.077081, 0.077383, 0.077466, 0.078577, 0.078876, 0.078927, 0.078933, 0.079085, 0.079279, 0.079332, 0.079529, 0.079837, 0.079843, 0.080118, 0.080171, 0.080586, 0.080912, 0.081273, 0.081399, 0.081438, 0.081555, 0.081747, 0.081782, 0.081954, 0.082349, 0.082548, 0.0827, 0.08275, 0.082901, 0.083087, 0.083228, 0.083281, 0.083473, 0.083512, 0.083567, 0.083734, 0.084069, 0.084557, 0.084915, 0.084945, 0.085037, 0.085141, 0.086162, 0.086205, 0.087099, 0.087107, 0.087968, 0.088614, 0.089466, 0.089486, 0.089736, 0.089965, 0.090609, 0.090807, 0.090995, 0.09128, 0.091579, 0.092533, 0.092557, 0.092698, 0.092782, 0.093107, 0.093387, 0.093613, 0.094291, 0.094501, 0.094569, 0.0946, 0.094881, 0.095033, 0.095987, 0.096123, 0.096662, 0.097524, 0.097874, 0.097941, 0.098265, 0.098327, 0.098366, 0.098486, 0.098532, 0.098999, 0.099023, 0.099333, 0.099395, 0.099532, 0.099538, 0.099721, 0.10004, 0.100298, 0.100534, 0.10062, 0.100745, 0.100882, 0.100935, 0.101466, 0.101669, 0.101899, 0.102031, 0.102201, 0.102256, 0.10227, 0.103037, 0.103088, 0.1037, 0.104374, 0.105043, 0.105199, 0.105693, 0.105913, 0.10611, 0.106496, 0.106578, 0.106733, 0.106898, 0.107016, 0.107192, 0.107551, 0.107751, 0.107764, 0.108658, 0.108723, 0.10952, 0.110079, 0.110111, 0.110736, 0.110874, 0.111151, 0.111166, 0.111175, 0.111477, 0.111959, 0.112076, 0.112447, 0.112615, 0.113692, 0.114271, 0.114391, 0.114591, 0.115986, 0.116319, 0.116576, 0.116667, 0.117379, 0.117465, 0.11815, 0.118199, 0.118309, 0.118337, 0.118817, 0.11951, 0.11956, 0.119806, 0.119822, 0.120284, 0.120478, 0.12062, 0.120931, 0.120947, 0.121206, 0.121416, 0.121463, 0.121651, 0.12211, 0.122141, 0.122706, 0.122812, 0.122939, 0.123714, 0.123998, 0.124561, 0.124809, 0.126684, 0.127497, 0.127896, 0.128546, 0.129135, 0.129563, 0.13076, 0.13104, 0.131059, 0.131256, 0.131259, 0.131893, 0.131912, 0.132379, 0.132594, 0.132601, 0.133186, 0.133859, 0.133912, 0.13408, 0.134627, 0.135371, 0.135498, 0.135595, 0.136748, 0.136896, 0.13696, 0.136966, 0.13699, 0.137377, 0.137546, 0.138152, 0.138315, 0.138327, 0.139031, 0.139047, 0.139059, 0.139248, 0.139376, 0.13942, 0.139636, 0.1404, 0.140791, 0.141395, 0.141913, 0.142008, 0.142374, 0.1424, 0.142616, 0.143374, 0.143551, 0.144348, 0.144518, 0.144605, 0.145149, 0.145671, 0.146656, 0.147213, 0.147266, 0.148349, 0.148777, 0.149238, 0.149427, 0.150125, 0.150213, 0.150377, 0.150779, 0.151, 0.15118, 0.153286, 0.154739, 0.155779, 0.156704, 0.15705, 0.15728, 0.157437, 0.157694, 0.157757, 0.158339, 0.158344, 0.158386, 0.158459, 0.158609, 0.159488, 0.159511, 0.160019, 0.160341, 0.161801, 0.161875, 0.161914, 0.162013, 0.162014, 0.162089, 0.162162, 0.16335, 0.16359, 0.163601, 0.164063, 0.164363, 0.164472, 0.16482, 0.164897, 0.165005, 0.165333, 0.165517, 0.166487, 0.167242, 0.167491, 0.167584, 0.167865, 0.167986, 0.168042, 0.168377, 0.168656, 0.168752, 0.168975, 0.169005, 0.169329, 0.16945, 0.169807, 0.169941, 0.171042, 0.171443, 0.171559, 0.171589, 0.171606, 0.172096, 0.172385, 0.172525, 0.172935, 0.17388, 0.17405, 0.174151, 0.175219, 0.175569, 0.175657, 0.175881, 0.175883, 0.176151, 0.176966, 0.177285, 0.177521, 0.177778, 0.178372, 0.178961, 0.180392, 0.181655, 0.181846, 0.182192, 0.183147, 0.18323, 0.183686, 0.183892, 0.184423, 0.18453, 0.186468, 0.186665, 0.187097, 0.187624, 0.18765, 0.187972, 0.188613, 0.188798, 0.189136, 0.189752, 0.191042, 0.191444, 0.191691, 0.191857, 0.191943, 0.192082, 0.192099, 0.192648, 0.192696, 0.19317, 0.193179, 0.193731, 0.193888, 0.193936, 0.193948, 0.194663, 0.195128, 0.197854, 0.198721, 0.198809, 0.199604, 0.199836, 0.199891, 0.200348, 0.200587, 0.201056, 0.201165, 0.201233, 0.202207, 0.202762, 0.202776, 0.203397, 0.203772, 0.204173, 0.205237, 0.205803, 0.208126, 0.208297, 0.208344, 0.208409, 0.20958, 0.209908, 0.210412, 0.210686, 0.211097, 0.211708, 0.21172, 0.211902, 0.212161, 0.21233, 0.212364, 0.212394, 0.212658, 0.213355, 0.214395, 0.215748, 0.215975, 0.216086, 0.216197, 0.216217, 0.216393, 0.217437, 0.217482, 0.218404, 0.218588, 0.219273, 0.219795, 0.219952, 0.221607, 0.222484, 0.22297, 0.224096, 0.224422, 0.225527, 0.22587, 0.226533, 0.226553, 0.226719, 0.226863, 0.227458, 0.227524, 0.228945, 0.229023, 0.229114, 0.229564, 0.231265, 0.231559, 0.231843, 0.232815, 0.234421, 0.235133, 0.235822, 0.23736, 0.237755, 0.238279, 0.238331, 0.238354, 0.238961, 0.239345, 0.24038, 0.241686, 0.241797, 0.242013, 0.242107, 0.242626, 0.243534, 0.244718, 0.245613, 0.245818, 0.245876, 0.246485, 0.246625, 0.246693, 0.247264, 0.248052, 0.248282, 0.248672, 0.249195, 0.250229, 0.250908, 0.25126, 0.251821, 0.252191, 0.252335, 0.252467, 0.252546, 0.252715, 0.252826, 0.253048, 0.253079, 0.253381, 0.253581, 0.254568, 0.255057, 0.255456, 0.255651, 0.258527, 0.258957, 0.259523, 0.259602, 0.25963, 0.260092, 0.261106, 0.26208, 0.262352, 0.262573, 