{"sigma_r": 1.5244, "sigma_i": 0.2, "f_hot": 0.05, "sigma_i_hot": 30.0, "m": 5, "seed": 619437220, "n_k": {"1": 3764, "2": 880, "3": 261, "4": 68, "5": 13, "6+": 3}, "dlogr": [2.9e-05, 0.000369, 0.000621, 0.000688, 0.000715, 0.000909, 0.001026, 0.001038, 0.001262, 0.001393, 0.001424, 0.001634, 0.001812, 0.001978, 0.002035, 0.002062, 0.002143, 0.002318, 0.002434, 0.002484, 0.002616, 0.00277, 0.002896, 0.002901, 0.003117, 0.003127, 0.003255, 0.003406, 0.003484, 0.003602, 0.003676, 0.003709, 0.00401, 0.004084, 0.004089, 0.00412, 0.004266, 0.005095, 0.005182, 0.005589, 0.005621, 0.005687, 0.005889, 0.00603, 0.006044, 0.006292, 0.006336, 0.006631, 0.006765, 0.006872, 0.006911, 0.006994, 0.007269, 0.007421, 0.007509, 0.007634, 0.007755, 0.007981, 0.008262, 0.008277, 0.008343, 0.008445, 0.008535, 0.009043, 0.009444, 0.009515, 0.00972, 0.009764, 0.009771, 0.010023, 0.010215, 0.01075, 0.011153, 0.011221, 0.011223, 0.011362, 0.011442, 0.011518, 0.01178, 0.011863, 0.011878, 0.011892, 0.011909, 0.011962, 0.012095, 0.012168, 0.012368, 0.012656, 0.012768, 0.013276, 0.013339, 0.013377, 0.013428, 0.01358, 0.013837, 0.013848, 0.013854, 0.013953, 0.014145, 0.01447, 0.014595, 0.014615, 0.01508, 0.015222, 0.015417, 0.015572, 0.015635, 0.015653, 0.015875, 0.016083, 0.016258, 0.01656, 0.016604, 0.016619, 0.016677, 0.016734, 0.016829, 0.017188, 0.017264, 0.01759, 0.018184, 0.018208, 0.018296, 0.018826, 0.01887, 0.018896, 0.018993, 0.019082, 0.019097, 0.01915, 0.01933, 0.019335, 0.019527, 0.019596, 0.019921, 0.020225, 0.020327, 0.020521, 0.020893, 0.020952, 0.020993, 0.021066, 0.02119, 0.021595, 0.021696, 0.021783, 0.021988, 0.022018, 0.022054, 0.02207, 0.022235, 0.022577, 0.022657, 0.023103, 0.023296, 0.023361, 0.023719, 0.023773, 0.024523, 0.024539, 0.024699, 0.025068, 0.025089, 0.025332, 0.025806, 0.026012, 0.026065, 0.026284, 0.026406, 0.026568, 0.026601, 0.026716, 0.026909, 0.026968, 0.027359, 0.027524, 0.027606, 0.027705, 0.027925, 0.028053, 0.02815, 0.028525, 0.028618, 0.029107, 0.029325, 0.029542, 0.029693, 0.030038, 0.030116, 0.030173, 0.030202, 0.030284, 0.03033, 0.03045, 0.030498, 0.030555, 0.030583, 0.030666, 0.030679, 0.030975, 0.031059, 0.031225, 0.031244, 0.03149, 0.0318, 0.032102, 0.032659, 0.032685, 0.032861, 0.032916, 0.033015, 0.033215, 0.033311, 0.033338, 0.033346, 0.033365, 0.03346, 0.033705, 0.033803, 0.033807, 0.033844, 0.033882, 0.034862, 0.034866, 0.035019, 0.035125, 0.035173, 0.035272, 0.035402, 0.035424, 0.035479, 0.035606, 0.035729, 0.035753, 0.036034, 0.036042, 0.036097, 0.036277, 0.036325, 0.036588, 0.036713, 0.036797, 0.036826, 0.036844, 0.037073, 0.037201, 0.037366, 0.037553, 0.038049, 0.038162, 0.038247, 0.038479, 0.039131, 0.039285, 0.0396, 0.039628, 0.039915, 0.040001, 0.041184, 0.041231, 0.041339, 0.041531, 0.041787, 0.04187, 0.042092, 0.042276, 0.042372, 0.04249, 0.042691, 0.042706, 0.043297, 0.043422, 0.043451, 0.043682, 0.04375, 0.04403, 0.044115, 0.044408, 0.044678, 0.044852, 0.045039, 0.045041, 0.04513, 0.045137, 0.04526, 0.045547, 0.045684, 0.045843, 0.046095, 0.046225, 0.046576, 0.046665, 0.046735, 0.046809, 0.046852, 0.04689, 0.046892, 0.046895, 0.047149, 0.047589, 0.047668, 0.047668, 0.047744, 0.047916, 0.04819, 0.04834, 0.048404, 0.048499, 0.048709, 0.048804, 0.048816, 0.048831, 0.048882, 0.048921, 0.049084, 0.049343, 0.049729, 0.049773, 0.049796, 0.049901, 0.050057, 0.05011, 0.050275, 0.0503, 0.050323, 0.050413, 0.050676, 0.050825, 0.050982, 0.051313, 0.051604, 0.051633, 0.051767, 0.052589, 0.052844, 0.053046, 0.053114, 0.053148, 0.053198, 0.053583, 0.05389, 0.05397, 0.054033, 0.054043, 0.054064, 0.054109, 0.054154, 0.054311, 0.054339, 0.054583, 0.05473, 0.054832, 0.054866, 0.055153, 0.055179, 0.055294, 0.055298, 0.055493, 0.055666, 0.055677, 0.055757, 0.055813, 0.056052, 0.056176, 0.056482, 0.056735, 0.056811, 0.057052, 0.057285, 0.057545, 0.057717, 0.057836, 0.057842, 0.057907, 0.058069, 0.058469, 0.05902, 0.059049, 0.059268, 0.059356, 0.059369, 0.059463, 0.059488, 0.059497, 0.059774, 0.059795, 0.060366, 0.060401, 0.060447, 0.060531, 0.060663, 0.060824, 0.060984, 0.061137, 0.061231, 0.061275, 0.061293, 0.061435, 0.061776, 0.062106, 0.062146, 0.062265, 0.062358, 0.062657, 0.062711, 0.062855, 0.063326, 0.063405, 0.063427, 0.063428, 0.063535, 0.063621, 0.063841, 0.063965, 0.064033, 0.064132, 0.06423, 0.064316, 0.064483, 0.065522, 0.065823, 0.065825, 0.066161, 0.066307, 0.066353, 0.066493, 0.066846, 0.066874, 0.067054, 0.067632, 0.067694, 0.067766, 0.067806, 0.067935, 0.068102, 0.068111, 0.06837, 0.068571, 0.068675, 0.068977, 0.069239, 0.069241, 0.069665, 0.06986, 0.070717, 0.070895, 0.0709, 0.07102, 0.071081, 0.071199, 0.071225, 0.071229, 0.071518, 0.071662, 0.071953, 0.072206, 0.072208, 0.072404, 0.072656, 0.072713, 0.072715, 0.072722, 0.072806, 0.072993, 0.073025, 0.073622, 0.073663, 0.073737, 0.073904, 0.074042, 0.074231, 0.074411, 0.074864, 0.074956, 0.074968, 0.075075, 0.075437, 0.075626, 0.075683, 0.075725, 0.076409, 0.076452, 0.076689, 0.076695, 0.076816, 0.077015, 0.077116, 0.077159, 0.077194, 0.077285, 0.077633, 0.077726, 0.077977, 0.078463, 0.078465, 0.079135, 0.07941, 0.079551, 0.079721, 0.079731, 0.079749, 0.0801, 0.080189, 0.080226, 0.080308, 0.080335, 0.080402, 0.080709, 0.080929, 0.081304, 0.081395, 0.081488, 0.081513, 0.081696, 0.081719, 0.08177, 0.081974, 0.082053, 0.0823, 0.082595, 0.08272, 0.082941, 0.082964, 0.083516, 0.084022, 0.084061, 0.084249, 0.084466, 0.084654, 0.084677, 0.084841, 0.085078, 0.085129, 0.085139, 0.085421, 0.085508, 0.087011, 0.087203, 0.087427, 0.08748, 0.087548, 0.087707, 0.087949, 0.087987, 0.088504, 0.088695, 0.088804, 0.088876, 0.088917, 0.08912, 0.089273, 0.0894, 0.08947, 0.08952, 0.089587, 0.090044, 0.090172, 0.090383, 0.090515, 0.090531, 0.090636, 0.090872, 0.090992, 0.090994, 0.091005, 0.091209, 0.091308, 0.091791, 0.092242, 0.092304, 0.09233, 0.092436, 0.092611, 0.092797, 0.092962, 0.093022, 0.09318, 0.094167, 0.094176, 0.094334, 0.094437, 0.09455, 0.094553, 0.09563, 0.095681, 0.095812, 0.096032, 0.096113, 0.096177, 0.096186, 0.096346, 0.096512, 0.096795, 0.096897, 0.097009, 0.097011, 0.097098, 0.098134, 0.098333, 0.098536, 0.098594, 0.098627, 0.099534, 0.099617, 0.100318, 0.100404, 0.100677, 0.100884, 0.101226, 0.10123, 0.101402, 0.101639, 0.101801, 0.102101, 0.10214, 0.102175, 0.102179, 0.102718, 0.10306, 0.103069, 0.103086, 0.10325, 0.103256, 0.103334, 0.103452, 0.103707, 0.104306, 0.104687, 0.104754, 0.104985, 0.105265, 0.105389, 0.105723, 0.10578, 0.106109, 0.106153, 0.106198, 0.106437, 0.106455, 0.10698, 0.107203, 0.107373, 0.107385, 0.10746, 0.107617, 0.10798, 0.108081, 0.108119, 0.108326, 0.108694, 0.108717, 0.109066, 0.109089, 0.109572, 0.109685, 0.109745, 0.109829, 0.109967, 0.11008, 0.110288, 0.110327, 0.110528, 0.110583, 0.110736, 0.110957, 0.111053, 0.111063, 0.11123, 0.111716, 0.111893, 0.112261, 0.112267, 0.112333, 0.112463, 0.112532, 0.112673, 0.11294, 0.112999, 0.113266, 0.113288, 0.11329, 0.113312, 0.113378, 0.113416, 0.113483, 0.113771, 0.113909, 0.113919, 0.114447, 0.114535, 0.115191, 0.11529, 0.115394, 0.116239, 0.116628, 0.116794, 0.116845, 0.117006, 0.117198, 0.117377, 0.117935, 0.119223, 0.119619, 0.11993, 0.119938, 0.121065, 0.121247, 0.121602, 0.121643, 0.121927, 0.122014, 0.122278, 0.122377, 0.12255, 0.122821, 0.123002, 0.123256, 0.123675, 0.124088, 0.124295, 0.124666, 0.124691, 0.124693, 0.124897, 0.125232, 0.125558, 0.125764, 0.125887, 0.126086, 0.126119, 0.126281, 0.126584, 0.126839, 0.126863, 0.12706, 0.127286, 0.127375, 0.127411, 0.127576, 0.127578, 0.12764, 0.127735, 0.127919, 0.12843, 0.128461, 0.128537, 0.128583, 0.128678, 0.129199, 0.129233, 0.129356, 0.129564, 0.12967, 0.129738, 0.129744, 0.129969, 0.130249, 0.130375, 0.130515, 0.130721, 0.131134, 0.13141, 0.131864, 0.132024, 0.132028, 0.132439, 0.132439, 0.132922, 0.133226, 0.133345, 0.133409, 0.134046, 0.134285, 0.134424, 0.134657, 0.134993, 0.135388, 0.135457, 0.13549, 0.135662, 0.135724, 0.137458, 0.139298, 0.139414, 0.139696, 0.13974, 0.139794, 0.140023, 0.140125, 0.140298, 0.140501, 