{"sigma_r": 1.5244, "sigma_i": 1.4304, "f_hot": 0.4, "sigma_i_hot": 30.0, "m": 5, "seed": 2027377706, "n_k": {"1": 4938, "2": 623, "3": 130, "4": 23, "5": 3, "6+": 1}, "dlogr": [0.0, 0.000236, 0.000354, 0.000488, 0.001048, 0.001105, 0.001542, 0.001698, 0.001881, 0.002136, 0.002718, 0.003187, 0.003966, 0.004343, 0.004415, 0.00464, 0.004797, 0.004873, 0.005292, 0.005367, 0.005703, 0.00607, 0.006486, 0.006514, 0.006748, 0.007223, 0.007451, 0.007842, 0.008116, 0.008308, 0.008539, 0.008706, 0.009031, 0.009161, 0.00927, 0.009563, 0.009742, 0.01008, 0.010388, 0.010775, 0.010956, 0.011066, 0.01151, 0.011772, 0.011774, 0.012014, 0.012502, 0.012518, 0.012562, 0.012775, 0.012823, 0.01314, 0.013469, 0.013556, 0.013845, 0.013847, 0.013927, 0.013989, 0.014992, 0.014997, 0.015, 0.015228, 0.015471, 0.015844, 0.015963, 0.016332, 0.016374, 0.016789, 0.017611, 0.017632, 0.017636, 0.017733, 0.017749, 0.017796, 0.018184, 0.01826, 0.018261, 0.018463, 0.019937, 0.020671, 0.021249, 0.021332, 0.021706, 0.021937, 0.022158, 0.022287, 0.022393, 0.022733, 0.022753, 0.023005, 0.023442, 0.023643, 0.023677, 0.023689, 0.024529, 0.025101, 0.025157, 0.025223, 0.025346, 0.025527, 0.026419, 0.02706, 0.027517, 0.028009, 0.028411, 0.028764, 0.029961, 0.030405, 0.03073, 0.030934, 0.031236, 0.031385, 0.031534, 0.031667, 0.031729, 0.031921, 0.031979, 0.032277, 0.032463, 0.033057, 0.033216, 0.033267, 0.03368, 0.033862, 0.033979, 0.033986, 0.034052, 0.034253, 0.034629, 0.035061, 0.035847, 0.035975, 0.036, 0.036531, 0.036645, 0.03671, 0.036738, 0.036948, 0.037166, 0.037316, 0.03732, 0.03759, 0.037761, 0.037817, 0.038477, 0.038552, 0.038593, 0.0392, 0.039433, 0.04244, 0.04252, 0.043597, 0.043951, 0.043958, 0.043999, 0.044743, 0.044829, 0.045299, 0.045698, 0.046076, 0.046345, 0.046813, 0.047426, 0.047564, 0.047624, 0.047625, 0.047633, 0.048239, 0.048265, 0.048372, 0.048519, 0.048736, 0.049108, 0.049203, 0.049226, 0.049389, 0.04939, 0.049464, 0.049537, 0.049752, 0.049833, 0.049882, 0.050165, 0.050356, 0.050889, 0.051323, 0.051528, 0.051597, 0.051752, 0.051943, 0.052328, 0.052585, 0.052727, 0.053318, 0.053465, 0.05407, 0.054242, 0.054299, 0.054876, 0.055413, 0.056328, 0.056481, 0.056649, 0.056661, 0.056709, 0.058249, 0.058948, 0.058965, 0.059738, 0.059775, 0.059956, 0.060313, 0.060801, 0.060895, 0.061191, 0.061323, 0.061654, 0.061913, 0.062322, 0.062494, 0.062705, 0.062815, 0.062816, 0.063192, 0.063452, 0.063564, 0.063635, 0.06367, 0.063795, 0.064192, 0.064862, 0.065054, 0.065477, 0.06561, 0.065614, 0.066303, 0.066626, 0.06679, 0.06695, 0.06714, 0.067233, 0.068251, 0.06896, 0.069351, 0.06965, 0.070021, 0.070595, 0.070629, 0.07078, 0.070784, 0.070893, 0.071842, 0.073592, 0.073696, 0.074095, 0.074631, 0.07466, 0.074818, 0.075201, 0.075279, 0.075362, 0.075517, 0.076842, 0.076949, 0.076955, 0.077025, 0.077529, 0.078689, 0.078804, 0.078947, 0.079316, 0.079382, 0.079861, 0.080142, 0.080577, 0.081645, 0.081876, 0.081987, 0.082127, 0.082721, 0.082908, 0.083277, 0.083373, 0.083623, 0.083718, 0.083823, 0.083991, 0.084117, 0.084139, 0.084193, 0.08427, 0.084985, 0.085614, 0.085789, 0.086069, 0.086395, 0.086459, 0.086919, 0.087069, 0.087078, 0.087424, 0.08756, 0.088162, 0.088346, 0.088588, 0.088722, 0.08877, 0.089006, 0.089072, 0.089677, 0.089904, 0.090825, 0.090884, 0.091609, 0.092066, 0.093077, 0.093185, 0.093242, 0.093415, 0.093427, 0.093613, 0.093879, 0.093925, 0.094044, 0.094182, 0.094865, 0.095087, 0.095591, 0.095712, 0.095846, 0.095871, 0.095999, 0.096061, 0.096083, 0.096132, 0.096892, 0.097326, 0.097447, 0.097955, 0.098009, 0.098167, 0.098483, 0.098749, 0.09881, 0.099719, 0.100717, 0.100726, 0.101296, 0.101699, 0.102227, 0.102358, 0.102399, 0.103377, 0.103438, 0.104489, 0.10482, 0.104978, 0.105811, 0.107083, 0.107168, 0.107338, 0.10743, 0.107711, 0.107726, 0.108022, 0.108212, 0.108933, 0.109157, 0.1094, 0.109695, 0.110126, 0.110161, 0.110774, 0.110793, 0.110815, 0.111287, 0.111304, 0.111314, 0.111476, 0.111819, 0.112267, 0.112955, 0.113204, 0.113385, 0.113406, 0.113592, 0.113624, 0.11371, 0.113716, 0.114042, 0.114237, 0.114474, 0.114865, 0.114924, 0.114997, 0.115634, 0.115639, 0.115859, 0.116172, 0.116524, 0.116877, 0.117472, 0.1177, 0.117712, 0.117751, 0.117862, 0.119294, 0.120337, 0.120469, 0.12055, 0.12121, 0.121326, 0.121515, 0.122014, 0.122593, 0.123509, 0.12351, 0.123852, 0.124088, 0.124133, 0.124719, 0.125026, 0.125439, 0.12619, 0.126424, 0.126539, 0.126828, 0.126896, 0.127927, 0.128105, 0.128321, 0.128386, 0.128417, 0.128541, 0.128774, 0.12922, 0.129941, 0.130157, 0.130348, 0.130803, 0.131592, 0.131904, 0.132724, 0.132959, 0.133581, 0.133736, 0.13398, 0.134384, 0.134449, 0.135239, 0.135923, 0.135966, 0.135993, 0.136376, 0.136675, 0.136779, 0.137057, 0.137394, 0.137434, 0.137715, 0.137849, 0.138322, 0.139994, 0.140867, 0.14148, 0.142613, 0.142936, 0.143273, 0.143521, 0.143886, 0.145137, 0.145803, 0.147368, 0.147546, 0.148311, 0.148509, 0.148514, 0.149222, 0.149304, 0.149571, 0.150065, 0.150916, 0.15163, 0.151978, 0.152507, 0.152512, 0.152625, 0.152735, 0.152876, 0.152994, 0.153033, 0.153271, 0.153532, 0.154538, 0.156314, 0.156686, 0.156872, 0.157542, 0.158268, 0.158293, 0.158391, 0.158588, 0.158921, 0.159526, 0.159543, 0.160017, 0.161526, 0.161829, 0.162362, 0.162536, 0.162553, 0.162927, 0.163041, 0.163088, 0.164443, 0.164926, 0.165181, 0.165565, 0.165871, 0.166366, 0.167267, 0.168264, 0.169737, 0.169952, 0.1702, 0.170689, 0.170847, 0.170961, 0.170999, 0.172383, 0.173399, 0.173409, 0.17372, 0.174568, 0.175236, 0.176213, 0.176995, 0.177045, 0.177197, 0.177469, 0.177552, 0.178124, 0.178244, 0.1785, 0.179058, 0.179199, 0.179893, 0.180668, 0.180922, 0.181159, 0.181207, 0.181371, 0.181458, 0.181546, 0.181615, 0.181786, 0.183687, 0.183698, 0.183751, 0.183817, 0.184297, 0.184391, 0.184598, 0.184616, 0.184618, 0.184733, 0.185243, 0.185561, 0.185631, 0.185712, 0.186218, 0.186256, 0.186614, 0.187415, 0.187503, 0.187565, 0.187612, 0.188699, 0.188877, 0.189066, 0.189869, 0.191356, 0.19181, 0.191974, 0.192113, 0.194449, 0.194503, 0.195723, 0.19626, 0.198588, 0.198715, 0.198876, 0.199013, 0.199373, 0.199853, 0.20002, 0.200345, 0.200346, 0.20098, 0.201154, 0.20125, 0.201539, 0.202496, 0.203114, 0.203211, 0.204865, 0.205761, 0.206238, 0.206361, 0.206896, 0.208325, 0.208842, 0.209213, 0.209851, 0.21009, 0.210682, 0.212674, 0.214459, 0.214474, 0.217476, 0.218247, 0.218757, 0.220284, 0.220512, 0.221644, 0.222137, 0.22224, 0.222288, 0.223166, 0.223684, 0.224149, 0.224393, 0.224593, 0.224772, 0.22544, 0.225742, 0.225877, 0.225902, 0.225966, 0.226296, 0.226672, 0.227056, 0.228058, 0.229396, 0.230171, 0.230341, 0.231048, 0.231995, 0.233074, 0.235756, 0.235931, 0.236174, 0.236971, 0.238366, 0.238753, 0.239391, 0.239586, 0.239887, 0.240877, 0.241206, 0.241338, 0.241596, 0.242626, 0.242766, 0.243221, 0.243907, 0.244399, 0.244586, 0.244821, 0.244887, 0.245215, 0.246264, 0.246656, 0.247102, 0.247701, 0.247788, 0.248862, 0.249481, 0.250059, 0.251929, 0.25201, 0.252069, 0.252124, 0.252263, 0.253238, 0.254541, 0.254967, 0.255634, 0.255726, 0.255955, 0.256373, 0.256447, 0.256829, 0.256967, 0.25732, 0.258255, 0.258343, 0.259712, 0.260598, 0.261831, 0.263094, 0.264096, 0.264693, 0.264839, 0.265547, 0.265552, 0.266078, 0.266275, 0.266966, 0.267354, 0.267532, 0.267717, 0.26798, 0.268067, 0.268751, 0.269734, 0.270405, 0.270761, 0.271197, 0.271907, 0.272226, 0.272688, 0.276426, 0.279376, 0.279982, 0.280485, 0.280985, 0.281071, 0.282153, 0.283153, 0.283169, 0.283315, 0.283849, 0.284494, 0.28464, 0.285319, 0.285775, 0.286261, 0.287477, 0.289985, 0.291115, 0.293133, 0.293592, 0.293841, 0.295553, 0.298921, 0.300259, 0.300261, 0.302007, 0.302732, 0.303203, 0.303426, 0.30361, 0.303973, 0.304046, 0.304113, 0.304875, 0.307451, 0.307647, 0.308314, 0.308777, 0.309563, 0.310886, 0.311105, 0.313108, 0.313578, 0.314367, 0.315185, 0.319658, 0.3246, 0.325124, 0.325932, 0.326173, 0.327084, 0.327439, 0.328665, 0.329144, 0.32915, 0.329208, 0.330023, 0.330601, 0.333249, 0.335318, 0.335784, 0.336644, 0.339683, 0.341862, 0.342044, 0.342481, 0.343796, 