{"sigma_r": 1.5244, "sigma_i": 0.2, "f_hot": 0.15, "sigma_i_hot": 10.0, "m": 3, "seed": 2003746447, "n_k": {"1": 4033, "2": 860, "3": 239, "4": 60, "5": 16, "6+": 3}, "dlogr": [8e-05, 0.00016, 0.000311, 0.000406, 0.000842, 0.000862, 0.001354, 0.001619, 0.001715, 0.002062, 0.002171, 0.002296, 0.003007, 0.003189, 0.003297, 0.003506, 0.004143, 0.004388, 0.00443, 0.004436, 0.00448, 0.00471, 0.004901, 0.004941, 0.005021, 0.005024, 0.005498, 0.005671, 0.005771, 0.005857, 0.005909, 0.006301, 0.00638, 0.006728, 0.007278, 0.00729, 0.007319, 0.007328, 0.007482, 0.007597, 0.007746, 0.00808, 0.00808, 0.008114, 0.008123, 0.008143, 0.008158, 0.008182, 0.008269, 0.00836, 0.008626, 0.008911, 0.009028, 0.009053, 0.009126, 0.009131, 0.009212, 0.009763, 0.009813, 0.009929, 0.009942, 0.009988, 0.010014, 0.010067, 0.010343, 0.010753, 0.01086, 0.011067, 0.011362, 0.011529, 0.011532, 0.011621, 0.011674, 0.011675, 0.011809, 0.01208, 0.012403, 0.012551, 0.012871, 0.012915, 0.01292, 0.012957, 0.013015, 0.013075, 0.01354, 0.01362, 0.013717, 0.013998, 0.01478, 0.015169, 0.015283, 0.01535, 0.01551, 0.01573, 0.015739, 0.015815, 0.015842, 0.015901, 0.015956, 0.016061, 0.016073, 0.016163, 0.016376, 0.01647, 0.016474, 0.016568, 0.01674, 0.016799, 0.016841, 0.016957, 0.017296, 0.017387, 0.017764, 0.018081, 0.018151, 0.018231, 0.018655, 0.018925, 0.019003, 0.019016, 0.019191, 0.019323, 0.019415, 0.019477, 0.019592, 0.01967, 0.019938, 0.01997, 0.020193, 0.020397, 0.020439, 0.0205, 0.020543, 0.020743, 0.020749, 0.020805, 0.020818, 0.020994, 0.021027, 0.021208, 0.021332, 0.021363, 0.021516, 0.021665, 0.021679, 0.021884, 0.022009, 0.022188, 0.022255, 0.022262, 0.022343, 0.022596, 0.022858, 0.022932, 0.023193, 0.023197, 0.023333, 0.023616, 0.023673, 0.023815, 0.02396, 0.024068, 0.024411, 0.024483, 0.024755, 0.024843, 0.024904, 0.025874, 0.026023, 0.026177, 0.026272, 0.026353, 0.026448, 0.026935, 0.026959, 0.026971, 0.026985, 0.027002, 0.027103, 0.027234, 0.027264, 0.027512, 0.02752, 0.028093, 0.028093, 0.028183, 0.028249, 0.028398, 0.028642, 0.028752, 0.028865, 0.029085, 0.029239, 0.029262, 0.029424, 0.029523, 0.029685, 0.029701, 0.029723, 0.029863, 0.030131, 0.030142, 0.030149, 0.030683, 0.030687, 0.030739, 0.031066, 0.031303, 0.031586, 0.03186, 0.031946, 0.032009, 0.032105, 0.032163, 0.032167, 0.032213, 0.032495, 0.032568, 0.032702, 0.032738, 0.032782, 0.032924, 0.03323, 0.033337, 0.033615, 0.033829, 0.033867, 0.034106, 0.03474, 0.034813, 0.035221, 0.035318, 0.03533, 0.035571, 0.035646, 0.035675, 0.035999, 0.03602, 0.036101, 0.036575, 0.036575, 0.036672, 0.036794, 0.036929, 0.036987, 0.037016, 0.037045, 0.037051, 0.037123, 0.037132, 0.037153, 0.037232, 0.037791, 0.038297, 0.038513, 0.038531, 0.038585, 0.038696, 0.038812, 0.038826, 0.038866, 0.038928, 0.038936, 0.039016, 0.03935, 0.039773, 0.040057, 0.040181, 0.040251, 0.040277, 0.040611, 0.04099, 0.041112, 0.041185, 0.041243, 0.041539, 0.041548, 0.041847, 0.04191, 0.041934, 0.042055, 0.042198, 0.042424, 0.042563, 0.042648, 0.042662, 0.043041, 0.043061, 0.043383, 0.043789, 0.043934, 0.043977, 0.044074, 0.044241, 0.044333, 0.044393, 0.045009, 0.045235, 0.045437, 0.045635, 0.046851, 0.046857, 0.04687, 0.046938, 0.04706, 0.047225, 0.047251, 0.04741, 0.047435, 0.047641, 0.047671, 0.047682, 0.048099, 0.048189, 0.048213, 0.048227, 0.048228, 0.048594, 0.049112, 0.049348, 0.049427, 0.049687, 0.0497, 0.049728, 0.050281, 0.050513, 0.050558, 0.050616, 0.050648, 0.050812, 0.051157, 0.051212, 0.051247, 0.051373, 0.051532, 0.05161, 0.051712, 0.052336, 0.052393, 0.052494, 0.052888, 0.053034, 0.053215, 0.053351, 0.053575, 0.053586, 0.0536, 0.053628, 0.053812, 0.054351, 0.054404, 0.054685, 0.054827, 0.054989, 0.055559, 0.055568, 0.05561, 0.056051, 0.05619, 0.05646, 0.056591, 0.056685, 0.057107, 0.057226, 0.057356, 0.057712, 0.057819, 0.057851, 0.057894, 0.058154, 0.058452, 0.058734, 0.058766, 0.058771, 0.059124, 0.059318, 0.059395, 0.059589, 0.059653, 0.059897, 0.060225, 0.060247, 0.0604, 0.060959, 0.061038, 0.061218, 0.061271, 0.06151, 0.061579, 0.061641, 0.061731, 0.062439, 0.062514, 0.062597, 0.062634, 0.062697, 0.06273, 0.062974, 0.063252, 0.063326, 0.063844, 0.064037, 0.064402, 0.064904, 0.065043, 0.065134, 0.065364, 0.065546, 0.065705, 0.065734, 0.065736, 0.065892, 0.065944, 0.066088, 0.066334, 0.066378, 0.066435, 0.066504, 0.066545, 0.067105, 0.067466, 0.067734, 0.067776, 0.067785, 0.067884, 0.067921, 0.067961, 0.068012, 0.068111, 0.068288, 0.068351, 0.068384, 0.068717, 0.068821, 0.068898, 0.06892, 0.069212, 0.069217, 0.06934, 0.069418, 0.069862, 0.069908, 0.070225, 0.0703, 0.07043, 0.070536, 0.070595, 0.070927, 0.070962, 0.071051, 0.071424, 0.071747, 0.071952, 0.0721, 0.072551, 0.072749, 0.072827, 0.072863, 0.073082, 0.073157, 0.073415, 0.073427, 0.073579, 0.07375, 0.073756, 0.073776, 0.074534, 0.074778, 0.075066, 0.075133, 0.075414, 0.075484, 0.075522, 0.075979, 0.076132, 0.076198, 0.076656, 0.07674, 0.077041, 0.077045, 0.077174, 0.077506, 0.077609, 0.077811, 0.078008, 0.078092, 0.078326, 0.078368, 0.078923, 0.079388, 0.079398, 0.079424, 0.079445, 0.079595, 0.079744, 0.079909, 0.079929, 0.080045, 0.080287, 0.08031, 0.080476, 0.081248, 0.081273, 0.08138, 0.08142, 0.0815, 0.08177, 0.081785, 0.081831, 0.082109, 0.082304, 0.082384, 0.082572, 0.082859, 0.083125, 0.083241, 0.083252, 0.083483, 0.083565, 0.083912, 0.083979, 0.084177, 0.084232, 0.084292, 0.084299, 0.085002, 0.085059, 0.085131, 0.085141, 0.085256, 0.08558, 0.085584, 0.085821, 0.085889, 0.086301, 0.086689, 0.086714, 0.086836, 0.087129, 0.08727, 0.087514, 0.087962, 0.08832, 0.088336, 0.088337, 0.088442, 0.088801, 0.088871, 0.088918, 0.08892, 0.089406, 0.089782, 0.090087, 0.090262, 0.090471, 0.091218, 0.091283, 0.091444, 0.091662, 0.091823, 0.092072, 0.092184, 0.092283, 0.092683, 0.093299, 0.093305, 0.093312, 0.0935, 0.093584, 0.093608, 0.09395, 0.094374, 0.094383, 0.094456, 0.094583, 0.094673, 0.094675, 0.094769, 0.095471, 0.095493, 0.095632, 0.095649, 0.096171, 0.096926, 0.097107, 0.097276, 0.097451, 0.098084, 0.098464, 0.098465, 0.099177, 0.099257, 0.099534, 0.09954, 0.099648, 0.099739, 0.100285, 0.100448, 0.100601, 0.100816, 0.10088, 0.100915, 0.100968, 0.100983, 0.101055, 0.101343, 0.101581, 0.102167, 0.102466, 0.102471, 0.102734, 0.102969, 0.103467, 0.103532, 0.103831, 0.103863, 0.103901, 0.104211, 0.104395, 0.104501, 0.104604, 0.104845, 0.105015, 0.10551, 0.105565, 0.105609, 0.10567, 0.106342, 0.106621, 0.106749, 0.107172, 0.107518, 0.107809, 0.107919, 0.108162, 0.108277, 0.108402, 0.108435, 0.10852, 0.108591, 0.109213, 0.109213, 0.109553, 0.109734, 0.109857, 0.109944, 0.110006, 0.110013, 0.110157, 0.110229, 0.110454, 0.110596, 0.110697, 0.110875, 0.110882, 0.110953, 0.110974, 0.111204, 0.111419, 0.111708, 0.111816, 0.111852, 0.111868, 0.112305, 0.112753, 0.112841, 0.112984, 0.113109, 0.113624, 0.113728, 0.114022, 0.114188, 0.114291, 0.114634, 0.114924, 0.114925, 0.115532, 0.115624, 0.115646, 0.115716, 0.115798, 0.11612, 0.116275, 0.116336, 0.116684, 0.117014, 0.117309, 0.117335, 0.117435, 0.117941, 0.11858, 0.119468, 0.119546, 0.119788, 0.119863, 0.119923, 0.120076, 0.120323, 0.121108, 0.121178, 0.121207, 0.121222, 0.121347, 0.121404, 0.121474, 0.121504, 0.121544, 0.121837, 0.122017, 0.122112, 0.122181, 0.122529, 0.122792, 0.12291, 0.123137, 0.123265, 0.123791, 0.124014, 0.124126, 0.124127, 0.124533, 0.124539, 0.124897, 0.12493, 0.125224, 0.125333, 0.125482, 0.125538, 0.125853, 0.125893, 0.125994, 0.126031, 0.126548, 0.126952, 0.126956, 0.127045, 0.127694, 0.128037, 0.128367, 0.128412, 0.128474, 0.128578, 0.12915, 0.129201, 0.129201, 0.129294, 0.129535, 0.129549, 0.129674, 0.129942, 0.130058, 0.130154, 0.130287, 0.130428, 0.130629, 0.130757, 0.131229, 0.131356, 0.131924, 0.132095, 0.132131, 0.132453, 0.132661, 0.132814, 0.132953, 0.133703, 0.133907, 0.134128, 0.134444, 0.134519, 0.135099, 0.135612, 0.135646, 0.136478, 0.136801, 0.13735, 0.137455, 0.13772, 0.13825, 0.138259, 0.139926, 0.139947, 0.139973, 0.140049, 0.140304, 0.140528, 0.140849, 0.141008, 0.141286, 0.141424, 0.141474, 