{"sigma_r": 0.3141, "sigma_i": 0.3271, "m": 2, "seed": 2347885651, "n_k": {"1": 3618, "2": 984, "3": 266, "4": 78, "5": 22, "6+": 5}, "dlogr": [0.0, 0.0, 0.0, 0.0, 0.0, 0.0, 0.0, 0.0, 0.0, 0.0, 0.0, 2.8e-05, 3.5e-05, 0.000144, 0.000166, 0.000173, 0.000194, 0.000216, 0.000231, 0.000231, 0.000286, 0.000296, 0.000332, 0.000379, 0.000402, 0.000447, 0.000467, 0.000484, 0.000503, 0.000619, 0.000675, 0.000753, 0.000787, 0.000816, 0.000895, 0.001004, 0.001049, 0.001091, 0.001103, 0.001126, 0.001216, 0.001278, 0.001294, 0.00139, 0.001435, 0.001448, 0.00148, 0.00148, 0.001494, 0.001559, 0.001607, 0.00163, 0.001652, 0.001688, 0.001746, 0.001796, 0.001843, 0.00211, 0.002138, 0.002142, 0.002173, 0.002334, 0.00267, 0.00271, 0.002735, 0.002746, 0.002787, 0.00287, 0.003091, 0.003116, 0.003237, 0.003255, 0.00344, 0.003515, 0.003642, 0.003892, 0.003928, 0.004014, 0.004157, 0.004238, 0.004307, 0.004319, 0.004413, 0.004487, 0.004562, 0.004593, 0.004605, 0.004688, 0.004693, 0.004794, 0.00483, 0.004928, 0.004998, 0.005004, 0.005077, 0.005081, 0.005124, 0.005268, 0.005335, 0.005433, 0.005512, 0.005624, 0.005726, 0.005833, 0.005902, 0.00592, 0.005926, 0.006003, 0.006033, 0.006099, 0.006123, 0.006178, 0.00622, 0.006271, 0.006337, 0.006348, 0.006438, 0.006489, 0.006627, 0.006751, 0.006817, 0.006827, 0.006919, 0.006942, 0.006961, 0.007139, 0.007161, 0.007235, 0.007273, 0.007406, 0.007518, 0.007526, 0.00757, 0.0077, 0.007769, 0.007921, 0.007944, 0.00797, 0.00805, 0.008135, 0.008153, 0.008176, 0.008181, 0.008231, 0.008287, 0.00836, 0.008446, 0.008459, 0.008507, 0.008523, 0.008561, 0.008587, 0.008744, 0.008775, 0.008799, 0.008873, 0.008924, 0.008933, 0.008939, 0.008946, 0.009055, 0.009098, 0.009101, 0.009242, 0.009259, 0.009335, 0.009409, 0.00946, 0.00949, 0.009548, 0.009548, 0.009563, 0.009668, 0.009734, 0.009755, 0.009794, 0.009823, 0.009851, 0.009902, 0.009931, 0.009938, 0.010038, 0.010082, 0.010088, 0.010126, 0.010142, 0.010167, 0.010177, 0.010228, 0.010232, 0.010345, 0.010393, 0.0104, 0.010478, 0.010519, 0.010551, 0.010555, 0.010621, 0.010647, 0.010653, 0.01069, 0.0107, 0.010748, 0.0108, 0.010845, 0.010857, 0.010896, 0.010955, 0.01096, 0.010973, 0.010991, 0.011107, 0.011115, 0.011115, 0.011157, 0.011202, 0.011257, 0.011327, 0.011329, 0.01133, 0.011359, 0.011373, 0.011429, 0.011487, 0.011496, 0.011518, 0.011527, 0.01153, 0.011548, 0.011561, 0.011674, 0.011674, 0.011862, 0.012, 0.012037, 0.012126, 0.012287, 0.012475, 0.012507, 0.012512, 0.012599, 0.012602, 0.012679, 0.012871, 0.012872, 0.012942, 0.013082, 0.013179, 0.01318, 0.0132, 0.013229, 0.013319, 0.013386, 0.013396, 0.013413, 0.013557, 0.013567, 0.013607, 0.01365, 0.013653, 0.013802, 0.013808, 0.013869, 0.013902, 0.013962, 0.01399, 0.014078, 0.014149, 0.014149, 0.014362, 0.014564, 0.014633, 0.014743, 0.014812, 0.014977, 0.015178, 0.015293, 0.015319, 0.01532, 0.015409, 0.015499, 0.015507, 0.015656, 0.015658, 0.015693, 0.015694, 0.015724, 0.015816, 0.015848, 0.016097, 0.016144, 0.016147, 0.016153, 0.016233, 0.016247, 0.016261, 0.01631, 0.016332, 0.01636, 0.016433, 0.016454, 0.016537, 0.016592, 0.016715, 0.01684, 0.016856, 0.016915, 0.016989, 0.017038, 0.017077, 0.017209, 0.017236, 0.017293, 0.017301, 0.017637, 0.01765, 0.01767, 0.017709, 0.017734, 0.017751, 0.017759, 0.017782, 0.01779, 0.017927, 0.018383, 0.018458, 0.01846, 0.018475, 0.018593, 0.018607, 0.018648, 0.01865, 0.018768, 0.018948, 0.018949, 0.019041, 0.019114, 0.019451, 0.019452, 0.019474, 0.019653, 0.019683, 0.019797, 0.019818, 0.019932, 0.019956, 0.019957, 0.019958, 0.020006, 0.020012, 0.020063, 0.020079, 0.020105, 0.020165, 0.020179, 0.020187, 0.020215, 0.020434, 0.020559, 0.02089, 0.021164, 0.021214, 0.021264, 0.021277, 0.021337, 0.021407, 0.02149, 0.021525, 0.021617, 0.021764, 0.021838, 0.021866, 0.021889, 0.02197, 0.022042, 0.022081, 0.022111, 0.022192, 0.022315, 0.022419, 0.022454, 0.022466, 0.022497, 0.022605, 0.022697, 0.022819, 0.022873, 0.022887, 0.022984, 0.022991, 0.02305, 0.023107, 0.023109, 0.023124, 0.02315, 0.023265, 0.023271, 0.023308, 0.023404, 0.023604, 0.02366, 0.023667, 0.023782, 0.023798, 0.023902, 0.023939, 0.023957, 0.023963, 0.024036, 0.024039, 0.024069, 0.024105, 0.024202, 0.024308, 0.024315, 0.024341, 0.024432, 0.024455, 0.024507, 0.024508, 0.024583, 0.024742, 0.024881, 0.024976, 0.025067, 0.025083, 0.025225, 0.025277, 0.025296, 0.025358, 0.025482, 0.025516, 0.025517, 0.025552, 0.025621, 0.025684, 0.025713, 0.025838, 0.02585, 0.025892, 0.025893, 0.025902, 0.026011, 0.026146, 0.026247, 0.026303, 0.02638, 0.026397, 0.026521, 0.026537, 0.026602, 0.026683, 0.026683, 0.026719, 0.026746, 0.026771, 0.026789, 0.026861, 0.026868, 0.026962, 0.026968, 0.026979, 0.027044, 0.027072, 0.027091, 0.02715, 0.027177, 0.027266, 0.027378, 0.027386, 0.027442, 0.027493, 0.02752, 0.02758, 0.027607, 0.027628, 0.027652, 0.027737, 0.027743, 0.027748, 0.027763, 0.027847, 0.027858, 0.027965, 0.027984, 0.028, 0.028056, 0.028104, 0.028107, 0.028108, 0.028141, 0.028194, 0.028243, 0.028246, 0.028349, 0.028369, 0.02842, 0.028507, 0.028532, 0.028751, 0.028756, 0.028774, 0.028837, 0.028925, 0.028966, 0.029024, 0.029198, 0.029219, 0.029323, 0.029643, 0.029806, 0.029823, 0.029862, 0.029976, 0.029994, 0.030033, 0.03008, 0.030107, 0.03019, 0.030193, 0.030196, 0.030326, 0.030412, 0.03044, 0.030441, 0.030626, 0.030681, 0.030716, 0.030778, 0.030827, 0.03088, 0.030908, 0.031119, 0.031138, 0.031181, 0.031221, 0.031257, 0.031369, 0.031464, 0.031504, 0.031584, 0.031667, 0.031731, 0.031767, 0.031867, 0.031927, 0.03193, 0.031963, 0.031983, 0.032171, 0.032237, 0.032246, 0.032256, 0.032302, 0.0325, 0.032642, 0.0327, 0.032705, 0.032722, 0.032769, 0.032929, 0.033049, 0.033096, 0.033104, 0.033104, 0.033112, 0.033253, 0.033274, 0.033281, 0.033341, 0.033349, 0.033353, 0.033366, 0.033412, 0.033518, 0.033529, 0.033672, 0.033683, 0.033697, 0.033697, 0.03379, 0.033832, 0.034053, 0.034069, 0.034159, 0.034171, 0.034179, 0.034207, 0.034239, 0.034294, 0.034448, 0.034521, 0.034534, 0.03457, 0.034605, 0.03465, 0.034656, 0.034664, 0.034769, 0.034814, 0.035028, 0.035096, 0.035299, 0.0355, 0.035545, 0.035557, 0.035596, 0.035605, 0.035613, 0.035843, 0.035867, 0.035956, 0.035959, 0.035965, 0.036002, 0.036071, 0.036236, 0.036361, 0.036419, 0.036448, 0.036528, 0.036558, 0.036585, 0.036658, 0.036659, 0.036785, 0.036806, 0.036836, 0.036849, 0.036928, 0.03698, 0.037061, 0.037102, 0.037234, 0.037359, 0.03738, 0.037504, 0.03752, 0.037553, 0.03758, 0.037828, 0.037893, 0.038127, 0.038134, 0.038148, 0.038233, 0.038247, 0.038272, 0.038367, 0.038436, 0.038463, 0.038712, 0.039078, 0.039243, 0.039392, 0.039446, 0.039447, 0.039452, 0.039657, 0.039766, 0.039811, 0.039817, 0.039855, 0.039867, 0.039918, 0.03993, 0.039976, 0.040033, 0.040254, 0.040302, 0.040346, 0.040381, 0.04039, 0.040391, 0.040511, 0.040824, 0.04093, 0.04095, 0.041161, 0.041398, 0.041433, 0.041533, 0.041653, 0.041663, 0.041682, 0.041821, 0.041824, 0.041855, 0.041886, 0.041977, 0.041983, 0.042002, 0.042097, 0.042109, 0.042126, 0.04219, 0.042227, 0.042253, 0.042261, 0.042263, 0.042276, 0.042518, 0.042608, 0.042642, 0.04265, 0.04265, 0.042738, 0.042755, 0.042809, 0.042852, 0.042921, 0.043018, 0.04306, 0.043221, 0.043246, 0.043381, 0.043473, 0.043566, 0.043604, 0.043714, 0.043723, 0.043742, 0.04404, 0.044363, 0.044373, 0.04439, 0.044397, 0.044409, 0.044906, 0.044948, 0.044992, 0.045272, 0.045313, 0.045317, 0.045336, 0.045341, 0.045439, 0.045465, 0.045469, 0.045853, 0.045974, 0.04601, 0.046139, 0.046162, 0.046171, 0.046211, 0.046245, 0.04632, 0.046329, 0.046413, 0.046416, 0.046432, 0.046506, 0.046509, 0.046687, 0.046705, 0.046721, 0.046772, 0.046891, 0.046955, 0.046961, 0.047195, 0.047247, 0.047268, 0.047273, 0.047465, 0.047524, 0.047557, 0.047743, 0.047778, 0.047804, 0.047817, 0.048024, 0.048062, 0.048139, 0.048172, 0.048196, 0.048338, 0.0484, 0.048615, 0.048643, 0.04871, 0.048755, 0.048802, 0.048862, 0.048915, 0.049033, 0.049123, 0.049147, 0.049256, 0.049256, 0.049279, 0.049316, 0.049344, 0.049439, 0.049482, 0.049538, 0.049728, 0.049736, 0.049795, 