{"sigma_r": 1.5244, "sigma_i": 1.4304, "m": 9, "seed": 3499177094, "n_k": {"1": 4108, "2": 960, "3": 184, "4": 33, "5": 7, "6+": 0}, "dlogr": [0.0, 0.000444, 0.000573, 0.001239, 0.00155, 0.00198, 0.001997, 0.002091, 0.002924, 0.003147, 0.003184, 0.003207, 0.003625, 0.00388, 0.003916, 0.004057, 0.004132, 0.004133, 0.004641, 0.004676, 0.004732, 0.005215, 0.00533, 0.005536, 0.005833, 0.006216, 0.006645, 0.006654, 0.006658, 0.006739, 0.006953, 0.007282, 0.007544, 0.007578, 0.007863, 0.007864, 0.008005, 0.00846, 0.008472, 0.008479, 0.008563, 0.008574, 0.008625, 0.008784, 0.0092, 0.009241, 0.009281, 0.009289, 0.009295, 0.009421, 0.009438, 0.009523, 0.009671, 0.009723, 0.00987, 0.009901, 0.010109, 0.010249, 0.010255, 0.010286, 0.010503, 0.010966, 0.011018, 0.01102, 0.011029, 0.011075, 0.011256, 0.011259, 0.011525, 0.011525, 0.011569, 0.011637, 0.011694, 0.011786, 0.011988, 0.0121, 0.012377, 0.012391, 0.012483, 0.012516, 0.013102, 0.013159, 0.014124, 0.014222, 0.014227, 0.014292, 0.014452, 0.01519, 0.015207, 0.015295, 0.015301, 0.015327, 0.01535, 0.01544, 0.015595, 0.015664, 0.015773, 0.016003, 0.016355, 0.016794, 0.016953, 0.016996, 0.017413, 0.017548, 0.01769, 0.017751, 0.017772, 0.017784, 0.01803, 0.018266, 0.018669, 0.018818, 0.018926, 0.018996, 0.019014, 0.019051, 0.019297, 0.019426, 0.019857, 0.019957, 0.020033, 0.020085, 0.020138, 0.020597, 0.020728, 0.020966, 0.021143, 0.021322, 0.021466, 0.021965, 0.022465, 0.022612, 0.022741, 0.022875, 0.023045, 0.023099, 0.02312, 0.02328, 0.023346, 0.023434, 0.023557, 0.023825, 0.024124, 0.02429, 0.024555, 0.024632, 0.025026, 0.02534, 0.025357, 0.025597, 0.025679, 0.025762, 0.025783, 0.025785, 0.02609, 0.026625, 0.02678, 0.027295, 0.02731, 0.027457, 0.027692, 0.027839, 0.027845, 0.027848, 0.027983, 0.028048, 0.028233, 0.028393, 0.028429, 0.02854, 0.028726, 0.028899, 0.029079, 0.029556, 0.029729, 0.030001, 0.030014, 0.030334, 0.030496, 0.030578, 0.030663, 0.030802, 0.030853, 0.031078, 0.031233, 0.031516, 0.031516, 0.031673, 0.031896, 0.03199, 0.032172, 0.032461, 0.032606, 0.032796, 0.032853, 0.033356, 0.033442, 0.0335, 0.033727, 0.033745, 0.033777, 0.03392, 0.034287, 0.034304, 0.034572, 0.034579, 0.034588, 0.034865, 0.035286, 0.035849, 0.036204, 0.03627, 0.036507, 0.036604, 0.036839, 0.03686, 0.036905, 0.037366, 0.037531, 0.037586, 0.037649, 0.037861, 0.037944, 0.038122, 0.038303, 0.038395, 0.038492, 0.03892, 0.038921, 0.039029, 0.039238, 0.03924, 0.039311, 0.039679, 0.039808, 0.039815, 0.039917, 0.040299, 0.040303, 0.040407, 0.040617, 0.040812, 0.040823, 0.041125, 0.041358, 0.041362, 0.041429, 0.041551, 0.041828, 0.041892, 0.042065, 0.0421, 0.042121, 0.042261, 0.042458, 0.042544, 0.043478, 0.043484, 0.043537, 0.044002, 0.044558, 0.044588, 0.044634, 0.045419, 0.045626, 0.045821, 0.045905, 0.046488, 0.046579, 0.046615, 0.046808, 0.046902, 0.04692, 0.047036, 0.047362, 0.047407, 0.04767, 0.04792, 0.048053, 0.048067, 0.048418, 0.048496, 0.048645, 0.048648, 0.048748, 0.048767, 0.048798, 0.048891, 0.048938, 0.050727, 0.050825, 0.051234, 0.051287, 0.051335, 0.051739, 0.051869, 0.051929, 0.05199, 0.052543, 0.052703, 0.052771, 0.052804, 0.053111, 0.05314, 0.053776, 0.053841, 0.054043, 0.054048, 0.054266, 0.054526, 0.054673, 0.055179, 0.05537, 0.055502, 0.056043, 0.056712, 0.056846, 0.056904, 0.056956, 0.057353, 0.057441, 0.057474, 0.057494, 0.057912, 0.057946, 0.058141, 0.058871, 0.058941, 0.059398, 0.059413, 0.059562, 0.059789, 0.059889, 0.060007, 0.060088, 0.060226, 0.061426, 0.061436, 0.061537, 0.061724, 0.062079, 0.062121, 0.062177, 0.062209, 0.062219, 0.062606, 0.06263, 0.062794, 0.063025, 0.063514, 0.063615, 0.063795, 0.06443, 0.06466, 0.064929, 0.065509, 0.065527, 0.065627, 0.065662, 0.065782, 0.066357, 0.066397, 0.066475, 0.066738, 0.067013, 0.067031, 0.067544, 0.067601, 0.067857, 0.06793, 0.067952, 0.068062, 0.068724, 0.068914, 0.068939, 0.068946, 0.068981, 0.069062, 0.069295, 0.069545, 0.069566, 0.069746, 0.070054, 0.070255, 0.070315, 0.070785, 0.0712, 0.071238, 0.071341, 0.071442, 0.071696, 0.071981, 0.072072, 0.07212, 0.072312, 0.072608, 0.072681, 0.072812, 0.072975, 0.073045, 0.073538, 0.073861, 0.07411, 0.074956, 0.075035, 0.075215, 0.075513, 0.075712, 0.07583, 0.076529, 0.077029, 0.077083, 0.077119, 0.07726, 0.077305, 0.077478, 0.077614, 0.077668, 0.077669, 0.077714, 0.077819, 0.077985, 0.078704, 0.078819, 0.079062, 0.079446, 0.079647, 0.079947, 0.079957, 0.080175, 0.080253, 0.080466, 0.080745, 0.081386, 0.081524, 0.081536, 0.081582, 0.081771, 0.082505, 0.082568, 0.082798, 0.08287, 0.083028, 0.083061, 0.083447, 0.083691, 0.083786, 0.083906, 0.083988, 0.084016, 0.084147, 0.084163, 0.084217, 0.084455, 0.084492, 0.084502, 0.084797, 0.085385, 0.085553, 0.085742, 0.085759, 0.086548, 0.086672, 0.086771, 0.087045, 0.087339, 0.087667, 0.088078, 0.088088, 0.08825, 0.088488, 0.088662, 0.088807, 0.088809, 0.088917, 0.089351, 0.089413, 0.089438, 0.089686, 0.08983, 0.089852, 0.089853, 0.089931, 0.090341, 0.090509, 0.090598, 0.090781, 0.090898, 0.091543, 0.091544, 0.091964, 0.092769, 0.092801, 0.093005, 0.093156, 0.093195, 0.093526, 0.093754, 0.09464, 0.094671, 0.094708, 0.095342, 0.095852, 0.095877, 0.095944, 0.096585, 0.097189, 0.09772, 0.097722, 0.097763, 0.097793, 0.097963, 0.098065, 0.098162, 0.098323, 0.098792, 0.099028, 0.099465, 0.09958, 0.100077, 0.100325, 0.100576, 0.100773, 0.101182, 0.101265, 0.101342, 0.102216, 0.102226, 0.102309, 0.102492, 0.102722, 0.102762, 0.102775, 0.10289, 0.102901, 0.103058, 0.103533, 0.103817, 0.10411, 0.104543, 0.104792, 0.105165, 0.10533, 0.105487, 0.106962, 0.107023, 0.107156, 0.107178, 0.10721, 0.107295, 0.107401, 0.10749, 0.107687, 0.107712, 0.1082, 0.108877, 0.109004, 0.10908, 0.109243, 0.109901, 0.110508, 0.110551, 0.110843, 0.111261, 0.111327, 0.112406, 0.112523, 0.112596, 0.112603, 0.113065, 0.113091, 0.113223, 0.113482, 0.113835, 0.114023, 0.114053, 0.114243, 0.114698, 0.114781, 0.114884, 0.115265, 0.11573, 0.115795, 0.115918, 0.115955, 0.116158, 0.116449, 0.116922, 0.116929, 0.117466, 0.117468, 0.117609, 0.117748, 0.117832, 0.118377, 0.118492, 0.118625, 0.1189, 0.119026, 0.119184, 0.119612, 0.119866, 0.120049, 0.120559, 0.120833, 0.121755, 0.121937, 0.122298, 0.122789, 0.122895, 0.123038, 0.123607, 0.123743, 0.123874, 0.124043, 0.12406, 0.124374, 0.124547, 0.124739, 0.12488, 0.124993, 0.125062, 0.125203, 0.125241, 0.125437, 0.125524, 0.126011, 0.126671, 0.126978, 0.127282, 0.127283, 0.127571, 0.127678, 0.128095, 0.128141, 0.128371, 0.128429, 0.128502, 0.128732, 0.128888, 0.129245, 0.129328, 0.129413, 0.129561, 0.129603, 0.129738, 0.129786, 0.129813, 0.129843, 0.12989, 0.13033, 0.130831, 0.131002, 0.131482, 0.131941, 0.132104, 0.132636, 0.133195, 0.133264, 0.133304, 0.133447, 0.133561, 0.133864, 0.134324, 0.134406, 0.13467, 0.135159, 0.135315, 0.135345, 0.135614, 0.135857, 0.136339, 0.136375, 0.136625, 0.136676, 0.137153, 0.13764, 0.137861, 0.137974, 0.138034, 0.138093, 0.138453, 0.138473, 0.138553, 0.138617, 0.138766, 0.139215, 0.139379, 0.139526, 0.13967, 0.139682, 0.140249, 0.140614, 0.140979, 0.141026, 0.141536, 0.141605, 0.141799, 0.142278, 0.142355, 0.14269, 0.142757, 0.142954, 0.143214, 0.144076, 0.144136, 0.144222, 0.144349, 0.144491, 0.144532, 0.14479, 0.144877, 0.145315, 0.145654, 0.146074, 0.14672, 0.147147, 0.147331, 0.147463, 0.147737, 0.148484, 0.148709, 0.148963, 0.148998, 0.149025, 0.149375, 0.149582, 0.15011, 0.150165, 0.150341, 0.150453, 0.150485, 0.151367, 0.151769, 0.151874, 0.153424, 0.153499, 0.153785, 0.154008, 0.154182, 0.154364, 0.15476, 0.155579, 0.155732, 0.155753, 0.156344, 0.156565, 0.156728, 0.156913, 0.157054, 0.157129, 0.157501, 0.157595, 0.157766, 0.157895, 0.158154, 0.158161, 0.158349, 0.158573, 0.158923, 0.1599, 0.159957, 0.160016, 0.160085, 0.160088, 0.16023, 0.160254, 0.160381, 0.160487, 0.160709, 0.161281, 0.161513, 0.161655, 0.161702, 0.161733, 0.162083, 0.162344, 0.162713, 0.162807, 0.164386, 0.164917, 0.165061, 0.165221, 0.165346, 0.166183, 0.16649, 0.166559, 0.166722, 0.166893, 0.167008, 0.167284, 0.167293, 0.167474, 0.167628, 