{"sigma_r": 1.9103, "sigma_i": 0.684, "m": 15, "seed": 2711504785, "n_k": {"1": 3746, "2": 919, "3": 214, "4": 45, "5": 15, "6+": 1}, "dlogr": [0.0, 0.0, 0.000161, 0.000197, 0.000199, 0.000228, 0.000693, 0.001313, 0.001433, 0.001555, 0.001911, 0.002724, 0.003133, 0.003136, 0.003366, 0.003426, 0.003833, 0.004804, 0.004917, 0.005299, 0.005398, 0.00562, 0.005796, 0.006125, 0.006892, 0.007205, 0.007242, 0.007379, 0.007456, 0.008002, 0.00827, 0.008503, 0.0086, 0.00863, 0.008719, 0.008802, 0.008866, 0.00903, 0.009042, 0.009057, 0.009059, 0.009203, 0.009297, 0.009329, 0.009614, 0.009722, 0.009746, 0.009852, 0.010169, 0.01031, 0.010728, 0.010842, 0.010903, 0.011162, 0.011233, 0.011319, 0.011531, 0.011813, 0.011847, 0.011898, 0.011931, 0.011942, 0.012282, 0.012443, 0.012601, 0.012669, 0.012759, 0.0128, 0.013458, 0.013605, 0.013816, 0.013864, 0.014189, 0.014486, 0.01472, 0.015099, 0.015443, 0.015615, 0.016007, 0.016208, 0.016268, 0.016308, 0.016491, 0.017164, 0.017237, 0.017361, 0.017405, 0.017415, 0.017545, 0.017659, 0.01782, 0.017917, 0.018414, 0.018492, 0.018671, 0.018694, 0.018813, 0.018834, 0.019149, 0.019355, 0.019501, 0.019794, 0.019825, 0.02038, 0.020713, 0.02074, 0.02075, 0.021035, 0.02123, 0.021548, 0.021614, 0.02163, 0.021945, 0.022375, 0.022477, 0.022948, 0.023041, 0.023158, 0.023167, 0.023203, 0.023356, 0.023425, 0.023543, 0.023572, 0.023627, 0.023684, 0.02388, 0.023923, 0.0245, 0.024794, 0.025053, 0.025067, 0.025339, 0.025359, 0.025503, 0.025613, 0.025917, 0.026004, 0.026079, 0.026521, 0.026744, 0.026821, 0.026868, 0.026945, 0.026965, 0.026995, 0.027061, 0.027344, 0.027407, 0.027806, 0.0279, 0.028198, 0.028356, 0.028503, 0.028802, 0.028939, 0.029061, 0.0291, 0.02964, 0.02976, 0.029918, 0.030074, 0.030316, 0.030406, 0.030463, 0.030484, 0.030617, 0.030706, 0.030713, 0.031009, 0.031164, 0.031294, 0.0313, 0.03135, 0.031404, 0.03159, 0.0316, 0.0317, 0.031739, 0.031755, 0.03202, 0.032059, 0.032174, 0.032298, 0.032368, 0.032402, 0.032505, 0.033347, 0.033352, 0.033509, 0.034016, 0.034019, 0.034025, 0.034073, 0.034476, 0.034741, 0.034752, 0.034855, 0.034903, 0.034906, 0.035218, 0.035327, 0.035458, 0.035465, 0.03586, 0.035938, 0.03616, 0.036384, 0.036433, 0.036435, 0.037114, 0.037137, 0.037226, 0.037228, 0.037338, 0.03772, 0.037981, 0.03818, 0.038265, 0.038317, 0.038546, 0.038587, 0.03869, 0.038699, 0.038779, 0.039182, 0.039292, 0.039488, 0.039771, 0.039935, 0.040027, 0.040041, 0.040079, 0.040143, 0.040289, 0.040605, 0.041538, 0.041582, 0.041787, 0.041988, 0.042119, 0.042311, 0.042725, 0.042734, 0.042782, 0.042859, 0.043065, 0.043139, 0.043161, 0.043206, 0.043679, 0.044066, 0.044229, 0.044449, 0.044454, 0.044632, 0.04511, 0.045121, 0.045189, 0.04567, 0.045926, 0.045975, 0.046005, 0.046121, 0.046264, 0.046324, 0.046405, 0.046423, 0.047636, 0.047696, 0.0477, 0.047863, 0.048265, 0.048352, 0.048441, 0.048625, 0.049137, 0.049256, 0.049475, 0.049517, 0.049707, 0.049751, 0.050074, 0.050219, 0.050574, 0.050662, 0.050679, 0.051192, 0.051466, 0.051505, 0.05157, 0.051847, 0.052185, 0.052331, 0.052425, 0.052429, 0.052529, 0.052613, 0.052782, 0.05284, 0.052864, 0.053426, 0.053492, 0.053535, 0.053719, 0.053774, 0.053997, 0.054395, 0.054418, 0.055584, 0.055641, 0.055838, 0.055927, 0.056064, 0.056336, 0.056454, 0.056515, 0.056756, 0.056796, 0.056821, 0.056904, 0.057043, 0.057401, 0.057436, 0.057508, 0.057614, 0.057704, 0.057776, 0.057888, 0.057901, 0.058029, 0.058477, 0.05849, 0.058899, 0.059101, 0.059437, 0.060169, 0.060257, 0.060353, 0.060444, 0.060975, 0.061136, 0.061499, 0.061695, 0.061945, 0.061968, 0.06203, 0.062099, 0.062119, 0.062153, 0.062262, 0.062502, 0.062554, 0.063158, 0.06321, 0.06322, 0.063354, 0.063382, 0.063419, 0.063754, 0.063833, 0.063979, 0.06409, 0.064115, 0.064159, 0.064199, 0.064221, 0.064269, 0.064705, 0.06527, 0.065302, 0.065674, 0.065975, 0.065988, 0.066192, 0.066614, 0.066892, 0.066913, 0.067032, 0.067056, 0.067083, 0.067242, 0.067333, 0.067349, 0.067499, 0.067982, 0.068097, 0.068673, 0.068844, 0.068994, 0.069781, 0.070277, 0.070623, 0.070753, 0.071087, 0.071114, 0.07197, 0.072132, 0.072232, 0.072365, 0.072373, 0.072407, 0.072508, 0.07257, 0.072651, 0.072703, 0.072763, 0.072797, 0.072961, 0.073087, 0.073561, 0.07438, 0.074396, 0.074442, 0.074481, 0.074487, 0.074559, 0.074849, 0.075098, 0.075326, 0.07549, 0.076002, 0.076182, 0.076679, 0.077263, 0.077459, 0.078051, 0.078084, 0.078146, 0.078298, 0.078302, 0.078579, 0.079008, 0.079056, 0.07914, 0.079262, 0.07951, 0.079518, 0.079733, 0.079831, 0.080241, 0.080351, 0.080355, 0.080491, 0.080603, 0.080713, 0.081146, 0.081484, 0.081514, 0.081795, 0.081831, 0.081844, 0.082203, 0.082356, 0.082585, 0.08289, 0.083274, 0.083893, 0.083965, 0.084303, 0.084329, 0.084414, 0.084465, 0.084506, 0.084571, 0.084673, 0.084782, 0.084944, 0.085145, 0.085366, 0.085405, 0.08561, 0.085762, 0.085827, 0.085977, 0.086263, 0.086374, 0.08645, 0.086691, 0.086854, 0.086954, 0.087169, 0.087597, 0.087953, 0.088111, 0.088122, 0.08831, 0.088549, 0.088555, 0.088755, 0.088762, 0.08878, 0.089335, 0.089607, 0.089611, 0.089785, 0.089996, 0.090207, 0.091227, 0.09155, 0.091687, 0.091707, 0.091803, 0.091998, 0.092508, 0.092522, 0.092559, 0.092921, 0.093049, 0.093107, 0.093139, 0.093797, 0.09389, 0.093892, 0.094177, 0.094229, 0.094255, 0.094331, 0.094527, 0.094661, 0.094932, 0.095024, 0.09509, 0.09558, 0.095995, 0.096298, 0.096356, 0.097191, 0.097316, 0.098071, 0.098264, 0.098269, 0.098816, 0.098834, 0.099125, 0.099247, 0.099411, 0.099741, 0.100164, 0.10046, 0.100554, 0.100635, 0.100749, 0.100807, 0.101034, 0.10109, 0.10119, 0.101452, 0.101683, 0.10203, 0.102225, 0.102555, 0.103314, 0.103754, 0.103842, 0.103955, 0.104575, 0.104645, 0.104748, 0.10489, 0.105441, 0.105853, 0.10587, 0.105973, 0.106222, 0.106269, 0.106317, 0.106704, 0.106785, 0.107156, 0.107465, 0.107542, 0.107652, 0.107704, 0.107994, 0.10839, 0.108415, 0.108479, 0.10874, 0.108978, 0.108999, 0.109958, 0.110796, 0.11094, 0.11098, 0.111143, 0.111479, 0.111639, 0.111895, 0.112238, 0.112301, 0.112662, 0.112814, 0.113022, 0.113253, 0.113658, 0.114116, 0.11456, 0.114591, 0.114622, 0.114685, 0.114739, 0.114808, 0.114817, 0.115497, 0.115564, 0.115686, 0.115839, 0.116103, 0.116673, 0.116689, 0.116984, 0.117322, 0.117539, 0.117635, 0.117678, 0.11819, 0.118231, 0.118753, 0.118766, 0.118838, 0.119503, 0.119608, 0.119806, 0.119833, 0.119936, 0.12002, 0.120418, 0.120713, 0.120901, 0.121185, 0.121449, 0.121616, 0.122013, 0.122287, 0.122324, 0.122601, 0.122704, 0.123047, 0.123733, 0.123734, 0.124129, 0.12426, 0.12426, 0.124326, 0.124408, 0.124866, 0.124891, 0.124985, 0.125007, 0.125681, 0.125715, 0.126191, 0.126327, 0.126462, 0.126851, 0.126949, 0.126972, 0.127555, 0.12759, 0.12781, 0.128027, 0.128294, 0.128773, 0.128818, 0.128989, 0.129143, 0.129467, 0.129843, 0.129855, 0.129868, 0.129969, 0.13031, 0.130356, 0.130639, 0.13072, 0.130727, 0.131042, 0.131169, 0.13205, 0.132093, 0.132136, 0.132184, 0.132315, 0.13249, 0.132802, 0.133016, 0.133662, 0.13383, 0.134051, 0.134222, 0.134411, 0.134588, 0.135013, 0.135335, 0.135581, 0.135752, 0.135806, 0.136071, 0.136185, 0.136306, 0.136417, 0.13716, 0.137209, 0.137717, 0.137889, 0.13881, 0.138826, 0.13893, 0.13905, 0.139323, 0.139734, 0.139839, 0.140024, 0.14033, 0.140619, 0.140798, 0.140994, 0.141445, 0.14182, 0.142369, 0.142704, 0.14292, 0.143283, 0.143449, 0.143523, 0.143918, 0.143991, 0.144045, 0.144573, 0.144609, 0.144736, 0.145381, 0.145572, 0.145691, 0.146016, 0.146129, 0.146351, 0.146352, 0.147056, 0.147075, 0.147504, 0.14751, 0.147723, 0.147985, 0.148193, 0.148212, 0.148235, 0.148398, 0.148628, 0.14878, 0.148846, 0.149006, 0.149577, 0.149618, 0.150004, 0.150327, 0.150334, 0.150414, 0.150437, 0.150527, 0.151034, 0.151344, 0.151398, 0.151702, 0.151906, 0.151957, 0.152, 0.152052, 0.152121, 0.152586, 0.152603, 0.153129, 0.153304, 0.153412, 0.153704, 0.153959, 0.154205, 0.154769, 0.154784, 0.155133, 0.155219, 0.156024, 0.156162, 0.156515, 0.156653, 0.156944, 0.157239, 0.158285, 0.158817, 0.15897, 0.159215, 0.159644, 0.15967, 0.159737, 0.160307, 