{"sigma_r": 2.3939, "sigma_i": 0.4183, "m": 8, "seed": 252120787, "n_k": {"1": 3680, "2": 945, "3": 250, "4": 57, "5": 19, "6+": 1}, "dlogr": [0.0, 9.8e-05, 0.0001, 0.000123, 0.000272, 0.000418, 0.00043, 0.000768, 0.000922, 0.001524, 0.001869, 0.002249, 0.002271, 0.002376, 0.002496, 0.002532, 0.003167, 0.003194, 0.003237, 0.003259, 0.003303, 0.003379, 0.003535, 0.003867, 0.004032, 0.00404, 0.004442, 0.004546, 0.004837, 0.005091, 0.005381, 0.005682, 0.005748, 0.00605, 0.006153, 0.006181, 0.006274, 0.006442, 0.006501, 0.00677, 0.007095, 0.007331, 0.007349, 0.007572, 0.007847, 0.00794, 0.008027, 0.00884, 0.009045, 0.009216, 0.009248, 0.010368, 0.010441, 0.010552, 0.010643, 0.010806, 0.010978, 0.011016, 0.011112, 0.011126, 0.011157, 0.011372, 0.011628, 0.011895, 0.012167, 0.012217, 0.012247, 0.0123, 0.01244, 0.012548, 0.012617, 0.012742, 0.012785, 0.012826, 0.013102, 0.013246, 0.013321, 0.013366, 0.01355, 0.013586, 0.01386, 0.014189, 0.01425, 0.0145, 0.014734, 0.014964, 0.01508, 0.015148, 0.015201, 0.015329, 0.015347, 0.015378, 0.015606, 0.015697, 0.015968, 0.016019, 0.016415, 0.016527, 0.016613, 0.017518, 0.017717, 0.017825, 0.01786, 0.018043, 0.018123, 0.018124, 0.018524, 0.018566, 0.018607, 0.01872, 0.018983, 0.019106, 0.019301, 0.019628, 0.019711, 0.020018, 0.020021, 0.020071, 0.020142, 0.020224, 0.020257, 0.020285, 0.020323, 0.020338, 0.02045, 0.020507, 0.020747, 0.021087, 0.021213, 0.021223, 0.021416, 0.02144, 0.021742, 0.021839, 0.022085, 0.022487, 0.022621, 0.022685, 0.022754, 0.022869, 0.023037, 0.02307, 0.023707, 0.023753, 0.023853, 0.023909, 0.024048, 0.024049, 0.024108, 0.024561, 0.024718, 0.024901, 0.024959, 0.024978, 0.025083, 0.025091, 0.025123, 0.025309, 0.025362, 0.025377, 0.025536, 0.025695, 0.025697, 0.025932, 0.026435, 0.026651, 0.026858, 0.026946, 0.027032, 0.027486, 0.027605, 0.027642, 0.028025, 0.028362, 0.02853, 0.028643, 0.028697, 0.028832, 0.029015, 0.029173, 0.02922, 0.029285, 0.029378, 0.029415, 0.029469, 0.029609, 0.029819, 0.029885, 0.030121, 0.030398, 0.030447, 0.030535, 0.030649, 0.031026, 0.031066, 0.031327, 0.031773, 0.031911, 0.032124, 0.032167, 0.032188, 0.032222, 0.032375, 0.032572, 0.032588, 0.03289, 0.033251, 0.033604, 0.033804, 0.033939, 0.034102, 0.034201, 0.034216, 0.034534, 0.034765, 0.03482, 0.034958, 0.034964, 0.035092, 0.035114, 0.035423, 0.035446, 0.035504, 0.035531, 0.035591, 0.035747, 0.036252, 0.036269, 0.036279, 0.03638, 0.036746, 0.03688, 0.036993, 0.037522, 0.037669, 0.037769, 0.038091, 0.038122, 0.038274, 0.038339, 0.038475, 0.038742, 0.038749, 0.03927, 0.039276, 0.039447, 0.039818, 0.039949, 0.039975, 0.040136, 0.040315, 0.040331, 0.040982, 0.041004, 0.041088, 0.041204, 0.041229, 0.041581, 0.041623, 0.041744, 0.041774, 0.041992, 0.042033, 0.042075, 0.04212, 0.042444, 0.042807, 0.042841, 0.043257, 0.043771, 0.044086, 0.044542, 0.04471, 0.044798, 0.044978, 0.04512, 0.045297, 0.045389, 0.045424, 0.046556, 0.046825, 0.046871, 0.047105, 0.047111, 0.047201, 0.047412, 0.047793, 0.047901, 0.048192, 0.048434, 0.048762, 0.049085, 0.049219, 0.049683, 0.049702, 0.050408, 0.05048, 0.05081, 0.051401, 0.051619, 0.051891, 0.052034, 0.052061, 0.052327, 0.052741, 0.052943, 0.052969, 0.052995, 0.053006, 0.053553, 0.053736, 0.05385, 0.054058, 0.05418, 0.054486, 0.054705, 0.054873, 0.05488, 0.054978, 0.055117, 0.055452, 0.055537, 0.055781, 0.055827, 0.05587, 0.056003, 0.056086, 0.056121, 0.0562, 0.056242, 0.056255, 0.05633, 0.056752, 0.056809, 0.056903, 0.056989, 0.057145, 0.057621, 0.057896, 0.058395, 0.058436, 0.058468, 0.058566, 0.058569, 0.058665, 0.058788, 0.059111, 0.059333, 0.059418, 0.059608, 0.059609, 0.059624, 0.059908, 0.060219, 0.060305, 0.060801, 0.060865, 0.06093, 0.061254, 0.061724, 0.062024, 0.062051, 0.062064, 0.062071, 0.062302, 0.062438, 0.062737, 0.062829, 0.063218, 0.063322, 0.063544, 0.063655, 0.063818, 0.063863, 0.064002, 0.064012, 0.064244, 0.064275, 0.064527, 0.0646, 0.064641, 0.065071, 0.065213, 0.065255, 0.065524, 0.065955, 0.066152, 0.066446, 0.066624, 0.066764, 0.066866, 0.067183, 0.067467, 0.067807, 0.068058, 0.06818, 0.068195, 0.068362, 0.068417, 0.068689, 0.069059, 0.069377, 0.069462, 0.069717, 0.06984, 0.070085, 0.070347, 0.070481, 0.070487, 0.070538, 0.070674, 0.070966, 0.071002, 0.071045, 0.071309, 0.071491, 0.071511, 0.071564, 0.071834, 0.072003, 0.072641, 0.072812, 0.072814, 0.073631, 0.07382, 0.074044, 0.074105, 0.074494, 0.074693, 0.074794, 0.074985, 0.075029, 0.075593, 0.075796, 0.076132, 0.076185, 0.076188, 0.076191, 0.076494, 0.076757, 0.076953, 0.077134, 0.077175, 0.077539, 0.07755, 0.077631, 0.077692, 0.077713, 0.07779, 0.077799, 0.078186, 0.078461, 0.078694, 0.078719, 0.079034, 0.079045, 0.079582, 0.079602, 0.07983, 0.079941, 0.080082, 0.080216, 0.080433, 0.080761, 0.080942, 0.081081, 0.0813, 0.082026, 0.082441, 0.082869, 0.082931, 0.083134, 0.083346, 0.083737, 0.084093, 0.084228, 0.085061, 0.085165, 0.085295, 0.085421, 0.085563, 0.085807, 0.085836, 0.086319, 0.086474, 0.086748, 0.086765, 0.087063, 0.087306, 0.088082, 0.088322, 0.088603, 0.088863, 0.089127, 0.089162, 0.089168, 0.089288, 0.089427, 0.089565, 0.089616, 0.08975, 0.089818, 0.090008, 0.090212, 0.090599, 0.091, 0.091111, 0.091147, 0.091251, 0.091938, 0.09253, 0.092545, 0.092719, 0.092807, 0.092943, 0.09303, 0.093034, 0.093286, 0.093444, 0.09385, 0.094053, 0.094083, 0.094826, 0.094905, 0.09491, 0.095284, 0.0953, 0.095505, 0.095587, 0.095823, 0.096042, 0.096146, 0.096525, 0.096622, 0.096709, 0.096803, 0.096974, 0.097276, 0.09796, 0.098031, 0.098415, 0.098564, 0.099046, 0.09909, 0.099216, 0.099953, 0.100006, 0.100254, 0.100465, 0.101021, 0.101372, 0.101521, 0.102336, 0.102605, 0.102608, 0.10263, 0.102727, 0.10336, 0.103425, 0.103485, 0.10354, 0.103549, 0.103896, 0.103971, 0.104024, 0.104121, 0.104185, 0.104405, 0.104423, 0.104472, 0.104514, 0.104853, 0.1049, 0.104955, 0.105122, 0.105223, 0.10535, 0.105479, 0.105533, 0.105678, 0.105771, 0.105825, 0.10604, 0.106141, 0.106272, 0.106336, 0.106343, 0.106371, 0.106682, 0.106788, 0.107445, 0.1083, 0.108333, 0.108489, 0.108558, 0.108639, 0.108949, 0.109103, 0.109117, 0.109205, 0.109253, 0.109322, 0.109329, 0.10988, 0.109899, 0.110105, 0.110598, 0.110944, 0.111159, 0.111164, 0.111383, 0.111413, 0.111492, 0.111996, 0.11216, 0.112234, 0.112361, 0.112513, 0.11254, 0.112593, 0.11277, 0.1129, 0.113073, 0.113418, 0.113523, 0.113545, 0.113547, 0.113878, 0.11397, 0.114014, 0.114081, 0.114216, 0.114341, 0.114381, 0.114431, 0.114669, 0.11476, 0.114876, 0.114928, 0.115, 0.11512, 0.115981, 0.11624, 0.116256, 0.116314, 0.116537, 0.116676, 0.116793, 0.117169, 0.117193, 0.117278, 0.117407, 0.117555, 0.117647, 0.117654, 0.11767, 0.118157, 0.118193, 0.118406, 0.118518, 0.118714, 0.118927, 0.11955, 0.120476, 0.120658, 0.12069, 0.121038, 0.121509, 0.121698, 0.122011, 0.12216, 0.122311, 0.122392, 0.122456, 0.12251, 0.122712, 0.12297, 0.123297, 0.124225, 0.124516, 0.124706, 0.125035, 0.125288, 0.125574, 0.125783, 0.125803, 0.126037, 0.126243, 0.127107, 0.127364, 0.127408, 0.127996, 0.129124, 0.129165, 0.129219, 0.129232, 0.129532, 0.129591, 0.129978, 0.130169, 0.130404, 0.130615, 0.131154, 0.131179, 0.131335, 0.131749, 0.132181, 0.132845, 0.133972, 0.134409, 0.134439, 0.134701, 0.13482, 0.135016, 0.135124, 0.135435, 0.135751, 0.136194, 0.136453, 0.136518, 0.136948, 0.137817, 0.137956, 0.138092, 0.138105, 0.138181, 0.138411, 0.13865, 0.138663, 0.1389, 0.139078, 0.139459, 0.13952, 0.139738, 0.139954, 0.140034, 0.140179, 0.140512, 0.141074, 0.141655, 0.141669, 0.142149, 0.142213, 0.142299, 0.142459, 0.142728, 0.142844, 0.142853, 0.143175, 0.14332, 0.143432, 0.143549, 0.143978, 0.144505, 0.144529, 0.144566, 0.144726, 0.145041, 0.145106, 0.145528, 0.145601, 0.145709, 0.145756, 0.145784, 0.145882, 0.146391, 0.146402, 0.146436, 0.146548, 0.146869, 0.147041, 0.147553, 0.147742, 0.14785, 0.147886, 0.148329, 0.148452, 0.148461, 0.148936, 0.149168, 0.149532, 0.149581, 0.149752, 0.14995, 0.150161, 0.15075, 0.150831, 0.151278, 0.151558, 0.151787, 0.152233, 0.152779, 0.152945, 0.153138, 0.153603, 0.153623, 