{"sigma_r": 1.2164, "sigma_i": 0.2, "m": 14, "seed": 1955965034, "n_k": {"1": 3621, "2": 918, "3": 268, "4": 66, "5": 12, "6+": 1}, "dlogr": [0.0, 0.0, 2.1e-05, 5.4e-05, 0.000146, 0.000445, 0.000498, 0.000535, 0.000544, 0.00093, 0.001075, 0.001297, 0.001359, 0.00151, 0.001725, 0.001806, 0.001814, 0.001854, 0.002099, 0.002147, 0.002158, 0.002347, 0.002455, 0.002513, 0.002592, 0.002696, 0.002763, 0.002876, 0.002947, 0.002966, 0.003131, 0.00328, 0.003518, 0.003529, 0.003701, 0.003705, 0.003839, 0.003876, 0.00408, 0.004187, 0.004209, 0.00481, 0.004972, 0.00506, 0.005066, 0.005502, 0.005559, 0.005949, 0.006273, 0.006331, 0.006685, 0.006711, 0.006972, 0.007101, 0.007124, 0.007206, 0.007245, 0.007301, 0.007352, 0.007465, 0.007608, 0.007699, 0.007756, 0.007924, 0.008024, 0.008114, 0.008143, 0.008498, 0.008598, 0.008783, 0.00914, 0.009281, 0.00959, 0.009614, 0.009888, 0.009898, 0.010245, 0.010371, 0.010375, 0.010447, 0.010869, 0.010949, 0.011287, 0.011335, 0.011369, 0.01138, 0.011479, 0.011505, 0.011913, 0.012046, 0.012077, 0.012186, 0.012334, 0.01256, 0.012702, 0.012766, 0.012781, 0.012797, 0.012965, 0.013001, 0.013175, 0.013196, 0.013244, 0.013522, 0.013568, 0.013937, 0.014771, 0.014879, 0.014959, 0.015158, 0.015188, 0.015233, 0.015406, 0.015427, 0.015506, 0.015531, 0.015591, 0.015652, 0.015655, 0.015705, 0.015807, 0.015892, 0.015909, 0.015947, 0.016658, 0.016699, 0.016893, 0.017075, 0.017178, 0.017402, 0.017494, 0.01773, 0.017866, 0.017936, 0.018302, 0.018319, 0.018367, 0.018387, 0.018764, 0.018831, 0.019113, 0.019225, 0.019254, 0.01929, 0.019312, 0.019343, 0.019348, 0.01942, 0.019451, 0.019684, 0.019687, 0.019695, 0.019905, 0.020139, 0.020204, 0.020381, 0.020807, 0.020901, 0.020977, 0.021026, 0.021523, 0.021545, 0.02163, 0.022073, 0.022246, 0.02228, 0.022371, 0.022421, 0.022907, 0.022978, 0.023305, 0.023338, 0.023366, 0.023466, 0.023493, 0.023996, 0.024094, 0.024166, 0.024311, 0.024462, 0.024517, 0.02453, 0.024602, 0.024686, 0.024693, 0.024702, 0.025026, 0.025032, 0.025117, 0.025196, 0.025221, 0.025479, 0.025637, 0.02583, 0.025889, 0.025919, 0.02595, 0.026016, 0.026055, 0.026334, 0.026477, 0.026527, 0.026614, 0.027037, 0.027163, 0.027536, 0.027676, 0.027709, 0.027757, 0.027827, 0.027929, 0.027994, 0.028085, 0.02815, 0.028568, 0.02863, 0.02873, 0.029043, 0.029064, 0.029835, 0.029936, 0.030007, 0.030061, 0.030181, 0.030234, 0.030331, 0.030653, 0.030933, 0.031133, 0.031219, 0.031258, 0.031523, 0.031565, 0.031576, 0.031579, 0.031605, 0.031696, 0.031708, 0.031724, 0.031962, 0.03204, 0.032077, 0.032161, 0.032225, 0.032234, 0.032292, 0.032319, 0.032363, 0.03245, 0.032494, 0.032526, 0.032526, 0.032563, 0.032828, 0.032995, 0.033302, 0.033422, 0.033505, 0.033539, 0.033567, 0.033725, 0.033821, 0.033962, 0.034345, 0.034923, 0.034942, 0.035003, 0.035033, 0.035151, 0.035203, 0.035226, 0.035415, 0.035602, 0.035658, 0.035981, 0.036129, 0.036229, 0.036293, 0.036337, 0.036397, 0.036434, 0.036573, 0.036696, 0.03685, 0.0369, 0.037404, 0.037489, 0.037517, 0.03768, 0.037747, 0.038263, 0.038579, 0.038662, 0.038756, 0.038991, 0.039079, 0.039246, 0.039363, 0.039554, 0.039569, 0.039707, 0.039793, 0.039862, 0.040028, 0.040103, 0.040201, 0.040214, 0.040416, 0.040722, 0.040769, 0.040858, 0.04087, 0.040935, 0.041046, 0.041688, 0.041828, 0.042209, 0.042307, 0.042377, 0.042454, 0.042536, 0.042618, 0.042756, 0.043008, 0.043101, 0.043328, 0.043363, 0.043372, 0.043459, 0.043583, 0.04359, 0.044089, 0.044204, 0.044208, 0.044301, 0.044342, 0.044598, 0.044667, 0.045032, 0.045089, 0.04511, 0.045284, 0.045295, 0.045636, 0.045646, 0.04589, 0.046092, 0.046536, 0.046657, 0.046976, 0.046989, 0.047133, 0.047174, 0.047697, 0.047906, 0.047978, 0.048175, 0.048361, 0.048722, 0.048752, 0.048862, 0.049085, 0.049524, 0.049781, 0.049869, 0.050032, 0.050108, 0.050127, 0.050365, 0.050638, 0.050753, 0.050978, 0.050978, 0.051018, 0.05102, 0.051205, 0.051441, 0.051552, 0.05177, 0.051816, 0.051912, 0.052168, 0.052414, 0.052451, 0.052496, 0.052549, 0.052615, 0.052646, 0.052735, 0.052926, 0.053027, 0.05303, 0.053151, 0.053191, 0.053232, 0.053338, 0.053496, 0.053547, 0.053648, 0.054528, 0.054642, 0.054646, 0.054714, 0.054847, 0.055044, 0.055236, 0.055285, 0.055371, 0.05547, 0.05549, 0.055578, 0.05565, 0.056314, 0.056455, 0.056491, 0.056581, 0.056603, 0.056678, 0.056706, 0.056806, 0.056921, 0.056948, 0.05743, 0.057933, 0.057995, 0.05814, 0.058155, 0.058171, 0.058284, 0.058288, 0.058733, 0.058909, 0.058961, 0.059022, 0.059281, 0.059414, 0.05947, 0.059569, 0.059577, 0.059601, 0.059645, 0.059908, 0.059993, 0.060117, 0.060142, 0.060252, 0.060574, 0.060688, 0.060867, 0.060967, 0.06105, 0.06113, 0.061171, 0.061354, 0.06142, 0.061751, 0.06209, 0.063349, 0.063627, 0.063742, 0.064334, 0.064631, 0.064894, 0.064914, 0.065066, 0.065105, 0.065178, 0.0652, 0.065445, 0.065672, 0.065964, 0.066068, 0.066236, 0.066264, 0.066563, 0.066669, 0.066705, 0.066737, 0.066973, 0.067261, 0.067273, 0.067336, 0.06744, 0.067447, 0.067518, 0.067674, 0.067841, 0.068013, 0.068242, 0.068242, 0.06849, 0.068587, 0.068607, 0.068709, 0.068728, 0.069063, 0.069499, 0.069514, 0.070155, 0.070274, 0.070277, 0.070675, 0.070784, 0.070849, 0.070975, 0.070987, 0.071068, 0.071307, 0.071313, 0.071345, 0.071396, 0.071586, 0.071609, 0.072082, 0.072106, 0.072476, 0.07259, 0.072623, 0.072789, 0.07297, 0.073158, 0.073176, 0.073566, 0.073569, 0.073581, 0.073663, 0.074103, 0.074213, 0.07429, 0.074444, 0.074533, 0.074795, 0.074795, 0.074865, 0.074909, 0.07498, 0.075005, 0.075229, 0.075233, 0.075748, 0.075758, 0.076331, 0.077149, 0.077191, 0.077354, 0.077789, 0.077936, 0.078076, 0.078184, 0.0783, 0.078528, 0.078864, 0.079087, 0.079125, 0.079143, 0.079208, 0.079231, 0.079265, 0.079281, 0.079776, 0.079828, 0.079916, 0.080006, 0.08009, 0.080134, 0.080287, 0.080497, 0.080861, 0.081175, 0.081287, 0.081689, 0.081851, 0.081895, 0.081912, 0.08204, 0.082391, 0.08241, 0.08241, 0.082966, 0.083053, 0.08323, 0.083422, 0.083525, 0.083568, 0.083733, 0.083757, 0.083779, 0.083845, 0.084107, 0.084308, 0.084712, 0.084856, 0.085183, 0.085373, 0.085423, 0.085467, 0.085476, 0.085738, 0.086215, 0.086353, 0.08636, 0.086435, 0.087097, 0.087345, 0.087893, 0.087937, 0.087939, 0.088168, 0.088225, 0.088593, 0.088643, 0.088802, 0.088917, 0.089313, 0.08935, 0.089362, 0.089649, 0.089764, 0.089781, 0.090037, 0.090045, 0.090188, 0.090571, 0.090617, 0.09062, 0.090713, 0.090791, 0.090932, 0.09106, 0.091141, 0.091815, 0.092344, 0.092486, 0.092652, 0.092825, 0.092997, 0.093147, 0.093641, 0.093888, 0.094053, 0.094226, 0.094273, 0.094995, 0.094995, 0.095062, 0.095419, 0.095533, 0.095588, 0.096018, 0.096582, 0.096631, 0.096634, 0.096651, 0.09668, 0.096805, 0.096909, 0.097479, 0.09767, 0.097803, 0.097816, 0.097884, 0.098258, 0.098923, 0.099018, 0.099088, 0.099564, 0.100358, 0.10066, 0.100806, 0.101147, 0.101643, 0.10198, 0.102662, 0.102728, 0.103017, 0.103359, 0.103856, 0.103914, 0.104017, 0.104114, 0.104707, 0.104878, 0.104898, 0.104918, 0.104938, 0.104971, 0.105479, 0.105613, 0.106207, 0.106482, 0.106506, 0.1071, 0.107286, 0.108074, 0.108359, 0.108512, 0.108542, 0.108569, 0.108607, 0.108694, 0.108718, 0.108991, 0.109062, 0.109097, 0.109286, 0.109387, 0.109656, 0.10972, 0.109746, 0.109841, 0.109975, 0.110051, 0.110147, 0.111097, 0.111169, 0.112091, 0.112207, 0.112566, 0.11258, 0.112708, 0.11278, 0.112791, 0.112889, 0.112999, 0.113106, 0.113323, 0.113714, 0.113946, 0.114091, 0.114975, 0.115149, 0.115334, 0.115394, 0.115831, 0.115877, 0.115898, 0.11604, 0.116085, 0.116267, 0.116578, 0.117, 0.117049, 0.117161, 0.117358, 0.117715, 0.118124, 0.118621, 0.118919, 0.118977, 0.118989, 0.119017, 0.119029, 0.119086, 0.119858, 0.12022, 0.12049, 0.120519, 0.12064, 0.121094, 0.121207, 0.121303, 0.121479, 0.121919, 0.121994, 0.122027, 0.12234, 0.122929, 0.122991, 0.123263, 0.123347, 0.123376, 0.123611, 0.123778, 0.124026, 0.124177, 0.124319, 0.124323, 0.124707, 0.125031, 0.125074, 0.125186, 0.125351, 0.125703, 0.125846, 0.125933, 0.126005, 0.126051, 0.126137, 0.126166, 0.126346, 0.126771, 0.127259, 0.128136, 0.12861, 0.128714, 