{"sigma_r": 0.2506, "sigma_i": 2.3392, "m": 7, "seed": 2544173868, "n_k": {"1": 4257, "2": 844, "3": 142, "4": 19, "5": 1, "6+": 0}, "dlogr": [0.0, 0.0, 0.0, 0.0, 0.0, 0.0, 0.0, 0.0, 0.0, 9.5e-05, 0.000348, 0.000352, 0.000618, 0.00098, 0.001095, 0.00116, 0.00127, 0.001443, 0.001534, 0.001706, 0.001733, 0.001844, 0.001997, 0.002049, 0.002063, 0.002108, 0.002165, 0.002278, 0.002813, 0.002852, 0.002913, 0.002928, 0.00294, 0.003013, 0.003255, 0.003422, 0.003555, 0.003603, 0.003646, 0.003696, 0.003791, 0.003801, 0.003811, 0.003839, 0.003913, 0.003946, 0.003985, 0.004154, 0.004227, 0.004299, 0.00443, 0.004435, 0.004452, 0.004627, 0.004642, 0.004649, 0.004817, 0.004836, 0.004997, 0.005502, 0.00569, 0.005918, 0.005932, 0.005947, 0.005992, 0.005992, 0.00601, 0.006029, 0.006056, 0.006062, 0.006102, 0.006117, 0.006163, 0.006225, 0.006434, 0.00646, 0.006577, 0.006779, 0.006838, 0.006846, 0.007195, 0.007433, 0.007444, 0.00745, 0.007528, 0.007542, 0.007571, 0.007637, 0.007766, 0.007801, 0.007914, 0.007945, 0.007982, 0.00802, 0.008142, 0.008221, 0.00828, 0.008289, 0.008455, 0.008535, 0.008618, 0.008839, 0.008863, 0.008893, 0.008894, 0.008911, 0.008918, 0.008927, 0.008959, 0.00905, 0.009087, 0.009167, 0.009275, 0.00931, 0.009335, 0.009336, 0.009433, 0.009532, 0.009626, 0.009649, 0.009663, 0.009866, 0.009914, 0.009921, 0.009942, 0.010336, 0.010382, 0.010478, 0.010553, 0.010571, 0.010593, 0.010611, 0.010856, 0.010857, 0.011009, 0.011143, 0.011322, 0.011338, 0.011488, 0.011526, 0.011808, 0.012059, 0.01213, 0.012198, 0.012225, 0.012268, 0.012268, 0.012291, 0.012321, 0.012515, 0.012642, 0.012874, 0.012879, 0.013025, 0.013034, 0.013152, 0.013184, 0.013194, 0.013199, 0.013261, 0.013274, 0.013424, 0.013499, 0.013536, 0.013631, 0.013806, 0.01383, 0.013988, 0.01412, 0.014167, 0.014208, 0.014219, 0.014246, 0.014304, 0.014362, 0.014445, 0.014466, 0.014526, 0.014529, 0.01453, 0.014542, 0.014558, 0.014822, 0.014873, 0.014895, 0.015064, 0.015574, 0.015743, 0.015837, 0.015902, 0.015961, 0.015968, 0.016038, 0.016066, 0.016069, 0.01609, 0.016282, 0.016315, 0.016418, 0.016531, 0.016557, 0.016557, 0.016762, 0.016834, 0.01689, 0.016901, 0.016996, 0.017008, 0.017065, 0.017084, 0.017121, 0.017566, 0.0176, 0.017623, 0.017663, 0.017717, 0.017757, 0.017803, 0.017953, 0.018102, 0.01813, 0.018178, 0.018376, 0.018389, 0.018452, 0.018493, 0.018514, 0.018515, 0.018543, 0.018555, 0.018604, 0.018806, 0.019039, 0.019104, 0.019172, 0.019228, 0.019324, 0.019483, 0.019554, 0.019581, 0.019586, 0.019597, 0.020148, 0.02022, 0.020369, 0.020512, 0.02068, 0.020955, 0.020975, 0.021013, 0.021189, 0.02119, 0.021217, 0.021289, 0.021313, 0.021351, 0.021446, 0.021464, 0.021611, 0.021667, 0.021717, 0.021737, 0.021775, 0.021786, 0.021799, 0.021909, 0.021937, 0.022081, 0.022102, 0.022107, 0.022109, 0.022131, 0.022211, 0.022233, 0.022267, 0.022355, 0.022369, 0.022702, 0.022773, 0.022773, 0.022788, 0.022839, 0.022846, 0.022852, 0.022888, 0.022981, 0.023169, 0.023294, 0.02333, 0.023518, 0.023523, 0.023607, 0.02362, 0.023674, 0.023685, 0.023714, 0.023805, 0.024263, 0.024485, 0.02456, 0.02471, 0.024782, 0.025186, 0.025297, 0.025333, 0.02536, 0.025415, 0.025453, 0.025454, 0.025535, 0.025692, 0.025699, 0.025778, 0.025834, 0.025989, 0.026049, 0.026182, 0.026602, 0.026652, 0.026744, 0.026762, 0.026776, 0.02682, 0.026837, 0.026944, 0.026976, 0.027172, 0.027252, 0.027277, 0.027312, 0.027402, 0.027547, 0.027597, 0.027629, 0.027683, 0.027741, 0.027921, 0.028082, 0.028112, 0.028127, 0.028367, 0.028399, 0.028519, 0.028522, 0.028563, 0.028574, 0.028743, 0.028819, 0.028931, 0.02894, 0.028945, 0.029032, 0.029108, 0.029331, 0.029341, 0.029403, 0.029456, 0.029501, 0.029571, 0.029581, 0.029622, 0.029747, 0.02995, 0.03004, 0.03005, 0.030075, 0.030362, 0.030525, 0.030535, 0.030636, 0.030816, 0.030826, 0.03099, 0.030992, 0.031046, 0.031204, 0.031255, 0.03143, 0.031434, 0.031446, 0.031482, 0.031488, 0.031648, 0.031658, 0.031694, 0.031826, 0.031955, 0.031991, 0.032007, 0.032007, 0.03218, 0.032195, 0.032238, 0.032304, 0.032337, 0.032363, 0.032498, 0.032508, 0.03281, 0.032935, 0.033278, 0.033293, 0.033365, 0.03342, 0.03345, 0.03362, 0.033622, 0.033644, 0.033945, 0.034017, 0.034085, 0.034188, 0.034231, 0.034239, 0.034343, 0.034486, 0.034607, 0.034612, 0.034678, 0.034704, 0.034734, 0.034784, 0.034844, 0.034845, 0.034853, 0.034856, 0.034916, 0.035028, 0.035187, 0.035411, 0.035723, 0.035948, 0.035997, 0.036137, 0.036397, 0.036471, 0.036539, 0.036588, 0.036849, 0.036888, 0.037241, 0.037278, 0.037646, 0.037669, 0.037781, 0.037866, 0.038217, 0.038287, 0.038323, 0.03845, 0.038724, 0.039177, 0.03938, 0.039406, 0.039449, 0.039524, 0.03955, 0.039621, 0.039762, 0.039879, 0.039903, 0.039937, 0.040147, 0.040234, 0.040249, 0.04034, 0.040431, 0.040806, 0.040848, 0.040887, 0.040908, 0.04121, 0.041219, 0.041239, 0.041264, 0.041321, 0.041388, 0.041576, 0.041698, 0.041759, 0.041919, 0.04217, 0.042182, 0.04224, 0.042314, 0.04237, 0.042458, 0.042494, 0.042536, 0.042636, 0.042647, 0.042749, 0.042813, 0.04284, 0.042868, 0.043102, 0.043128, 0.043166, 0.043442, 0.043569, 0.043572, 0.043584, 0.043672, 0.043692, 0.043701, 0.043765, 0.044235, 0.044448, 0.044832, 0.044861, 0.044924, 0.045038, 0.045216, 0.045391, 0.045397, 0.045433, 0.045443, 0.045466, 0.046012, 0.046414, 0.046429, 0.046433, 0.046498, 0.046581, 0.046626, 0.046779, 0.047068, 0.047267, 0.047316, 0.047566, 0.047607, 0.047621, 0.047643, 0.047722, 0.047839, 0.04787, 0.048065, 0.048068, 0.048212, 0.048309, 0.048522, 0.048608, 0.048662, 0.048882, 0.049007, 0.049065, 0.049122, 0.049153, 0.049222, 0.049369, 0.049977, 0.049991, 0.050102, 0.050116, 0.050158, 0.050204, 0.050246, 0.050268, 0.05032, 0.050591, 0.05065, 0.050665, 0.05067, 0.050759, 0.050868, 0.050876, 0.051015, 0.051423, 0.051507, 0.05151, 0.051559, 0.051655, 0.05168, 0.051793, 0.051966, 0.05218, 0.052285, 0.052296, 0.052305, 0.052353, 0.052681, 0.052796, 0.052797, 0.05291, 0.052922, 0.052976, 0.053382, 0.053464, 0.053662, 0.053776, 0.05379, 0.053807, 0.053921, 0.054138, 0.054162, 0.054297, 0.054329, 0.054448, 0.054513, 0.054658, 0.054967, 0.055018, 0.055067, 0.055071, 0.055213, 0.055376, 0.055433, 0.055469, 0.05554, 0.055798, 0.055845, 0.055911, 0.056301, 0.056341, 0.056461, 0.056626, 0.056699, 0.056787, 0.056793, 0.056831, 0.056843, 0.056921, 0.056972, 0.057435, 0.05745, 0.057456, 0.05753, 0.057781, 0.057834, 0.057965, 0.057989, 0.058034, 0.058209, 0.058361, 0.058583, 0.058588, 0.058589, 0.05861, 0.058895, 0.058957, 0.05896, 0.059055, 0.059253, 0.059303, 0.059324, 0.059549, 0.059736, 0.059762, 0.059847, 0.059856, 0.06013, 0.060323, 0.060373, 0.060414, 0.06054, 0.060775, 0.06085, 0.060901, 0.060993, 0.061073, 0.061214, 0.061228, 0.061799, 0.061823, 0.062094, 0.062126, 0.062275, 0.062304, 0.062528, 0.062561, 0.062574, 0.062661, 0.062671, 0.062918, 0.062966, 0.06298, 0.063061, 0.063089, 0.063252, 0.063423, 0.063429, 0.063526, 0.06371, 0.06376, 0.06382, 0.063933, 0.064026, 0.064384, 0.064695, 0.064891, 0.064929, 0.065046, 0.065156, 0.065281, 0.06539, 0.065656, 0.065865, 0.06607, 0.066146, 0.06635, 0.066558, 0.066719, 0.066783, 0.06699, 0.067092, 0.067131, 0.067178, 0.067516, 0.067548, 0.067588, 0.067592, 0.067681, 0.067693, 0.067842, 0.067919, 0.067924, 0.068172, 0.068278, 0.068501, 0.069308, 0.069366, 0.069456, 0.069508, 0.06955, 0.069591, 0.070755, 0.070842, 0.070868, 0.071253, 0.071254, 0.071476, 0.071959, 0.071964, 0.072067, 0.072141, 0.07232, 0.072412, 0.072422, 0.07247, 0.072625, 0.072667, 0.072798, 0.072828, 0.072944, 0.073009, 0.073009, 0.073239, 0.073446, 0.073548, 0.073617, 0.073999, 0.074018, 0.074408, 0.074425, 0.074428, 0.07477, 0.074827, 0.075011, 0.075053, 0.075372, 0.075392, 0.075614, 0.07566, 0.075867, 0.075906, 0.076007, 0.076189, 0.076389, 0.076394, 0.076499, 0.076519, 0.076559, 0.077406, 0.077571, 0.077705, 0.077891, 0.077934, 0.077969, 0.07825, 0.0787, 0.078773, 0.07903, 0.079045, 0.079664, 0.080007, 0.080036, 0.080231, 0.080419, 0.080574, 0.080613, 0.080708, 0.080751, 0.080925, 0.080959, 0.08097, 0.080979, 0.081155, 0.081573, 0.081884,