{"sigma_r": 0.4932, "sigma_i": 0.4183, "m": 2, "seed": 1192496588, "n_k": {"1": 3787, "2": 906, "3": 255, "4": 89, "5": 19, "6+": 4}, "dlogr": [0.0, 0.0, 0.0, 0.0, 0.0, 0.0, 0.0, 0.0, 0.0, 0.0, 5.6e-05, 6e-05, 8.5e-05, 0.000136, 0.000232, 0.000329, 0.000381, 0.00053, 0.00057, 0.000594, 0.0006, 0.000603, 0.000663, 0.000761, 0.000769, 0.000798, 0.000831, 0.000845, 0.00087, 0.000894, 0.000902, 0.00103, 0.001046, 0.001113, 0.001175, 0.001228, 0.001277, 0.001298, 0.001319, 0.001334, 0.00136, 0.001464, 0.001469, 0.001547, 0.001631, 0.001644, 0.001683, 0.001701, 0.001705, 0.001746, 0.001769, 0.00188, 0.001928, 0.002029, 0.002034, 0.002076, 0.002236, 0.002455, 0.002474, 0.002662, 0.002684, 0.002861, 0.002907, 0.002926, 0.002948, 0.002954, 0.002994, 0.003041, 0.003114, 0.003153, 0.003153, 0.003174, 0.003226, 0.003542, 0.003589, 0.003669, 0.003733, 0.003821, 0.003844, 0.004147, 0.004237, 0.00463, 0.004648, 0.00467, 0.00468, 0.004705, 0.004722, 0.004784, 0.004906, 0.005017, 0.005143, 0.005271, 0.00528, 0.005311, 0.005402, 0.005557, 0.005575, 0.00562, 0.005701, 0.005707, 0.005711, 0.005781, 0.005947, 0.006078, 0.006139, 0.006539, 0.006631, 0.006787, 0.006796, 0.006854, 0.006861, 0.006908, 0.006934, 0.007006, 0.007086, 0.007163, 0.007291, 0.00734, 0.007435, 0.007496, 0.007657, 0.007685, 0.0079, 0.007932, 0.008024, 0.008311, 0.008526, 0.008589, 0.0086, 0.008696, 0.008744, 0.008908, 0.009029, 0.009162, 0.009303, 0.009368, 0.009394, 0.009455, 0.009525, 0.009574, 0.009588, 0.009745, 0.009751, 0.00984, 0.009843, 0.009863, 0.009865, 0.009883, 0.009894, 0.009935, 0.010016, 0.010109, 0.010342, 0.010406, 0.010526, 0.010534, 0.010549, 0.010614, 0.010687, 0.010714, 0.010743, 0.010923, 0.011144, 0.011145, 0.011205, 0.011448, 0.011539, 0.011713, 0.01181, 0.011818, 0.012033, 0.012044, 0.012087, 0.012093, 0.012222, 0.012258, 0.012265, 0.012325, 0.012332, 0.012335, 0.012509, 0.012536, 0.012594, 0.012651, 0.012684, 0.012705, 0.012744, 0.012775, 0.012988, 0.013081, 0.013119, 0.013492, 0.013545, 0.013658, 0.013686, 0.013715, 0.013719, 0.01374, 0.013754, 0.013781, 0.013866, 0.013892, 0.013907, 0.014054, 0.014096, 0.014199, 0.014586, 0.0148, 0.014807, 0.014995, 0.015018, 0.015266, 0.015304, 0.015386, 0.0154, 0.015428, 0.015596, 0.015694, 0.015843, 0.015855, 0.015919, 0.016024, 0.016044, 0.01611, 0.016196, 0.016305, 0.016365, 0.016367, 0.016384, 0.016495, 0.016692, 0.016895, 0.016903, 0.017242, 0.017285, 0.017315, 0.017321, 0.017502, 0.017528, 0.017531, 0.017632, 0.017653, 0.017687, 0.017761, 0.017777, 0.01782, 0.017843, 0.017854, 0.017989, 0.018039, 0.018161, 0.018231, 0.018263, 0.018393, 0.018407, 0.018481, 0.018554, 0.018735, 0.018736, 0.018769, 0.018813, 0.01888, 0.019039, 0.019161, 0.019174, 0.019196, 0.019342, 0.019601, 0.019675, 0.019755, 0.019853, 0.019869, 0.019875, 0.019896, 0.020068, 0.020141, 0.020438, 0.020501, 0.020897, 0.020974, 0.020995, 0.021021, 0.02115, 0.02116, 0.021193, 0.021201, 0.021265, 0.021272, 0.021349, 0.02138, 0.021383, 0.021399, 0.021436, 0.021443, 0.021612, 0.021725, 0.021729, 0.021941, 0.021944, 0.02199, 0.022161, 0.02224, 0.022383, 0.022454, 0.022503, 0.02265, 0.022666, 0.022798, 0.022814, 0.022906, 0.023039, 0.023096, 0.023097, 0.023138, 0.023245, 0.023392, 0.023431, 0.023549, 0.023623, 0.023813, 0.024053, 0.024066, 0.024201, 0.024246, 0.024311, 0.024358, 0.024594, 0.024623, 0.024637, 0.024739, 0.024805, 0.024817, 0.024899, 0.024979, 0.025014, 0.025017, 0.025219, 0.025246, 0.025269, 0.025304, 0.02564, 0.025684, 0.025702, 0.025757, 0.025822, 0.026037, 0.02608, 0.026094, 0.026104, 0.026373, 0.02639, 0.026426, 0.026529, 0.026612, 0.02663, 0.026654, 0.02679, 0.027019, 0.027089, 0.027131, 0.027143, 0.027191, 0.027227, 0.027328, 0.027401, 0.027523, 0.027843, 0.027945, 0.027969, 0.027973, 0.027986, 0.028057, 0.028094, 0.028209, 0.028229, 0.028286, 0.028296, 0.028337, 0.028341, 0.028354, 0.028362, 0.028471, 0.028498, 0.028627, 0.028883, 0.028976, 0.029073, 0.029113, 0.029144, 0.029146, 0.029284, 0.029311, 0.029316, 0.029399, 0.029448, 0.029738, 0.029871, 0.029998, 0.030014, 0.03054, 0.030607, 0.030783, 0.03095, 0.030973, 0.03098, 0.031117, 0.03122, 0.031478, 0.031695, 0.03178, 0.031807, 0.032132, 0.032146, 0.032174, 0.032176, 0.032204, 0.032253, 0.032318, 0.032393, 0.0324, 0.032415, 0.032435, 0.032538, 0.032567, 0.032597, 0.03275, 0.032854, 0.032873, 0.032895, 0.033047, 0.033117, 0.033375, 0.033378, 0.03354, 0.033563, 0.033658, 0.033719, 0.034122, 0.03436, 0.034581, 0.034596, 0.034633, 0.034681, 0.034684, 0.034834, 0.03485, 0.034907, 0.034999, 0.035045, 0.03522, 0.035249, 0.035251, 0.035291, 0.035367, 0.035398, 0.035493, 0.035513, 0.035565, 0.035596, 0.035598, 0.035619, 0.035677, 0.035932, 0.03595, 0.036112, 0.036288, 0.036489, 0.036574, 0.036668, 0.036737, 0.037109, 0.037227, 0.037342, 0.037494, 0.037498, 0.037503, 0.037524, 0.037552, 0.037868, 0.037966, 0.038068, 0.038232, 0.038313, 0.038923, 0.038976, 0.039197, 0.039272, 0.039363, 0.039373, 0.039536, 0.039701, 0.039878, 0.039933, 0.040007, 0.040033, 0.040035, 0.040063, 0.040256, 0.040461, 0.040583, 0.04066, 0.040847, 0.040959, 0.041082, 0.041086, 0.041311, 0.041431, 0.041456, 0.041472, 0.041527, 0.041594, 0.041644, 0.04173, 0.041781, 0.041912, 0.042065, 0.042141, 0.042185, 0.042191, 0.042229, 0.04232, 0.042348, 0.042371, 0.042399, 0.042611, 0.042632, 0.042858, 0.042972, 0.043135, 0.043517, 0.043659, 0.043736, 0.043938, 0.043981, 0.044098, 0.04418, 0.04429, 0.044346, 0.044404, 0.044515, 0.044538, 0.044594, 0.0446, 0.044632, 0.04468, 0.044769, 0.044904, 0.044957, 0.044971, 0.045039, 0.045145, 0.045323, 0.045479, 0.045479, 0.045498, 0.045542, 0.045548, 0.045653, 0.045678, 0.045773, 0.045811, 0.045822, 0.045872, 0.046088, 0.046122, 0.046319, 0.046341, 0.046669, 0.04684, 0.046844, 0.046906, 0.046924, 0.046927, 0.047005, 0.04701, 0.047035, 0.047058, 0.047149, 0.047393, 0.047394, 0.047424, 0.047445, 0.047494, 0.047681, 0.047695, 0.047727, 0.047799, 0.047815, 0.047843, 0.047869, 0.047912, 0.047924, 0.04793, 0.048371, 0.048403, 0.048469, 0.048484, 0.048897, 0.04891, 0.048938, 0.049271, 0.049546, 0.049668, 0.049698, 0.049749, 0.049791, 0.04983, 0.050015, 0.050043, 0.05011, 0.050171, 0.050223, 0.050348, 0.050458, 0.050512, 0.050528, 0.050543, 0.050613, 0.050639, 0.050657, 0.050739, 0.050935, 0.051036, 0.05106, 0.051233, 0.051335, 0.051439, 0.051508, 0.051564, 0.051748, 0.05175, 0.051787, 0.052126, 0.052238, 0.052275, 0.052338, 0.052426, 0.052549, 0.052573, 0.052682, 0.05271, 0.052915, 0.052939, 0.05295, 0.053088, 0.05344, 0.053455, 0.053482, 0.053603, 0.053632, 0.053735, 0.053743, 0.053842, 0.053954, 0.054424, 0.054435, 0.05451, 0.05458, 0.054702, 0.054813, 0.05482, 0.054939, 0.054961, 0.054992, 0.055, 0.055208, 0.055244, 0.055411, 0.05543, 0.055526, 0.055538, 0.055614, 0.055673, 0.055845, 0.055857, 0.05608, 0.056107, 0.056172, 0.056262, 0.056335, 0.056471, 0.056618, 0.056641, 0.056656, 0.056727, 0.056756, 0.056839, 0.056959, 0.057022, 0.057113, 0.057226, 0.057366, 0.057404, 0.05756, 0.057623, 0.057803, 0.057968, 0.058145, 0.058218, 0.058428, 0.058482, 0.058637, 0.058797, 0.058899, 0.059089, 0.059223, 0.059224, 0.059336, 0.059342, 0.05935, 0.059454, 0.05947, 0.059549, 0.059664, 0.059769, 0.059806, 0.05983, 0.059986, 0.060016, 0.060025, 0.060311, 0.060327, 0.060341, 0.06037, 0.060385, 0.060499, 0.060649, 0.06073, 0.060732, 0.060861, 0.060866, 0.060978, 0.06101, 0.061066, 0.061137, 0.061328, 0.061403, 0.061474, 0.061538, 0.061548, 0.061572, 0.061647, 0.06179, 0.06189, 0.06197, 0.061971, 0.062028, 0.06223, 0.062337, 0.062436, 0.062527, 0.06264, 0.062739, 0.063012, 0.063052, 0.063136, 0.063313, 0.063435, 0.06347, 0.063588, 0.063604, 0.063613, 0.063617, 0.06369, 0.063728, 0.063867, 0.063953, 0.06396, 0.064099, 0.064304, 0.064479, 0.064731, 0.064786, 0.064798, 0.065048, 0.065105, 0.065211, 0.06524, 0.065271, 0.065385, 0.065537, 0.06561, 0.066103, 0.066121, 0.066167, 0.066431, 0.066494, 0.066501, 0.066678, 0.066716, 0.066839, 0.066848, 0.066897, 0.066944, 0.067046, 0.067139, 0.067144, 0.067258, 0.067467, 0.067882, 