{"sigma_r": 0.093, "sigma_i": 24.0, "m": 1, "seed": 3937467057, "n_k": {"1": 6066, "2": 193, "3": 8, "4": 0, "5": 0, "6+": 0}, "dlogr": [0.0, 0.0, 8.3e-05, 9.2e-05, 0.000195, 0.000246, 0.000419, 0.000646, 0.001051, 0.001245, 0.001726, 0.002635, 0.003256, 0.003643, 0.003648, 0.003669, 0.004311, 0.004997, 0.005053, 0.005173, 0.00537, 0.005715, 0.00592, 0.006422, 0.006628, 0.00667, 0.006836, 0.007349, 0.007881, 0.008337, 0.008398, 0.008434, 0.008529, 0.009069, 0.009086, 0.009327, 0.010232, 0.010262, 0.0104, 0.01099, 0.011128, 0.011202, 0.011288, 0.011616, 0.011841, 0.01221, 0.012752, 0.01283, 0.012985, 0.013738, 0.01382, 0.013946, 0.013957, 0.014004, 0.014763, 0.014884, 0.01519, 0.015554, 0.016293, 0.016334, 0.016567, 0.017672, 0.017679, 0.017685, 0.017694, 0.018139, 0.018522, 0.018526, 0.019315, 0.019596, 0.020146, 0.020461, 0.020948, 0.021469, 0.021538, 0.022275, 0.022857, 0.023285, 0.023312, 0.023664, 0.024312, 0.024827, 0.02502, 0.025122, 0.025396, 0.025698, 0.026249, 0.026315, 0.02653, 0.026944, 0.027042, 0.028116, 0.02858, 0.029557, 0.029586, 0.030022, 0.030361, 0.030556, 0.030794, 0.031145, 0.031333, 0.031708, 0.031747, 0.03214, 0.032252, 0.032435, 0.032904, 0.033642, 0.033953, 0.034542, 0.034687, 0.035073, 0.035309, 0.036008, 0.036069, 0.036598, 0.036616, 0.037187, 0.03972, 0.039884, 0.040836, 0.040843, 0.041884, 0.04237, 0.043474, 0.04353, 0.043827, 0.044047, 0.044184, 0.044712, 0.046062, 0.046236, 0.047667, 0.047698, 0.048602, 0.048712, 0.04999, 0.05196, 0.052055, 0.052814, 0.053423, 0.055121, 0.05776, 0.057879, 0.05864, 0.059143, 0.059165, 0.063234, 0.064169, 0.065285, 0.065407, 0.065684, 0.067618, 0.068845, 0.069804, 0.071457, 0.075341, 0.075901, 0.077234, 0.078324, 0.079184, 0.079205, 0.080925, 0.083496, 0.08386, 0.087083, 0.089879, 0.091949, 0.095093, 0.097056, 0.097079, 0.114994, 0.120893, 0.126941, 0.542633, 0.544617, 0.555376, 0.596119, 0.599783, 0.605524, 0.643923, 0.657162, 0.673258, 0.676792, 0.681972, 0.690528, 0.713428, 0.72265, 0.726772, 0.727764, 0.762728, 0.762731, 0.803708, 0.805082, 0.843741, 0.865107, 0.874455, 0.875153, 0.896359, 0.89781, 0.899433, 0.908126, 0.913003, 0.916363, 0.93423, 0.935595, 0.939432, 0.994022, 1.162189], "monotonicity": -0.4375, "n_systems": 6267, "n_planets": 6476, "n_targets": 137493}