{"sigma_r": 0.6181, "sigma_i": 1.4304, "m": 2, "seed": 245215011, "n_k": {"1": 4043, "2": 967, "3": 221, "4": 33, "5": 7, "6+": 0}, "dlogr": [0.0, 0.0, 0.0, 0.0, 0.0, 0.0, 0.0, 6.3e-05, 9.1e-05, 0.000137, 0.000168, 0.000573, 0.000707, 0.000936, 0.001152, 0.001183, 0.001359, 0.001576, 0.001726, 0.001792, 0.001853, 0.001858, 0.001946, 0.001975, 0.001991, 0.002093, 0.00212, 0.002395, 0.002543, 0.002587, 0.00282, 0.003047, 0.003098, 0.003456, 0.00353, 0.003578, 0.003583, 0.003862, 0.004133, 0.004134, 0.004504, 0.004583, 0.00462, 0.004764, 0.004835, 0.004924, 0.005068, 0.005189, 0.005358, 0.005458, 0.005469, 0.005573, 0.005641, 0.005655, 0.005701, 0.005703, 0.005804, 0.005869, 0.006145, 0.006145, 0.006181, 0.006388, 0.006401, 0.006418, 0.006461, 0.006481, 0.006602, 0.006812, 0.007016, 0.007294, 0.007323, 0.007429, 0.00746, 0.00748, 0.007533, 0.00755, 0.007989, 0.008016, 0.008106, 0.008196, 0.008198, 0.00822, 0.008327, 0.008364, 0.008398, 0.008571, 0.008615, 0.008624, 0.00876, 0.008775, 0.008884, 0.008933, 0.009278, 0.009281, 0.009318, 0.009644, 0.009785, 0.009864, 0.009896, 0.009896, 0.009929, 0.010057, 0.010139, 0.010461, 0.010712, 0.010778, 0.010884, 0.011083, 0.011366, 0.011559, 0.011724, 0.0119, 0.012087, 0.012156, 0.012283, 0.012424, 0.012772, 0.012778, 0.012784, 0.013068, 0.013176, 0.013235, 0.013318, 0.013409, 0.013424, 0.013555, 0.013599, 0.013691, 0.013744, 0.013912, 0.013985, 0.014005, 0.014166, 0.01432, 0.014367, 0.014582, 0.014624, 0.014765, 0.014812, 0.01482, 0.014985, 0.015109, 0.015547, 0.015731, 0.015769, 0.015915, 0.016215, 0.016307, 0.016416, 0.016732, 0.016827, 0.016926, 0.017098, 0.017136, 0.01714, 0.017466, 0.017511, 0.017662, 0.0177, 0.017873, 0.01791, 0.018115, 0.018286, 0.018511, 0.018683, 0.018685, 0.019129, 0.01913, 0.019358, 0.019508, 0.019537, 0.019674, 0.01972, 0.019747, 0.019978, 0.019979, 0.020161, 0.020269, 0.020592, 0.020616, 0.020634, 0.020637, 0.02084, 0.020908, 0.021138, 0.021205, 0.021556, 0.021797, 0.022025, 0.022234, 0.022608, 0.022758, 0.023102, 0.023161, 0.023361, 0.023538, 0.023558, 0.023573, 0.023667, 0.023746, 0.023806, 0.023887, 0.023917, 0.02394, 0.024446, 0.024652, 0.024829, 0.024874, 0.024875, 0.024876, 0.024901, 0.024974, 0.025015, 0.025041, 0.025093, 0.025123, 0.025152, 0.025182, 0.025484, 0.025651, 0.02578, 0.025897, 0.026193, 0.02633, 0.026354, 0.026489, 0.02652, 0.026574, 0.026603, 0.026696, 0.026702, 0.026707, 0.026733, 0.026786, 0.0268, 0.026848, 0.027558, 0.027759, 0.027848, 0.027868, 0.028151, 0.028428, 0.028494, 0.028672, 0.028862, 0.028877, 0.028941, 0.028962, 0.028986, 0.029125, 0.029172, 0.029223, 0.029344, 0.029545, 0.029803, 0.029856, 0.030011, 0.030277, 0.030338, 0.030434, 0.030455, 0.030472, 0.030567, 0.030621, 0.03065, 0.030664, 0.030717, 0.030736, 0.030969, 0.031056, 0.031148, 0.031483, 0.031635, 0.031876, 0.032034, 0.032203, 0.032513, 0.032551, 0.032779, 0.032785, 0.032986, 0.033106, 0.033213, 0.033316, 0.033531, 0.033754, 0.033843, 0.033883, 0.034031, 0.034198, 0.034224, 0.034298, 0.034317, 0.034351, 0.034487, 0.034651, 0.034688, 0.034817, 0.034996, 0.035006, 0.035075, 0.035224, 0.035245, 0.035528, 0.035692, 0.035809, 0.035981, 0.036108, 0.036634, 0.036684, 0.03692, 0.036986, 0.037148, 0.037424, 0.03743, 0.037597, 0.037644, 0.03776, 0.037987, 0.038021, 0.038073, 0.038109, 0.038183, 0.038197, 0.038275, 0.038427, 0.038433, 0.038465, 0.038593, 0.038598, 0.038607, 0.038855, 0.038982, 0.039005, 0.03946, 0.039821, 0.039942, 0.039953, 0.04007, 0.040111, 0.040189, 0.040252, 0.040292, 0.040353, 0.040444, 0.040552, 0.040671, 0.040687, 0.040766, 0.04094, 0.041083, 0.04125, 0.041259, 0.041423, 0.041434, 0.041529, 0.041675, 0.041699, 0.042239, 0.042305, 0.042614, 0.042689, 0.042982, 0.043033, 0.043489, 0.043594, 0.043635, 0.043656, 0.043712, 0.043967, 0.044185, 0.044254, 0.044384, 0.044763, 0.044794, 0.044821, 0.044856, 0.044905, 0.045253, 0.045372, 0.045383, 0.045421, 0.045697, 0.045756, 0.045806, 0.04588, 0.045958, 0.045981, 0.04614, 0.046251, 0.046427, 0.046616, 0.046665, 0.046779, 0.04695, 0.047044, 0.047175, 0.047676, 0.04768, 0.047706, 0.047723, 0.047737, 0.047813, 0.047943, 0.048074, 0.048139, 0.048317, 0.048333, 0.048384, 0.048714, 0.048873, 0.048904, 0.049069, 0.049129, 0.049139, 0.049211, 0.049274, 0.049484, 0.049708, 0.049757, 0.049806, 0.04981, 0.04983, 0.049867, 0.04989, 0.050129, 0.050196, 0.05075, 0.05078, 0.051335, 0.051441, 0.051456, 0.05151, 0.051693, 0.051906, 0.052015, 0.052157, 0.052453, 0.052458, 0.05249, 0.05259, 0.052598, 0.052763, 0.052773, 0.052809, 0.053126, 0.053277, 0.053278, 0.053296, 0.053689, 0.053806, 0.053858, 0.05388, 0.054046, 0.054317, 0.054468, 0.054539, 0.054729, 0.055039, 0.055081, 0.055182, 0.055255, 0.055533, 0.055698, 0.055835, 0.05593, 0.056013, 0.056147, 0.056165, 0.056539, 0.056675, 0.056769, 0.056784, 0.057066, 0.057174, 0.057276, 0.057281, 0.057284, 0.05772, 0.057788, 0.057809, 0.05784, 0.058038, 0.05813, 0.058299, 0.05841, 0.058452, 0.058709, 0.05872, 0.058774, 0.058775, 0.058916, 0.059095, 0.05913, 0.059144, 0.059357, 0.059427, 0.059433, 0.05945, 0.059465, 0.059572, 0.059592, 0.059716, 0.059997, 0.060112, 0.060133, 0.060237, 0.060246, 0.060285, 0.060502, 0.060522, 0.060607, 0.06069, 0.060703, 0.06121, 0.061263, 0.061352, 0.061435, 0.061443, 0.061465, 0.062045, 0.062071, 0.062073, 0.062276, 0.062276, 0.062416, 0.062495, 0.062562, 0.062651, 0.062793, 0.062805, 0.062888, 0.062969, 0.063053, 0.063097, 0.063134, 0.063144, 0.063291, 0.063374, 0.063377, 0.063548, 0.064008, 0.06404, 0.064071, 0.064128, 0.064244, 0.064289, 0.064448, 0.064627, 0.064637, 0.064646, 0.064662, 0.064837, 0.064957, 0.065052, 0.065204, 0.065289, 0.065308, 0.065401, 0.065751, 0.065961, 0.066078, 0.066207, 0.066235, 0.066516, 0.066545, 0.066999, 0.067021, 0.067111, 0.067238, 0.067258, 0.067328, 0.067417, 0.067481, 0.067564, 0.067655, 0.067755, 0.06781, 0.06803, 0.068233, 0.068494, 0.068724, 0.068946, 0.068973, 0.069052, 0.069053, 0.069192, 0.069388, 0.069402, 0.069429, 0.069617, 0.069712, 0.070097, 0.070365, 0.070573, 0.071057, 0.071077, 0.071187, 0.071384, 0.071434, 0.071555, 0.071714, 0.071959, 0.072006, 0.072076, 0.07213, 0.072372, 0.072385, 0.072662, 0.072743, 0.07283, 0.072941, 0.072995, 0.073437, 0.07344, 0.073449, 0.073455, 0.073625, 0.073628, 0.0737, 0.073836, 0.073861, 0.073941, 0.074255, 0.074289, 0.074459, 0.074605, 0.07468, 0.075041, 0.075076, 0.075135, 0.075168, 0.07523, 0.075699, 0.075817, 0.075982, 0.076226, 0.076278, 0.076334, 0.076417, 0.076495, 0.076568, 0.076884, 0.077238, 0.077275, 0.077289, 0.07732, 0.077378, 0.077414, 0.077841, 0.077923, 0.078187, 0.07825, 0.078344, 0.078461, 0.078507, 0.078612, 0.078705, 0.078894, 0.078996, 0.079113, 0.079289, 0.079361, 0.079424, 0.079923, 0.080051, 0.080051, 0.080146, 0.080272, 0.080351, 0.080539, 0.080581, 0.080735, 0.080773, 0.080783, 0.080795, 0.080894, 0.080924, 0.081128, 0.081347, 0.081347, 0.08136, 0.081491, 0.081516, 0.081535, 0.081539, 0.081557, 0.081712, 0.081825, 0.081916, 0.081956, 0.082092, 0.082209, 0.082235, 0.082274, 0.082516, 0.082616, 0.0827, 0.082879, 0.082917, 0.083025, 0.083545, 0.083632, 0.083726, 0.083733, 0.083761, 0.08397, 0.084047, 0.084073, 0.084539, 0.084625, 0.08469, 0.084718, 0.084852, 0.084873, 0.085028, 0.085273, 0.085502, 0.085811, 0.086252, 0.08734, 0.087378, 0.087387, 0.087471, 0.087496, 0.087533, 0.087629, 0.087631, 0.088007, 0.088141, 0.088262, 0.088307, 0.088718, 0.088853, 0.08913, 0.089298, 0.089435, 0.089633, 0.089905, 0.090147, 0.090171, 0.090302, 0.090348, 0.090485, 0.09055, 0.090648, 0.091025, 0.091115, 0.091164, 0.091197, 0.09124, 0.091395, 0.091814, 0.092247, 0.092298, 0.092454, 0.092635, 0.092678, 0.092691, 0.092734, 0.093049, 0.093153, 0.093245, 0.093307, 0.0934, 0.093449, 0.093562, 0.093758, 0.093788, 0.0939, 0.094012, 0.094018, 0.094091, 0.094115, 0.094166, 0.094203, 0.094306, 0.09468, 0.094744, 0.094885, 0.094933, 0.095072, 0.095092, 0.09523, 0.095672, 0.096022, 0.09622, 0.096245, 0.096427, 0.096456, 0.096603, 0.096625, 0.096879, 0.097008, 0.097133, 0.097621, 0.097634, 0.09767, 