{"sigma_r": 2.3939, "sigma_i": 0.3271, "m": 8, "seed": 1638537440, "n_k": {"1": 3634, "2": 884, "3": 269, "4": 62, "5": 23, "6+": 1}, "dlogr": [1.6e-05, 4.6e-05, 0.000153, 0.000312, 0.000323, 0.000645, 0.000848, 0.000915, 0.000989, 0.001166, 0.001252, 0.001436, 0.001642, 0.001809, 0.002135, 0.002205, 0.002419, 0.002614, 0.003073, 0.003698, 0.003869, 0.003954, 0.004462, 0.005068, 0.005319, 0.005378, 0.00541, 0.005583, 0.005661, 0.005728, 0.006074, 0.006422, 0.006665, 0.006809, 0.007087, 0.007335, 0.007341, 0.007472, 0.007482, 0.00766, 0.007853, 0.007864, 0.007969, 0.008018, 0.008175, 0.008236, 0.008363, 0.008809, 0.008869, 0.008905, 0.009778, 0.009921, 0.010103, 0.010265, 0.010306, 0.010739, 0.010816, 0.011163, 0.011507, 0.011651, 0.011863, 0.011926, 0.012357, 0.012371, 0.012502, 0.012553, 0.012589, 0.012859, 0.012946, 0.013061, 0.013182, 0.013203, 0.013455, 0.013589, 0.013847, 0.014033, 0.014075, 0.014203, 0.014701, 0.015232, 0.015314, 0.015426, 0.015543, 0.015588, 0.015652, 0.01663, 0.01691, 0.016984, 0.017419, 0.017427, 0.01744, 0.017555, 0.017887, 0.018058, 0.018065, 0.018443, 0.018497, 0.018758, 0.018994, 0.019133, 0.019221, 0.019253, 0.019318, 0.019345, 0.019663, 0.019929, 0.020013, 0.020133, 0.020427, 0.020664, 0.021287, 0.021585, 0.021647, 0.021716, 0.022151, 0.022246, 0.022398, 0.022451, 0.022542, 0.022665, 0.022794, 0.023133, 0.023204, 0.023233, 0.023641, 0.023772, 0.023834, 0.023938, 0.023966, 0.024462, 0.024543, 0.024548, 0.024982, 0.025086, 0.025343, 0.025372, 0.025452, 0.025623, 0.025681, 0.026079, 0.026132, 0.026162, 0.026186, 0.026288, 0.026347, 0.026527, 0.026699, 0.026818, 0.026871, 0.026925, 0.027187, 0.027594, 0.027634, 0.027876, 0.028046, 0.028391, 0.028433, 0.028567, 0.028647, 0.02866, 0.029449, 0.029709, 0.030006, 0.030203, 0.030353, 0.030497, 0.030855, 0.030907, 0.031061, 0.031152, 0.031332, 0.031836, 0.031899, 0.032031, 0.032138, 0.032229, 0.032249, 0.032567, 0.032907, 0.032967, 0.032988, 0.033069, 0.033261, 0.033286, 0.033429, 0.033692, 0.033892, 0.034009, 0.034067, 0.034548, 0.034677, 0.035068, 0.035159, 0.035478, 0.035807, 0.035822, 0.035848, 0.035886, 0.035987, 0.036467, 0.036948, 0.037159, 0.038072, 0.038269, 0.03858, 0.038737, 0.038743, 0.038757, 0.038823, 0.038829, 0.039254, 0.039317, 0.039481, 0.039518, 0.039743, 0.03988, 0.039888, 0.039963, 0.0401, 0.040114, 0.040139, 0.04056, 0.041134, 0.041151, 0.041217, 0.041232, 0.041308, 0.041316, 0.04147, 0.041553, 0.041714, 0.041783, 0.041901, 0.042036, 0.042189, 0.042396, 0.042469, 0.042531, 0.04293, 0.042939, 0.043076, 0.043194, 0.043365, 0.043382, 0.043506, 0.04381, 0.043849, 0.043889, 0.04434, 0.044559, 0.044683, 0.04481, 0.045231, 0.045256, 0.045283, 0.045297, 0.045601, 0.045824, 0.046122, 0.046217, 0.046289, 0.046545, 0.046566, 0.04669, 0.047021, 0.047028, 0.047189, 0.04729, 0.047354, 0.047435, 0.04745, 0.047693, 0.048253, 0.048434, 0.048857, 0.048865, 0.0489, 0.048984, 0.04911, 0.04928, 0.049287, 0.049316, 0.049365, 0.049525, 0.050212, 0.050551, 0.050617, 0.050685, 0.051079, 0.051135, 0.051431, 0.05147, 0.051488, 0.051589, 0.051835, 0.052221, 0.052297, 0.052298, 0.052365, 0.052563, 0.052716, 0.052757, 0.0528, 0.053021, 0.053246, 0.053268, 0.053684, 0.053872, 0.054001, 0.054031, 0.05404, 0.054086, 0.054131, 0.054424, 0.054587, 0.054715, 0.05486, 0.054884, 0.054973, 0.054978, 0.054992, 0.055227, 0.055247, 0.05533, 0.055423, 0.055609, 0.056229, 0.056379, 0.05643, 0.05643, 0.056451, 0.05657, 0.056668, 0.056804, 0.056826, 0.056933, 0.057124, 0.05738, 0.05753, 0.057611, 0.057627, 0.057637, 0.05769, 0.057883, 0.058279, 0.058536, 0.058684, 0.058722, 0.058887, 0.059293, 0.05931, 0.059536, 0.059682, 0.059949, 0.060081, 0.060299, 0.06054, 0.060557, 0.061127, 0.061331, 0.06155, 0.061829, 0.061991, 0.062039, 0.062597, 0.062602, 0.062693, 0.062939, 0.062942, 0.063125, 0.063187, 0.06337, 0.063405, 0.063678, 0.063994, 0.064116, 0.064362, 0.064519, 0.064538, 0.064598, 0.064814, 0.064893, 0.065132, 0.065232, 0.065363, 0.065689, 0.065734, 0.065918, 0.066006, 0.066027, 0.066559, 0.06657, 0.066609, 0.06672, 0.066728, 0.066764, 0.067087, 0.067692, 0.067866, 0.068288, 0.068297, 0.068469, 0.068735, 0.068759, 0.069796, 0.070313, 0.071109, 0.071344, 0.072216, 0.072312, 0.072624, 0.072785, 0.07284, 0.073144, 0.074013, 0.074208, 0.074644, 0.074845, 0.074876, 0.07493, 0.075972, 0.076313, 0.076324, 0.076547, 0.076564, 0.076763, 0.076773, 0.077283, 0.077523, 0.077588, 0.077596, 0.077608, 0.077803, 0.077935, 0.077952, 0.078247, 0.078305, 0.078452, 0.078603, 0.078608, 0.078903, 0.078985, 0.078989, 0.079321, 0.079339, 0.079436, 0.079915, 0.080004, 0.08009, 0.080359, 0.080569, 0.080975, 0.081006, 0.081021, 0.081401, 0.081496, 0.081544, 0.082056, 0.082108, 0.082281, 0.08242, 0.082448, 0.082561, 0.082684, 0.083004, 0.083229, 0.083447, 0.083516, 0.083624, 0.084049, 0.084247, 0.084637, 0.084917, 0.085029, 0.085068, 0.085248, 0.085477, 0.08566, 0.085822, 0.085824, 0.086035, 0.086112, 0.086364, 0.086374, 0.086493, 0.086503, 0.086521, 0.086543, 0.086596, 0.086677, 0.08669, 0.086754, 0.086832, 0.086989, 0.087043, 0.087281, 0.087478, 0.087683, 0.087926, 0.087977, 0.088188, 0.088263, 0.088318, 0.08883, 0.089093, 0.089511, 0.089711, 0.089927, 0.09004, 0.090117, 0.090543, 0.090581, 0.090807, 0.09162, 0.09172, 0.092192, 0.092254, 0.092273, 0.092358, 0.092619, 0.092861, 0.093546, 0.093758, 0.09387, 0.094004, 0.094249, 0.094947, 0.095124, 0.095149, 0.09521, 0.095374, 0.095603, 0.095748, 0.095789, 0.096406, 0.09643, 0.096576, 0.096596, 0.096633, 0.096688, 0.096894, 0.0974, 0.097401, 0.097508, 0.097764, 0.097887, 0.097895, 0.098399, 0.09844, 0.098675, 0.098712, 0.099115, 0.099143, 0.099387, 0.09942, 0.099494, 0.099525, 0.10009, 0.100279, 0.100473, 0.10055, 0.100632, 0.100922, 0.101751, 0.101787, 0.101874, 0.101942, 0.102151, 0.10241, 0.102429, 0.102862, 0.102898, 0.103218, 0.103413, 0.10343, 0.103572, 0.104054, 0.104172, 0.104228, 0.104485, 0.104492, 0.104519, 0.104737, 0.105328, 0.105622, 0.105718, 0.105749, 0.105785, 0.106111, 0.106342, 0.106356, 0.106634, 0.10714, 0.107466, 0.107557, 0.107558, 0.107706, 0.107759, 0.107934, 0.108054, 0.108077, 0.108087, 0.108388, 0.108525, 0.108615, 0.108829, 0.108887, 0.108971, 0.109759, 0.11001, 0.110109, 0.110244, 0.110416, 0.110441, 0.11061, 0.110818, 0.111289, 0.111297, 0.111549, 0.111862, 0.111979, 0.11227, 0.112334, 0.112548, 0.112996, 0.113254, 0.113264, 0.113676, 0.113786, 0.11402, 0.114472, 0.114717, 0.114786, 0.115088, 0.115094, 0.115232, 0.115823, 0.115837, 0.116364, 0.116758, 0.117149, 0.117259, 0.117404, 0.117607, 0.118018, 0.11859, 0.118849, 0.118855, 0.119512, 0.119804, 0.119862, 0.120108, 0.120205, 0.120504, 0.120666, 0.120749, 0.120756, 0.120995, 0.121616, 0.121639, 0.12193, 0.122137, 0.122217, 0.122288, 0.122364, 0.122419, 0.122838, 0.122848, 0.123312, 0.123385, 0.123418, 0.123911, 0.124295, 0.124405, 0.124721, 0.125033, 0.125596, 0.125659, 0.125735, 0.12587, 0.125892, 0.125895, 0.125902, 0.125946, 0.125992, 0.126055, 0.126323, 0.126401, 0.12692, 0.12692, 0.12719, 0.127627, 0.127847, 0.127932, 0.127934, 0.127973, 0.128486, 0.128532, 0.1289, 0.129246, 0.129421, 0.12965, 0.129712, 0.130595, 0.130917, 0.131145, 0.131274, 0.131421, 0.131659, 0.131668, 0.131919, 0.131987, 0.132501, 0.132601, 0.132632, 0.132751, 0.132777, 0.13305, 0.133525, 0.133588, 0.133601, 0.133634, 0.133746, 0.134182, 0.134397, 0.134526, 0.134539, 0.134572, 0.13464, 0.134852, 0.13496, 0.135278, 0.135569, 0.135844, 0.13605, 0.13613, 0.136307, 0.136646, 0.136963, 0.137126, 0.13725, 0.137311, 0.137333, 0.13753, 0.137684, 0.137828, 0.137893, 0.13834, 0.138401, 0.138409, 0.138535, 0.138694, 0.138949, 0.139058, 0.139122, 0.139143, 0.139523, 0.13959, 0.139663, 0.139857, 0.140599, 0.141597, 0.141661, 0.141697, 0.14211, 0.142906, 0.143083, 0.143203, 0.143741, 0.14409, 0.144265, 0.14436, 0.144902, 0.144989, 0.145028, 0.145121, 0.145184, 0.1453, 0.145645, 0.145712, 0.145761, 0.145843, 0.14657, 0.146662, 0.147172, 0.147206, 0.147325, 0.147584, 0.14773, 0.14783, 0.148027, 0.148147, 0.148248, 0.148678, 0.148826, 