{"sigma_r": 1.5244, "sigma_i": 0.2558, "m": 11, "seed": 1457466044, "n_k": {"1": 3798, "2": 884, "3": 245, "4": 76, "5": 14, "6+": 2}, "dlogr": [0.000154, 0.00033, 0.000342, 0.000396, 0.000446, 0.000578, 0.000591, 0.000632, 0.000751, 0.001534, 0.001724, 0.001788, 0.001978, 0.002013, 0.002216, 0.002353, 0.002788, 0.002938, 0.003063, 0.003073, 0.003251, 0.003607, 0.003706, 0.003719, 0.003754, 0.003809, 0.00387, 0.004063, 0.004193, 0.004306, 0.004405, 0.004452, 0.004484, 0.004599, 0.004657, 0.004831, 0.005008, 0.005086, 0.005154, 0.005262, 0.005275, 0.005556, 0.005672, 0.006012, 0.006067, 0.006301, 0.006309, 0.00691, 0.00701, 0.007058, 0.007392, 0.007466, 0.007474, 0.007864, 0.008362, 0.008372, 0.008433, 0.008534, 0.008568, 0.008622, 0.00872, 0.008844, 0.009328, 0.009347, 0.009458, 0.009569, 0.00987, 0.010023, 0.010062, 0.010355, 0.010456, 0.010517, 0.010533, 0.010607, 0.010609, 0.010626, 0.010731, 0.010792, 0.010928, 0.01097, 0.011161, 0.011237, 0.011271, 0.011358, 0.011399, 0.011505, 0.011555, 0.011561, 0.011615, 0.011674, 0.011817, 0.011932, 0.011984, 0.012089, 0.012157, 0.012162, 0.012302, 0.01241, 0.01242, 0.012898, 0.012979, 0.012994, 0.013458, 0.013603, 0.013802, 0.013982, 0.014081, 0.014386, 0.014448, 0.014561, 0.015049, 0.015179, 0.015451, 0.015646, 0.016211, 0.016404, 0.01684, 0.016984, 0.017175, 0.017333, 0.017389, 0.017395, 0.017727, 0.017789, 0.017834, 0.017899, 0.018163, 0.018241, 0.018267, 0.018384, 0.018526, 0.018759, 0.018968, 0.019254, 0.019289, 0.019691, 0.019703, 0.02003, 0.020351, 0.020381, 0.02039, 0.020515, 0.020704, 0.020741, 0.020838, 0.020908, 0.021354, 0.021694, 0.021763, 0.021936, 0.022077, 0.02219, 0.022319, 0.022509, 0.022733, 0.022805, 0.023414, 0.023436, 0.023642, 0.023875, 0.024553, 0.024943, 0.025059, 0.025108, 0.02515, 0.02543, 0.025547, 0.025597, 0.025699, 0.025763, 0.026184, 0.026263, 0.026333, 0.026387, 0.026495, 0.02654, 0.026574, 0.026712, 0.026723, 0.026913, 0.027248, 0.027436, 0.02745, 0.027665, 0.027731, 0.027899, 0.028213, 0.028218, 0.028391, 0.028536, 0.028962, 0.029005, 0.030291, 0.030425, 0.030625, 0.03088, 0.031081, 0.031178, 0.031284, 0.031539, 0.032052, 0.03215, 0.032246, 0.032379, 0.032384, 0.032555, 0.032604, 0.032646, 0.032709, 0.032723, 0.032779, 0.032905, 0.03292, 0.033006, 0.033182, 0.033367, 0.033422, 0.033451, 0.033556, 0.033743, 0.033761, 0.033778, 0.033797, 0.034262, 0.034454, 0.03457, 0.034675, 0.034783, 0.03481, 0.034863, 0.035156, 0.035342, 0.035524, 0.035576, 0.035596, 0.035596, 0.036061, 0.036268, 0.03627, 0.0365, 0.036734, 0.036839, 0.037097, 0.037547, 0.037881, 0.038367, 0.038596, 0.038712, 0.038873, 0.038884, 0.038944, 0.038947, 0.039105, 0.039391, 0.039541, 0.039628, 0.039701, 0.039875, 0.039891, 0.039918, 0.040055, 0.040227, 0.040262, 0.040265, 0.040349, 0.041001, 0.04124, 0.041356, 0.041424, 0.042055, 0.042188, 0.042217, 0.042377, 0.042487, 0.042997, 0.043022, 0.043181, 0.043233, 0.043315, 0.043403, 0.043443, 0.043836, 0.044058, 0.044098, 0.044322, 0.044527, 0.044607, 0.044608, 0.044994, 0.045145, 0.045223, 0.04525, 0.045685, 0.045705, 0.045945, 0.046261, 0.046323, 0.04667, 0.046692, 0.046872, 0.047034, 0.047299, 0.047572, 0.047642, 0.047894, 0.047897, 0.048355, 0.048376, 0.048742, 0.048801, 0.048837, 0.048878, 0.048881, 0.048883, 0.048932, 0.049082, 0.049139, 0.049251, 0.049413, 0.049483, 0.049497, 0.04961, 0.049618, 0.049644, 0.049974, 0.050422, 0.050468, 0.050523, 0.050554, 0.050554, 0.050973, 0.051282, 0.051321, 0.051447, 0.051611, 0.051639, 0.05183, 0.052502, 0.052829, 0.053007, 0.05323, 0.05331, 0.053316, 0.053647, 0.053747, 0.053923, 0.053926, 0.054103, 0.054302, 0.054513, 0.054519, 0.054562, 0.054564, 0.054582, 0.054889, 0.054934, 0.054961, 0.055014, 0.055045, 0.055075, 0.055105, 0.055312, 0.056018, 0.056417, 0.056593, 0.056749, 0.056788, 0.05689, 0.056895, 0.056912, 0.056933, 0.057133, 0.057274, 0.057279, 0.057381, 0.057552, 0.057658, 0.057816, 0.058015, 0.058132, 0.058141, 0.058271, 0.058293, 0.058508, 0.05877, 0.058825, 0.05887, 0.059251, 0.059344, 0.059352, 0.059405, 0.059406, 0.059655, 0.05984, 0.060169, 0.060292, 0.060323, 0.060469, 0.060776, 0.060842, 0.061165, 0.06147, 0.061528, 0.061609, 0.061736, 0.061855, 0.06186, 0.061948, 0.062108, 0.062276, 0.062307, 0.06263, 0.062951, 0.063004, 0.063114, 0.063129, 0.06321, 0.063263, 0.063271, 0.063317, 0.064074, 0.0641, 0.064208, 0.065573, 0.065574, 0.065751, 0.065794, 0.06587, 0.066054, 0.066133, 0.066382, 0.066428, 0.066478, 0.06655, 0.066589, 0.066662, 0.066854, 0.066906, 0.0671, 0.067374, 0.067707, 0.067771, 0.068197, 0.06835, 0.068467, 0.068508, 0.068594, 0.068656, 0.068938, 0.069055, 0.069083, 0.069141, 0.069151, 0.069164, 0.069797, 0.069977, 0.070257, 0.07082, 0.070855, 0.070927, 0.07093, 0.071091, 0.071346, 0.071561, 0.072216, 0.072262, 0.072295, 0.072379, 0.07243, 0.07246, 0.073104, 0.073148, 0.073282, 0.073316, 0.073353, 0.073406, 0.073807, 0.073999, 0.074318, 0.074647, 0.074739, 0.075261, 0.075336, 0.075683, 0.075856, 0.076012, 0.076027, 0.07611, 0.076313, 0.076421, 0.076554, 0.076612, 0.076649, 0.076828, 0.076849, 0.077105, 0.07719, 0.077299, 0.077341, 0.077361, 0.077399, 0.07764, 0.077753, 0.078329, 0.078338, 0.078407, 0.078447, 0.078945, 0.079314, 0.079387, 0.079479, 0.079577, 0.079655, 0.079722, 0.079881, 0.079965, 0.079965, 0.080239, 0.080366, 0.080502, 0.080541, 0.081295, 0.081395, 0.081526, 0.081588, 0.081661, 0.081757, 0.081848, 0.081867, 0.082063, 0.082251, 0.082386, 0.082813, 0.083288, 0.083721, 0.084427, 0.084485, 0.085059, 0.085314, 0.085395, 0.085875, 0.085992, 0.086059, 0.086176, 0.086301, 0.086431, 0.086548, 0.08658, 0.086736, 0.086772, 0.086815, 0.086867, 0.08693, 0.08716, 0.087203, 0.087235, 0.087316, 0.08733, 0.087543, 0.087623, 0.087639, 0.087872, 0.088008, 0.088579, 0.088663, 0.088776, 0.088995, 0.089464, 0.090381, 0.090542, 0.091408, 0.091716, 0.091717, 0.091742, 0.091855, 0.092055, 0.092065, 0.092128, 0.092164, 0.09238, 0.092385, 0.092462, 0.092505, 0.092652, 0.092746, 0.09276, 0.093047, 0.093216, 0.093471, 0.093882, 0.0942, 0.094341, 0.094348, 0.094363, 0.094601, 0.094897, 0.09505, 0.095362, 0.095409, 0.09544, 0.095498, 0.095783, 0.09653, 0.096707, 0.096932, 0.096977, 0.097003, 0.097027, 0.097044, 0.097433, 0.097556, 0.097922, 0.097964, 0.098031, 0.09805, 0.09809, 0.098146, 0.098434, 0.099109, 0.099172, 0.099307, 0.099321, 0.099478, 0.099488, 0.09949, 0.09954, 0.099546, 0.099879, 0.099952, 0.100019, 0.100051, 0.100124, 0.100621, 0.101003, 0.101061, 0.10126, 0.101328, 0.101369, 0.101455, 0.101677, 0.101772, 0.101917, 0.101918, 0.102071, 0.102587, 0.102865, 0.102981, 0.103066, 0.103067, 0.103891, 0.103993, 0.104471, 0.104909, 0.104975, 0.105533, 0.105621, 0.105755, 0.105763, 0.106191, 0.106394, 0.106682, 0.106735, 0.106968, 0.107192, 0.107363, 0.1074, 0.107912, 0.108301, 0.108306, 0.108387, 0.108524, 0.109014, 0.109025, 0.109185, 0.109333, 0.109379, 0.110261, 0.110307, 0.110358, 0.11054, 0.110552, 0.110646, 0.111225, 0.111225, 0.111449, 0.112749, 0.113407, 0.11365, 0.113772, 0.113962, 0.113986, 0.114278, 0.114745, 0.115157, 0.115223, 0.11524, 0.115891, 0.116277, 0.116283, 0.116804, 0.116806, 0.116857, 0.117343, 0.117418, 0.117641, 0.117781, 0.117904, 0.118393, 0.118532, 0.118604, 0.118607, 0.118941, 0.119016, 0.119186, 0.119623, 0.119964, 0.120095, 0.120254, 0.12044, 0.120565, 0.120678, 0.120816, 0.120936, 0.121441, 0.121862, 0.122317, 0.1226, 0.122602, 0.122858, 0.122914, 0.12295, 0.123103, 0.123159, 0.123175, 0.123526, 0.123691, 0.123907, 0.124759, 0.125127, 0.125195, 0.125246, 0.125325, 0.125474, 0.125484, 0.125527, 0.125538, 0.125544, 0.125698, 0.126417, 0.126507, 0.126741, 0.12686, 0.12735, 0.127557, 0.127898, 0.127931, 0.127938, 0.128582, 0.128931, 0.128969, 0.129156, 0.129302, 0.12953, 0.129575, 0.130007, 0.130025, 0.130482, 0.130768, 0.131142, 0.131204, 0.131461, 0.131664, 0.132789, 0.132919, 0.133284, 0.133323, 0.134646, 0.134764, 0.134788, 0.134911, 0.135346, 0.135367, 0.1356, 0.135626, 0.1361, 0.136121, 0.136675, 0.136779, 0.137083, 0.137237, 0.137397, 0.137429, 0.137455, 0.137806, 