{"sigma_r": 0.3141, "sigma_i": 3.8254, "m": 7, "seed": 4155737820, "n_k": {"1": 4811, "2": 759, "3": 94, "4": 11, "5": 1, "6+": 0}, "dlogr": [0.0, 0.0, 0.0, 0.0, 0.0, 0.0, 0.0, 4e-06, 1.2e-05, 7.7e-05, 0.000114, 0.000165, 0.000278, 0.000279, 0.000461, 0.000496, 0.000501, 0.000504, 0.000952, 0.000984, 0.001125, 0.001146, 0.001155, 0.001242, 0.001309, 0.001524, 0.001732, 0.001822, 0.001896, 0.00199, 0.002154, 0.002231, 0.002291, 0.002423, 0.002492, 0.002621, 0.002636, 0.002637, 0.002675, 0.00279, 0.002817, 0.002838, 0.003053, 0.003133, 0.003165, 0.003217, 0.003243, 0.003312, 0.003404, 0.003445, 0.003976, 0.004014, 0.004116, 0.004173, 0.004278, 0.004291, 0.004321, 0.004385, 0.004452, 0.004545, 0.004572, 0.004662, 0.004891, 0.004979, 0.005012, 0.005016, 0.005115, 0.005144, 0.005226, 0.005397, 0.005406, 0.005516, 0.005532, 0.005566, 0.005687, 0.00575, 0.005885, 0.005904, 0.005975, 0.006026, 0.006049, 0.006135, 0.006178, 0.0062, 0.006326, 0.0064, 0.00656, 0.006726, 0.00681, 0.006825, 0.00684, 0.00697, 0.007011, 0.007209, 0.007289, 0.007441, 0.00746, 0.007491, 0.007507, 0.007571, 0.007695, 0.007847, 0.007875, 0.007884, 0.00792, 0.008111, 0.00814, 0.008542, 0.008595, 0.008678, 0.008708, 0.009089, 0.009262, 0.009533, 0.009731, 0.009826, 0.010006, 0.010042, 0.010346, 0.010434, 0.010458, 0.010712, 0.010768, 0.010818, 0.010835, 0.010851, 0.01096, 0.011106, 0.011116, 0.011119, 0.011369, 0.011631, 0.011695, 0.011733, 0.011975, 0.012146, 0.012152, 0.012189, 0.012299, 0.012427, 0.012458, 0.012523, 0.012719, 0.01277, 0.012876, 0.013039, 0.013127, 0.013137, 0.013262, 0.013444, 0.013502, 0.013508, 0.013616, 0.013771, 0.013829, 0.0139, 0.014304, 0.0144, 0.014423, 0.014451, 0.014707, 0.014953, 0.015192, 0.015666, 0.015698, 0.015705, 0.015854, 0.015877, 0.015921, 0.016089, 0.016214, 0.016265, 0.016416, 0.016489, 0.016906, 0.017081, 0.017159, 0.017185, 0.017515, 0.017681, 0.017875, 0.017967, 0.018227, 0.01825, 0.018292, 0.018513, 0.018531, 0.018562, 0.018573, 0.018575, 0.018717, 0.018908, 0.018946, 0.019089, 0.019262, 0.019331, 0.019354, 0.019412, 0.01955, 0.019555, 0.019733, 0.019772, 0.019778, 0.019915, 0.020018, 0.020157, 0.020179, 0.020232, 0.020354, 0.020398, 0.02046, 0.020566, 0.020721, 0.020737, 0.02084, 0.020863, 0.021019, 0.021036, 0.02118, 0.021184, 0.021319, 0.021687, 0.021827, 0.021876, 0.022026, 0.022391, 0.022463, 0.022663, 0.022711, 0.022888, 0.022904, 0.022982, 0.023301, 0.023381, 0.023568, 0.023653, 0.023824, 0.023871, 0.02388, 0.023947, 0.023961, 0.024065, 0.024399, 0.024529, 0.024677, 0.024963, 0.02511, 0.025298, 0.025316, 0.025432, 0.025484, 0.025513, 0.025719, 0.025806, 0.025891, 0.026064, 0.026069, 0.026236, 0.026485, 0.026546, 0.026766, 0.026817, 0.027138, 0.027343, 0.027519, 0.027762, 0.028043, 0.028453, 0.02868, 0.028918, 0.028962, 0.029021, 0.029284, 0.030017, 0.030026, 0.030183, 0.030215, 0.030434, 0.030635, 0.030726, 0.030745, 0.030971, 0.031005, 0.031095, 0.031269, 0.031317, 0.03137, 0.031401, 0.031462, 0.031493, 0.031597, 0.031653, 0.031892, 0.03203, 0.032033, 0.032053, 0.032335, 0.032445, 0.032831, 0.032862, 0.032864, 0.032938, 0.032957, 0.033248, 0.033319, 0.033443, 0.033914, 0.034019, 0.034105, 0.034126, 0.034259, 0.034322, 0.034603, 0.034775, 0.035305, 0.035375, 0.035421, 0.035456, 0.035593, 0.036097, 0.036126, 0.036136, 0.03629, 0.03661, 0.036796, 0.036841, 0.037002, 0.037115, 0.037177, 0.037603, 0.038328, 0.038412, 0.038431, 0.038535, 0.03868, 0.038724, 0.038994, 0.03906, 0.039289, 0.039297, 0.039349, 0.039434, 0.039484, 0.039614, 0.039847, 0.039882, 0.040065, 0.040089, 0.040107, 0.04024, 0.040253, 0.040329, 0.040504, 0.040599, 0.040734, 0.04078, 0.040837, 0.041049, 0.041146, 0.041174, 0.041226, 0.041613, 0.041774, 0.041827, 0.041843, 0.041844, 0.04198, 0.042163, 0.042219, 0.042271, 0.042407, 0.042666, 0.042668, 0.043036, 0.043166, 0.04342, 0.043744, 0.043798, 0.044008, 0.044162, 0.044166, 0.044204, 0.044415, 0.044424, 0.04461, 0.044613, 0.044732, 0.04478, 0.044805, 0.045092, 0.045586, 0.0456, 0.045838, 0.046159, 0.046183, 0.046279, 0.046381, 0.046408, 0.046585, 0.046668, 0.046668, 0.046814, 0.047185, 0.047192, 0.047619, 0.04769, 0.047762, 0.047858, 0.04789, 0.048083, 0.048222, 0.048457, 0.048481, 0.048625, 0.048652, 0.048808, 0.048937, 0.049042, 0.049069, 0.049183, 0.049184, 0.049228, 0.0495, 0.04965, 0.050065, 0.050444, 0.05074, 0.050797, 0.050936, 0.051186, 0.051347, 0.051471, 0.051515, 0.05182, 0.051954, 0.05218, 0.052268, 0.052517, 0.052762, 0.053194, 0.053658, 0.053844, 0.054198, 0.05426, 0.054295, 0.054436, 0.054457, 0.054838, 0.055142, 0.055214, 0.055478, 0.055584, 0.055799, 0.056086, 0.056126, 0.056293, 0.05633, 0.056449, 0.056736, 0.057049, 0.057216, 0.057493, 0.057739, 0.057834, 0.058059, 0.058192, 0.058615, 0.058816, 0.058859, 0.059228, 0.059514, 0.059658, 0.059683, 0.059906, 0.059993, 0.060002, 0.060065, 0.060239, 0.060677, 0.060793, 0.060922, 0.061175, 0.061196, 0.061422, 0.061527, 0.061799, 0.062137, 0.06221, 0.06226, 0.062388, 0.062659, 0.062709, 0.062852, 0.06292, 0.062949, 0.063384, 0.063478, 0.063656, 0.063686, 0.06411, 0.064184, 0.064211, 0.06424, 0.064398, 0.06457, 0.065027, 0.065096, 0.065212, 0.065302, 0.065366, 0.065759, 0.065853, 0.06586, 0.066194, 0.066729, 0.066784, 0.066811, 0.067099, 0.067698, 0.067761, 0.067925, 0.06827, 0.068294, 0.068626, 0.068681, 0.069053, 0.069195, 0.069735, 0.070152, 0.070513, 0.070633, 0.070716, 0.070799, 0.070837, 0.07113, 0.071288, 0.071379, 0.071455, 0.072359, 0.072477, 0.072531, 0.072686, 0.072711, 0.073457, 0.073528, 0.073552, 0.073782, 0.074119, 0.074328, 0.074772, 0.074855, 0.074995, 0.075095, 0.075412, 0.075457, 0.07546, 0.075552, 0.075786, 0.075873, 0.075879, 0.076254, 0.076265, 0.07629, 0.076301, 0.076657, 0.076827, 0.076839, 0.077115, 0.07742, 0.077468, 0.077715, 0.078208, 0.078461, 0.078505, 0.078595, 0.07868, 0.079405, 0.079497, 0.079508, 0.079633, 0.079823, 0.079851, 0.079853, 0.080274, 0.080375, 0.08064, 0.080862, 0.081145, 0.08115, 0.081726, 0.082252, 0.082289, 0.082462, 0.08251, 0.082591, 0.082629, 0.082643, 0.082732, 0.08274, 0.082797, 0.08331, 0.083312, 0.083465, 0.083543, 0.083759, 0.083892, 0.084079, 0.084101, 0.084555, 0.085195, 0.085518, 0.085942, 0.086072, 0.086118, 0.086188, 0.086241, 0.086497, 0.086793, 0.086918, 0.087073, 0.087094, 0.087252, 0.087596, 0.087727, 0.087853, 0.08811, 0.088496, 0.088707, 0.089165, 0.089239, 0.089303, 0.089813, 0.089871, 0.090454, 0.090671, 0.090881, 0.091159, 0.09225, 0.092646, 0.092726, 0.092769, 0.092997, 0.093191, 0.093218, 0.093307, 0.093532, 0.093988, 0.094121, 0.094238, 0.094523, 0.094647, 0.095431, 0.095933, 0.096108, 0.096811, 0.0969, 0.097777, 0.098366, 0.098371, 0.09851, 0.099336, 0.09978, 0.099849, 0.099922, 0.100197, 0.100392, 0.101518, 0.101615, 0.10257, 0.102581, 0.102613, 0.102701, 0.102799, 0.102811, 0.103309, 0.103439, 0.1035, 0.103799, 0.104887, 0.105082, 0.105115, 0.105268, 0.106045, 0.106355, 0.106372, 0.107421, 0.107813, 0.107817, 0.108115, 0.108312, 0.108371, 0.108776, 0.109688, 0.109799, 0.110085, 0.110428, 0.111226, 0.111247, 0.111297, 0.111716, 0.112144, 0.112246, 0.11346, 0.113585, 0.113629, 0.113788, 0.113814, 0.113855, 0.113884, 0.114137, 0.114686, 0.114828, 0.115048, 0.11518, 0.115799, 0.115881, 0.116029, 0.116336, 0.116679, 0.11761, 0.117672, 0.117719, 0.117935, 0.118364, 0.1184, 0.118593, 0.118722, 0.118859, 0.118887, 0.119303, 0.119703, 0.119709, 0.119915, 0.119925, 0.120283, 0.120835, 0.1209, 0.121015, 0.12137, 0.12232, 0.122536, 0.122606, 0.122647, 0.123373, 0.123495, 0.123644, 0.124359, 0.124775, 0.125083, 0.125367, 0.125563, 0.125902, 0.125999, 0.126218, 0.127324, 0.127851, 0.128018, 0.128127, 0.12886, 0.129145, 0.129168, 0.129433, 0.129444, 0.12972, 0.131257, 0.133234, 0.133261, 0.133518, 0.133814, 0.134393, 0.134509, 0.134617, 0.134738, 0.134882, 0.134932, 0.135353, 0.136796, 0.136992, 0.138853, 0.140783, 0.141672, 0.142005, 0.14271, 0.142994, 0.1441, 0.144539, 0.145027, 0.145404, 0.145972, 0.146983, 0.148973, 0.150662, 0.151546, 0.152826, 0.153634, 0.153767, 0.153914, 0.154207, 0.154749, 