{"sigma_r": 1.5244, "sigma_i": 0.3271, "m": 15, "seed": 3528304655, "n_k": {"1": 3826, "2": 935, "3": 272, "4": 61, "5": 16, "6+": 1}, "dlogr": [0.0, 5.7e-05, 9.5e-05, 0.000402, 0.00041, 0.000733, 0.000918, 0.000992, 0.001185, 0.001326, 0.001371, 0.001402, 0.001405, 0.001484, 0.001524, 0.001555, 0.002126, 0.002232, 0.002284, 0.002583, 0.002608, 0.002619, 0.002829, 0.002903, 0.003014, 0.003412, 0.003508, 0.003576, 0.003942, 0.003962, 0.004326, 0.004347, 0.004468, 0.004592, 0.004627, 0.004771, 0.004783, 0.005015, 0.005089, 0.00541, 0.006059, 0.006151, 0.006152, 0.006238, 0.006435, 0.006668, 0.00669, 0.006711, 0.00672, 0.006723, 0.006782, 0.006919, 0.007026, 0.007027, 0.00711, 0.007201, 0.007299, 0.007493, 0.007633, 0.007886, 0.007915, 0.008096, 0.008246, 0.008402, 0.008844, 0.008941, 0.009857, 0.009992, 0.010088, 0.010127, 0.010206, 0.010285, 0.010469, 0.010925, 0.01101, 0.011107, 0.011117, 0.011154, 0.011186, 0.011476, 0.011688, 0.011763, 0.011889, 0.012362, 0.012368, 0.012465, 0.012689, 0.013058, 0.013164, 0.013227, 0.013235, 0.013331, 0.013395, 0.013469, 0.013606, 0.013788, 0.013848, 0.013884, 0.014037, 0.014167, 0.014246, 0.01427, 0.014328, 0.014331, 0.014409, 0.014562, 0.014826, 0.014833, 0.014906, 0.014923, 0.014947, 0.01502, 0.015466, 0.015655, 0.015742, 0.015762, 0.015921, 0.015959, 0.015991, 0.016147, 0.016202, 0.016684, 0.016715, 0.016952, 0.016976, 0.017065, 0.017107, 0.017117, 0.017426, 0.017507, 0.017699, 0.018466, 0.018627, 0.018856, 0.018978, 0.019147, 0.019221, 0.019481, 0.01951, 0.019535, 0.01955, 0.019565, 0.01961, 0.019684, 0.019763, 0.019811, 0.020008, 0.020135, 0.020196, 0.020212, 0.020228, 0.020235, 0.020323, 0.020833, 0.020835, 0.02088, 0.020967, 0.021034, 0.02107, 0.021248, 0.021541, 0.021649, 0.021691, 0.02185, 0.021957, 0.02209, 0.022168, 0.022539, 0.022604, 0.02318, 0.023222, 0.023293, 0.023409, 0.023417, 0.023424, 0.02348, 0.023505, 0.023508, 0.023696, 0.023784, 0.023886, 0.024024, 0.024037, 0.024248, 0.024279, 0.024744, 0.024879, 0.025119, 0.025499, 0.025688, 0.025744, 0.025875, 0.026232, 0.026244, 0.026283, 0.026708, 0.026824, 0.026875, 0.027165, 0.027224, 0.027464, 0.027706, 0.027777, 0.02802, 0.028097, 0.028109, 0.028126, 0.028248, 0.028316, 0.028493, 0.028547, 0.028741, 0.028877, 0.029307, 0.029674, 0.029861, 0.029979, 0.030046, 0.030056, 0.030073, 0.030293, 0.030385, 0.030493, 0.030559, 0.030633, 0.030824, 0.030957, 0.031076, 0.031115, 0.031209, 0.031405, 0.031406, 0.031412, 0.031486, 0.031727, 0.03173, 0.03188, 0.031957, 0.032004, 0.032446, 0.032617, 0.032888, 0.03298, 0.033089, 0.033365, 0.033743, 0.033928, 0.034174, 0.034272, 0.034385, 0.034631, 0.03473, 0.034743, 0.034781, 0.034925, 0.03496, 0.035109, 0.036124, 0.036142, 0.036226, 0.036231, 0.036239, 0.036326, 0.036382, 0.036533, 0.03658, 0.036752, 0.036823, 0.037583, 0.03769, 0.037913, 0.038159, 0.038163, 0.038221, 0.038633, 0.038823, 0.038966, 0.039017, 0.039068, 0.039079, 0.039085, 0.03918, 0.039224, 0.039293, 0.039296, 0.039339, 0.039428, 0.039551, 0.039681, 0.039864, 0.039875, 0.039933, 0.040207, 0.040286, 0.040522, 0.040704, 0.04074, 0.041021, 0.041049, 0.041435, 0.041743, 0.041805, 0.041968, 0.04202, 0.042092, 0.042117, 0.04218, 0.04231, 0.042593, 0.042763, 0.04284, 0.042955, 0.043106, 0.043124, 0.043347, 0.043404, 0.043476, 0.044362, 0.044406, 0.044659, 0.044767, 0.044768, 0.044852, 0.044872, 0.045065, 0.045526, 0.045604, 0.045754, 0.046438, 0.046516, 0.046542, 0.046577, 0.046939, 0.047221, 0.047227, 0.047659, 0.048055, 0.048343, 0.048475, 0.048636, 0.049076, 0.049259, 0.049633, 0.049648, 0.050162, 0.050339, 0.050409, 0.050551, 0.050741, 0.050825, 0.050874, 0.050978, 0.051071, 0.051181, 0.051817, 0.051966, 0.052126, 0.052331, 0.052416, 0.052826, 0.052921, 0.053116, 0.053176, 0.053192, 0.053345, 0.053437, 0.053442, 0.053589, 0.05365, 0.053792, 0.053807, 0.054214, 0.054241, 0.054548, 0.054648, 0.054689, 0.054843, 0.055168, 0.055261, 0.055589, 0.055692, 0.055694, 0.055734, 0.055846, 0.055887, 0.056022, 0.05633, 0.056519, 0.056731, 0.056732, 0.056797, 0.057392, 0.057622, 0.057981, 0.058091, 0.058213, 0.058473, 0.058735, 0.058923, 0.058944, 0.059002, 0.059021, 0.059027, 0.059148, 0.059192, 0.059297, 0.059546, 0.059646, 0.059876, 0.059923, 0.059961, 0.059964, 0.060169, 0.060296, 0.060326, 0.060371, 0.060549, 0.060585, 0.060842, 0.060891, 0.060997, 0.061248, 0.06135, 0.061436, 0.061689, 0.061879, 0.061996, 0.06216, 0.062539, 0.063168, 0.063207, 0.063232, 0.063333, 0.063432, 0.063471, 0.063591, 0.063937, 0.064231, 0.064622, 0.064776, 0.064996, 0.065274, 0.065339, 0.065757, 0.066076, 0.066124, 0.066317, 0.066335, 0.066375, 0.066404, 0.066436, 0.06649, 0.066641, 0.066729, 0.067158, 0.06733, 0.067703, 0.067744, 0.068345, 0.068417, 0.068613, 0.06909, 0.069272, 0.06936, 0.069367, 0.069484, 0.069683, 0.069881, 0.070012, 0.070854, 0.071, 0.071006, 0.071105, 0.071157, 0.071199, 0.071317, 0.071768, 0.07181, 0.071858, 0.0721, 0.072102, 0.072426, 0.072451, 0.072783, 0.073337, 0.073396, 0.07376, 0.073827, 0.073945, 0.074052, 0.074068, 0.074872, 0.074881, 0.074966, 0.075146, 0.075241, 0.07549, 0.075539, 0.075926, 0.075986, 0.076028, 0.076139, 0.076837, 0.076856, 0.07694, 0.077024, 0.077187, 0.077656, 0.077871, 0.078476, 0.078998, 0.079418, 0.080171, 0.080382, 0.080397, 0.080417, 0.0806, 0.080612, 0.080624, 0.080755, 0.081034, 0.081079, 0.081282, 0.081369, 0.081465, 0.081634, 0.081687, 0.0818, 0.082123, 0.082147, 0.082191, 0.082509, 0.082584, 0.08273, 0.082977, 0.082991, 0.08307, 0.083101, 0.083306, 0.083385, 0.083441, 0.083448, 0.083715, 0.083788, 0.083856, 0.08456, 0.084624, 0.084642, 0.084766, 0.085022, 0.085144, 0.085242, 0.085271, 0.085628, 0.086041, 0.086106, 0.086141, 0.086403, 0.086499, 0.086651, 0.086903, 0.087123, 0.087239, 0.087332, 0.087538, 0.087879, 0.087881, 0.087885, 0.0879, 0.088022, 0.088072, 0.088111, 0.088176, 0.08853, 0.088607, 0.088732, 0.08924, 0.089278, 0.089293, 0.089313, 0.089337, 0.089381, 0.08939, 0.089646, 0.089714, 0.089752, 0.089754, 0.089806, 0.089827, 0.090068, 0.090686, 0.090742, 0.091195, 0.091323, 0.091525, 0.091686, 0.091848, 0.091932, 0.092139, 0.092518, 0.092524, 0.092605, 0.092698, 0.092873, 0.093087, 0.09329, 0.093306, 0.093319, 0.093445, 0.093463, 0.093761, 0.093774, 0.094097, 0.094099, 0.094179, 0.094376, 0.094482, 0.094689, 0.095023, 0.095191, 0.095265, 0.095535, 0.095607, 0.095718, 0.095837, 0.095965, 0.09628, 0.096369, 0.096406, 0.096535, 0.096582, 0.096798, 0.096866, 0.097003, 0.097125, 0.097183, 0.09733, 0.097379, 0.097616, 0.097685, 0.097949, 0.098143, 0.098267, 0.098541, 0.098742, 0.098906, 0.098916, 0.099088, 0.099147, 0.099511, 0.099585, 0.099643, 0.099666, 0.100369, 0.100393, 0.100667, 0.100874, 0.100973, 0.101029, 0.101174, 0.10124, 0.101585, 0.101879, 0.101924, 0.101951, 0.102134, 0.102135, 0.102294, 0.102304, 0.102367, 0.102397, 0.102601, 0.102603, 0.102679, 0.1031, 0.103232, 0.103532, 0.103608, 0.104193, 0.104313, 0.104469, 0.104655, 0.104711, 0.105293, 0.105618, 0.10592, 0.10638, 0.106739, 0.106951, 0.107156, 0.108157, 0.108345, 0.108386, 0.108407, 0.108522, 0.109097, 0.109349, 0.109665, 0.109671, 0.109769, 0.109958, 0.110002, 0.110008, 0.110215, 0.11035, 0.110656, 0.11078, 0.111326, 0.111464, 0.111541, 0.111891, 0.112094, 0.112154, 0.112487, 0.112576, 0.113029, 0.113327, 0.113542, 0.113573, 0.113657, 0.11369, 0.11379, 0.114398, 0.114573, 0.11468, 0.114712, 0.11487, 0.115115, 0.115322, 0.115485, 0.115603, 0.115934, 0.116872, 0.116996, 0.11703, 0.117139, 0.117194, 0.117972, 0.118255, 0.118688, 0.118879, 0.118892, 0.118922, 0.118935, 0.118996, 0.119116, 0.119168, 0.119193, 0.119651, 0.119741, 0.11982, 0.119874, 0.12007, 0.12022, 0.120396, 0.12085, 0.12087, 0.120976, 0.121097, 0.121301, 0.121467, 0.122036, 0.122292, 0.122855, 0.12288, 0.123325, 0.123335, 0.123477, 0.123491, 0.123675, 0.124058, 0.124337, 0.124356, 0.124414, 0.124696, 0.124798, 0.125058, 0.125329, 0.126162, 0.126178, 0.126746, 0.12699, 0.127183, 0.127247, 0.127269, 0.127306, 0.127496, 0.127603, 0.127714, 0.127796, 0.127852, 0.127857, 0.127934, 0.128246, 