{"sigma_r": 0.7746, "sigma_i": 0.5349, "m": 11, "seed": 3025000057, "n_k": {"1": 3620, "2": 975, "3": 273, "4": 75, "5": 19, "6+": 3}, "dlogr": [0.0, 0.0, 0.0, 0.0, 0.00012, 0.00013, 0.000165, 0.00021, 0.000213, 0.00026, 0.000423, 0.000487, 0.000661, 0.00082, 0.000874, 0.001208, 0.001343, 0.001363, 0.001494, 0.001526, 0.001737, 0.001841, 0.001964, 0.002089, 0.00209, 0.002101, 0.002131, 0.002141, 0.002154, 0.002486, 0.002755, 0.002782, 0.002789, 0.002961, 0.003188, 0.003372, 0.003373, 0.003658, 0.0037, 0.003743, 0.003754, 0.003892, 0.003948, 0.003952, 0.004129, 0.004257, 0.004392, 0.004498, 0.004668, 0.004749, 0.004886, 0.004985, 0.00509, 0.005183, 0.005217, 0.005374, 0.005396, 0.005567, 0.005596, 0.005665, 0.005768, 0.005897, 0.005936, 0.005952, 0.00597, 0.00613, 0.00623, 0.006293, 0.006387, 0.006469, 0.006806, 0.006846, 0.006886, 0.00693, 0.006998, 0.00701, 0.007146, 0.007206, 0.007348, 0.007355, 0.007389, 0.007413, 0.007666, 0.007821, 0.00785, 0.007895, 0.007953, 0.007996, 0.008072, 0.008167, 0.008185, 0.008199, 0.008359, 0.008393, 0.008583, 0.008688, 0.008738, 0.008916, 0.008954, 0.009119, 0.009161, 0.009187, 0.00926, 0.009261, 0.009318, 0.009686, 0.009814, 0.00996, 0.010196, 0.010257, 0.010268, 0.010337, 0.010356, 0.010418, 0.010738, 0.010865, 0.01089, 0.010931, 0.011022, 0.011303, 0.011636, 0.011778, 0.012011, 0.012589, 0.012674, 0.012793, 0.012884, 0.01297, 0.013, 0.013125, 0.013361, 0.013383, 0.013388, 0.013662, 0.014185, 0.014419, 0.014561, 0.014571, 0.014652, 0.014696, 0.014738, 0.014751, 0.01492, 0.01499, 0.015059, 0.015067, 0.015205, 0.015286, 0.015379, 0.015504, 0.015837, 0.015899, 0.015959, 0.016132, 0.016135, 0.016138, 0.016154, 0.016231, 0.016258, 0.016297, 0.016458, 0.016503, 0.016506, 0.01654, 0.016628, 0.016707, 0.016966, 0.017011, 0.017014, 0.017122, 0.017284, 0.0173, 0.017355, 0.017441, 0.017502, 0.017818, 0.017968, 0.01802, 0.018043, 0.018383, 0.018412, 0.018588, 0.018589, 0.018769, 0.019003, 0.01901, 0.019154, 0.019188, 0.019427, 0.019451, 0.019468, 0.019497, 0.019521, 0.019722, 0.019725, 0.019804, 0.019869, 0.019993, 0.020121, 0.020253, 0.020292, 0.020409, 0.020555, 0.020873, 0.020883, 0.020884, 0.020912, 0.02098, 0.020996, 0.021018, 0.021047, 0.02111, 0.02129, 0.021338, 0.021441, 0.021519, 0.021838, 0.021912, 0.022015, 0.022145, 0.022292, 0.0223, 0.022364, 0.022532, 0.022559, 0.022662, 0.022685, 0.022749, 0.02279, 0.022802, 0.022936, 0.022941, 0.023068, 0.023196, 0.023286, 0.023443, 0.02347, 0.023524, 0.023644, 0.023645, 0.023657, 0.02366, 0.023683, 0.023699, 0.023711, 0.023747, 0.023764, 0.024124, 0.02422, 0.024431, 0.024724, 0.024768, 0.024895, 0.024932, 0.024993, 0.025043, 0.025153, 0.025239, 0.025272, 0.025277, 0.02539, 0.025403, 0.025486, 0.025596, 0.025665, 0.026027, 0.026169, 0.026257, 0.026499, 0.026995, 0.027336, 0.027429, 0.02744, 0.027441, 0.02746, 0.027485, 0.027509, 0.027769, 0.02787, 0.027918, 0.028016, 0.02815, 0.028194, 0.028214, 0.028215, 0.028287, 0.028298, 0.028306, 0.028459, 0.02863, 0.028638, 0.028646, 0.028677, 0.028696, 0.028841, 0.028932, 0.029085, 0.029386, 0.029503, 0.029527, 0.029528, 0.029538, 0.029609, 0.029658, 0.030242, 0.030249, 0.03028, 0.030306, 0.030437, 0.03058, 0.030646, 0.030648, 0.030896, 0.030998, 0.031117, 0.03117, 0.03122, 0.031468, 0.031521, 0.031561, 0.031571, 0.031587, 0.031619, 0.031737, 0.031779, 0.031813, 0.031866, 0.031917, 0.031923, 0.03203, 0.0321, 0.032113, 0.032499, 0.032922, 0.032966, 0.033006, 0.033443, 0.033628, 0.033759, 0.03394, 0.033964, 0.034032, 0.034165, 0.034576, 0.034686, 0.034775, 0.034799, 0.034823, 0.034843, 0.035092, 0.035094, 0.035162, 0.035214, 0.035219, 0.035273, 0.035292, 0.035313, 0.035755, 0.035967, 0.036056, 0.036389, 0.036709, 0.036801, 0.036864, 0.036977, 0.037198, 0.037233, 0.037326, 0.037327, 0.037457, 0.037467, 0.03748, 0.03768, 0.037705, 0.037746, 0.03793, 0.038473, 0.038641, 0.038694, 0.038728, 0.038898, 0.038906, 0.039018, 0.03909, 0.039147, 0.039212, 0.039282, 0.039327, 0.039441, 0.039542, 0.039628, 0.039687, 0.039755, 0.039788, 0.039892, 0.039975, 0.040135, 0.040214, 0.040236, 0.040414, 0.040497, 0.040557, 0.040773, 0.040814, 0.040856, 0.040972, 0.041115, 0.041165, 0.04117, 0.041264, 0.041335, 0.041467, 0.041709, 0.041752, 0.041799, 0.041814, 0.041817, 0.041955, 0.042013, 0.042026, 0.042086, 0.042137, 0.042321, 0.04239, 0.042492, 0.042532, 0.042595, 0.042731, 0.043047, 0.043071, 0.043339, 0.043344, 0.043538, 0.043554, 0.043619, 0.043643, 0.043645, 0.043695, 0.04372, 0.043829, 0.043886, 0.043924, 0.043975, 0.044222, 0.044366, 0.044527, 0.044554, 0.04458, 0.044635, 0.044687, 0.044737, 0.045106, 0.045231, 0.045378, 0.045416, 0.045417, 0.045439, 0.0456, 0.04576, 0.045826, 0.046064, 0.046384, 0.046396, 0.046526, 0.046642, 0.046953, 0.046999, 0.047073, 0.047086, 0.047619, 0.047636, 0.047779, 0.047859, 0.047876, 0.048153, 0.04818, 0.048342, 0.048403, 0.048488, 0.048583, 0.048673, 0.048798, 0.048821, 0.049013, 0.049016, 0.049088, 0.049403, 0.04945, 0.049488, 0.04949, 0.049491, 0.04966, 0.049673, 0.049723, 0.049729, 0.049943, 0.050047, 0.050144, 0.050483, 0.050525, 0.050535, 0.050785, 0.050861, 0.050861, 0.05096, 0.051046, 0.051065, 0.051089, 0.051142, 0.051285, 0.051406, 0.051773, 0.0518, 0.052013, 0.052073, 0.052099, 0.052169, 0.05222, 0.052225, 0.052275, 0.052385, 0.052412, 0.052462, 0.052467, 0.052692, 0.052713, 0.052747, 0.052904, 0.05301, 0.053016, 0.053036, 0.053175, 0.053595, 0.053814, 0.054004, 0.054056, 0.05421, 0.054338, 0.054493, 0.054612, 0.054615, 0.054736, 0.055107, 0.055238, 0.055321, 0.055517, 0.055642, 0.05572, 0.055978, 0.055981, 0.056237, 0.056282, 0.05631, 0.056487, 0.05668, 0.057018, 0.057179, 0.05744, 0.057997, 0.058009, 0.058101, 0.05822, 0.058353, 0.058395, 0.058406, 0.058679, 0.059056, 0.059079, 0.059106, 0.059153, 0.059253, 0.059283, 0.059634, 0.0601, 0.060179, 0.060352, 0.060418, 0.060565, 0.060721, 0.060746, 0.06082, 0.060986, 0.061099, 0.061286, 0.061349, 0.061369, 0.061493, 0.061555, 0.061673, 0.061826, 0.061964, 0.062445, 0.062771, 0.063037, 0.063086, 0.063113, 0.063491, 0.063505, 0.063549, 0.063662, 0.064137, 0.064243, 0.064311, 0.064321, 0.064596, 0.064679, 0.064898, 0.06505, 0.065054, 0.065091, 0.065134, 0.065143, 0.065181, 0.065212, 0.065248, 0.065303, 0.065339, 0.065678, 0.06573, 0.065946, 0.066131, 0.066348, 0.066407, 0.066418, 0.066522, 0.066543, 0.066614, 0.066694, 0.066707, 0.066862, 0.067358, 0.067427, 0.067585, 0.06776, 0.068031, 0.06813, 0.068175, 0.068321, 0.068423, 0.068481, 0.06854, 0.068662, 0.068917, 0.068968, 0.069091, 0.069219, 0.069292, 0.069321, 0.069428, 0.069479, 0.069533, 0.069773, 0.06984, 0.069953, 0.070071, 0.070287, 0.070341, 0.070415, 0.070602, 0.070636, 0.070722, 0.071256, 0.071455, 0.072083, 0.072088, 0.072355, 0.072451, 0.072516, 0.072664, 0.072722, 0.072935, 0.0735, 0.07354, 0.073579, 0.073598, 0.073871, 0.0739, 0.074108, 0.07445, 0.074599, 0.07466, 0.074732, 0.074856, 0.07492, 0.07497, 0.075239, 0.075281, 0.07536, 0.075387, 0.075417, 0.075459, 0.075513, 0.075562, 0.075568, 0.075661, 0.075699, 0.075949, 0.076012, 0.076419, 0.076528, 0.07677, 0.076946, 0.077027, 0.077235, 0.07726, 0.077284, 0.077607, 0.077759, 0.077786, 0.077933, 0.077934, 0.078218, 0.07842, 0.07846, 0.078497, 0.078547, 0.078658, 0.079094, 0.079216, 0.079498, 0.079738, 0.079766, 0.07978, 0.080044, 0.080088, 0.080117, 0.08023, 0.08085, 0.081355, 0.081376, 0.081453, 0.081549, 0.081596, 0.081651, 0.081682, 0.081801, 0.081842, 0.082235, 0.08236, 0.082486, 0.082548, 0.082954, 0.083055, 0.083092, 0.083535, 0.083584, 0.083753, 0.083782, 0.08386, 0.083901, 0.08391, 0.083926, 0.084193, 0.084304, 0.084357, 0.084697, 0.084998, 0.085047, 0.085211, 0.085211, 0.085237, 0.085294, 0.085315, 0.085331, 0.085356, 0.085394, 0.085639, 0.085772, 0.085793, 0.08581, 0.085813, 0.086194, 0.086215, 0.086285, 0.086552, 0.086576, 0.086686, 0.08679, 0.086866, 0.08687, 0.086883, 0.087099, 0.087103, 0.087245, 0.087467, 0.087687, 0.087789, 0.087835, 0.088042, 0.088125, 0.088198, 0.088289, 0.088405, 0.088412, 0.088471, 0.088514, 0.088639, 0.08878, 