{"sigma_r": 0.32, "sigma_i": 4.5, "m": 2, "seed": 1049724911, "n_k": {"1": 5098, "2": 722, "3": 88, "4": 4, "5": 1, "6+": 0}, "dlogr": [0.0, 0.0, 0.0, 0.0, 6.4e-05, 8.5e-05, 0.000182, 0.000197, 0.000219, 0.000268, 0.000379, 0.000474, 0.000505, 0.000882, 0.000974, 0.000981, 0.001235, 0.001269, 0.00135, 0.001893, 0.002242, 0.00231, 0.00233, 0.002372, 0.002391, 0.002394, 0.002518, 0.002526, 0.002566, 0.002662, 0.002725, 0.00291, 0.003043, 0.003336, 0.003577, 0.003613, 0.003715, 0.003828, 0.003988, 0.004186, 0.004533, 0.004535, 0.004732, 0.004806, 0.004879, 0.005503, 0.005548, 0.005656, 0.005953, 0.005996, 0.006345, 0.006474, 0.006654, 0.00686, 0.007126, 0.007132, 0.007231, 0.00778, 0.007828, 0.008128, 0.008266, 0.008337, 0.008476, 0.008935, 0.009069, 0.009108, 0.009113, 0.009163, 0.00933, 0.00956, 0.009867, 0.009969, 0.009973, 0.01023, 0.010327, 0.010422, 0.010472, 0.01057, 0.010631, 0.010752, 0.010856, 0.010905, 0.011225, 0.011706, 0.011719, 0.011736, 0.011774, 0.011853, 0.011895, 0.011912, 0.01203, 0.012114, 0.012463, 0.012529, 0.01273, 0.012752, 0.012842, 0.01311, 0.013121, 0.013229, 0.013316, 0.013323, 0.013377, 0.013417, 0.013471, 0.013624, 0.01397, 0.014087, 0.014169, 0.014195, 0.014202, 0.014202, 0.014403, 0.014497, 0.014517, 0.014824, 0.014897, 0.01521, 0.015529, 0.015623, 0.015996, 0.01619, 0.016312, 0.016356, 0.016379, 0.016389, 0.016424, 0.016589, 0.016624, 0.016865, 0.017556, 0.017984, 0.018046, 0.018181, 0.018236, 0.018303, 0.018618, 0.018723, 0.018796, 0.019172, 0.019239, 0.019258, 0.019279, 0.019435, 0.019566, 0.019602, 0.019734, 0.019928, 0.019934, 0.020111, 0.02033, 0.021002, 0.021005, 0.021064, 0.021132, 0.021226, 0.021237, 0.021317, 0.021347, 0.021464, 0.021599, 0.021604, 0.02162, 0.02187, 0.022058, 0.022145, 0.022481, 0.022619, 0.022686, 0.022798, 0.022984, 0.023013, 0.023134, 0.023241, 0.023272, 0.023314, 0.02337, 0.023686, 0.023752, 0.024245, 0.024329, 0.024379, 0.02467, 0.024677, 0.024736, 0.02484, 0.024965, 0.025441, 0.025509, 0.025761, 0.026083, 0.02634, 0.026401, 0.026566, 0.026855, 0.027337, 0.027436, 0.027696, 0.02778, 0.027831, 0.027915, 0.027948, 0.028041, 0.028112, 0.028205, 0.028211, 0.028304, 0.028506, 0.028653, 0.028679, 0.028729, 0.028809, 0.028967, 0.029018, 0.029217, 0.029221, 0.029241, 0.029563, 0.029678, 0.029748, 0.029792, 0.029868, 0.02992, 0.030115, 0.030234, 0.030356, 0.030677, 0.031142, 0.031409, 0.031456, 0.03171, 0.031738, 0.032003, 0.032029, 0.032288, 0.032445, 0.032624, 0.032825, 0.032856, 0.032959, 0.033151, 0.033391, 0.033453, 0.033515, 0.033575, 0.033627, 0.033652, 0.033925, 0.033965, 0.034328, 0.034491, 0.034503, 0.034783, 0.034798, 0.034861, 0.035002, 0.035065, 0.035072, 0.035229, 0.035606, 0.035612, 0.035644, 0.03576, 0.03594, 0.035943, 0.036019, 0.036037, 0.036379, 0.036652, 0.036692, 0.036836, 0.036915, 0.037096, 0.037189, 0.037309, 0.037509, 0.037524, 0.037644, 0.038153, 0.038174, 0.038192, 0.038224, 0.038343, 0.038393, 0.038401, 0.038596, 0.038761, 0.039045, 0.039191, 0.039306, 0.039455, 0.039475, 0.039653, 0.039665, 0.039695, 0.039735, 0.039864, 0.040037, 0.040474, 0.040724, 0.04084, 0.041011, 0.041046, 0.041185, 0.041216, 0.041435, 0.041502, 0.041707, 0.041806, 0.041832, 0.04184, 0.042161, 0.042318, 0.042415, 0.042661, 0.042685, 0.042737, 0.043293, 0.043506, 0.043509, 0.043554, 0.043685, 0.043928, 0.044005, 0.044222, 0.044583, 0.04462, 0.044731, 0.04489, 0.045072, 0.045313, 0.045383, 0.045462, 0.045639, 0.045859, 0.046119, 0.046186, 0.046209, 0.046357, 0.046483, 0.046801, 0.046972, 0.047169, 0.047194, 0.047388, 0.047448, 0.04747, 0.047524, 0.047764, 0.047773, 0.04794, 0.04822, 0.048419, 0.048717, 0.048945, 0.049014, 0.049188, 0.049536, 0.049892, 0.049935, 0.050007, 0.050015, 0.050197, 0.050241, 0.050248, 0.050298, 0.050336, 0.050513, 0.050683, 0.050976, 0.051112, 0.051192, 0.051315, 0.051423, 0.05146, 0.051536, 0.051728, 0.052269, 0.052597, 0.05268, 0.052783, 0.05291, 0.053078, 0.053129, 0.053628, 0.053803, 0.054192, 0.054437, 0.054504, 0.054645, 0.054995, 0.055392, 0.055403, 0.055521, 0.055701, 0.056096, 0.056149, 0.056511, 0.056531, 0.056617, 0.05665, 0.0568, 0.056851, 0.057163, 0.057491, 0.057613, 0.057923, 0.058204, 0.058219, 0.058307, 0.058389, 0.058659, 0.058723, 0.058932, 0.058987, 0.05912, 0.059154, 0.059202, 0.059255, 0.059544, 0.059553, 0.059657, 0.059668, 0.05968, 0.059845, 0.060397, 0.060497, 0.060532, 0.060596, 0.060962, 0.06148, 0.06152, 0.061525, 0.061746, 0.061801, 0.061936, 0.062019, 0.062038, 0.062219, 0.0624, 0.062491, 0.062731, 0.063366, 0.063368, 0.06346, 0.063537, 0.064011, 0.064037, 0.06422, 0.064688, 0.064889, 0.065231, 0.065305, 0.065322, 0.065852, 0.06598, 0.066203, 0.066356, 0.066467, 0.066582, 0.06667, 0.066719, 0.06689, 0.067153, 0.067705, 0.067746, 0.068607, 0.068624, 0.068687, 0.068775, 0.068869, 0.068964, 0.069071, 0.069201, 0.069384, 0.070028, 0.070114, 0.070412, 0.070463, 0.070829, 0.070914, 0.071558, 0.071915, 0.072394, 0.072419, 0.072473, 0.072515, 0.072563, 0.073074, 0.07337, 0.07393, 0.074237, 0.07441, 0.074531, 0.074934, 0.075085, 0.075258, 0.075264, 0.075274, 0.075427, 0.07552, 0.075755, 0.075842, 0.07592, 0.075961, 0.076127, 0.076476, 0.077054, 0.077482, 0.077553, 0.077623, 0.077737, 0.078117, 0.078331, 0.078505, 0.07866, 0.078723, 0.079102, 0.079289, 0.079488, 0.07953, 0.079712, 0.07987, 0.079969, 0.080076, 0.080078, 0.080122, 0.080153, 0.080186, 0.080188, 0.08027, 0.080384, 0.080478, 0.080561, 0.080834, 0.081252, 0.081339, 0.081438, 0.081531, 0.081995, 0.082082, 0.082142, 0.08224, 0.082316, 0.082457, 0.082652, 0.082796, 0.082967, 0.083374, 0.083387, 0.084123, 0.084232, 0.084312, 0.084492, 0.084583, 0.0847, 0.085079, 0.085244, 0.085493, 0.085515, 0.085645, 0.085706, 0.086034, 0.086283, 0.08666, 0.087812, 0.087998, 0.088685, 0.088767, 0.088854, 0.089265, 0.089541, 0.089783, 0.089858, 0.090004, 0.090263, 0.09066, 0.090663, 0.090847, 0.090886, 0.09099, 0.091006, 0.091035, 0.091505, 0.091856, 0.092106, 0.092243, 0.092375, 0.09256, 0.092578, 0.092738, 0.09348, 0.093594, 0.093733, 0.093874, 0.094818, 0.095152, 0.095173, 0.095484, 0.095985, 0.096264, 0.096719, 0.096899, 0.097131, 0.097305, 0.098147, 0.09852, 0.099197, 0.099892, 0.100134, 0.100401, 0.100484, 0.10082, 0.101461, 0.101973, 0.102186, 0.103134, 0.103498, 0.104723, 0.104882, 0.105638, 0.10586, 0.105956, 0.106228, 0.10626, 0.106799, 0.106843, 0.106896, 0.107551, 0.107556, 0.107843, 0.10951, 0.109833, 0.110319, 0.110359, 0.110848, 0.111793, 0.112311, 0.112512, 0.113143, 0.113424, 0.113594, 0.113885, 0.115094, 0.11537, 0.115467, 0.116233, 0.116997, 0.117241, 0.117805, 0.118626, 0.119504, 0.119951, 0.119963, 0.120053, 0.120517, 0.120865, 0.121217, 0.121308, 0.121357, 0.121473, 0.121836, 0.122855, 0.123256, 0.123579, 0.124133, 0.12513, 0.125957, 0.126402, 0.126741, 0.127343, 0.127534, 0.127702, 0.127768, 0.12836, 0.129014, 0.129068, 0.130221, 0.131404, 0.131821, 0.132025, 0.132355, 0.133909, 0.134485, 0.134532, 0.134583, 0.134979, 0.135107, 0.135417, 0.13595, 0.136334, 0.136439, 0.136793, 0.137736, 0.138329, 0.138422, 0.138671, 0.138887, 0.140106, 0.140202, 0.14161, 0.142401, 0.143981, 0.144248, 0.144336, 0.144599, 0.145565, 0.146374, 0.147433, 0.147742, 0.149975, 0.150075, 0.150383, 0.151186, 0.151258, 0.151783, 0.152972, 0.153771, 0.154906, 0.155597, 0.15609, 0.156716, 0.156878, 0.157474, 0.158444, 0.158721, 0.161734, 0.163254, 0.164908, 0.165067, 0.168465, 0.169718, 0.170179, 0.172558, 0.172941, 0.173335, 0.177665, 0.178073, 0.178101, 0.178884, 0.180349, 0.180935, 0.181628, 0.182892, 0.182948, 0.183687, 0.184495, 0.18676, 0.187761, 0.187867, 0.192111, 0.195403, 0.197307, 0.199092, 0.199297, 0.202725, 0.202817, 0.2081, 0.210844, 0.212482, 0.215957, 0.219548, 0.220572, 0.223604, 0.237138, 0.255113, 0.26641, 0.266569, 0.268905, 0.333654, 0.387024, 0.452629, 0.461393, 0.474179, 0.50295, 0.503515, 0.519622, 0.525887, 0.526853, 0.531153, 0.53624, 0.537704, 0.542086, 0.549423, 0.554131, 0.555572, 0.563107, 0.56403, 0.566927, 0.575066, 0.583211, 0.58831, 0.593045, 0.600633, 0.605443, 0.612943, 0.613837, 