{"sigma_r": 1.9103, "sigma_i": 1.8292, "m": 15, "seed": 3926104274, "n_k": {"1": 4196, "2": 894, "3": 184, "4": 23, "5": 3, "6+": 0}, "dlogr": [0.0, 0.000442, 0.000506, 0.000545, 0.000676, 0.000867, 0.001013, 0.001178, 0.001578, 0.001838, 0.001941, 0.002471, 0.002561, 0.002736, 0.002771, 0.002928, 0.002966, 0.002977, 0.003136, 0.003586, 0.003608, 0.003982, 0.004474, 0.004491, 0.004696, 0.004815, 0.004975, 0.005389, 0.005391, 0.005559, 0.005757, 0.005781, 0.005859, 0.005873, 0.006124, 0.006307, 0.006456, 0.006527, 0.006834, 0.007868, 0.008063, 0.008227, 0.00872, 0.008913, 0.009146, 0.009158, 0.00926, 0.009757, 0.010361, 0.010462, 0.010685, 0.010687, 0.010744, 0.010839, 0.011334, 0.012018, 0.01212, 0.012252, 0.013045, 0.013209, 0.013547, 0.013796, 0.013877, 0.013892, 0.014098, 0.014282, 0.01479, 0.015126, 0.015202, 0.015366, 0.015592, 0.015599, 0.015723, 0.015994, 0.016172, 0.016258, 0.016934, 0.016936, 0.017026, 0.01717, 0.017194, 0.017736, 0.017802, 0.017836, 0.018227, 0.018317, 0.018403, 0.018481, 0.018513, 0.018553, 0.019227, 0.019445, 0.019723, 0.019761, 0.019818, 0.019841, 0.020086, 0.020666, 0.020724, 0.021113, 0.021142, 0.021375, 0.021505, 0.021648, 0.021936, 0.022731, 0.022823, 0.023069, 0.023645, 0.023805, 0.024028, 0.024269, 0.02464, 0.024827, 0.025116, 0.025226, 0.02548, 0.025567, 0.025568, 0.025664, 0.025771, 0.026272, 0.026631, 0.027123, 0.027898, 0.027902, 0.027969, 0.028104, 0.028263, 0.028484, 0.028531, 0.028967, 0.02911, 0.029388, 0.029431, 0.029523, 0.029628, 0.029948, 0.030154, 0.030665, 0.030685, 0.030703, 0.03073, 0.031065, 0.031329, 0.031678, 0.032033, 0.032034, 0.032128, 0.03226, 0.0323, 0.032638, 0.032646, 0.032715, 0.03282, 0.033075, 0.033094, 0.033252, 0.033518, 0.033749, 0.034091, 0.034091, 0.034112, 0.034136, 0.034165, 0.034202, 0.034633, 0.034702, 0.034746, 0.03483, 0.035048, 0.035329, 0.035384, 0.035408, 0.035813, 0.036157, 0.036253, 0.036351, 0.036806, 0.037144, 0.037811, 0.037851, 0.037872, 0.038123, 0.039124, 0.039132, 0.03916, 0.039291, 0.039299, 0.03937, 0.039426, 0.039452, 0.03987, 0.039927, 0.040197, 0.040297, 0.040485, 0.04091, 0.041018, 0.041154, 0.041532, 0.041558, 0.042085, 0.042129, 0.042325, 0.042482, 0.042806, 0.04289, 0.043435, 0.043649, 0.043716, 0.043746, 0.044045, 0.04415, 0.044262, 0.044404, 0.044773, 0.044816, 0.044867, 0.045127, 0.045159, 0.045406, 0.045488, 0.045904, 0.045924, 0.046001, 0.046068, 0.046516, 0.046845, 0.046856, 0.046947, 0.047025, 0.047083, 0.047919, 0.047965, 0.049197, 0.049213, 0.049355, 0.049383, 0.049852, 0.049916, 0.050337, 0.05051, 0.050517, 0.050908, 0.051009, 0.051024, 0.05108, 0.051157, 0.051323, 0.051385, 0.051638, 0.052268, 0.052414, 0.052436, 0.052477, 0.05263, 0.052878, 0.052908, 0.053027, 0.053266, 0.053286, 0.053896, 0.054029, 0.054067, 0.054274, 0.054492, 0.054739, 0.054945, 0.055029, 0.055166, 0.05521, 0.055743, 0.055985, 0.056301, 0.056644, 0.056833, 0.056895, 0.056905, 0.057038, 0.057057, 0.057058, 0.057093, 0.057275, 0.057276, 0.057485, 0.057522, 0.057578, 0.057723, 0.058612, 0.058784, 0.059174, 0.059272, 0.059515, 0.059838, 0.060146, 0.060276, 0.06032, 0.060437, 0.060968, 0.061038, 0.061174, 0.061263, 0.061608, 0.061638, 0.061753, 0.061761, 0.061878, 0.061984, 0.062121, 0.062579, 0.062763, 0.06376, 0.064113, 0.064318, 0.064352, 0.064672, 0.064679, 0.065516, 0.066159, 0.066232, 0.066338, 0.066437, 0.066439, 0.066616, 0.066788, 0.067174, 0.067493, 0.067624, 0.068229, 0.068534, 0.068557, 0.068705, 0.068747, 0.06909, 0.069477, 0.070295, 0.07063, 0.070767, 0.071112, 0.071703, 0.071736, 0.071737, 0.072218, 0.072454, 0.072575, 0.072609, 0.072787, 0.073022, 0.073133, 0.073303, 0.073421, 0.073496, 0.073537, 0.073792, 0.074117, 0.074764, 0.07517, 0.075628, 0.076097, 0.076441, 0.076751, 0.076991, 0.077037, 0.077266, 0.077396, 0.077482, 0.078484, 0.078569, 0.078675, 0.078699, 0.078858, 0.079544, 0.079567, 0.080206, 0.080224, 0.080235, 0.081643, 0.08186, 0.081969, 0.082008, 0.082125, 0.082903, 0.083004, 0.083164, 0.083193, 0.083681, 0.083783, 0.084072, 0.084277, 0.084304, 0.084546, 0.084668, 0.084754, 0.085603, 0.085754, 0.08645, 0.087085, 0.087149, 0.087903, 0.087994, 0.088033, 0.089176, 0.089917, 0.089937, 0.090105, 0.090747, 0.09091, 0.091097, 0.091146, 0.091184, 0.09133, 0.091331, 0.091409, 0.091771, 0.092061, 0.092442, 0.092548, 0.092663, 0.092687, 0.092809, 0.09301, 0.09366, 0.093902, 0.094169, 0.094293, 0.094666, 0.094791, 0.095089, 0.095474, 0.095502, 0.095547, 0.096711, 0.09716, 0.097232, 0.097327, 0.097478, 0.097488, 0.097801, 0.098298, 0.098546, 0.098679, 0.098809, 0.09985, 0.100426, 0.100801, 0.100806, 0.101097, 0.101168, 0.101248, 0.101285, 0.101477, 0.101479, 0.102052, 0.102147, 0.103924, 0.104382, 0.104663, 0.105214, 0.105333, 0.105547, 0.105568, 0.105785, 0.106183, 0.10648, 0.106558, 0.106605, 0.106754, 0.106864, 0.106943, 0.107381, 0.107601, 0.107869, 0.107953, 0.10798, 0.10813, 0.108343, 0.108404, 0.108675, 0.108971, 0.109412, 0.10994, 0.11014, 0.110377, 0.110409, 0.110678, 0.110923, 0.111208, 0.111932, 0.112446, 0.112815, 0.112884, 0.11304, 0.113072, 0.113374, 0.113457, 0.113482, 0.113566, 0.113636, 0.113862, 0.114929, 0.115021, 0.115341, 0.115474, 0.115544, 0.115884, 0.116075, 0.117378, 0.117438, 0.117451, 0.118654, 0.118668, 0.118673, 0.119471, 0.120128, 0.120291, 0.120442, 0.120559, 0.120742, 0.121019, 0.121507, 0.121597, 0.122845, 0.122976, 0.123165, 0.123229, 0.123775, 0.123824, 0.124331, 0.124385, 0.124499, 0.124556, 0.12499, 0.125751, 0.126289, 0.126325, 0.127165, 0.127471, 0.127517, 0.127544, 0.127624, 0.127881, 0.128671, 0.128851, 0.1292, 0.129858, 0.130032, 0.130086, 0.130372, 0.130469, 0.130532, 0.130557, 0.130777, 0.130978, 0.130999, 0.131209, 0.131599, 0.131797, 0.131836, 0.13252, 0.132771, 0.132936, 0.133285, 0.133982, 0.134, 0.134054, 0.134069, 0.134221, 0.134635, 0.135059, 0.135108, 0.13519, 0.135639, 0.135762, 0.135885, 0.135934, 0.136433, 0.136487, 0.13678, 0.136838, 0.137225, 0.13756, 0.137679, 0.138133, 0.138293, 0.138663, 0.138847, 0.13908, 0.139148, 0.139272, 0.13932, 0.139449, 0.139862, 0.140194, 0.140698, 0.140763, 0.140843, 0.140918, 0.141536, 0.14174, 0.14187, 0.142569, 0.142837, 0.142961, 0.143158, 0.143235, 0.143412, 0.143547, 0.143631, 0.144064, 0.144102, 0.144503, 0.144674, 0.144759, 0.144852, 0.145109, 0.145142, 0.145182, 0.145357, 0.145484, 0.145859, 0.146083, 0.146239, 0.146634, 0.146684, 0.146705, 0.147146, 0.147252, 0.147343, 0.147682, 0.147936, 0.148249, 0.148308, 0.149045, 0.150523, 0.150624, 0.150662, 0.151118, 0.151237, 0.151283, 0.151664, 0.151691, 0.151977, 0.152888, 0.153308, 0.153561, 0.153698, 0.154059, 0.154182, 0.155181, 0.155454, 0.155499, 0.156091, 0.156596, 0.156752, 0.156777, 0.156838, 0.157362, 0.157526, 0.157673, 0.157765, 0.157945, 0.158647, 0.158926, 0.158942, 0.159255, 0.159617, 0.159645, 0.159875, 0.16019, 0.160578, 0.160776, 0.160829, 0.161233, 0.161315, 0.161367, 0.161538, 0.162489, 0.162679, 0.162874, 0.163454, 0.164297, 0.164416, 0.164912, 0.165199, 0.165635, 0.165746, 0.166006, 0.166173, 0.166374, 0.166476, 0.166601, 0.166619, 0.166657, 0.167015, 0.167404, 0.167426, 0.167607, 0.167948, 0.168232, 0.168366, 0.16849, 0.168661, 0.169156, 0.169236, 0.169349, 0.169845, 0.170246, 0.170351, 0.170548, 0.17069, 0.170917, 0.171348, 0.171891, 0.171895, 0.172624, 0.172876, 0.172882, 0.17349, 0.174258, 0.174537, 0.175369, 0.175538, 0.175785, 0.1763, 0.176751, 0.17789, 0.178272, 0.178937, 0.179131, 0.179232, 0.17998, 0.180124, 0.180185, 0.180219, 0.180325, 0.180799, 0.18081, 0.181244, 0.181873, 0.181981, 0.182151, 0.182507, 0.183328, 0.183567, 0.184423, 0.185231, 0.185334, 0.185813, 0.186691, 0.186965, 0.187171, 0.187204, 0.187305, 0.188175, 0.188194, 0.188362, 0.188518, 0.189849, 0.190133, 0.190773, 0.190896, 0.191014, 0.191841, 0.192704, 0.19274, 0.192821, 0.192933, 0.192998, 0.193034, 0.193866, 0.194334, 0.194608, 0.19511, 0.195481, 0.195953, 0.195969, 0.196353, 0.196454, 0.19667, 0.197187, 0.197865, 0.199497, 0.200188, 0.200688, 0.201055, 0.20269, 0.203646, 0.203849, 0.203956, 0.204268, 0.204275, 0.204418, 