{"sigma_r": 0.9707, "sigma_i": 1.1186, "m": 10, "seed": 3167028813, "n_k": {"1": 3974, "2": 951, "3": 247, "4": 48, "5": 8, "6+": 1}, "dlogr": [0.0, 8e-05, 0.000117, 0.000148, 0.000175, 0.000184, 0.000185, 0.000211, 0.000248, 0.000433, 0.000474, 0.000493, 0.000572, 0.000783, 0.00092, 0.000944, 0.001231, 0.001274, 0.001386, 0.001513, 0.001883, 0.00196, 0.002024, 0.002073, 0.002073, 0.002084, 0.002175, 0.002444, 0.002542, 0.00256, 0.002694, 0.002769, 0.003352, 0.003611, 0.003643, 0.003674, 0.003722, 0.004124, 0.00422, 0.004488, 0.004571, 0.004572, 0.004793, 0.004878, 0.005045, 0.005064, 0.005207, 0.005597, 0.005916, 0.006317, 0.006404, 0.006671, 0.006761, 0.00678, 0.006833, 0.00691, 0.007144, 0.007174, 0.007276, 0.007368, 0.0074, 0.007635, 0.007747, 0.007787, 0.007886, 0.008547, 0.008561, 0.008595, 0.008829, 0.008891, 0.008894, 0.009093, 0.009479, 0.009628, 0.009655, 0.009683, 0.009785, 0.00979, 0.009978, 0.010022, 0.010067, 0.010092, 0.010105, 0.010445, 0.010988, 0.011104, 0.011408, 0.011435, 0.011493, 0.011601, 0.011691, 0.011701, 0.011963, 0.012013, 0.012078, 0.012204, 0.012425, 0.012562, 0.01276, 0.01297, 0.013026, 0.013256, 0.013288, 0.014075, 0.014179, 0.01418, 0.014216, 0.014225, 0.014226, 0.014245, 0.014246, 0.01441, 0.014463, 0.01466, 0.014666, 0.014685, 0.014769, 0.014825, 0.01506, 0.015138, 0.015535, 0.015653, 0.015917, 0.015984, 0.016401, 0.01645, 0.016477, 0.016914, 0.01695, 0.017081, 0.017217, 0.017376, 0.017396, 0.017666, 0.017779, 0.017974, 0.018228, 0.018318, 0.01855, 0.01856, 0.018612, 0.018634, 0.019166, 0.019279, 0.019463, 0.019498, 0.019952, 0.020172, 0.020527, 0.020597, 0.020637, 0.020734, 0.020748, 0.020864, 0.02118, 0.021215, 0.02134, 0.02156, 0.02174, 0.022028, 0.022282, 0.022343, 0.022647, 0.02279, 0.022842, 0.022874, 0.022886, 0.022959, 0.023496, 0.023629, 0.023682, 0.023712, 0.023946, 0.024019, 0.024094, 0.024182, 0.024292, 0.024749, 0.024832, 0.024932, 0.025024, 0.025141, 0.025226, 0.025359, 0.025753, 0.025893, 0.025966, 0.026127, 0.026254, 0.026398, 0.026466, 0.026565, 0.026645, 0.026879, 0.027076, 0.027119, 0.027425, 0.027426, 0.027474, 0.02754, 0.027671, 0.028323, 0.028368, 0.028532, 0.028797, 0.028874, 0.028904, 0.029021, 0.029199, 0.029235, 0.029584, 0.029661, 0.029702, 0.029771, 0.029919, 0.030042, 0.030151, 0.030355, 0.030365, 0.030532, 0.030569, 0.030597, 0.030743, 0.03094, 0.030963, 0.031111, 0.031258, 0.031398, 0.031593, 0.031734, 0.032126, 0.032207, 0.032327, 0.03257, 0.032638, 0.032642, 0.032917, 0.03298, 0.033155, 0.033166, 0.033725, 0.034133, 0.034234, 0.034333, 0.034369, 0.034437, 0.03447, 0.034724, 0.034737, 0.034842, 0.034865, 0.03497, 0.034984, 0.034992, 0.035138, 0.035198, 0.03549, 0.035638, 0.036083, 0.036129, 0.036307, 0.03636, 0.036406, 0.03655, 0.0366, 0.036635, 0.036936, 0.036949, 0.037053, 0.037073, 0.037309, 0.037452, 0.037465, 0.037498, 0.037532, 0.037729, 0.037822, 0.037848, 0.037892, 0.038007, 0.038062, 0.038095, 0.038128, 0.038247, 0.038294, 0.038335, 0.038399, 0.03844, 0.038492, 0.038611, 0.038696, 0.038712, 0.039337, 0.039555, 0.03989, 0.039919, 0.040122, 0.040122, 0.040219, 0.040357, 0.040571, 0.040861, 0.041101, 0.041518, 0.041625, 0.041645, 0.041773, 0.0418, 0.042011, 0.042108, 0.042139, 0.042299, 0.042474, 0.042497, 0.042755, 0.042839, 0.043103, 0.043114, 0.043125, 0.043136, 0.04315, 0.043385, 0.043402, 0.04361, 0.043739, 0.04377, 0.043978, 0.044377, 0.044634, 0.044648, 0.044725, 0.045067, 0.045146, 0.045299, 0.045422, 0.045617, 0.045738, 0.04578, 0.045848, 0.04594, 0.045941, 0.04616, 0.046345, 0.046517, 0.046577, 0.04663, 0.047001, 0.047004, 0.047335, 0.047373, 0.047736, 0.048103, 0.048205, 0.049033, 0.049231, 0.049721, 0.049729, 0.049746, 0.049896, 0.049898, 0.049903, 0.049923, 0.049955, 0.050132, 0.050141, 0.050208, 0.050237, 0.050279, 0.050433, 0.050607, 0.050775, 0.051396, 0.051441, 0.051569, 0.05162, 0.051628, 0.051671, 0.051845, 0.052032, 0.052085, 0.052124, 0.052361, 0.052475, 0.052894, 0.053035, 0.053083, 0.053225, 0.053427, 0.053429, 0.05387, 0.054524, 0.054555, 0.054567, 0.054898, 0.05499, 0.055127, 0.055284, 0.05548, 0.055718, 0.05574, 0.055957, 0.055991, 0.056023, 0.056429, 0.056434, 0.05655, 0.056551, 0.056573, 0.056706, 0.056926, 0.057259, 0.057321, 0.057528, 0.057556, 0.057566, 0.057673, 0.057721, 0.057769, 0.057855, 0.058235, 0.058381, 0.058402, 0.058578, 0.058584, 0.058667, 0.058851, 0.058952, 0.059066, 0.059192, 0.059972, 0.059989, 0.060285, 0.060337, 0.060458, 0.060508, 0.060599, 0.060631, 0.060827, 0.060906, 0.061006, 0.061167, 0.061279, 0.061455, 0.061466, 0.061721, 0.062127, 0.062182, 0.062212, 0.062278, 0.062376, 0.062571, 0.063454, 0.063603, 0.063781, 0.063825, 0.063854, 0.063893, 0.064029, 0.06407, 0.064071, 0.064341, 0.064375, 0.064402, 0.064522, 0.064742, 0.064825, 0.064862, 0.064912, 0.064916, 0.064939, 0.065375, 0.065449, 0.06555, 0.065589, 0.065987, 0.066237, 0.066389, 0.066454, 0.066809, 0.066837, 0.066927, 0.067062, 0.067208, 0.06737, 0.067816, 0.067861, 0.068243, 0.068258, 0.068621, 0.068894, 0.068976, 0.069197, 0.069273, 0.069361, 0.06944, 0.06959, 0.069804, 0.069897, 0.069978, 0.070437, 0.070545, 0.070913, 0.070969, 0.071038, 0.07178, 0.072, 0.072195, 0.072197, 0.072346, 0.072407, 0.072423, 0.072611, 0.07279, 0.072867, 0.073031, 0.073123, 0.073185, 0.073232, 0.073772, 0.074085, 0.074315, 0.07442, 0.074604, 0.074785, 0.074812, 0.074864, 0.074882, 0.07514, 0.07521, 0.075291, 0.075705, 0.075838, 0.076748, 0.076802, 0.076809, 0.076866, 0.077005, 0.077023, 0.077066, 0.077296, 0.077462, 0.07762, 0.077741, 0.077821, 0.077998, 0.078115, 0.078205, 0.078683, 0.07873, 0.078732, 0.078984, 0.079336, 0.079501, 0.079636, 0.079698, 0.079758, 0.079801, 0.080116, 0.080151, 0.080441, 0.08052, 0.080573, 0.080577, 0.080624, 0.081121, 0.081253, 0.081395, 0.08148, 0.081597, 0.081629, 0.081794, 0.08194, 0.082042, 0.082089, 0.082219, 0.082464, 0.08255, 0.082905, 0.082922, 0.083057, 0.08306, 0.083129, 0.083153, 0.083314, 0.083407, 0.083483, 0.08361, 0.083846, 0.084141, 0.08417, 0.084273, 0.08445, 0.084556, 0.084656, 0.084851, 0.08486, 0.08493, 0.084992, 0.085107, 0.085205, 0.085241, 0.085317, 0.085319, 0.085508, 0.085556, 0.085865, 0.0859, 0.085947, 0.086113, 0.086171, 0.086172, 0.086193, 0.086246, 0.086491, 0.08702, 0.087032, 0.087061, 0.087123, 0.087141, 0.087241, 0.087331, 0.087691, 0.088137, 0.088141, 0.088389, 0.088392, 0.088599, 0.089227, 0.089232, 0.089284, 0.089293, 0.089538, 0.089579, 0.089854, 0.090012, 0.090259, 0.090267, 0.090335, 0.090372, 0.09061, 0.090687, 0.091013, 0.0911, 0.091103, 0.091106, 0.091489, 0.091558, 0.091866, 0.091877, 0.091899, 0.091903, 0.092093, 0.092443, 0.09249, 0.092552, 0.092828, 0.092829, 0.092844, 0.092993, 0.092999, 0.093182, 0.093282, 0.093424, 0.093708, 0.093758, 0.093969, 0.094296, 0.09459, 0.094649, 0.094689, 0.094729, 0.095153, 0.09554, 0.095643, 0.095702, 0.095743, 0.095773, 0.095792, 0.096021, 0.096113, 0.096165, 0.096182, 0.096196, 0.096234, 0.096304, 0.096836, 0.097075, 0.09709, 0.097294, 0.097298, 0.097344, 0.097844, 0.098081, 0.09819, 0.098795, 0.098897, 0.099257, 0.099348, 0.099494, 0.099793, 0.100458, 0.100681, 0.100761, 0.100962, 0.100973, 0.101244, 0.101364, 0.101381, 0.101416, 0.101459, 0.101849, 0.101979, 0.102408, 0.102445, 0.102466, 0.102647, 0.102761, 0.103046, 0.103106, 0.103141, 0.103204, 0.103365, 0.1035, 0.103586, 0.103692, 0.103861, 0.103951, 0.104252, 0.104326, 0.104418, 0.104954, 0.105359, 0.105369, 0.105584, 0.105824, 0.106055, 0.106194, 0.106257, 0.106435, 0.106747, 0.106839, 0.106883, 0.106971, 0.107586, 0.107606, 0.107766, 0.107998, 0.108078, 0.108104, 0.108221, 0.108457, 0.108617, 0.108663, 0.108727, 0.10908, 0.109088, 0.109516, 0.109657, 0.110217, 0.110282, 0.110314, 0.110514, 0.110624, 0.110819, 0.110919, 0.111283, 0.111317, 0.111948, 0.112042, 0.112225, 0.112278, 0.112809, 0.112829, 0.112992, 0.113067, 0.113121, 0.113533, 0.113954, 0.114171, 0.114395, 0.114456, 0.114682, 0.114764, 0.115625, 0.115655, 0.115818, 0.115983, 0.115989, 0.116098, 0.116111, 0.116368, 0.116404, 0.116662, 0.116669, 0.116701, 