{"sigma_r": null, "sigma_i": 1.1186, "m": 5, "seed": 484367226, "n_k": {"1": 3871, "2": 998, "3": 215, "4": 54, "5": 6, "6+": 1}, "dlogr": [5.2e-05, 6.8e-05, 0.000387, 0.000547, 0.001093, 0.001134, 0.001274, 0.001475, 0.001503, 0.001707, 0.001762, 0.001934, 0.00194, 0.002306, 0.002317, 0.002398, 0.002721, 0.002972, 0.003032, 0.003315, 0.003494, 0.003626, 0.003795, 0.004026, 0.004058, 0.004484, 0.004499, 0.004567, 0.004642, 0.004716, 0.004959, 0.005003, 0.005227, 0.005416, 0.005511, 0.005585, 0.005665, 0.005683, 0.00624, 0.006455, 0.006889, 0.007024, 0.00727, 0.007316, 0.007329, 0.007377, 0.007562, 0.007836, 0.008155, 0.008178, 0.008216, 0.008299, 0.008317, 0.008383, 0.008419, 0.008491, 0.008518, 0.008619, 0.009048, 0.009149, 0.009236, 0.009249, 0.009507, 0.009823, 0.009901, 0.010065, 0.010237, 0.010659, 0.0107, 0.010897, 0.010924, 0.010935, 0.010939, 0.011304, 0.01133, 0.011499, 0.011701, 0.011759, 0.011922, 0.011957, 0.012104, 0.012173, 0.0123, 0.012418, 0.012521, 0.012535, 0.012547, 0.012562, 0.01297, 0.013283, 0.013383, 0.013415, 0.013489, 0.013908, 0.014278, 0.014657, 0.014879, 0.014971, 0.015168, 0.015588, 0.016093, 0.016236, 0.016253, 0.016465, 0.016561, 0.016691, 0.016879, 0.017022, 0.01707, 0.017143, 0.01727, 0.017402, 0.017872, 0.017892, 0.017931, 0.018085, 0.018545, 0.018608, 0.018679, 0.0189, 0.018978, 0.019376, 0.019416, 0.019458, 0.019831, 0.020253, 0.020297, 0.020418, 0.020431, 0.02071, 0.020748, 0.020773, 0.020819, 0.020957, 0.021239, 0.02137, 0.021604, 0.021944, 0.022073, 0.022251, 0.022486, 0.022804, 0.022821, 0.02303, 0.023106, 0.023123, 0.024492, 0.024515, 0.024635, 0.024807, 0.024951, 0.024993, 0.025066, 0.025123, 0.02517, 0.025258, 0.025301, 0.0254, 0.02552, 0.025534, 0.02576, 0.025782, 0.025962, 0.0261, 0.026598, 0.026679, 0.026699, 0.026715, 0.026826, 0.02683, 0.02698, 0.026982, 0.027065, 0.027241, 0.027253, 0.027317, 0.027398, 0.027896, 0.027979, 0.029009, 0.029212, 0.029245, 0.029424, 0.029535, 0.029762, 0.030261, 0.030412, 0.030449, 0.030619, 0.030897, 0.030907, 0.031418, 0.031976, 0.03205, 0.032328, 0.032361, 0.032495, 0.032576, 0.032581, 0.032844, 0.032858, 0.033003, 0.033042, 0.033649, 0.034904, 0.035066, 0.03513, 0.035191, 0.035317, 0.035425, 0.035501, 0.036196, 0.036249, 0.036342, 0.03639, 0.036459, 0.03646, 0.036523, 0.036668, 0.036977, 0.03754, 0.03764, 0.038027, 0.038109, 0.038309, 0.038445, 0.038699, 0.038805, 0.038949, 0.039266, 0.039448, 0.039538, 0.039546, 0.039699, 0.039847, 0.040073, 0.040104, 0.04014, 0.040313, 0.040336, 0.040385, 0.040916, 0.041311, 0.041782, 0.042194, 0.042222, 0.042545, 0.04284, 0.043007, 0.043055, 0.043083, 0.043154, 0.043541, 0.043705, 0.043901, 0.043912, 0.04395, 0.044088, 0.044122, 0.044231, 0.044266, 0.044292, 0.044446, 0.044676, 0.044889, 0.045197, 0.04541, 0.045646, 0.045739, 0.046473, 0.046793, 0.046914, 0.047058, 0.047375, 0.047416, 0.047477, 0.047495, 0.047504, 0.047564, 0.047578, 0.047636, 0.047737, 0.048293, 0.048336, 0.048685, 0.048926, 0.048974, 0.049507, 0.049679, 0.0502, 0.050453, 0.050939, 0.05113, 0.051758, 0.051851, 0.051993, 0.052608, 0.052671, 0.052935, 0.053103, 0.053262, 0.053468, 0.05363, 0.053767, 0.053774, 0.053791, 0.054409, 0.054616, 0.055234, 0.055264, 0.055783, 0.056051, 0.056108, 0.056229, 0.056255, 0.056281, 0.056453, 0.05657, 0.056588, 0.056663, 0.056907, 0.057159, 0.057851, 0.058194, 0.058207, 0.058416, 0.058471, 0.058614, 0.058967, 0.059301, 0.059496, 0.059684, 0.059776, 0.060882, 0.06115, 0.061415, 0.061594, 0.061666, 0.061928, 0.061972, 0.061991, 0.062014, 0.062453, 0.062622, 0.062704, 0.062843, 0.063185, 0.063376, 0.063804, 0.063888, 0.064059, 0.064075, 0.064435, 0.065025, 0.065114, 0.065212, 0.065571, 0.065571, 0.066258, 0.066484, 0.066633, 0.066934, 0.067038, 0.067113, 0.067217, 0.0679, 0.068318, 0.068796, 0.068836, 0.069169, 0.069429, 0.069507, 0.0698, 0.069987, 0.070051, 0.070056, 0.070167, 0.070323, 0.070629, 0.070725, 0.071111, 0.07117, 0.071275, 0.071297, 0.071385, 0.071622, 0.07179, 0.071975, 0.072287, 0.07258, 0.072582, 0.072736, 0.073227, 0.073259, 0.07344, 0.073602, 0.073956, 0.074432, 0.074709, 0.075111, 0.075116, 0.07534, 0.075812, 0.076054, 0.076191, 0.076659, 0.077284, 0.077554, 0.077566, 0.077578, 0.077626, 0.077674, 0.077864, 0.077877, 0.07853, 0.078609, 0.078731, 0.079025, 0.079051, 0.079417, 0.079419, 0.079486, 0.079735, 0.079865, 0.080413, 0.080721, 0.080758, 0.080933, 0.081368, 0.081568, 0.08195, 0.081964, 0.081986, 0.081996, 0.082417, 0.082505, 0.082641, 0.08268, 0.083543, 0.08389, 0.083992, 0.08409, 0.084553, 0.084786, 0.085728, 0.085802, 0.086392, 0.086415, 0.086664, 0.087008, 0.087062, 0.087178, 0.087233, 0.087553, 0.087742, 0.08808, 0.088124, 0.088467, 0.088947, 0.088985, 0.089632, 0.089859, 0.089873, 0.090091, 0.090213, 0.09022, 0.090353, 0.090493, 0.090808, 0.091218, 0.091572, 0.091674, 0.091863, 0.091909, 0.092316, 0.092517, 0.092527, 0.092591, 0.092748, 0.092847, 0.093111, 0.093254, 0.093268, 0.093614, 0.093807, 0.094168, 0.094455, 0.094494, 0.094637, 0.094674, 0.095335, 0.095486, 0.095539, 0.095593, 0.095897, 0.096337, 0.096877, 0.097228, 0.097549, 0.097915, 0.098271, 0.09835, 0.098411, 0.098519, 0.098552, 0.098853, 0.099014, 0.099072, 0.099276, 0.099931, 0.1001, 0.100454, 0.100609, 0.10066, 0.100709, 0.100868, 0.101594, 0.101794, 0.102118, 0.102137, 0.102176, 0.102445, 0.102582, 0.102591, 0.10302, 0.103358, 0.10356, 0.103639, 0.103717, 0.103803, 0.103864, 0.103869, 0.103954, 0.104174, 0.10504, 0.105425, 0.105437, 0.10547, 0.105602, 0.105983, 0.106046, 0.106278, 0.106461, 0.10648, 0.106638, 0.106758, 0.106813, 0.107008, 0.107337, 0.10766, 0.107666, 0.107679, 0.1081, 0.108509, 0.108803, 0.109305, 0.10934, 0.109356, 0.109654, 0.110189, 0.110399, 0.111227, 0.111233, 0.111344, 0.111523, 0.111775, 0.111804, 0.112053, 0.11251, 0.113, 0.11332, 0.113361, 0.113457, 0.11355, 0.113643, 0.113752, 0.113953, 0.114195, 0.114672, 0.114874, 0.115125, 0.115166, 0.11535, 0.11567, 0.116105, 0.116292, 0.116333, 0.11683, 0.117021, 0.117076, 0.117361, 0.117615, 0.1177, 0.117929, 0.11904, 0.119169, 0.119246, 0.119555, 0.119793, 0.120419, 0.120821, 0.121208, 0.121266, 0.121379, 0.122059, 0.122168, 0.122183, 0.122363, 0.122477, 0.122694, 0.122751, 0.12289, 0.123256, 0.123652, 0.12409, 0.124195, 0.1245, 0.124603, 0.124824, 0.124921, 0.125271, 0.125411, 0.125798, 0.125862, 0.12682, 0.126997, 0.127036, 0.127145, 0.127157, 0.127516, 0.127692, 0.128322, 0.128531, 0.128656, 0.128719, 0.129528, 0.12953, 0.130231, 0.130308, 0.130313, 0.130431, 0.130635, 0.130749, 0.130759, 0.131006, 0.131383, 0.131588, 0.131705, 0.131726, 0.132327, 0.132638, 0.133353, 0.133453, 0.133942, 0.13424, 0.134283, 0.134388, 0.134522, 0.134624, 0.135051, 0.135074, 0.135163, 0.135189, 0.135277, 0.135331, 0.135677, 0.136256, 0.136602, 0.136906, 0.136959, 0.1371, 0.137167, 0.13728, 0.137575, 0.137754, 0.138006, 0.138649, 0.139162, 0.139891, 0.140418, 0.140476, 0.140641, 0.141964, 0.142067, 0.142422, 0.142488, 0.142835, 0.142852, 0.1434, 0.143645, 0.14369, 0.144515, 0.14472, 0.145083, 0.145144, 0.146078, 0.146378, 0.146514, 0.14669, 0.146782, 0.146957, 0.147016, 0.147027, 0.147274, 0.147287, 0.147289, 0.147391, 0.147416, 0.148278, 0.148319, 0.148532, 0.149239, 0.149332, 0.149333, 0.149466, 0.149926, 0.150656, 0.151326, 0.151404, 0.152022, 0.152789, 0.152805, 0.152897, 0.153354, 0.153539, 0.153808, 0.154069, 0.154369, 0.154445, 0.154662, 0.155297, 0.156545, 0.156618, 0.157516, 0.157934, 0.158, 0.158238, 0.158867, 0.158933, 0.15897, 0.159062, 0.159115, 0.159232, 0.159601, 0.160101, 0.160313, 0.160601, 0.160676, 0.160702, 0.160958, 0.161015, 0.161271, 0.161401, 0.162058, 0.162079, 0.162272, 0.162764, 0.163889, 0.16404, 0.164083, 0.16415, 0.164153, 0.164487, 0.164569, 0.165055, 0.165196, 0.16543, 0.165508, 0.165594, 0.16564, 0.165808, 0.166081, 0.166345, 0.166736, 0.167706, 0.16809, 0.168423, 0.16869, 0.169055, 0.16911, 0.169256, 0.169293, 0.170001, 0.170045, 0.17029, 0.170394, 0.170526, 0.170628, 0.170827, 0.171164, 0.171266, 0.171323, 0.17145, 0.171613, 0.171783, 0.17189, 0.172517, 