{"sigma_r": 0.4932, "sigma_i": 2.9914, "m": 6, "seed": 297928040, "n_k": {"1": 4629, "2": 861, "3": 115, "4": 21, "5": 0, "6+": 0}, "dlogr": [0.0, 0.0, 0.0, 0.0, 0.0, 0.0, 0.0, 0.0, 0.0, 0.0, 0.0, 0.0, 0.0, 0.0, 0.0, 0.0, 0.0, 0.0, 2e-06, 0.000143, 0.000168, 0.000438, 0.00045, 0.000464, 0.000464, 0.000545, 0.000569, 0.000688, 0.000762, 0.000797, 0.00081, 0.000949, 0.000964, 0.000985, 0.000997, 0.001093, 0.001264, 0.001401, 0.001624, 0.00168, 0.001688, 0.001708, 0.001742, 0.001745, 0.001799, 0.001812, 0.001844, 0.002085, 0.002381, 0.002391, 0.002566, 0.002634, 0.002763, 0.002785, 0.002808, 0.002852, 0.002875, 0.002941, 0.003008, 0.003234, 0.003483, 0.003489, 0.003883, 0.003946, 0.004111, 0.004419, 0.004431, 0.004637, 0.004887, 0.005031, 0.005284, 0.005759, 0.005862, 0.005865, 0.006136, 0.006219, 0.006407, 0.006466, 0.006474, 0.006556, 0.006603, 0.006741, 0.006818, 0.00708, 0.007227, 0.00733, 0.007687, 0.007915, 0.008046, 0.008156, 0.008198, 0.008329, 0.008431, 0.008456, 0.008484, 0.008498, 0.008552, 0.008654, 0.008735, 0.008853, 0.009079, 0.009094, 0.009117, 0.009625, 0.009785, 0.009974, 0.009975, 0.010258, 0.010459, 0.01087, 0.010873, 0.010897, 0.011024, 0.011085, 0.011678, 0.011768, 0.011778, 0.01194, 0.012155, 0.012176, 0.012283, 0.01262, 0.012883, 0.013137, 0.013146, 0.013315, 0.01332, 0.013405, 0.01347, 0.013546, 0.013571, 0.013637, 0.013701, 0.013748, 0.014078, 0.014275, 0.014373, 0.014398, 0.014549, 0.014814, 0.014824, 0.01502, 0.015048, 0.015088, 0.015251, 0.015374, 0.015392, 0.015527, 0.01566, 0.015677, 0.015762, 0.015899, 0.015908, 0.015936, 0.015958, 0.015964, 0.015982, 0.016086, 0.016225, 0.01633, 0.016782, 0.016887, 0.016903, 0.017019, 0.017116, 0.017381, 0.017407, 0.017409, 0.017595, 0.017914, 0.017971, 0.018323, 0.018596, 0.018632, 0.018696, 0.018865, 0.018876, 0.018896, 0.019044, 0.019217, 0.019325, 0.019521, 0.01958, 0.019597, 0.019776, 0.019793, 0.019826, 0.020187, 0.020246, 0.020299, 0.020498, 0.020767, 0.020813, 0.020832, 0.021157, 0.021182, 0.021192, 0.021335, 0.021629, 0.021983, 0.022043, 0.022065, 0.022104, 0.02219, 0.022302, 0.022594, 0.022605, 0.022713, 0.022822, 0.022836, 0.022991, 0.023035, 0.023154, 0.023501, 0.023558, 0.023765, 0.023783, 0.024079, 0.024114, 0.024366, 0.024372, 0.024534, 0.024706, 0.024745, 0.024892, 0.024925, 0.025021, 0.025105, 0.025178, 0.025315, 0.025421, 0.025443, 0.025468, 0.025566, 0.025588, 0.025915, 0.026122, 0.026164, 0.026232, 0.026261, 0.026437, 0.026465, 0.026485, 0.026504, 0.0266, 0.026713, 0.026851, 0.026913, 0.027077, 0.027097, 0.027179, 0.027378, 0.027418, 0.027716, 0.027753, 0.027923, 0.0282, 0.028267, 0.028272, 0.028422, 0.028441, 0.028465, 0.028492, 0.028577, 0.02858, 0.028717, 0.028962, 0.02907, 0.029245, 0.029278, 0.029328, 0.029582, 0.029986, 0.030023, 0.030116, 0.030138, 0.030265, 0.030389, 0.030723, 0.030874, 0.030903, 0.031036, 0.031183, 0.031197, 0.031227, 0.031342, 0.031463, 0.031559, 0.031773, 0.031993, 0.032019, 0.032075, 0.0322, 0.032754, 0.033111, 0.033138, 0.03325, 0.034189, 0.034273, 0.034795, 0.034956, 0.035133, 0.035227, 0.035331, 0.035735, 0.035748, 0.035804, 0.036008, 0.036011, 0.036141, 0.036488, 0.036604, 0.036627, 0.036688, 0.036732, 0.036816, 0.036925, 0.037144, 0.037265, 0.037736, 0.037949, 0.037965, 0.038213, 0.038502, 0.038672, 0.038709, 0.038907, 0.03891, 0.03906, 0.039561, 0.039565, 0.039954, 0.040136, 0.040214, 0.040343, 0.040435, 0.040937, 0.041349, 0.041382, 0.041523, 0.04163, 0.041908, 0.042021, 0.042293, 0.042372, 0.042446, 0.042556, 0.042733, 0.0428, 0.043126, 0.043245, 0.043263, 0.043399, 0.043596, 0.043978, 0.044146, 0.044176, 0.044431, 0.044467, 0.044573, 0.045321, 0.045324, 0.045333, 0.045462, 0.045694, 0.045866, 0.045892, 0.045902, 0.046154, 0.046284, 0.046533, 0.046541, 0.046556, 0.046736, 0.046906, 0.047037, 0.047375, 0.047424, 0.047449, 0.047522, 0.047563, 0.047676, 0.047741, 0.047884, 0.047936, 0.048015, 0.048215, 0.048217, 0.048254, 0.048358, 0.04863, 0.048736, 0.048771, 0.048835, 0.048988, 0.049312, 0.049378, 0.049552, 0.049892, 0.050467, 0.050533, 0.050546, 0.050598, 0.050695, 0.050795, 0.051071, 0.051279, 0.051304, 0.051387, 0.051444, 0.051481, 0.051537, 0.051678, 0.051712, 0.051755, 0.051778, 0.05209, 0.052271, 0.052408, 0.052471, 0.052701, 0.052782, 0.052892, 0.05307, 0.05331, 0.053349, 0.053483, 0.053661, 0.05394, 0.053998, 0.054455, 0.054705, 0.054715, 0.054756, 0.055243, 0.055391, 0.055455, 0.055677, 0.05583, 0.055835, 0.055857, 0.055968, 0.056122, 0.056143, 0.056244, 0.056286, 0.056725, 0.057229, 0.057666, 0.057812, 0.057919, 0.058023, 0.058085, 0.058141, 0.058386, 0.058438, 0.058774, 0.058925, 0.058942, 0.058969, 0.058989, 0.05908, 0.0594, 0.059419, 0.05985, 0.060089, 0.060294, 0.060328, 0.060343, 0.060412, 0.060494, 0.060618, 0.060631, 0.060769, 0.060848, 0.061565, 0.061613, 0.061676, 0.061696, 0.061939, 0.061995, 0.06212, 0.062268, 0.062729, 0.062836, 0.062904, 0.06313, 0.063256, 0.063283, 0.063549, 0.063588, 0.063598, 0.063649, 0.063692, 0.063719, 0.063827, 0.063956, 0.06404, 0.064098, 0.06418, 0.064352, 0.064524, 0.064879, 0.064884, 0.064896, 0.065191, 0.065446, 0.065759, 0.065856, 0.066248, 0.066752, 0.066782, 0.067022, 0.067191, 0.067417, 0.067551, 0.06771, 0.067714, 0.067926, 0.068038, 0.068125, 0.068178, 0.068303, 0.068386, 0.068595, 0.06872, 0.068751, 0.068803, 0.069055, 0.069079, 0.069627, 0.06991, 0.069919, 0.070137, 0.070177, 0.070277, 0.07048, 0.070569, 0.070616, 0.070634, 0.070675, 0.070997, 0.071121, 0.07127, 0.071486, 0.071955, 0.071998, 0.072253, 0.072403, 0.072444, 0.072962, 0.073032, 0.073149, 0.073457, 0.073577, 0.073777, 0.073992, 0.074004, 0.074092, 0.074154, 0.074182, 0.074385, 0.074566, 0.074693, 0.075082, 0.075197, 0.075232, 0.075476, 0.075508, 0.075558, 0.075683, 0.075797, 0.076186, 0.076298, 0.076581, 0.076606, 0.076719, 0.07673, 0.076908, 0.07709, 0.077294, 0.077892, 0.078497, 0.078654, 0.078725, 0.078759, 0.078806, 0.079074, 0.079168, 0.079659, 0.080201, 0.080283, 0.080373, 0.080553, 0.080754, 0.08084, 0.08096, 0.081, 0.081259, 0.081529, 0.081851, 0.082166, 0.082254, 0.082266, 0.08268, 0.082785, 0.083377, 0.083464, 0.083702, 0.083996, 0.084185, 0.084232, 0.084277, 0.084554, 0.084912, 0.084926, 0.085614, 0.086202, 0.086446, 0.0866, 0.086604, 0.086778, 0.087139, 0.087206, 0.08733, 0.087467, 0.087566, 0.087983, 0.088407, 0.088489, 0.088983, 0.089212, 0.089333, 0.089447, 0.089801, 0.090892, 0.091284, 0.091294, 0.091314, 0.091664, 0.091857, 0.092106, 0.092138, 0.092468, 0.092469, 0.092786, 0.092803, 0.093421, 0.09345, 0.09379, 0.093961, 0.094576, 0.09462, 0.094672, 0.094686, 0.094754, 0.094841, 0.094969, 0.094999, 0.095007, 0.095045, 0.095404, 0.095501, 0.095679, 0.096239, 0.096306, 0.096412, 0.0965, 0.096533, 0.096551, 0.096598, 0.096616, 0.096768, 0.096781, 0.096859, 0.097451, 0.098074, 0.098258, 0.098666, 0.099201, 0.099216, 0.099692, 0.099977, 0.100128, 0.100237, 0.100477, 0.100547, 0.100696, 0.100894, 0.100932, 0.101066, 0.101424, 0.101463, 0.101797, 0.101935, 0.10197, 0.102225, 0.102635, 0.102684, 0.102713, 0.10285, 0.102908, 0.102918, 0.103019, 0.103051, 0.10334, 0.103343, 0.103709, 0.104028, 0.104072, 0.104209, 0.104246, 0.104453, 0.105006, 0.105416, 0.105907, 0.105914, 0.106022, 0.106227, 0.10701, 0.107063, 0.107141, 0.107478, 0.107502, 0.107738, 0.108037, 0.108164, 0.108273, 0.108292, 0.10867, 0.108684, 0.108769, 0.108845, 0.109033, 0.109438, 0.109458, 0.109555, 0.109634, 0.109652, 0.109722, 0.109748, 0.109869, 0.110058, 0.110058, 0.110388, 0.110409, 0.110681, 0.111514, 0.112162, 0.112348, 0.112364, 0.112693, 0.112982, 0.11309, 0.113578, 0.114174, 0.114251, 0.114354, 0.114434, 0.114589, 0.116201, 0.116383, 0.11641, 0.117092, 0.11784, 0.117856, 0.118141, 0.118215, 0.118806, 0.119556, 0.120052, 0.121018, 0.121324, 0.121507, 0.121578, 0.121959, 0.123322, 0.123841, 0.124619, 0.125294, 0.126431, 0.126679, 0.12677, 0.127028, 0.127253, 0.127274, 0.127442, 0.128032, 0.128103, 0.12888, 0.128923, 0.129, 0.129378, 0.129745, 0.13009, 0.130853, 0.131168, 0.131642, 0.131958, 0.132299, 0.132491, 0.133379, 0.133462,