{"sigma_r": 0.7746, "sigma_i": 1.8292, "m": 4, "seed": 3684093306, "n_k": {"1": 4200, "2": 894, "3": 196, "4": 33, "5": 3, "6+": 0}, "dlogr": [0.0, 0.0, 8.6e-05, 0.000115, 0.000271, 0.000313, 0.00039, 0.000434, 0.000614, 0.000681, 0.00075, 0.000997, 0.001034, 0.001181, 0.001186, 0.001331, 0.001365, 0.001413, 0.001574, 0.00159, 0.001695, 0.001699, 0.001837, 0.002016, 0.002164, 0.002204, 0.002582, 0.002689, 0.002867, 0.003133, 0.003256, 0.003411, 0.003658, 0.003757, 0.003823, 0.003887, 0.003927, 0.004017, 0.004112, 0.004242, 0.004456, 0.004492, 0.004717, 0.00494, 0.004946, 0.005285, 0.005518, 0.005749, 0.005828, 0.005829, 0.00594, 0.006262, 0.006355, 0.006378, 0.006433, 0.006528, 0.006556, 0.00661, 0.006652, 0.006691, 0.007078, 0.007143, 0.007206, 0.007318, 0.007338, 0.007562, 0.007564, 0.007645, 0.007658, 0.007658, 0.007853, 0.007864, 0.007879, 0.007897, 0.007932, 0.008087, 0.008112, 0.008257, 0.008261, 0.008387, 0.008408, 0.008502, 0.00853, 0.00863, 0.008668, 0.008802, 0.009103, 0.009277, 0.009323, 0.009425, 0.009444, 0.009526, 0.009542, 0.009676, 0.009784, 0.010149, 0.010174, 0.010389, 0.010428, 0.010545, 0.01061, 0.011282, 0.011576, 0.011623, 0.011834, 0.011946, 0.012012, 0.012129, 0.012417, 0.012465, 0.012525, 0.01262, 0.012679, 0.012693, 0.012912, 0.013142, 0.01338, 0.013407, 0.013575, 0.013676, 0.013708, 0.013778, 0.013853, 0.013971, 0.014463, 0.014689, 0.014723, 0.014794, 0.014862, 0.014896, 0.015111, 0.015165, 0.015243, 0.01536, 0.015383, 0.015713, 0.015714, 0.015782, 0.015812, 0.015947, 0.016004, 0.016321, 0.016464, 0.016521, 0.016676, 0.016774, 0.016775, 0.016795, 0.017044, 0.017208, 0.017529, 0.017623, 0.017749, 0.017766, 0.017968, 0.01813, 0.018471, 0.018501, 0.018696, 0.018908, 0.019069, 0.01907, 0.019102, 0.019294, 0.019306, 0.019507, 0.020222, 0.020315, 0.020396, 0.020453, 0.020525, 0.020621, 0.020827, 0.020871, 0.020932, 0.021025, 0.02118, 0.02123, 0.021248, 0.021262, 0.02139, 0.021429, 0.021616, 0.022034, 0.022377, 0.022515, 0.022521, 0.022561, 0.02263, 0.022916, 0.023512, 0.023711, 0.023803, 0.023813, 0.023832, 0.023887, 0.024047, 0.024208, 0.024473, 0.024487, 0.024539, 0.024722, 0.024741, 0.024864, 0.024903, 0.025287, 0.025923, 0.025974, 0.026085, 0.026193, 0.026201, 0.026279, 0.026438, 0.026461, 0.026465, 0.026906, 0.027336, 0.027348, 0.027595, 0.027601, 0.028115, 0.028128, 0.02843, 0.028528, 0.028869, 0.029086, 0.029139, 0.029154, 0.029482, 0.029639, 0.029855, 0.030035, 0.030048, 0.030049, 0.030559, 0.030781, 0.030789, 0.030796, 0.030859, 0.030906, 0.030955, 0.031031, 0.031149, 0.031154, 0.031162, 0.031225, 0.031235, 0.031691, 0.031746, 0.032096, 0.032195, 0.032302, 0.032875, 0.032919, 0.03295, 0.033135, 0.033288, 0.033429, 0.033498, 0.03357, 0.033721, 0.03383, 0.033851, 0.033906, 0.033924, 0.034023, 0.034048, 0.034181, 0.034361, 0.034558, 0.034585, 0.034588, 0.034821, 0.035755, 0.0359, 0.036326, 0.036505, 0.036886, 0.03704, 0.037124, 0.037151, 0.037198, 0.037405, 0.037422, 0.037554, 0.037595, 0.037783, 0.037815, 0.037825, 0.037969, 0.038251, 0.038263, 0.038651, 0.038658, 0.038754, 0.039029, 0.039165, 0.039448, 0.039657, 0.039753, 0.039965, 0.039973, 0.040191, 0.040817, 0.040861, 0.040908, 0.041229, 0.041266, 0.041348, 0.041385, 0.041458, 0.041492, 0.041508, 0.041797, 0.041967, 0.042003, 0.04229, 0.042335, 0.042665, 0.042734, 0.043088, 0.043258, 0.043356, 0.043403, 0.043723, 0.043767, 0.04418, 0.0448, 0.044947, 0.044953, 0.04506, 0.045133, 0.045267, 0.045322, 0.04551, 0.045518, 0.045643, 0.045879, 0.045879, 0.046243, 0.04631, 0.046356, 0.046754, 0.047052, 0.047123, 0.047442, 0.047772, 0.047874, 0.047936, 0.047957, 0.047987, 0.047992, 0.048051, 0.048271, 0.049349, 0.0495, 0.049637, 0.049648, 0.049691, 0.049911, 0.049929, 0.050451, 0.050489, 0.050523, 0.050626, 0.051035, 0.051043, 0.051065, 0.051069, 0.051077, 0.051118, 0.051231, 0.051256, 0.051282, 0.051291, 0.051331, 0.051392, 0.051552, 0.051623, 0.051651, 0.051662, 0.05208, 0.052099, 0.052127, 0.052425, 0.052477, 0.052543, 0.052914, 0.052983, 0.053172, 0.053177, 0.053276, 0.053681, 0.054142, 0.054371, 0.054543, 0.054545, 0.05471, 0.0548, 0.054873, 0.055163, 0.055337, 0.055935, 0.056002, 0.056076, 0.056339, 0.056471, 0.056709, 0.057091, 0.05744, 0.057639, 0.057664, 0.057679, 0.057688, 0.05776, 0.057901, 0.058081, 0.058538, 0.058745, 0.058795, 0.059017, 0.059146, 0.059435, 0.059671, 0.059672, 0.06001, 0.060044, 0.060157, 0.060258, 0.060579, 0.060625, 0.06071, 0.060822, 0.060862, 0.061345, 0.061383, 0.061442, 0.061465, 0.061546, 0.061912, 0.062131, 0.06214, 0.062228, 0.062376, 0.062391, 0.062503, 0.062706, 0.062726, 0.063099, 0.063244, 0.063268, 0.063329, 0.063433, 0.063687, 0.063719, 0.063844, 0.064045, 0.064084, 0.064727, 0.065041, 0.06535, 0.066426, 0.066552, 0.066967, 0.067192, 0.067363, 0.067908, 0.068011, 0.068013, 0.068314, 0.068736, 0.068932, 0.069029, 0.069035, 0.069562, 0.069676, 0.06974, 0.069787, 0.069891, 0.069915, 0.07074, 0.070883, 0.070954, 0.070959, 0.070983, 0.071101, 0.071545, 0.071862, 0.071937, 0.071988, 0.072204, 0.072354, 0.072846, 0.072944, 0.072994, 0.073135, 0.073238, 0.073296, 0.0734, 0.0734, 0.073599, 0.073708, 0.07389, 0.073917, 0.074069, 0.074082, 0.074626, 0.074809, 0.07484, 0.074919, 0.075025, 0.075439, 0.075596, 0.075729, 0.075912, 0.075932, 0.076064, 0.076119, 0.076804, 0.076823, 0.076893, 0.077349, 0.077406, 0.077962, 0.078142, 0.078163, 0.078217, 0.078772, 0.079029, 0.079449, 0.07954, 0.079676, 0.079988, 0.080138, 0.080172, 0.080314, 0.080482, 0.080971, 0.081056, 0.081171, 0.081613, 0.081749, 0.081789, 0.081962, 0.08198, 0.082221, 0.08233, 0.082335, 0.082507, 0.082922, 0.082972, 0.083039, 0.083326, 0.0834, 0.083469, 0.083471, 0.083702, 0.084145, 0.084178, 0.084358, 0.084441, 0.084663, 0.084742, 0.084789, 0.084815, 0.08483, 0.084862, 0.084871, 0.084884, 0.08512, 0.085124, 0.085146, 0.085228, 0.085342, 0.08545, 0.085488, 0.085542, 0.085696, 0.085808, 0.086384, 0.086387, 0.086472, 0.0865, 0.086589, 0.086602, 0.086697, 0.086781, 0.087016, 0.087417, 0.087488, 0.087497, 0.087824, 0.087904, 0.088001, 0.088253, 0.08831, 0.088721, 0.089073, 0.089298, 0.089498, 0.08974, 0.090215, 0.09026, 0.090274, 0.090389, 0.09039, 0.090657, 0.090825, 0.090853, 0.090864, 0.090963, 0.091102, 0.091111, 0.091351, 0.092112, 0.092669, 0.092916, 0.093194, 0.0935, 0.093638, 0.093867, 0.09393, 0.094214, 0.094904, 0.094966, 0.094992, 0.095337, 0.096378, 0.096629, 0.096898, 0.097195, 0.097699, 0.097751, 0.098429, 0.098488, 0.098743, 0.098875, 0.098881, 0.099035, 0.099105, 0.099121, 0.099517, 0.100053, 0.100196, 0.100198, 0.100247, 0.100377, 0.100555, 0.100797, 0.100843, 0.100916, 0.101086, 0.101333, 0.101517, 0.101846, 0.101917, 0.102285, 0.102375, 0.102379, 0.10262, 0.102964, 0.103107, 0.103389, 0.103422, 0.103721, 0.10385, 0.103906, 0.104026, 0.104349, 0.104475, 0.104868, 0.104927, 0.104964, 0.105048, 0.105176, 0.10522, 0.105347, 0.105441, 0.105702, 0.105807, 0.105936, 0.106386, 0.10656, 0.106632, 0.106663, 0.106737, 0.106754, 0.107673, 0.107858, 0.108452, 0.108722, 0.109246, 0.109272, 0.109284, 0.109446, 0.109446, 0.109672, 0.10988, 0.110356, 0.110475, 0.110491, 0.110761, 0.110822, 0.11115, 0.111439, 0.111566, 0.111637, 0.111775, 0.111905, 0.11194, 0.111953, 0.112508, 0.11266, 0.112867, 0.113017, 0.113568, 0.113937, 0.114052, 0.114477, 0.114631, 0.114767, 0.114863, 0.114965, 0.115005, 0.115311, 0.115715, 0.115855, 0.115886, 0.1162, 0.116702, 0.116802, 0.117333, 0.117358, 0.117576, 0.117577, 0.117718, 0.117838, 0.118149, 0.118614, 0.118677, 0.118764, 0.118896, 0.118988, 0.119075, 0.119203, 0.119324, 0.119517, 0.11954, 0.119562, 0.119581, 0.119611, 0.119648, 0.120122, 0.120208, 0.120311, 0.120319, 0.12044, 0.120629, 0.120679, 0.120745, 0.120775, 0.120811, 0.12086, 0.121197, 0.121259, 0.121382, 0.121572, 0.121751, 0.122433, 0.122808, 0.122845, 0.122916, 0.12303, 0.123039, 0.12308, 0.123201, 0.123303, 0.123404, 0.123427, 0.123495, 0.123534, 0.123538, 0.123588, 0.123599, 0.123798, 0.123848, 0.12394, 0.124002, 0.12422, 0.124483, 0.124486, 0.124598, 0.124814, 0.125033, 0.125163, 