{"sigma_r": null, "sigma_i": 1.1186, "m": 1, "seed": 2820386265, "n_k": {"1": 3986, "2": 997, "3": 217, "4": 42, "5": 6, "6+": 1}, "dlogr": [0.000173, 0.000422, 0.000462, 0.001238, 0.001927, 0.002119, 0.002132, 0.002182, 0.002316, 0.002336, 0.002407, 0.002533, 0.002706, 0.002805, 0.003037, 0.003559, 0.003581, 0.003846, 0.003928, 0.00437, 0.004445, 0.004555, 0.004579, 0.004766, 0.005127, 0.005279, 0.005771, 0.005776, 0.005998, 0.006038, 0.006357, 0.006499, 0.006544, 0.006856, 0.006874, 0.007278, 0.007367, 0.007522, 0.007528, 0.007705, 0.007762, 0.007768, 0.008267, 0.008737, 0.008934, 0.00905, 0.009112, 0.009283, 0.010164, 0.010182, 0.010318, 0.010633, 0.011053, 0.011517, 0.012693, 0.013222, 0.013456, 0.013688, 0.013922, 0.013959, 0.014113, 0.014457, 0.014964, 0.015101, 0.015591, 0.015749, 0.016002, 0.016502, 0.016739, 0.016784, 0.016896, 0.017122, 0.017308, 0.017374, 0.017713, 0.018016, 0.018185, 0.018247, 0.018304, 0.018425, 0.018484, 0.018484, 0.018498, 0.01869, 0.019059, 0.019111, 0.019153, 0.019154, 0.019188, 0.019399, 0.01953, 0.019603, 0.01963, 0.019955, 0.019972, 0.02024, 0.02053, 0.020768, 0.020944, 0.021104, 0.021301, 0.021537, 0.02163, 0.022054, 0.022259, 0.022375, 0.022561, 0.022657, 0.022974, 0.023005, 0.023303, 0.023478, 0.023722, 0.024545, 0.025214, 0.025279, 0.025388, 0.02615, 0.026167, 0.026247, 0.02662, 0.026723, 0.026795, 0.026901, 0.026992, 0.027014, 0.027247, 0.027606, 0.027864, 0.028304, 0.028371, 0.028451, 0.02891, 0.02894, 0.029254, 0.029376, 0.029409, 0.029539, 0.030066, 0.030194, 0.030253, 0.030285, 0.03046, 0.030507, 0.030663, 0.030887, 0.031111, 0.031128, 0.031139, 0.031326, 0.031382, 0.031592, 0.031961, 0.032175, 0.032774, 0.033053, 0.033107, 0.033365, 0.033524, 0.033627, 0.033864, 0.033997, 0.034346, 0.035192, 0.035218, 0.035453, 0.035536, 0.035773, 0.035805, 0.035873, 0.035907, 0.036099, 0.03632, 0.037028, 0.03737, 0.037422, 0.037515, 0.037539, 0.037597, 0.037728, 0.038073, 0.038164, 0.038379, 0.038441, 0.0387, 0.038758, 0.039871, 0.040322, 0.040323, 0.040557, 0.040595, 0.040602, 0.040604, 0.040704, 0.040857, 0.040949, 0.041573, 0.041783, 0.042914, 0.043037, 0.04309, 0.043125, 0.043163, 0.043263, 0.043665, 0.044061, 0.04408, 0.044159, 0.044199, 0.044406, 0.044529, 0.044753, 0.045197, 0.045334, 0.045396, 0.04544, 0.04551, 0.045596, 0.04564, 0.045682, 0.045826, 0.045917, 0.046072, 0.046256, 0.04627, 0.046299, 0.046781, 0.0469, 0.046935, 0.047008, 0.047022, 0.047058, 0.047138, 0.047211, 0.047376, 0.047457, 0.047603, 0.047688, 0.047803, 0.047918, 0.048615, 0.048821, 0.048941, 0.048995, 0.049329, 0.049777, 0.049837, 0.049924, 0.049942, 0.050248, 0.050561, 0.050753, 0.050765, 0.051208, 0.051275, 0.051734, 0.051767, 0.052097, 0.052153, 0.052248, 0.052787, 0.052888, 0.053216, 0.053503, 0.053629, 0.053955, 0.054216, 0.054253, 0.054283, 0.054315, 0.054404, 0.054461, 0.054874, 0.054895, 0.054959, 0.055048, 0.055786, 0.055928, 0.056578, 0.057163, 0.057375, 0.057622, 0.05768, 0.058255, 0.058317, 0.058361, 0.05843, 0.058466, 0.058789, 0.059127, 0.059237, 0.059486, 0.059583, 0.059821, 0.059837, 0.059936, 0.060194, 0.06037, 0.060663, 0.061323, 0.061696, 0.061757, 0.061923, 0.062009, 0.062726, 0.063058, 0.063178, 0.063551, 0.063885, 0.064027, 0.064177, 0.064429, 0.065146, 0.065346, 0.065675, 0.065814, 0.065986, 0.066035, 0.066345, 0.066522, 0.066569, 0.066593, 0.066731, 0.066789, 0.067135, 0.067598, 0.067805, 0.068006, 0.068055, 0.068164, 0.068196, 0.068504, 0.068513, 0.068519, 0.06937, 0.069435, 0.070412, 0.070678, 0.070745, 0.070963, 0.071476, 0.071687, 0.071847, 0.071866, 0.071906, 0.071954, 0.072022, 0.072242, 0.07287, 0.072935, 0.072952, 0.072983, 0.073027, 0.073324, 0.073397, 0.073506, 0.073761, 0.073978, 0.074236, 0.074268, 0.074857, 0.074894, 0.074948, 0.075316, 0.075532, 0.075843, 0.075947, 0.075965, 0.076686, 0.0767, 0.076803, 0.076909, 0.076928, 0.07703, 0.077047, 0.077422, 0.078212, 0.078226, 0.079142, 0.079156, 0.079403, 0.079561, 0.080459, 0.080612, 0.080613, 0.080795, 0.080869, 0.080946, 0.081139, 0.081486, 0.08153, 0.081561, 0.081626, 0.081872, 0.082333, 0.082345, 0.082373, 0.0829, 0.083179, 0.083272, 0.083422, 0.083899, 0.084095, 0.084514, 0.084562, 0.084639, 0.085587, 0.085824, 0.085902, 0.086332, 0.086451, 0.086779, 0.086927, 0.087337, 0.087364, 0.08742, 0.087548, 0.087582, 0.087698, 0.088186, 0.088836, 0.088982, 0.089228, 0.089393, 0.089465, 0.089516, 0.090012, 0.090331, 0.09043, 0.090654, 0.091123, 0.092016, 0.092341, 0.092671, 0.093043, 0.09345, 0.093927, 0.09396, 0.094499, 0.094531, 0.094555, 0.094615, 0.095001, 0.095034, 0.095247, 0.095343, 0.095395, 0.095613, 0.096264, 0.096768, 0.097101, 0.097215, 0.09724, 0.097413, 0.097831, 0.098097, 0.098227, 0.098497, 0.09877, 0.099065, 0.099453, 0.099467, 0.099493, 0.099666, 0.099797, 0.100684, 0.10076, 0.101069, 0.101105, 0.101368, 0.101572, 0.101779, 0.102416, 0.103261, 0.103483, 0.103787, 0.103846, 0.104384, 0.104687, 0.104821, 0.104968, 0.105192, 0.105945, 0.106333, 0.10642, 0.106467, 0.107591, 0.107651, 0.108075, 0.108089, 0.108133, 0.108681, 0.108729, 0.108762, 0.109204, 0.109366, 0.109782, 0.109961, 0.110039, 0.110191, 0.110206, 0.110694, 0.110877, 0.110898, 0.111449, 0.111873, 0.112084, 0.11211, 0.11243, 0.112453, 0.112606, 0.112708, 0.112897, 0.113201, 0.113492, 0.113969, 0.114033, 0.114119, 0.114284, 0.114426, 0.114444, 0.114788, 0.114799, 0.114994, 0.115126, 0.115145, 0.115466, 0.115632, 0.115813, 0.116033, 0.116042, 0.116169, 0.116493, 0.116576, 0.116632, 0.11696, 0.117177, 0.117217, 0.117545, 0.117966, 0.118899, 0.119024, 0.119084, 0.119291, 0.119448, 0.119574, 0.119717, 0.119788, 0.119848, 0.119972, 0.119972, 0.119994, 0.12024, 0.120475, 0.121012, 0.121247, 0.121423, 0.121642, 0.12184, 0.122419, 0.123405, 0.123412, 0.123922, 0.124157, 0.124386, 0.124754, 0.124868, 0.125194, 0.125373, 0.125523, 0.125674, 0.125704, 0.125889, 0.126258, 0.126817, 0.127235, 0.127322, 0.128032, 0.129746, 0.129784, 0.130399, 0.130666, 0.131206, 0.131224, 0.131258, 0.131931, 0.132413, 0.132517, 0.132722, 0.133043, 0.133183, 0.133536, 0.134037, 0.134215, 0.1349, 0.135054, 0.13526, 0.136118, 0.136842, 0.136918, 0.136959, 0.137083, 0.137362, 0.137904, 0.137945, 0.138024, 0.13812, 0.139118, 0.139646, 0.139787, 0.139971, 0.14021, 0.140227, 0.140519, 0.1406, 0.140726, 0.141317, 0.141795, 0.142456, 0.143208, 0.143345, 0.144205, 0.144678, 0.144874, 0.145374, 0.145811, 0.146066, 0.146353, 0.146466, 0.146548, 0.146718, 0.146963, 0.147101, 0.147116, 0.147473, 0.14814, 0.148252, 0.148394, 0.148456, 0.148521, 0.148707, 0.149267, 0.150286, 0.150468, 0.150505, 0.150703, 0.15094, 0.151106, 0.151118, 0.15147, 0.152266, 0.152794, 0.152956, 0.153061, 0.153199, 0.153699, 0.153704, 0.15379, 0.154037, 0.15408, 0.154339, 0.154772, 0.154841, 0.155489, 0.155858, 0.156005, 0.156097, 0.156109, 0.15616, 0.156353, 0.156936, 0.15704, 0.157257, 0.157269, 0.15739, 0.157651, 0.157725, 0.157864, 0.158087, 0.158114, 0.158608, 0.159235, 0.159355, 0.159569, 0.159763, 0.159883, 0.160473, 0.16056, 0.160654, 0.160936, 0.161035, 0.161154, 0.161438, 0.161481, 0.161789, 0.161894, 0.161898, 0.162049, 0.162099, 0.162221, 0.162418, 0.16319, 0.164221, 0.165512, 0.165667, 0.165841, 0.16591, 0.166036, 0.166348, 0.166984, 0.167064, 0.167107, 0.167112, 0.167146, 0.16716, 0.167731, 0.167775, 0.168292, 0.168418, 0.168602, 0.168775, 0.169086, 0.169256, 0.169419, 0.169653, 0.16971, 0.169813, 0.169817, 0.169918, 0.170288, 0.170401, 0.170867, 0.171008, 0.171155, 0.171256, 0.171531, 0.171628, 0.1718, 0.172056, 0.172204, 0.17254, 0.17264, 0.173731, 0.174003, 0.174888, 0.175083, 0.175347, 0.175466, 0.175501, 0.175845, 0.176021, 0.176463, 0.176486, 0.176523, 0.176948, 0.177132, 0.177163, 0.177314, 0.17798, 0.178012, 0.178276, 0.178471, 0.178516, 0.178679, 0.17943, 0.179437, 0.179727, 0.179728, 0.179892, 0.180217, 0.180325, 0.180681, 0.181384, 0.181738, 0.18224, 0.182567, 0.182717, 0.182744, 0.18402, 0.184173, 0.184509, 0.184609, 0.185339, 0.185511, 0.186106, 0.186461, 0.187212, 0.187466, 0.187741, 0.187753, 0.187838, 0.187849, 0.187965, 