{"sigma_r": 0.2, "sigma_i": 0.5349, "m": 2, "seed": 1073479181, "n_k": {"1": 3584, "2": 920, "3": 272, "4": 54, "5": 11, "6+": 5}, "dlogr": [0.0, 0.0, 0.0, 0.0, 0.0, 0.0, 0.0, 0.0, 0.0, 0.0, 0.0, 0.0, 0.0, 0.0, 0.0, 0.0, 0.0, 0.0, 0.0, 3e-06, 9.3e-05, 0.000143, 0.000149, 0.00039, 0.000482, 0.000512, 0.000515, 0.000534, 0.000559, 0.000649, 0.000684, 0.000708, 0.000715, 0.000724, 0.000787, 0.000836, 0.000846, 0.000858, 0.000918, 0.000962, 0.000991, 0.001064, 0.001073, 0.001094, 0.001115, 0.001141, 0.001145, 0.001188, 0.00122, 0.001343, 0.001443, 0.001514, 0.001546, 0.001579, 0.001672, 0.001676, 0.001778, 0.001796, 0.001825, 0.001844, 0.00185, 0.001952, 0.00202, 0.002072, 0.002149, 0.002152, 0.002169, 0.00217, 0.002275, 0.002398, 0.00265, 0.002678, 0.002702, 0.00271, 0.002798, 0.002915, 0.002923, 0.002976, 0.002992, 0.00301, 0.003041, 0.003061, 0.003096, 0.003144, 0.003208, 0.003218, 0.003234, 0.003313, 0.003351, 0.003358, 0.003369, 0.00348, 0.003487, 0.00355, 0.003737, 0.003741, 0.003749, 0.003801, 0.003824, 0.003862, 0.003896, 0.003971, 0.003984, 0.004001, 0.004012, 0.00404, 0.004048, 0.004165, 0.004186, 0.004208, 0.004227, 0.004333, 0.004407, 0.004431, 0.004453, 0.004577, 0.004681, 0.004713, 0.004718, 0.004785, 0.004916, 0.004941, 0.004947, 0.005005, 0.005016, 0.005063, 0.005092, 0.005099, 0.00515, 0.005177, 0.005262, 0.005332, 0.005372, 0.005594, 0.005646, 0.005745, 0.005746, 0.005776, 0.005782, 0.005822, 0.005844, 0.005846, 0.005911, 0.005912, 0.005939, 0.005961, 0.006231, 0.006233, 0.006253, 0.006326, 0.006338, 0.006386, 0.006469, 0.006504, 0.006559, 0.006582, 0.006611, 0.006623, 0.00665, 0.006652, 0.006748, 0.00679, 0.006807, 0.006894, 0.006921, 0.006931, 0.006935, 0.007003, 0.007019, 0.007044, 0.007051, 0.00715, 0.007159, 0.00721, 0.007218, 0.007218, 0.00727, 0.007273, 0.007291, 0.007294, 0.007299, 0.007314, 0.00735, 0.007376, 0.007381, 0.007407, 0.007463, 0.007596, 0.007642, 0.007705, 0.007709, 0.007727, 0.007733, 0.007777, 0.007878, 0.007937, 0.008085, 0.008131, 0.008136, 0.008236, 0.008237, 0.008248, 0.0083, 0.008402, 0.008505, 0.008524, 0.008623, 0.008635, 0.008661, 0.008701, 0.008762, 0.008766, 0.008775, 0.008776, 0.008811, 0.008829, 0.008834, 0.008844, 0.008971, 0.008988, 0.009043, 0.00907, 0.009077, 0.009092, 0.009108, 0.009197, 0.009247, 0.00928, 0.009309, 0.009321, 0.009471, 0.009481, 0.009508, 0.009548, 0.0096, 0.009654, 0.009748, 0.009765, 0.009789, 0.009799, 0.009829, 0.010107, 0.010123, 0.010126, 0.010146, 0.010179, 0.010191, 0.010262, 0.010275, 0.010354, 0.010403, 0.010467, 0.010496, 0.010498, 0.010515, 0.010547, 0.010578, 0.010627, 0.010628, 0.010635, 0.010665, 0.010709, 0.010713, 0.010785, 0.010787, 0.010787, 0.010846, 0.010856, 0.010904, 0.010917, 0.010951, 0.010955, 0.011058, 0.011099, 0.011205, 0.011246, 0.011305, 0.011372, 0.011437, 0.011439, 0.011547, 0.011558, 0.011558, 0.011576, 0.011593, 0.011598, 0.011651, 0.011719, 0.011732, 0.011792, 0.011833, 0.011861, 0.011878, 0.011909, 0.011928, 0.012162, 0.012172, 0.012233, 0.012249, 0.012273, 0.012354, 0.012479, 0.012518, 0.012619, 0.012686, 0.012745, 0.012903, 0.012906, 0.012936, 0.012967, 0.01299, 0.013036, 0.013039, 0.013049, 0.013123, 0.013197, 0.013202, 0.01325, 0.013265, 0.013365, 0.013399, 0.013458, 0.013604, 0.013621, 0.013674, 0.013699, 0.013724, 0.013745, 0.013779, 0.013859, 0.013864, 0.013928, 0.014012, 0.014066, 0.014081, 0.014086, 0.014158, 0.014177, 0.0142, 0.014267, 0.014327, 0.014335, 0.014478, 0.014607, 0.014634, 0.01467, 0.014723, 0.014753, 0.014829, 0.014865, 0.014881, 0.014994, 0.015039, 0.0151, 0.015117, 0.015118, 0.015185, 0.015251, 0.015262, 0.015282, 0.015355, 0.015408, 0.015445, 0.015452, 0.015463, 0.015539, 0.01554, 0.015568, 0.015577, 0.015857, 0.015876, 0.015995, 0.016007, 0.016023, 0.016123, 0.016129, 0.016193, 0.016218, 0.016336, 0.016363, 0.016366, 0.016374, 0.016488, 0.016549, 0.01674, 0.016761, 0.016837, 0.016893, 0.01695, 0.016957, 0.017032, 0.017051, 0.017116, 0.017218, 0.017228, 0.017234, 0.017234, 0.017305, 0.017344, 0.017453, 0.017684, 0.017696, 0.01772, 0.017756, 0.01776, 0.017802, 0.017928, 0.017941, 0.01798, 0.018002, 0.018081, 0.018121, 0.018144, 0.018171, 0.018326, 0.018364, 0.018371, 0.018406, 0.018415, 0.018437, 0.01844, 0.018455, 0.018547, 0.018554, 0.018594, 0.018705, 0.018746, 0.018785, 0.018816, 0.018835, 0.018949, 0.019119, 0.019166, 0.019363, 0.019365, 0.01962, 0.019671, 0.019742, 0.019743, 0.019828, 0.019829, 0.019846, 0.019883, 0.019972, 0.019986, 0.020059, 0.020065, 0.020073, 0.020103, 0.020221, 0.020286, 0.020289, 0.020306, 0.020306, 0.020419, 0.020514, 0.020571, 0.020673, 0.020829, 0.020949, 0.020953, 0.02096, 0.021037, 0.021094, 0.021119, 0.021135, 0.021151, 0.021179, 0.021281, 0.021343, 0.021392, 0.021395, 0.021434, 0.02146, 0.021467, 0.021477, 0.021494, 0.021503, 0.02156, 0.021576, 0.021628, 0.02167, 0.021681, 0.021698, 0.021766, 0.021766, 0.021825, 0.022001, 0.022118, 0.022123, 0.022158, 0.022307, 0.02236, 0.02244, 0.022457, 0.022482, 0.02258, 0.022608, 0.022685, 0.022705, 0.022808, 0.022898, 0.022957, 0.022961, 0.023032, 0.023049, 0.023072, 0.023106, 0.023345, 0.02335, 0.023376, 0.023405, 0.023419, 0.023428, 0.023718, 0.02375, 0.023886, 0.023975, 0.023984, 0.024157, 0.024188, 0.024304, 0.024321, 0.024372, 0.024375, 0.02443, 0.024585, 0.024604, 0.024732, 0.024797, 0.024834, 0.024893, 0.024915, 0.024937, 0.024943, 0.024947, 0.024971, 0.025001, 0.025003, 0.025051, 0.025068, 0.025109, 0.025216, 0.025401, 0.025455, 0.025622, 0.025717, 0.025742, 0.025789, 0.025845, 0.025858, 0.025953, 0.025992, 0.026104, 0.026127, 0.02617, 0.026185, 0.026249, 0.026292, 0.026315, 0.026496, 0.026561, 0.026608, 0.026637, 0.026639, 0.026664, 0.026693, 0.026702, 0.02679, 0.026812, 0.026812, 0.027008, 0.027102, 0.027178, 0.027229, 0.027246, 0.027287, 0.027347, 0.027364, 0.027432, 0.027448, 0.027693, 0.027842, 0.028015, 0.028017, 0.028038, 0.028054, 0.028188, 0.028213, 0.028217, 0.028272, 0.02837, 0.028383, 0.028383, 0.02849, 0.028497, 0.028566, 0.028567, 0.028643, 0.028689, 0.028749, 0.028752, 0.028788, 0.0289, 0.028922, 0.028925, 0.028956, 0.028986, 0.029054, 0.029063, 0.029129, 0.029192, 0.029195, 0.029242, 0.029276, 0.029294, 0.029434, 0.029448, 0.029676, 0.029677, 0.029819, 0.030078, 0.030193, 0.030196, 0.030215, 0.030271, 0.030273, 0.030277, 0.030306, 0.030353, 0.030371, 0.030402, 0.030488, 0.030632, 0.030707, 0.030787, 0.030791, 0.030797, 0.030868, 0.030947, 0.031009, 0.031077, 0.031086, 0.03116, 0.031195, 0.031235, 0.031277, 0.031361, 0.031409, 0.031414, 0.031482, 0.031532, 0.031539, 0.031594, 0.031614, 0.031622, 0.031636, 0.031668, 0.031708, 0.031735, 0.031781, 0.031866, 0.031881, 0.031921, 0.031926, 0.031978, 0.032005, 0.032016, 0.032043, 0.032049, 0.0321, 0.032103, 0.032171, 0.032175, 0.032181, 0.032182, 0.032187, 0.032239, 0.032266, 0.032373, 0.032374, 0.032535, 0.032769, 0.032857, 0.032978, 0.033066, 0.033088, 0.033105, 0.033117, 0.033253, 0.033311, 0.033405, 0.033434, 0.033486, 0.033494, 0.033526, 0.03353, 0.033582, 0.033635, 0.033637, 0.033659, 0.033767, 0.033805, 0.033809, 0.033892, 0.033994, 0.034063, 0.034116, 0.034222, 0.034289, 0.034321, 0.034332, 0.034377, 0.034425, 0.034448, 0.034448, 0.03449, 0.03452, 0.034591, 0.034966, 0.035006, 0.035072, 0.03511, 0.035113, 0.035158, 0.035229, 0.035269, 0.035276, 0.035307, 0.035392, 0.035457, 0.035585, 0.035842, 0.035895, 0.03591, 0.035979, 0.036001, 0.036017, 0.036105, 0.036201, 0.036207, 0.036211, 0.036232, 0.036358, 0.036632, 0.036666, 0.0367, 0.036712, 0.036799, 0.036903, 0.036922, 0.036943, 0.036979, 0.037189, 0.037228, 0.037237, 0.037315, 0.037417, 0.037455, 0.037493, 0.037506, 0.037538, 0.037556, 0.037586, 0.037613, 0.037623, 0.037627, 0.037665, 0.037674, 0.037695, 0.037707, 0.037882, 0.037891, 0.037993, 0.038041, 0.038066, 0.038084, 0.038115, 0.038203, 0.038213, 0.038376, 0.038387, 0.038453, 0.038529, 0.038546, 0.038616, 0.038641, 0.038779, 0.03882, 0.038919, 0.038944, 0.038955, 0.038982, 0.03899, 0.039032, 0.039045, 0.039079, 0.039147, 0.039182, 0.039239, 0.039339, 0.039372, 