{"sigma_r": 0.093, "sigma_i": 7.9, "m": 0, "seed": 1481946547, "n_k": {"1": 5602, "2": 492, "3": 46, "4": 0, "5": 0, "6+": 0}, "dlogr": [0.0, 0.0, 0.0, 0.0, 0.000115, 0.000163, 0.000174, 0.000197, 0.000202, 0.000293, 0.000302, 0.000344, 0.000406, 0.000543, 0.000637, 0.000777, 0.000808, 0.000809, 0.000868, 0.000955, 0.000963, 0.000985, 0.00102, 0.001037, 0.001051, 0.001081, 0.001229, 0.00124, 0.001836, 0.001849, 0.001864, 0.001941, 0.002049, 0.002124, 0.002313, 0.002318, 0.002517, 0.002675, 0.002694, 0.002997, 0.002998, 0.002999, 0.003197, 0.003433, 0.003699, 0.003772, 0.003834, 0.003855, 0.003914, 0.004177, 0.004246, 0.004343, 0.004415, 0.004599, 0.004762, 0.004874, 0.005102, 0.005142, 0.005391, 0.005444, 0.005637, 0.005846, 0.005883, 0.00597, 0.006193, 0.006235, 0.006241, 0.006547, 0.006608, 0.006673, 0.006952, 0.006981, 0.007039, 0.007076, 0.007171, 0.007187, 0.007442, 0.007483, 0.007516, 0.007633, 0.007696, 0.007744, 0.007907, 0.008087, 0.008262, 0.008349, 0.008384, 0.008411, 0.008556, 0.008697, 0.008704, 0.008769, 0.008822, 0.008915, 0.009168, 0.009224, 0.009327, 0.009335, 0.009378, 0.009408, 0.009553, 0.009715, 0.009915, 0.010366, 0.010397, 0.010627, 0.010689, 0.010793, 0.010838, 0.010937, 0.010939, 0.010989, 0.011056, 0.011074, 0.011086, 0.011111, 0.011159, 0.011197, 0.011368, 0.011527, 0.011662, 0.011682, 0.011839, 0.011908, 0.012117, 0.012274, 0.012296, 0.012373, 0.01252, 0.01256, 0.013191, 0.013243, 0.013462, 0.013596, 0.013678, 0.013679, 0.013688, 0.013766, 0.013786, 0.013952, 0.013969, 0.014094, 0.014668, 0.015314, 0.015516, 0.015728, 0.015877, 0.015987, 0.016026, 0.016123, 0.016165, 0.01623, 0.017352, 0.017656, 0.017681, 0.017736, 0.017898, 0.018037, 0.018038, 0.018041, 0.018073, 0.018119, 0.018133, 0.018208, 0.01842, 0.018458, 0.018532, 0.018626, 0.019146, 0.019187, 0.019202, 0.01929, 0.019469, 0.019549, 0.019677, 0.019729, 0.019783, 0.020193, 0.020397, 0.020478, 0.020579, 0.020677, 0.020842, 0.020849, 0.020942, 0.021158, 0.021167, 0.021407, 0.021471, 0.021539, 0.02165, 0.021852, 0.022305, 0.022309, 0.022353, 0.022388, 0.022445, 0.022494, 0.022773, 0.022806, 0.022812, 0.023016, 0.023048, 0.023066, 0.023099, 0.023189, 0.023355, 0.023437, 0.023644, 0.023802, 0.023803, 0.023834, 0.023941, 0.024086, 0.024331, 0.024417, 0.024444, 0.024552, 0.024611, 0.024613, 0.024654, 0.02472, 0.024828, 0.024999, 0.02508, 0.025131, 0.025332, 0.02538, 0.025658, 0.025902, 0.026145, 0.026266, 0.026375, 0.026674, 0.02678, 0.027011, 0.027047, 0.027179, 0.027416, 0.027531, 0.027897, 0.027977, 0.027992, 0.028017, 0.028032, 0.028081, 0.028094, 0.028144, 0.028144, 0.028229, 0.028778, 0.028787, 0.028841, 0.028962, 0.02908, 0.029237, 0.029323, 0.029553, 0.02965, 0.029686, 0.029744, 0.02977, 0.030138, 0.030148, 0.030161, 0.030332, 0.030429, 0.030509, 0.031135, 0.031212, 0.031319, 0.031325, 0.031442, 0.031566, 0.031587, 0.031617, 0.031764, 0.031892, 0.031948, 0.032604, 0.032644, 0.032901, 0.032921, 0.03331, 0.033351, 0.033536, 0.033992, 0.034026, 0.034028, 0.03423, 0.034266, 0.034278, 0.034346, 0.034354, 0.03451, 0.034534, 0.034735, 0.034884, 0.034909, 0.035094, 0.035475, 0.035535, 0.035602, 0.035827, 0.035833, 0.036418, 0.036565, 0.036645, 0.036655, 0.036897, 0.036973, 0.037237, 0.037447, 0.037559, 0.037713, 0.038072, 0.038083, 0.038208, 0.038291, 0.038372, 0.038407, 0.038481, 0.038792, 0.039107, 0.039302, 0.039302, 0.039455, 0.039676, 0.039854, 0.039972, 0.040323, 0.040548, 0.040683, 0.041192, 0.041395, 0.041435, 0.041707, 0.041757, 0.042016, 0.042548, 0.042613, 0.042768, 0.042826, 0.043102, 0.043161, 0.043276, 0.043301, 0.043339, 0.043667, 0.044093, 0.044117, 0.044157, 0.044174, 0.044248, 0.044249, 0.04445, 0.044565, 0.044632, 0.044701, 0.044807, 0.044988, 0.045133, 0.045632, 0.045637, 0.045647, 0.045741, 0.045997, 0.046, 0.046221, 0.046597, 0.046701, 0.046984, 0.047316, 0.047905, 0.048034, 0.048696, 0.049039, 0.049057, 0.049848, 0.050372, 0.050597, 0.050629, 0.050902, 0.050993, 0.051, 0.051073, 0.051305, 0.051349, 0.051421, 0.051577, 0.05175, 0.051956, 0.053478, 0.053728, 0.053802, 0.053882, 0.05461, 0.054765, 0.054981, 0.055267, 0.055483, 0.055997, 0.05606, 0.056351, 0.056859, 0.057382, 0.057632, 0.057734, 0.057996, 0.058048, 0.058477, 0.05857, 0.058768, 0.059001, 0.05909, 0.05925, 0.059442, 0.06015, 0.060751, 0.060789, 0.061132, 0.061202, 0.06159, 0.061801, 0.062029, 0.062378, 0.0628, 0.063199, 0.063388, 0.063418, 0.063699, 0.063831, 0.064267, 0.064736, 0.064889, 0.065733, 0.065784, 0.065809, 0.066084, 0.066792, 0.066857, 0.067346, 0.067403, 0.06769, 0.067772, 0.068218, 0.068397, 0.069149, 0.070152, 0.070691, 0.070745, 0.070793, 0.071223, 0.071579, 0.071604, 0.071612, 0.071634, 0.071955, 0.072, 0.072758, 0.073124, 0.073759, 0.0741, 0.074193, 0.074333, 0.074482, 0.074623, 0.074706, 0.075045, 0.075516, 0.076107, 0.077301, 0.077947, 0.077959, 0.078717, 0.079326, 0.079347, 0.079681, 0.080067, 0.080585, 0.081535, 0.084299, 0.084852, 0.087487, 0.088414, 0.088634, 0.089529, 0.090841, 0.091788, 0.092352, 0.094256, 0.094378, 0.094769, 0.09566, 0.100305, 0.103583, 0.104672, 0.104814, 0.105068, 0.10994, 0.112596, 0.119119, 0.120061, 0.47365, 0.487204, 0.493684, 0.500641, 0.504195, 0.514916, 0.526394, 0.527598, 0.529899, 0.570259, 0.577689, 0.602613, 0.624119, 0.629237, 0.630917, 0.649029, 0.655097, 0.656021, 0.657424, 0.657606, 0.661899, 0.677515, 0.677612, 0.696311, 0.698801, 0.705386, 0.707733, 0.710299, 0.725769, 0.726073, 0.727259, 0.738369, 0.740983, 0.744272, 0.751168, 0.753701, 0.772223, 0.776012, 0.777686, 0.778252, 0.779285, 0.781891, 0.791764, 0.792099, 0.8016, 0.802585, 0.803795, 0.807538, 0.813227, 0.815785, 0.817634, 0.825974, 0.827381, 0.832353, 0.834372, 0.837622, 0.841393, 0.85092, 0.850923, 0.859147, 0.872264, 0.874997, 0.878277, 0.883282, 0.88986, 0.890718, 0.928585, 0.930863, 0.944369, 0.94467, 0.959536, 0.97216, 0.989813, 1.013752, 1.030931, 1.035255, 1.040686, 1.051278, 1.062889, 1.082259, 1.119858], "monotonicity": -0.5949135957344442, "n_systems": 6140, "n_planets": 6724, "n_targets": 137493}