{"sigma_r": 3.0, "sigma_i": 1.1186, "m": 9, "seed": 2731483967, "n_k": {"1": 3913, "2": 931, "3": 195, "4": 41, "5": 6, "6+": 1}, "dlogr": [0.000282, 0.000294, 0.000392, 0.0005, 0.000658, 0.000795, 0.000959, 0.001297, 0.002506, 0.002576, 0.002808, 0.003174, 0.003207, 0.003329, 0.003356, 0.003528, 0.003702, 0.004041, 0.004141, 0.004202, 0.004261, 0.004426, 0.004495, 0.004514, 0.004574, 0.004578, 0.005285, 0.005353, 0.005907, 0.006041, 0.006179, 0.006507, 0.006546, 0.006553, 0.006728, 0.006779, 0.006868, 0.006883, 0.007142, 0.007161, 0.00756, 0.008287, 0.008681, 0.008988, 0.009119, 0.00917, 0.009262, 0.009263, 0.009362, 0.009538, 0.009731, 0.009829, 0.009898, 0.009912, 0.010003, 0.01047, 0.010555, 0.010596, 0.011036, 0.011129, 0.011134, 0.01121, 0.011248, 0.011329, 0.011448, 0.011488, 0.011516, 0.011519, 0.012068, 0.012147, 0.012696, 0.012716, 0.013018, 0.013119, 0.013176, 0.013332, 0.013974, 0.014255, 0.014434, 0.014942, 0.015113, 0.015122, 0.015291, 0.015553, 0.015629, 0.015689, 0.015738, 0.015804, 0.015996, 0.016959, 0.017443, 0.018106, 0.018415, 0.018545, 0.018574, 0.018693, 0.019246, 0.019375, 0.019419, 0.019481, 0.019606, 0.019692, 0.019913, 0.020016, 0.020264, 0.020274, 0.020712, 0.02079, 0.020972, 0.021371, 0.021412, 0.021452, 0.021995, 0.022004, 0.022053, 0.022608, 0.022778, 0.023147, 0.023877, 0.02397, 0.024309, 0.024409, 0.025744, 0.025779, 0.02579, 0.026468, 0.026516, 0.026577, 0.026591, 0.026709, 0.026747, 0.026829, 0.027073, 0.027166, 0.027232, 0.027325, 0.028281, 0.028306, 0.028775, 0.028977, 0.02978, 0.029898, 0.030069, 0.03022, 0.030276, 0.030743, 0.031106, 0.031346, 0.031348, 0.031431, 0.03183, 0.031843, 0.032264, 0.032578, 0.032762, 0.033045, 0.033401, 0.033465, 0.033513, 0.033599, 0.034287, 0.034365, 0.035193, 0.035412, 0.035863, 0.03594, 0.035982, 0.036083, 0.036424, 0.036566, 0.036599, 0.036835, 0.036973, 0.03714, 0.037175, 0.037419, 0.037475, 0.037488, 0.037598, 0.037748, 0.038138, 0.038292, 0.038908, 0.038985, 0.039418, 0.039428, 0.039814, 0.039912, 0.039931, 0.039994, 0.040016, 0.040071, 0.040169, 0.040747, 0.041304, 0.041381, 0.042037, 0.042083, 0.042314, 0.042385, 0.042392, 0.042493, 0.042936, 0.042946, 0.042967, 0.04299, 0.043244, 0.043402, 0.043532, 0.044133, 0.044154, 0.044655, 0.04484, 0.044919, 0.045004, 0.045039, 0.04529, 0.045461, 0.045498, 0.045668, 0.045926, 0.046338, 0.046431, 0.046644, 0.047007, 0.047155, 0.047177, 0.047336, 0.047476, 0.048429, 0.048637, 0.048801, 0.048913, 0.049021, 0.049032, 0.04904, 0.049599, 0.049683, 0.049791, 0.049955, 0.050109, 0.050197, 0.05034, 0.050405, 0.050467, 0.050635, 0.050866, 0.050996, 0.051437, 0.051474, 0.051551, 0.051646, 0.051678, 0.0517, 0.052236, 0.052547, 0.05291, 0.052988, 0.053191, 0.053209, 0.053651, 0.05392, 0.054133, 0.05456, 0.054679, 0.055727, 0.055941, 0.056008, 0.056859, 0.057343, 0.057501, 0.05774, 0.057785, 0.057875, 0.058243, 0.058255, 0.058349, 0.059253, 0.059284, 0.05934, 0.059519, 0.059648, 0.060899, 0.061614, 0.061772, 0.061852, 0.0619, 0.061905, 0.062574, 0.062621, 0.063427, 0.063799, 0.064086, 0.064102, 0.064152, 0.06428, 0.064481, 0.064621, 0.064773, 0.064833, 0.064891, 0.06498, 0.064999, 0.065122, 0.065128, 0.065187, 0.065491, 0.065623, 0.06579, 0.065798, 0.065852, 0.06613, 0.066893, 0.066951, 0.06696, 0.067283, 0.067401, 0.067467, 0.067519, 0.068087, 0.068561, 0.068753, 0.06904, 0.069326, 0.069418, 0.069795, 0.069909, 0.070089, 0.070249, 0.070339, 0.070598, 0.071327, 0.071644, 0.071669, 0.071843, 0.072264, 0.07239, 0.072471, 0.07286, 0.072941, 0.072984, 0.073005, 0.073063, 0.073352, 0.07342, 0.073785, 0.073993, 0.074253, 0.074719, 0.075287, 0.075326, 0.075571, 0.075724, 0.075729, 0.076049, 0.07632, 0.076505, 0.076508, 0.076508, 0.076624, 0.076625, 0.076666, 0.076834, 0.076979, 0.077421, 0.078019, 0.078493, 0.078637, 0.078703, 0.079005, 0.079398, 0.079876, 0.080029, 0.080153, 0.080423, 0.080746, 0.080749, 0.081952, 0.081985, 0.082251, 0.082381, 0.082388, 0.082767, 0.082885, 0.083044, 0.083431, 0.083447, 0.083548, 0.083888, 0.084111, 0.08539, 0.086104, 0.086341, 0.086748, 0.0868, 0.086923, 0.08712, 0.087258, 0.087393, 0.087413, 0.087719, 0.087896, 0.088038, 0.088061, 0.088728, 0.0889, 0.089139, 0.08933, 0.089373, 0.08951, 0.089694, 0.089778, 0.090267, 0.090493, 0.09066, 0.090882, 0.090884, 0.091569, 0.09174, 0.091921, 0.092277, 0.092474, 0.092602, 0.09265, 0.093041, 0.093372, 0.093628, 0.094094, 0.094132, 0.094469, 0.094537, 0.094566, 0.094791, 0.095015, 0.095276, 0.095992, 0.096047, 0.096291, 0.09662, 0.09675, 0.09707, 0.097455, 0.09764, 0.097742, 0.097836, 0.09792, 0.098132, 0.098423, 0.09894, 0.098978, 0.098979, 0.099045, 0.099631, 0.099686, 0.100087, 0.100337, 0.100405, 0.100562, 0.100599, 0.100603, 0.101311, 0.101692, 0.101881, 0.101925, 0.102198, 0.103007, 0.103305, 0.10349, 0.103743, 0.104092, 0.104111, 0.104329, 0.104435, 0.104462, 0.104672, 0.104994, 0.105103, 0.105238, 0.105245, 0.105636, 0.105776, 0.105878, 0.106013, 0.106074, 0.106136, 0.106174, 0.106305, 0.106529, 0.106626, 0.106888, 0.10719, 0.107376, 0.107377, 0.10837, 0.108553, 0.108576, 0.108697, 0.109303, 0.10938, 0.109433, 0.109502, 0.111089, 0.11114, 0.111283, 0.111325, 0.111392, 0.111809, 0.112064, 0.112491, 0.112584, 0.11267, 0.113437, 0.113693, 0.113724, 0.114277, 0.114296, 0.114319, 0.114978, 0.115189, 0.115566, 0.11571, 0.115889, 0.115915, 0.116185, 0.116265, 0.117366, 0.11777, 0.11798, 0.118078, 0.118094, 0.118205, 0.118314, 0.118493, 0.119116, 0.120062, 0.120204, 0.120436, 0.120474, 0.120607, 0.120806, 0.121003, 0.121186, 0.121284, 0.121497, 0.121695, 0.121897, 0.121934, 0.122184, 0.122989, 0.123107, 0.1233, 0.123421, 0.123814, 0.123832, 0.123976, 0.124819, 0.124868, 0.125621, 0.125803, 0.125834, 0.125893, 0.126388, 0.127292, 0.127363, 0.127461, 0.127912, 0.128092, 0.128241, 0.128768, 0.128962, 0.129384, 0.129436, 0.129596, 0.129805, 0.129841, 0.129973, 0.130202, 0.130465, 0.130496, 0.130524, 0.130938, 0.131149, 0.131619, 0.132007, 0.132889, 0.133417, 0.133531, 0.133816, 0.134714, 0.134912, 0.134982, 0.135845, 0.136067, 0.136123, 0.136707, 0.136712, 0.137895, 0.138417, 0.138813, 0.13927, 0.139428, 0.140147, 0.140235, 0.140618, 0.141017, 0.141018, 0.14103, 0.141036, 0.141091, 0.141535, 0.142237, 0.142952, 0.144044, 0.144198, 0.144217, 0.144298, 0.144322, 0.144618, 0.144688, 0.144968, 0.145824, 0.145961, 0.146163, 0.147132, 0.147138, 0.147157, 0.14834, 0.148495, 0.148517, 0.148887, 0.149286, 0.149388, 0.149757, 0.150112, 0.150301, 0.150619, 0.150716, 0.150836, 0.150921, 0.15131, 0.151477, 0.152041, 0.153727, 0.154228, 0.154633, 0.15477, 0.155161, 0.155343, 0.155517, 0.155812, 0.155854, 0.155903, 0.156448, 0.156498, 0.156811, 0.156995, 0.156996, 0.157877, 0.157992, 0.158078, 0.158363, 0.158453, 0.158928, 0.158993, 0.159251, 0.159435, 0.160496, 0.160749, 0.160753, 0.161396, 0.161557, 0.162055, 0.16245, 0.16284, 0.162866, 0.162922, 0.163148, 0.163701, 0.163954, 0.164243, 0.164267, 0.164555, 0.165269, 0.165365, 0.165419, 0.165549, 0.16587, 0.166048, 0.166132, 0.166342, 0.166477, 0.166666, 0.166851, 0.166852, 0.166995, 0.167199, 0.167205, 0.167342, 0.167576, 0.167602, 0.167768, 0.167792, 0.168123, 0.168321, 0.168585, 0.169844, 0.169909, 0.170451, 0.171007, 0.171861, 0.171906, 0.172113, 0.172639, 0.173337, 0.173631, 0.173723, 0.173845, 0.174266, 0.174553, 0.174601, 0.174914, 0.175476, 0.175567, 0.175749, 0.176128, 0.176134, 0.176139, 0.177386, 0.177469, 0.178062, 0.1781, 0.179002, 0.17908, 0.179994, 0.180058, 0.18054, 0.18153, 0.18159, 0.181694, 0.182051, 0.182274, 0.182435, 0.182534, 0.182772, 0.182852, 0.183204, 0.183414, 0.183839, 0.184115, 0.184138, 0.184289, 0.185212, 0.18548, 0.185673, 0.18692, 0.187016, 0.187501, 0.187634, 0.18779, 0.187808, 0.188014, 0.188304, 0.188343, 0.188486, 0.189007, 0.189481, 0.18985, 0.190375, 0.190411, 0.190606, 0.190825, 0.191023, 0.191217, 0.191935, 0.192344, 0.193052, 0.193455, 0.195001, 0.195174, 0.195218, 0.195502, 0.195653, 0.196269, 0.196417, 0.196788, 0.196915, 0.197001, 0.197268, 0.197314, 0.198347, 0.199013, 0.199345, 0.199802, 0.199897, 