{"sigma_r": 2.3939, "sigma_i": 2.3392, "m": 5, "seed": 3546639780, "n_k": {"1": 4408, "2": 901, "3": 147, "4": 17, "5": 1, "6+": 0}, "dlogr": [0.0, 0.000246, 0.000291, 0.000409, 0.000438, 0.000581, 0.00157, 0.001733, 0.001989, 0.002072, 0.0021, 0.002439, 0.002581, 0.002733, 0.002828, 0.003207, 0.003696, 0.004001, 0.004166, 0.004364, 0.004524, 0.004656, 0.004706, 0.004721, 0.005085, 0.005496, 0.005632, 0.005993, 0.006156, 0.006182, 0.006196, 0.006362, 0.006546, 0.006834, 0.006836, 0.007037, 0.007038, 0.007271, 0.008308, 0.008345, 0.008884, 0.009078, 0.009467, 0.009752, 0.010246, 0.010324, 0.010381, 0.010443, 0.010502, 0.011228, 0.011337, 0.011567, 0.011609, 0.011696, 0.011849, 0.012361, 0.012367, 0.012681, 0.013022, 0.013195, 0.013488, 0.01366, 0.013869, 0.013961, 0.01497, 0.015457, 0.015508, 0.015683, 0.015787, 0.01712, 0.0173, 0.017808, 0.01786, 0.018556, 0.018744, 0.018744, 0.019027, 0.01919, 0.019571, 0.020316, 0.020338, 0.020423, 0.020968, 0.021247, 0.021426, 0.021861, 0.021939, 0.022044, 0.022703, 0.022866, 0.023235, 0.023264, 0.023567, 0.023588, 0.023652, 0.024099, 0.024101, 0.024194, 0.024355, 0.024701, 0.024706, 0.02489, 0.025647, 0.025878, 0.025935, 0.026163, 0.026368, 0.027296, 0.027297, 0.027307, 0.027781, 0.027805, 0.027876, 0.027956, 0.028152, 0.028346, 0.028456, 0.028494, 0.028543, 0.028765, 0.028784, 0.029385, 0.0296, 0.030004, 0.030716, 0.030752, 0.03089, 0.03093, 0.031347, 0.031453, 0.031862, 0.032058, 0.032307, 0.032368, 0.032471, 0.032743, 0.033036, 0.03325, 0.033732, 0.033758, 0.034487, 0.034538, 0.034739, 0.034805, 0.035574, 0.036467, 0.036871, 0.036872, 0.03748, 0.037904, 0.038033, 0.03809, 0.038219, 0.038898, 0.039267, 0.039314, 0.039365, 0.039446, 0.039799, 0.040165, 0.041129, 0.041194, 0.041537, 0.041931, 0.042168, 0.042525, 0.042667, 0.042721, 0.042752, 0.04333, 0.04349, 0.043699, 0.043887, 0.043913, 0.044434, 0.044639, 0.044828, 0.04485, 0.045007, 0.045098, 0.045254, 0.046294, 0.04688, 0.047578, 0.047599, 0.047669, 0.047731, 0.047747, 0.047774, 0.047802, 0.048027, 0.048381, 0.048477, 0.048671, 0.049841, 0.049952, 0.049985, 0.050292, 0.050732, 0.051062, 0.051093, 0.051136, 0.051726, 0.052058, 0.052217, 0.052436, 0.052531, 0.052556, 0.05316, 0.053526, 0.053609, 0.053988, 0.054067, 0.054264, 0.054287, 0.054347, 0.054411, 0.054464, 0.054633, 0.054881, 0.055418, 0.055568, 0.055888, 0.056135, 0.056209, 0.056377, 0.056522, 0.056615, 0.056618, 0.056624, 0.057227, 0.05735, 0.057671, 0.05853, 0.05901, 0.059611, 0.060147, 0.060323, 0.061393, 0.062219, 0.062373, 0.062585, 0.062805, 0.063378, 0.063424, 0.063494, 0.063608, 0.063669, 0.063763, 0.065036, 0.065175, 0.065292, 0.065448, 0.066019, 0.066238, 0.066418, 0.066637, 0.067325, 0.067422, 0.067559, 0.067696, 0.067753, 0.069212, 0.069259, 0.069409, 0.06947, 0.069649, 0.069741, 0.06984, 0.069936, 0.07017, 0.070637, 0.070819, 0.071198, 0.071528, 0.071726, 0.072041, 0.072354, 0.072369, 0.072393, 0.072408, 0.072532, 0.073021, 0.073316, 0.073788, 0.07379, 0.073992, 0.074079, 0.074101, 0.07447, 0.07458, 0.074879, 0.07537, 0.075678, 0.075696, 0.075911, 0.076221, 0.07669, 0.076755, 0.076993, 0.077089, 0.077278, 0.077341, 0.077548, 0.077573, 0.077692, 0.078035, 0.078056, 0.078233, 0.07846, 0.07942, 0.07965, 0.079719, 0.079873, 0.080158, 0.080347, 0.080376, 0.080801, 0.08082, 0.080956, 0.081041, 0.081399, 0.081448, 0.081642, 0.082011, 0.082035, 0.082288, 0.082502, 0.082598, 0.082717, 0.082725, 0.084232, 0.084618, 0.0847, 0.08471, 0.085005, 0.08503, 0.085407, 0.085586, 0.085896, 0.086244, 0.086407, 0.087088, 0.087245, 0.087309, 0.087347, 0.087495, 0.087593, 0.08765, 0.088269, 0.088454, 0.088742, 0.089194, 0.089363, 0.089631, 0.089858, 0.08993, 0.09084, 0.09112, 0.091465, 0.091506, 0.091726, 0.091893, 0.091919, 0.092213, 0.0924, 0.092683, 0.093118, 0.093421, 0.093517, 0.094071, 0.094222, 0.094283, 0.094818, 0.095643, 0.095861, 0.096149, 0.096555, 0.097012, 0.097295, 0.097529, 0.09799, 0.098777, 0.098802, 0.098986, 0.099205, 0.099555, 0.099678, 0.09977, 0.099786, 0.100192, 0.100676, 0.100792, 0.100824, 0.100903, 0.101276, 0.101536, 0.101745, 0.101816, 0.102345, 0.102595, 0.103293, 0.10355, 0.103578, 0.103921, 0.104344, 0.104635, 0.105327, 0.10576, 0.10586, 0.105863, 0.105868, 0.106022, 0.106046, 0.10608, 0.106171, 0.106219, 0.106433, 0.107497, 0.107927, 0.108085, 0.108212, 0.108501, 0.108904, 0.108906, 0.109423, 0.110138, 0.110183, 0.110574, 0.110965, 0.111417, 0.111604, 0.111939, 0.111996, 0.113102, 0.113798, 0.11382, 0.113867, 0.114393, 0.114617, 0.114708, 0.114732, 0.114816, 0.115304, 0.115759, 0.116154, 0.116548, 0.116731, 0.116814, 0.117217, 0.11754, 0.11785, 0.117966, 0.118384, 0.118615, 0.119185, 0.119575, 0.11994, 0.119966, 0.120328, 0.120529, 0.120536, 0.120743, 0.120864, 0.120992, 0.121062, 0.121284, 0.121691, 0.122002, 0.122505, 0.122633, 0.122803, 0.124096, 0.124145, 0.124452, 0.125274, 0.125371, 0.12546, 0.126192, 0.126227, 0.126521, 0.127045, 0.127177, 0.127701, 0.127717, 0.128088, 0.128094, 0.128215, 0.128496, 0.128664, 0.129168, 0.12956, 0.130897, 0.131459, 0.131476, 0.131771, 0.131848, 0.132798, 0.133885, 0.133936, 0.133957, 0.134145, 0.134344, 0.134655, 0.134791, 0.134945, 0.135372, 0.136166, 0.136238, 0.136256, 0.136348, 0.137276, 0.137555, 0.137821, 0.138143, 0.138155, 0.138227, 0.138338, 0.138931, 0.139812, 0.139871, 0.139875, 0.139877, 0.140328, 0.140467, 0.140493, 0.140707, 0.140711, 0.141036, 0.14122, 0.141598, 0.141618, 0.141634, 0.141689, 0.14215, 0.142465, 0.142519, 0.142825, 0.142872, 0.143186, 0.14405, 0.144238, 0.144472, 0.14456, 0.145056, 0.145697, 0.145712, 0.145812, 0.146046, 0.14633, 0.14698, 0.147004, 0.147219, 0.147249, 0.147273, 0.147766, 0.148346, 0.148915, 0.149175, 0.149554, 0.150295, 0.150312, 0.150903, 0.151005, 0.152159, 0.152787, 0.15288, 0.15313, 0.153382, 0.153595, 0.154263, 0.154665, 0.155115, 0.155844, 0.156102, 0.156277, 0.156305, 0.156342, 0.157173, 0.158302, 0.158379, 0.15922, 0.159897, 0.160028, 0.160079, 0.160158, 0.160338, 0.160426, 0.160542, 0.160669, 0.161577, 0.161946, 0.16229, 0.162717, 0.16302, 0.164041, 0.164043, 0.164068, 0.164326, 0.164643, 0.165067, 0.165399, 0.165421, 0.165513, 0.165525, 0.165728, 0.16612, 0.166217, 0.166796, 0.16685, 0.167527, 0.167918, 0.167981, 0.168289, 0.168483, 0.168823, 0.169381, 0.169599, 0.169947, 0.170494, 0.170905, 0.171143, 0.171336, 0.171435, 0.171537, 0.17286, 0.173043, 0.173361, 0.173632, 0.173681, 0.174167, 0.174335, 0.175149, 0.175348, 0.175392, 0.175523, 0.175617, 0.176406, 0.177523, 0.177617, 0.177839, 0.178167, 0.178698, 0.178764, 0.178884, 0.17983, 0.180461, 0.18101, 0.181787, 0.18208, 0.182367, 0.182725, 0.183022, 0.183277, 0.183406, 0.183413, 0.183531, 0.184313, 0.184592, 0.184619, 0.185561, 0.185853, 0.186143, 0.186226, 0.186533, 0.186642, 0.187036, 0.187192, 0.187881, 0.187925, 0.188776, 0.189694, 0.1897, 0.189968, 0.190223, 0.190697, 0.190937, 0.191097, 0.191366, 0.192179, 0.192437, 0.192522, 0.192585, 0.192609, 0.193287, 0.194509, 0.194515, 0.194822, 0.195193, 0.195752, 0.196112, 0.196506, 0.196663, 0.196693, 0.196873, 0.197408, 0.198733, 0.199044, 0.199901, 0.199906, 0.200302, 0.200647, 0.200946, 0.201121, 0.201176, 0.201336, 0.20142, 0.202487, 0.202797, 0.202882, 0.202986, 0.203128, 0.203296, 0.204069, 0.204533, 0.205553, 0.205888, 0.206636, 0.207485, 0.20789, 0.20813, 0.20813, 0.208358, 0.208578, 0.208749, 0.210822, 0.211329, 0.211582, 0.212291, 0.21245, 0.212767, 0.213043, 0.213369, 0.213695, 0.213728, 0.213886, 0.213927, 0.214249, 0.214815, 0.215207, 0.215248, 0.215347, 0.216078, 0.216397, 0.216652, 0.217625, 0.217991, 0.218014, 0.218789, 0.219828, 0.219942, 0.220298, 0.220989, 0.221492, 0.221549, 0.222276, 0.222448, 0.222932, 0.224082, 0.224665, 0.224996, 0.225859, 0.226092, 0.226514, 0.227233, 0.228004, 0.228833, 0.229292, 0.229316, 0.230122, 0.23202, 0.232419, 0.232606, 0.232671, 0.232692, 0.233892, 0.23407, 0.234155, 0.235337, 0.235591, 0.235759, 0.235991, 0.236652, 0.237972, 0.238283, 0.239508, 0.239583, 0.240202, 0.240339, 0.240467, 0.240483, 0.240508, 0.24077, 0.241416, 0.242384,