{"sigma_r": 0.6181, "sigma_i": 0.5349, "m": 6, "seed": 1506686017, "n_k": {"1": 3700, "2": 942, "3": 255, "4": 66, "5": 24, "6+": 2}, "dlogr": [0.0, 0.0, 0.0, 8.4e-05, 0.000415, 0.000463, 0.000476, 0.000503, 0.000554, 0.000771, 0.000879, 0.0009, 0.000924, 0.001012, 0.001132, 0.00124, 0.001259, 0.001271, 0.001311, 0.001433, 0.001501, 0.001528, 0.001567, 0.001636, 0.001886, 0.001981, 0.002036, 0.002047, 0.002073, 0.002075, 0.002109, 0.002171, 0.002265, 0.002358, 0.002642, 0.002864, 0.002977, 0.003017, 0.003347, 0.003542, 0.003637, 0.003663, 0.003696, 0.003815, 0.003822, 0.003831, 0.003872, 0.003929, 0.004013, 0.004141, 0.004371, 0.004447, 0.004553, 0.004609, 0.004836, 0.004927, 0.004943, 0.004951, 0.004987, 0.005148, 0.00521, 0.005249, 0.005312, 0.005566, 0.005654, 0.00569, 0.005751, 0.005838, 0.005841, 0.005961, 0.006076, 0.006144, 0.006175, 0.006176, 0.006323, 0.006393, 0.006451, 0.006458, 0.006498, 0.006549, 0.00674, 0.006804, 0.006809, 0.006937, 0.007015, 0.007205, 0.007421, 0.007623, 0.007955, 0.008155, 0.008185, 0.008379, 0.008421, 0.008453, 0.008679, 0.00881, 0.008955, 0.008976, 0.009214, 0.009306, 0.009325, 0.009708, 0.009754, 0.009901, 0.010026, 0.010037, 0.010249, 0.01035, 0.010351, 0.010364, 0.010495, 0.010558, 0.010565, 0.010584, 0.010588, 0.010869, 0.010878, 0.011082, 0.011243, 0.011284, 0.0113, 0.011408, 0.011432, 0.011505, 0.011541, 0.011723, 0.011873, 0.011915, 0.012038, 0.012051, 0.012307, 0.012802, 0.012953, 0.013034, 0.013151, 0.01319, 0.013215, 0.01347, 0.013755, 0.013786, 0.013958, 0.014005, 0.014154, 0.01447, 0.014472, 0.014474, 0.014495, 0.01453, 0.014586, 0.014604, 0.014689, 0.014792, 0.015212, 0.015248, 0.015847, 0.015924, 0.016085, 0.016124, 0.016126, 0.016325, 0.016459, 0.016506, 0.016512, 0.016671, 0.01684, 0.016909, 0.016923, 0.017, 0.017042, 0.017249, 0.017254, 0.017255, 0.017358, 0.017455, 0.017461, 0.01755, 0.017629, 0.017641, 0.017696, 0.017744, 0.017802, 0.018293, 0.018821, 0.018848, 0.018862, 0.01889, 0.018892, 0.01895, 0.019002, 0.019065, 0.019104, 0.019385, 0.019519, 0.019558, 0.019577, 0.019598, 0.019644, 0.019733, 0.019767, 0.019817, 0.019911, 0.020176, 0.020332, 0.020361, 0.020479, 0.020538, 0.020629, 0.020646, 0.020687, 0.020771, 0.020922, 0.020943, 0.020978, 0.020999, 0.021051, 0.021323, 0.021356, 0.02137, 0.021385, 0.021433, 0.021451, 0.021565, 0.021681, 0.021689, 0.021997, 0.022344, 0.022376, 0.022415, 0.022438, 0.022543, 0.022561, 0.022629, 0.022629, 0.022751, 0.022921, 0.022935, 0.022969, 0.023019, 0.023106, 0.023128, 0.023134, 0.023209, 0.023244, 0.02337, 0.023375, 0.023486, 0.023498, 0.023623, 0.0238, 0.023836, 0.023911, 0.023974, 0.024716, 0.024914, 0.025087, 0.025177, 0.0252, 0.025272, 0.025334, 0.025499, 0.025551, 0.025753, 0.025756, 0.026155, 0.026265, 0.02629, 0.026293, 0.026375, 0.026463, 0.026552, 0.026745, 0.026769, 0.026978, 0.027024, 0.027165, 0.027207, 0.027336, 0.027553, 0.027559, 0.027728, 0.028112, 0.028113, 0.028139, 0.028179, 0.028244, 0.028372, 0.028412, 0.028617, 0.029222, 0.029229, 0.029326, 0.02935, 0.02981, 0.030008, 0.030052, 0.030096, 0.030116, 0.030145, 0.030269, 0.030451, 0.030455, 0.030515, 0.030541, 0.030587, 0.03072, 0.030874, 0.030998, 0.031229, 0.031257, 0.031301, 0.031426, 0.031521, 0.031574, 0.031703, 0.031706, 0.031714, 0.031993, 0.032004, 0.032049, 0.032159, 0.032184, 0.032499, 0.032642, 0.032675, 0.032778, 0.032802, 0.032899, 0.032908, 0.03297, 0.033031, 0.03304, 0.033071, 0.033093, 0.033101, 0.033196, 0.033277, 0.033327, 0.033483, 0.033603, 0.033612, 0.033701, 0.033764, 0.033994, 0.03405, 0.034114, 0.034184, 0.034189, 0.034251, 0.034459, 0.034482, 0.034651, 0.034737, 0.034853, 0.03488, 0.034972, 0.035002, 0.035128, 0.035149, 0.035152, 0.035183, 0.035192, 0.035353, 0.035378, 0.035557, 0.035624, 0.035627, 0.035655, 0.035734, 0.035867, 0.035939, 0.036, 0.036132, 0.036171, 0.036231, 0.036263, 0.036378, 0.036483, 0.036499, 0.036562, 0.036597, 0.036741, 0.037145, 0.03734, 0.037484, 0.03752, 0.037745, 0.03775, 0.037839, 0.03816, 0.038388, 0.038495, 0.038516, 0.038519, 0.038619, 0.03865, 0.038755, 0.039025, 0.039047, 0.039267, 0.039279, 0.03928, 0.039352, 0.039401, 0.039708, 0.039825, 0.040025, 0.040107, 0.040108, 0.040221, 0.04046, 0.040461, 0.040484, 0.040619, 0.040894, 0.041139, 0.04122, 0.041296, 0.041604, 0.041613, 0.041664, 0.041842, 0.041929, 0.041944, 0.042071, 0.042074, 0.0421, 0.042242, 0.042343, 0.042362, 0.042626, 0.04271, 0.042735, 0.042849, 0.043224, 0.043245, 0.043453, 0.043477, 0.043514, 0.043545, 0.043553, 0.043582, 0.043637, 0.043706, 0.043831, 0.043857, 0.043873, 0.043974, 0.043987, 0.044027, 0.044144, 0.044173, 0.044514, 0.044689, 0.044738, 0.04476, 0.044778, 0.045002, 0.045287, 0.045334, 0.045397, 0.045401, 0.045425, 0.045429, 0.045434, 0.04545, 0.045579, 0.045678, 0.045741, 0.045796, 0.045806, 0.045868, 0.046146, 0.046179, 0.046284, 0.046363, 0.04666, 0.046688, 0.046933, 0.047017, 0.047196, 0.047286, 0.047329, 0.047399, 0.047432, 0.047454, 0.047463, 0.047593, 0.047629, 0.047642, 0.047736, 0.047792, 0.047877, 0.047949, 0.048238, 0.048312, 0.048334, 0.048518, 0.048555, 0.048623, 0.048768, 0.048895, 0.049092, 0.049111, 0.049116, 0.049127, 0.049148, 0.04918, 0.049265, 0.049514, 0.049556, 0.049644, 0.04968, 0.049684, 0.049938, 0.049968, 0.050176, 0.050326, 0.050349, 0.050433, 0.050601, 0.050611, 0.050643, 0.050936, 0.050948, 0.05102, 0.051322, 0.051388, 0.051528, 0.05157, 0.051766, 0.05192, 0.05209, 0.052309, 0.052348, 0.052393, 0.053075, 0.053167, 0.053283, 0.053473, 0.053478, 0.05352, 0.05354, 0.053887, 0.054021, 0.054298, 0.054658, 0.054724, 0.054795, 0.054801, 0.054833, 0.05523, 0.055254, 0.055275, 0.055358, 0.055462, 0.055767, 0.055887, 0.056149, 0.056378, 0.056408, 0.056676, 0.056678, 0.056932, 0.056982, 0.057178, 0.057268, 0.057335, 0.057415, 0.057705, 0.058026, 0.058122, 0.058171, 0.058737, 0.058767, 0.058771, 0.058912, 0.059035, 0.059407, 0.059486, 0.05953, 0.059591, 0.059693, 0.059726, 0.059908, 0.060184, 0.060196, 0.060258, 0.060282, 0.06052, 0.06056, 0.060598, 0.060743, 0.060881, 0.060938, 0.061048, 0.061086, 0.061691, 0.061718, 0.06174, 0.061748, 0.061749, 0.061874, 0.061932, 0.062002, 0.062077, 0.062088, 0.062209, 0.062274, 0.062297, 0.062352, 0.062369, 0.062374, 0.063, 0.063217, 0.063267, 0.063357, 0.063448, 0.063595, 0.063809, 0.063846, 0.063956, 0.06423, 0.06428, 0.064365, 0.064544, 0.064641, 0.064663, 0.064881, 0.064921, 0.065055, 0.065083, 0.065164, 0.065203, 0.065326, 0.065617, 0.066165, 0.06622, 0.066482, 0.066515, 0.066615, 0.066752, 0.06683, 0.06684, 0.066891, 0.067204, 0.067215, 0.067327, 0.067396, 0.067599, 0.06774, 0.067994, 0.067998, 0.068128, 0.068426, 0.068578, 0.068605, 0.068661, 0.068677, 0.069015, 0.069088, 0.069128, 0.06917, 0.069354, 0.069459, 0.06948, 0.069581, 0.06975, 0.069819, 0.069827, 0.069882, 0.069955, 0.069957, 0.070194, 0.070253, 0.070264, 0.070656, 0.070676, 0.070899, 0.071044, 0.071262, 0.071488, 0.071633, 0.071834, 0.072276, 0.072289, 0.072471, 0.072499, 0.072761, 0.072827, 0.073056, 0.073221, 0.073473, 0.073718, 0.073875, 0.07409, 0.074222, 0.074229, 0.074269, 0.074306, 0.074573, 0.074677, 0.074716, 0.074819, 0.074913, 0.075131, 0.075306, 0.075855, 0.075931, 0.076101, 0.076121, 0.076129, 0.076153, 0.076291, 0.076427, 0.076485, 0.076501, 0.076522, 0.076557, 0.076649, 0.07694, 0.076988, 0.077159, 0.077224, 0.077299, 0.077766, 0.078136, 0.078273, 0.078434, 0.078604, 0.078606, 0.078673, 0.078678, 0.078804, 0.078855, 0.07908, 0.079168, 0.079196, 0.079365, 0.079366, 0.079407, 0.079429, 0.079555, 0.079572, 0.079648, 0.079686, 0.08038, 0.080804, 0.081215, 0.081328, 0.081366, 0.081436, 0.081554, 0.081706, 0.081716, 0.081771, 0.081788, 0.081883, 0.082018, 0.082139, 0.082336, 0.082365, 0.08238, 0.082576, 0.082585, 0.082597, 0.082597, 0.082654, 0.082668, 0.082687, 0.08279, 0.082858, 0.082871, 0.082982, 0.083648, 0.084135, 0.08441, 0.084567, 0.084645, 0.084655, 0.084704, 0.084885, 0.085042, 0.085092, 0.085123, 0.085148, 0.085317, 0.085345, 0.085411, 0.085501, 0.085752, 0.085916, 0.085942, 0.085966, 0.086052, 0.086293, 