{"sigma_r": 0.2, "sigma_i": 3.8254, "m": 3, "seed": 3041689452, "n_k": {"1": 4893, "2": 757, "3": 104, "4": 8, "5": 0, "6+": 0}, "dlogr": [0.0, 0.0, 0.0, 0.0, 0.0, 0.0, 0.0, 0.0, 5.1e-05, 0.000201, 0.000269, 0.000345, 0.000389, 0.000399, 0.000465, 0.000473, 0.000482, 0.000688, 0.00077, 0.000974, 0.000994, 0.001003, 0.001138, 0.001181, 0.001224, 0.00126, 0.001375, 0.00162, 0.001622, 0.001892, 0.001901, 0.00224, 0.002253, 0.002275, 0.002276, 0.002499, 0.002729, 0.002786, 0.002799, 0.002982, 0.003029, 0.003132, 0.003171, 0.003195, 0.003283, 0.003341, 0.003431, 0.003485, 0.003624, 0.003682, 0.00372, 0.003738, 0.004038, 0.004042, 0.004047, 0.00413, 0.004151, 0.004264, 0.004304, 0.004337, 0.004337, 0.004339, 0.004427, 0.004473, 0.004506, 0.004561, 0.004586, 0.004605, 0.004639, 0.004654, 0.004661, 0.004697, 0.004722, 0.004738, 0.004801, 0.00498, 0.004984, 0.005205, 0.005222, 0.005247, 0.005512, 0.005521, 0.005638, 0.005917, 0.006004, 0.006052, 0.006053, 0.006164, 0.006176, 0.00665, 0.006723, 0.006964, 0.007046, 0.007055, 0.007089, 0.00716, 0.007283, 0.007437, 0.00748, 0.007659, 0.007662, 0.007749, 0.007856, 0.007929, 0.008096, 0.00814, 0.00818, 0.008193, 0.008257, 0.008405, 0.008467, 0.008513, 0.008658, 0.008699, 0.00884, 0.008953, 0.009128, 0.009141, 0.009148, 0.00918, 0.009184, 0.009234, 0.009424, 0.009456, 0.009472, 0.009551, 0.009717, 0.009743, 0.009798, 0.009829, 0.010132, 0.010175, 0.010216, 0.01029, 0.010299, 0.010434, 0.010505, 0.010552, 0.010586, 0.010714, 0.010808, 0.010847, 0.010868, 0.0109, 0.010976, 0.011017, 0.011021, 0.011148, 0.011179, 0.011275, 0.011374, 0.011374, 0.011421, 0.011455, 0.011613, 0.011616, 0.011654, 0.011788, 0.011815, 0.011896, 0.012341, 0.012407, 0.012446, 0.012456, 0.012457, 0.012615, 0.012732, 0.012898, 0.012919, 0.013134, 0.013142, 0.013169, 0.01338, 0.013489, 0.013596, 0.013612, 0.013675, 0.013726, 0.013742, 0.013767, 0.013769, 0.013783, 0.013943, 0.014007, 0.014028, 0.014122, 0.014419, 0.014497, 0.014548, 0.01455, 0.014668, 0.014689, 0.014846, 0.014863, 0.014931, 0.014945, 0.015128, 0.015182, 0.015193, 0.015258, 0.015384, 0.015468, 0.015607, 0.015649, 0.015664, 0.015712, 0.01587, 0.015883, 0.015911, 0.015927, 0.016337, 0.016355, 0.016359, 0.016436, 0.016513, 0.016541, 0.016746, 0.016848, 0.017017, 0.017271, 0.01728, 0.017288, 0.017296, 0.017322, 0.017439, 0.017534, 0.017559, 0.017742, 0.017779, 0.018014, 0.018138, 0.018165, 0.018591, 0.018626, 0.018716, 0.018735, 0.018909, 0.019184, 0.01919, 0.019252, 0.019311, 0.019542, 0.019643, 0.019666, 0.019713, 0.019942, 0.01998, 0.020023, 0.020188, 0.020264, 0.02036, 0.020437, 0.020455, 0.020458, 0.020521, 0.020618, 0.020842, 0.021028, 0.021059, 0.021159, 0.021221, 0.021223, 0.021487, 0.021573, 0.021589, 0.021681, 0.021685, 0.021697, 0.021748, 0.021766, 0.021848, 0.021925, 0.02221, 0.022225, 0.022262, 0.022428, 0.022544, 0.022564, 0.022666, 0.022797, 0.02283, 0.02287, 0.022873, 0.022908, 0.023084, 0.023141, 0.023145, 0.023223, 0.023282, 0.023304, 0.02362, 0.0238, 0.023806, 0.024156, 0.024182, 0.024218, 0.02424, 0.024257, 0.024537, 0.024544, 0.024578, 0.024658, 0.024792, 0.024803, 0.025053, 0.025055, 0.025102, 0.025176, 0.025285, 0.025314, 0.025517, 0.025555, 0.025994, 0.026003, 0.026036, 0.026068, 0.026231, 0.026235, 0.026315, 0.026318, 0.02644, 0.026683, 0.02676, 0.026903, 0.026928, 0.027209, 0.027299, 0.0273, 0.027386, 0.027675, 0.027845, 0.028029, 0.028122, 0.028141, 0.028159, 0.028213, 0.028261, 0.028284, 0.028421, 0.028539, 0.028659, 0.028798, 0.028841, 0.028874, 0.028882, 0.028985, 0.029142, 0.029371, 0.029542, 0.029628, 0.030006, 0.030057, 0.030126, 0.03032, 0.030432, 0.030599, 0.030623, 0.030739, 0.030741, 0.030742, 0.030961, 0.031078, 0.031255, 0.031437, 0.031475, 0.031489, 0.031609, 0.031762, 0.031809, 0.032303, 0.032423, 0.032457, 0.032475, 0.032501, 0.03255, 0.032748, 0.03285, 0.032907, 0.033105, 0.033174, 0.03336, 0.033421, 0.033525, 0.033631, 0.033679, 0.033849, 0.033988, 0.034039, 0.034122, 0.034246, 0.034274, 0.034469, 0.034481, 0.034557, 0.034658, 0.034692, 0.034809, 0.034893, 0.034896, 0.035086, 0.035142, 0.035151, 0.035172, 0.035239, 0.03528, 0.035294, 0.035312, 0.03549, 0.03576, 0.035797, 0.03589, 0.036399, 0.036541, 0.03658, 0.036703, 0.03682, 0.036875, 0.037075, 0.037221, 0.03723, 0.03735, 0.037354, 0.037404, 0.037519, 0.037559, 0.037632, 0.037711, 0.037906, 0.038107, 0.038234, 0.038383, 0.038408, 0.038616, 0.038815, 0.038842, 0.039166, 0.039196, 0.039196, 0.039249, 0.039403, 0.039408, 0.039712, 0.039958, 0.039959, 0.040492, 0.040673, 0.040681, 0.040804, 0.040878, 0.040963, 0.040992, 0.041132, 0.041262, 0.041319, 0.041444, 0.041627, 0.041696, 0.041751, 0.041791, 0.041966, 0.041984, 0.042187, 0.042244, 0.042303, 0.042327, 0.042457, 0.042689, 0.042757, 0.042933, 0.043074, 0.043123, 0.043154, 0.043617, 0.043632, 0.043744, 0.043772, 0.043813, 0.04382, 0.043825, 0.043916, 0.043979, 0.044066, 0.04418, 0.044181, 0.044218, 0.044225, 0.044261, 0.04441, 0.044509, 0.044526, 0.044618, 0.044659, 0.04488, 0.044912, 0.044921, 0.044922, 0.044957, 0.045074, 0.04516, 0.045196, 0.045294, 0.0453, 0.045441, 0.045492, 0.045568, 0.045665, 0.045874, 0.045968, 0.045993, 0.046213, 0.046242, 0.046246, 0.046252, 0.046336, 0.046599, 0.046738, 0.046812, 0.046879, 0.047106, 0.047121, 0.047253, 0.04741, 0.04753, 0.047619, 0.047751, 0.047795, 0.048023, 0.048076, 0.048265, 0.049068, 0.049099, 0.049124, 0.049386, 0.049538, 0.049643, 0.049715, 0.049785, 0.049926, 0.050035, 0.050249, 0.05055, 0.050708, 0.050733, 0.050748, 0.050817, 0.051258, 0.051358, 0.051671, 0.051676, 0.051761, 0.052181, 0.052236, 0.052275, 0.052286, 0.052307, 0.052368, 0.052851, 0.052998, 0.053139, 0.053233, 0.053569, 0.053908, 0.054085, 0.05412, 0.054175, 0.054266, 0.054451, 0.054652, 0.055001, 0.055069, 0.05514, 0.055236, 0.055267, 0.055328, 0.055526, 0.055596, 0.056006, 0.056547, 0.056605, 0.05664, 0.057085, 0.057448, 0.057471, 0.057555, 0.057659, 0.057688, 0.057754, 0.057986, 0.058004, 0.05804, 0.058352, 0.058373, 0.058638, 0.058672, 0.058869, 0.059049, 0.059101, 0.059142, 0.059417, 0.059939, 0.059953, 0.060775, 0.06079, 0.060992, 0.061273, 0.06135, 0.061691, 0.061881, 0.061913, 0.061965, 0.062078, 0.062131, 0.062177, 0.062505, 0.062703, 0.063069, 0.063227, 0.063551, 0.063716, 0.063913, 0.064108, 0.064205, 0.064694, 0.064837, 0.065238, 0.06558, 0.065726, 0.065728, 0.065937, 0.065988, 0.066181, 0.066433, 0.066556, 0.066686, 0.066702, 0.066743, 0.066903, 0.066909, 0.066926, 0.067663, 0.068183, 0.068244, 0.068317, 0.068584, 0.069056, 0.069131, 0.069237, 0.06949, 0.069491, 0.069585, 0.069746, 0.06978, 0.069831, 0.070115, 0.070188, 0.070367, 0.07055, 0.070576, 0.070656, 0.070666, 0.070887, 0.0709, 0.071069, 0.071409, 0.071758, 0.071911, 0.072516, 0.072628, 0.072776, 0.072886, 0.073292, 0.073362, 0.073402, 0.07353, 0.074392, 0.074581, 0.075387, 0.075456, 0.075578, 0.075627, 0.075986, 0.076038, 0.076313, 0.076402, 0.076926, 0.076997, 0.076997, 0.077145, 0.077176, 0.077218, 0.077357, 0.077447, 0.079016, 0.079019, 0.079023, 0.079109, 0.079126, 0.079167, 0.079271, 0.079435, 0.079558, 0.079691, 0.07973, 0.079851, 0.079896, 0.080035, 0.080089, 0.080092, 0.080097, 0.0804, 0.080573, 0.080635, 0.080812, 0.081003, 0.081038, 0.081099, 0.081437, 0.081443, 0.081767, 0.081787, 0.082577, 0.082792, 0.083519, 0.083522, 0.083623, 0.083833, 0.08409, 0.084181, 0.084641, 0.084794, 0.085163, 0.085238, 0.085417, 0.085796, 0.08605, 0.086758, 0.086767, 0.086931, 0.08704, 0.087434, 0.087822, 0.087941, 0.088443, 0.089253, 0.089281, 0.089543, 0.090231, 0.090361, 0.090985, 0.091016, 0.091045, 0.091229, 0.091393, 0.091553, 0.092378, 0.092444, 0.092636, 0.092898, 0.094361, 0.095064, 0.095346, 0.096231, 0.096372, 0.096866, 0.097326, 0.097343, 0.097376, 0.097459, 0.09782, 0.098352, 0.09864, 0.099132, 0.099359, 0.100357, 0.100959, 0.101032, 0.101207, 0.101509, 0.101534, 0.101856, 0.101985, 0.102006, 0.102038, 0.102399, 0.102528, 0.103574, 0.104106, 0.104125, 0.10439, 0.104591, 0.104627, 0.107427, 0.108512, 0.109377, 0.110074, 0.110536, 0.111759, 0.112731, 