{"sigma_r": 1.2164, "sigma_i": 1.1186, "m": 11, "seed": 71484554, "n_k": {"1": 4005, "2": 907, "3": 227, "4": 58, "5": 2, "6+": 2}, "dlogr": [0.0, 0.0, 9.2e-05, 0.000125, 0.000367, 0.000375, 0.00039, 0.000478, 0.000491, 0.000525, 0.000684, 0.00074, 0.000781, 0.000974, 0.000984, 0.001016, 0.001248, 0.001264, 0.001309, 0.00145, 0.002057, 0.002199, 0.002266, 0.002319, 0.002492, 0.002576, 0.002581, 0.00262, 0.002663, 0.003474, 0.003665, 0.003803, 0.003819, 0.004203, 0.004233, 0.004623, 0.004794, 0.005087, 0.005123, 0.005568, 0.005835, 0.005951, 0.005964, 0.006861, 0.006896, 0.006917, 0.007011, 0.007121, 0.007587, 0.007719, 0.007957, 0.00802, 0.008449, 0.008708, 0.009135, 0.0093, 0.009432, 0.009515, 0.009873, 0.010089, 0.010215, 0.01024, 0.010244, 0.010287, 0.01043, 0.010618, 0.010747, 0.011181, 0.011635, 0.011736, 0.011765, 0.011894, 0.012347, 0.012512, 0.012592, 0.012803, 0.012806, 0.013038, 0.013335, 0.013415, 0.013461, 0.013605, 0.01365, 0.013686, 0.013814, 0.014077, 0.014432, 0.014654, 0.01476, 0.015276, 0.015279, 0.01552, 0.016284, 0.016427, 0.016496, 0.016572, 0.016588, 0.016992, 0.017243, 0.017494, 0.017692, 0.017769, 0.017798, 0.017808, 0.017824, 0.017941, 0.018017, 0.018091, 0.018198, 0.018229, 0.018582, 0.019779, 0.019808, 0.01993, 0.020183, 0.020206, 0.020506, 0.020675, 0.020858, 0.020886, 0.020906, 0.021095, 0.021175, 0.021632, 0.021949, 0.02201, 0.022293, 0.022359, 0.02277, 0.022953, 0.023149, 0.023248, 0.023731, 0.023784, 0.023806, 0.023986, 0.024033, 0.024062, 0.024064, 0.024077, 0.024293, 0.024501, 0.024519, 0.024695, 0.024835, 0.024853, 0.025006, 0.025203, 0.025248, 0.025371, 0.025476, 0.025536, 0.025574, 0.025608, 0.026093, 0.026265, 0.026358, 0.026398, 0.026549, 0.026821, 0.027112, 0.027136, 0.027185, 0.02721, 0.027401, 0.027816, 0.027871, 0.028034, 0.028141, 0.028322, 0.028583, 0.028868, 0.02912, 0.029325, 0.029547, 0.029705, 0.029723, 0.029829, 0.029917, 0.03021, 0.030228, 0.030234, 0.030951, 0.031004, 0.031065, 0.031132, 0.031136, 0.031209, 0.031345, 0.03145, 0.031486, 0.031513, 0.031568, 0.03174, 0.031859, 0.032247, 0.032338, 0.032742, 0.033233, 0.0338, 0.033939, 0.034364, 0.034382, 0.034478, 0.034763, 0.034764, 0.035374, 0.035604, 0.035839, 0.036388, 0.036489, 0.036512, 0.03661, 0.036774, 0.036971, 0.037384, 0.037396, 0.037602, 0.03778, 0.038103, 0.038219, 0.03837, 0.038414, 0.038449, 0.038678, 0.03888, 0.03903, 0.039036, 0.039194, 0.039355, 0.039362, 0.039656, 0.039668, 0.039714, 0.039819, 0.040006, 0.040041, 0.040061, 0.040181, 0.040304, 0.040331, 0.040361, 0.040709, 0.040794, 0.040803, 0.040825, 0.041018, 0.04108, 0.041261, 0.041626, 0.042077, 0.042173, 0.042773, 0.042842, 0.043004, 0.043009, 0.04304, 0.043444, 0.04373, 0.043819, 0.043863, 0.043868, 0.043964, 0.044027, 0.044282, 0.044403, 0.044426, 0.044517, 0.044555, 0.044839, 0.044977, 0.045192, 0.045348, 0.045412, 0.045857, 0.045925, 0.046132, 0.046151, 0.046259, 0.046491, 0.046998, 0.047022, 0.047059, 0.047086, 0.047196, 0.047466, 0.047817, 0.048019, 0.048865, 0.049315, 0.049556, 0.049714, 0.049846, 0.049863, 0.049871, 0.049924, 0.049942, 0.04995, 0.049961, 0.050071, 0.050077, 0.050097, 0.050254, 0.050419, 0.050652, 0.05098, 0.051034, 0.051274, 0.051514, 0.051717, 0.051741, 0.051757, 0.051891, 0.051893, 0.052055, 0.052227, 0.052535, 0.052586, 0.052633, 0.053249, 0.053429, 0.053519, 0.053792, 0.053856, 0.054009, 0.054043, 0.054205, 0.054393, 0.054519, 0.054526, 0.054567, 0.054631, 0.054682, 0.054824, 0.054983, 0.055039, 0.055419, 0.055526, 0.055644, 0.055799, 0.056396, 0.05642, 0.05653, 0.056784, 0.056838, 0.056851, 0.056899, 0.057081, 0.057169, 0.057198, 0.057235, 0.057564, 0.057598, 0.057634, 0.057884, 0.05828, 0.058407, 0.058502, 0.058883, 0.059337, 0.059605, 0.059718, 0.059855, 0.059872, 0.060053, 0.060083, 0.060135, 0.060229, 0.060247, 0.060651, 0.060714, 0.060716, 0.060733, 0.060928, 0.06116, 0.061651, 0.061778, 0.061876, 0.06194, 0.062109, 0.062315, 0.062472, 0.062542, 0.062802, 0.062816, 0.06287, 0.062994, 0.06302, 0.063198, 0.063294, 0.063462, 0.063471, 0.063657, 0.06399, 0.064245, 0.064332, 0.064489, 0.065299, 0.06576, 0.065813, 0.065865, 0.065951, 0.066019, 0.066153, 0.066283, 0.06685, 0.067191, 0.067329, 0.067365, 0.067405, 0.067812, 0.067925, 0.068041, 0.068042, 0.068263, 0.06849, 0.068708, 0.068894, 0.068901, 0.068988, 0.06907, 0.069367, 0.069377, 0.069646, 0.0697, 0.069799, 0.070612, 0.070624, 0.070638, 0.07072, 0.071164, 0.071196, 0.071334, 0.071468, 0.071684, 0.071846, 0.071853, 0.071997, 0.072029, 0.072306, 0.072382, 0.072489, 0.072871, 0.07334, 0.073369, 0.073502, 0.073771, 0.073965, 0.074592, 0.074627, 0.074768, 0.074916, 0.075054, 0.075111, 0.075452, 0.075488, 0.075691, 0.076031, 0.07632, 0.076719, 0.076869, 0.077118, 0.07713, 0.077544, 0.077599, 0.077683, 0.077685, 0.077761, 0.078136, 0.078263, 0.078346, 0.078529, 0.078537, 0.078891, 0.079267, 0.079297, 0.080117, 0.080123, 0.080177, 0.080378, 0.080407, 0.080526, 0.080557, 0.080815, 0.080969, 0.080997, 0.081059, 0.081638, 0.082104, 0.082145, 0.082353, 0.082814, 0.083177, 0.083185, 0.083195, 0.083476, 0.083571, 0.083684, 0.084175, 0.084221, 0.084494, 0.084669, 0.084706, 0.084815, 0.084836, 0.084916, 0.085048, 0.085205, 0.085272, 0.085343, 0.085895, 0.086098, 0.086101, 0.086175, 0.086524, 0.086782, 0.0868, 0.087023, 0.08739, 0.087717, 0.087749, 0.087878, 0.088075, 0.088089, 0.088332, 0.088335, 0.088382, 0.088503, 0.088529, 0.088781, 0.088848, 0.088886, 0.088995, 0.08912, 0.089159, 0.089314, 0.089602, 0.089633, 0.089801, 0.089902, 0.08991, 0.090143, 0.090388, 0.090505, 0.09078, 0.09094, 0.09106, 0.091525, 0.091659, 0.091699, 0.091766, 0.09189, 0.092102, 0.092602, 0.092624, 0.092722, 0.093264, 0.093435, 0.093631, 0.093804, 0.094014, 0.094073, 0.094159, 0.094207, 0.094276, 0.095236, 0.095272, 0.095305, 0.09544, 0.095621, 0.095804, 0.095851, 0.096052, 0.096252, 0.096465, 0.096565, 0.096671, 0.096976, 0.097095, 0.097242, 0.097368, 0.097486, 0.09756, 0.097808, 0.09794, 0.09796, 0.098041, 0.098278, 0.098318, 0.098462, 0.098603, 0.098622, 0.098649, 0.098817, 0.098909, 0.099172, 0.0993, 0.099397, 0.099566, 0.099638, 0.0998, 0.099864, 0.100039, 0.100285, 0.100316, 0.100573, 0.100627, 0.100707, 0.101171, 0.101409, 0.101442, 0.101469, 0.101604, 0.10189, 0.101958, 0.102061, 0.102107, 0.10217, 0.102214, 0.102258, 0.102402, 0.102728, 0.103546, 0.10383, 0.103968, 0.104554, 0.104781, 0.104992, 0.105002, 0.105311, 0.10552, 0.105624, 0.10603, 0.106272, 0.106469, 0.106793, 0.106919, 0.107255, 0.107522, 0.107784, 0.108195, 0.108235, 0.108487, 0.108498, 0.108659, 0.108766, 0.109196, 0.109236, 0.109424, 0.109448, 0.10972, 0.109839, 0.10998, 0.11014, 0.110307, 0.110858, 0.111006, 0.111425, 0.111759, 0.112197, 0.112754, 0.112905, 0.112998, 0.113141, 0.113257, 0.113736, 0.113772, 0.113864, 0.113906, 0.114213, 0.114259, 0.114369, 0.114412, 0.114464, 0.114477, 0.114771, 0.114794, 0.115898, 0.117228, 0.11726, 0.117338, 0.117435, 0.117633, 0.11815, 0.118156, 0.11823, 0.118418, 0.118944, 0.119194, 0.119419, 0.119561, 0.119855, 0.119966, 0.120032, 0.120177, 0.120363, 0.120418, 0.12074, 0.121305, 0.121414, 0.121841, 0.122088, 0.122464, 0.122583, 0.122654, 0.122661, 0.122734, 0.122925, 0.123186, 0.123357, 0.123498, 0.123681, 0.123717, 0.123762, 0.12387, 0.123879, 0.12391, 0.124229, 0.124532, 0.126654, 0.126792, 0.126931, 0.12711, 0.127165, 0.127887, 0.127937, 0.12795, 0.128092, 0.128269, 0.128431, 0.128545, 0.12895, 0.129241, 0.130175, 0.130487, 0.130513, 0.130654, 0.130784, 0.130907, 0.13105, 0.131486, 0.13159, 0.131872, 0.132114, 0.132151, 0.132277, 0.132679, 0.13276, 0.132932, 0.13314, 0.133544, 0.133789, 0.134155, 0.13417, 0.13437, 0.134634, 0.134643, 0.134903, 0.134979, 0.135016, 0.135279, 0.135365, 0.13577, 0.135814, 0.135839, 0.136124, 0.136256, 0.136294, 0.136597, 0.136606, 0.136762, 0.136924, 0.137048, 0.137356, 0.137396, 0.137591, 0.137909, 0.139193, 0.139399, 0.139646, 0.139781, 0.14095, 0.141, 0.141497, 0.141677, 0.141739, 0.14214, 0.142603, 0.142755, 0.142846, 0.143268, 0.143351, 0.143557, 0.144101, 0.144126, 0.144135, 