{"sigma_r": 3.0, "sigma_i": 0.5349, "m": 8, "seed": 3995645677, "n_k": {"1": 3792, "2": 909, "3": 239, "4": 53, "5": 12, "6+": 2}, "dlogr": [0.0, 8.5e-05, 0.000397, 0.000604, 0.000613, 0.000765, 0.000931, 0.000933, 0.001185, 0.001224, 0.001261, 0.00143, 0.001485, 0.001573, 0.002267, 0.002327, 0.002467, 0.002473, 0.002916, 0.003089, 0.003218, 0.003222, 0.003244, 0.003291, 0.003301, 0.004022, 0.0042, 0.004211, 0.004272, 0.004294, 0.004821, 0.005047, 0.005214, 0.005919, 0.005988, 0.006334, 0.006345, 0.006455, 0.00672, 0.006922, 0.007183, 0.007195, 0.007273, 0.00738, 0.007382, 0.007424, 0.007601, 0.00777, 0.007791, 0.008089, 0.008128, 0.008224, 0.008492, 0.008555, 0.008703, 0.008796, 0.008891, 0.009004, 0.009066, 0.009164, 0.009236, 0.009262, 0.009428, 0.009865, 0.010046, 0.010478, 0.011045, 0.01115, 0.011217, 0.011247, 0.011264, 0.011648, 0.011707, 0.011777, 0.011779, 0.01182, 0.011913, 0.011965, 0.011988, 0.012422, 0.012703, 0.012983, 0.01302, 0.0132, 0.013227, 0.01324, 0.013594, 0.013773, 0.013944, 0.013989, 0.014001, 0.014249, 0.014482, 0.014514, 0.014551, 0.014593, 0.015042, 0.015114, 0.015155, 0.01551, 0.01557, 0.015771, 0.015897, 0.015941, 0.016016, 0.016448, 0.016587, 0.016872, 0.016909, 0.017085, 0.017218, 0.017836, 0.018136, 0.018244, 0.018252, 0.018536, 0.018561, 0.019539, 0.019679, 0.019781, 0.02037, 0.02082, 0.020923, 0.021075, 0.021185, 0.021218, 0.021346, 0.021437, 0.02154, 0.021542, 0.021908, 0.022193, 0.022338, 0.022348, 0.022643, 0.022662, 0.022817, 0.023413, 0.023606, 0.023732, 0.023786, 0.023834, 0.023934, 0.024006, 0.024021, 0.024154, 0.024163, 0.024318, 0.024329, 0.024518, 0.024526, 0.025409, 0.025495, 0.02554, 0.026103, 0.026204, 0.026331, 0.026508, 0.026611, 0.027391, 0.028183, 0.028412, 0.028647, 0.028725, 0.028796, 0.028801, 0.029094, 0.029114, 0.029493, 0.029702, 0.029807, 0.030142, 0.030207, 0.030335, 0.030534, 0.030771, 0.031076, 0.031086, 0.031101, 0.031134, 0.031249, 0.031697, 0.031846, 0.03197, 0.032257, 0.032383, 0.032599, 0.03265, 0.032901, 0.03291, 0.033065, 0.033272, 0.033315, 0.033424, 0.033598, 0.03386, 0.0341, 0.034579, 0.034651, 0.034721, 0.034888, 0.034897, 0.03497, 0.035048, 0.035218, 0.035275, 0.035518, 0.036377, 0.036793, 0.036804, 0.037259, 0.037466, 0.037516, 0.037601, 0.037863, 0.037913, 0.037939, 0.038469, 0.038485, 0.038892, 0.039405, 0.039431, 0.039581, 0.039735, 0.039799, 0.039838, 0.039902, 0.039967, 0.040125, 0.040308, 0.040805, 0.041059, 0.041344, 0.041598, 0.042063, 0.042285, 0.04271, 0.04296, 0.043118, 0.043153, 0.043331, 0.04362, 0.043938, 0.044022, 0.044081, 0.044083, 0.044117, 0.044415, 0.044971, 0.045384, 0.045729, 0.045819, 0.046567, 0.046778, 0.046888, 0.047933, 0.047939, 0.048381, 0.048543, 0.048961, 0.049128, 0.049457, 0.050357, 0.050611, 0.050703, 0.051137, 0.051165, 0.051234, 0.05127, 0.051295, 0.0513, 0.051496, 0.051563, 0.052057, 0.052459, 0.052899, 0.052946, 0.053296, 0.054015, 0.054397, 0.054451, 0.054569, 0.054605, 0.054893, 0.055704, 0.055835, 0.055964, 0.056061, 0.056348, 0.056423, 0.057008, 0.05701, 0.057079, 0.057234, 0.057442, 0.057799, 0.058432, 0.058462, 0.058707, 0.058718, 0.058883, 0.058903, 0.058992, 0.059016, 0.059159, 0.059186, 0.05923, 0.059873, 0.059997, 0.060066, 0.060146, 0.06019, 0.06075, 0.061211, 0.061223, 0.061289, 0.061425, 0.061534, 0.062169, 0.062243, 0.06296, 0.062999, 0.063005, 0.063091, 0.063277, 0.063719, 0.063932, 0.063935, 0.064015, 0.064037, 0.064213, 0.064975, 0.065033, 0.065197, 0.065335, 0.065365, 0.065489, 0.065905, 0.066139, 0.066273, 0.066529, 0.066543, 0.066605, 0.066881, 0.067095, 0.067218, 0.06739, 0.067605, 0.067639, 0.067846, 0.06819, 0.068253, 0.068309, 0.068313, 0.068348, 0.068525, 0.068844, 0.069278, 0.069984, 0.069993, 0.07, 0.070067, 0.07009, 0.070241, 0.07064, 0.07071, 0.071095, 0.071571, 0.071731, 0.071849, 0.071868, 0.072035, 0.07219, 0.072266, 0.07257, 0.072726, 0.072824, 0.073068, 0.073121, 0.073149, 0.073696, 0.07396, 0.074106, 0.074336, 0.074366, 0.074402, 0.07441, 0.074509, 0.074549, 0.075018, 0.075097, 0.075419, 0.075629, 0.075717, 0.076024, 0.076245, 0.076647, 0.076837, 0.076885, 0.076922, 0.077308, 0.077483, 0.077643, 0.077729, 0.077753, 0.077757, 0.078206, 0.078515, 0.078691, 0.078718, 0.07878, 0.078803, 0.078969, 0.079084, 0.079108, 0.079401, 0.079442, 0.079484, 0.080796, 0.081151, 0.081204, 0.081396, 0.081838, 0.082004, 0.082459, 0.08275, 0.083023, 0.083043, 0.083193, 0.083402, 0.083471, 0.083572, 0.083761, 0.084105, 0.08413, 0.084175, 0.084187, 0.084355, 0.084375, 0.084424, 0.084588, 0.084706, 0.085409, 0.085757, 0.086122, 0.086384, 0.087238, 0.08727, 0.087979, 0.088056, 0.088132, 0.088188, 0.088204, 0.088246, 0.088332, 0.088346, 0.088394, 0.08851, 0.088892, 0.089132, 0.089251, 0.09018, 0.090315, 0.090862, 0.091154, 0.091758, 0.092401, 0.092512, 0.092906, 0.092932, 0.093271, 0.093279, 0.093751, 0.094242, 0.094252, 0.094372, 0.094417, 0.094474, 0.094843, 0.095021, 0.095489, 0.095521, 0.095591, 0.095735, 0.095737, 0.095885, 0.09589, 0.096442, 0.096455, 0.096568, 0.097119, 0.097136, 0.097464, 0.098027, 0.098618, 0.099392, 0.09983, 0.100103, 0.101117, 0.101257, 0.101307, 0.101348, 0.101403, 0.101552, 0.10167, 0.102053, 0.102372, 0.102663, 0.103016, 0.10316, 0.103165, 0.103284, 0.103312, 0.103319, 0.103514, 0.104208, 0.104418, 0.104419, 0.1045, 0.104565, 0.104913, 0.105029, 0.105505, 0.105772, 0.105776, 0.105832, 0.105913, 0.106042, 0.106397, 0.106438, 0.106599, 0.106637, 0.106675, 0.106805, 0.107258, 0.107689, 0.108033, 0.108071, 0.108097, 0.108262, 0.108303, 0.108494, 0.108505, 0.10858, 0.108686, 0.108785, 0.108817, 0.108837, 0.108922, 0.109104, 0.109142, 0.10935, 0.109501, 0.11027, 0.110315, 0.110327, 0.11059, 0.110951, 0.11113, 0.111412, 0.111443, 0.111559, 0.111715, 0.111983, 0.112471, 0.112484, 0.11273, 0.112811, 0.11283, 0.112831, 0.112896, 0.112962, 0.113102, 0.113267, 0.113583, 0.113632, 0.113728, 0.11426, 0.114313, 0.114534, 0.114645, 0.114773, 0.114917, 0.115394, 0.115397, 0.115701, 0.115885, 0.115985, 0.116112, 0.116438, 0.117372, 0.117457, 0.117695, 0.117964, 0.118253, 0.118551, 0.118871, 0.118968, 0.119002, 0.120228, 0.121065, 0.121128, 0.121283, 0.121322, 0.121481, 0.12152, 0.121693, 0.121762, 0.121778, 0.122249, 0.122274, 0.122565, 0.122786, 0.122891, 0.122893, 0.123045, 0.123365, 0.123475, 0.123571, 0.123764, 0.123862, 0.124021, 0.124425, 0.124429, 0.124629, 0.124711, 0.124747, 0.125098, 0.125158, 0.12567, 0.125959, 0.126058, 0.126342, 0.127134, 0.127334, 0.127404, 0.127439, 0.127483, 0.127582, 0.127736, 0.127755, 0.128029, 0.128251, 0.128748, 0.129185, 0.129468, 0.130028, 0.130045, 0.130394, 0.130554, 0.131011, 0.131172, 0.131179, 0.131269, 0.131288, 0.131773, 0.131798, 0.132038, 0.132535, 0.132596, 0.132754, 0.132969, 0.133318, 0.133351, 0.133511, 0.133554, 0.133582, 0.133887, 0.1341, 0.134478, 0.134526, 0.13479, 0.134819, 0.135009, 0.135333, 0.135349, 0.135541, 0.135884, 0.136393, 0.137374, 0.137477, 0.137544, 0.137704, 0.138038, 0.138151, 0.13832, 0.138525, 0.138781, 0.139002, 0.139772, 0.13992, 0.140115, 0.140224, 0.140275, 0.140356, 0.140633, 0.140711, 0.140875, 0.141081, 0.142254, 0.14246, 0.142683, 0.143047, 0.143314, 0.143485, 0.143641, 0.143816, 0.143901, 0.144213, 0.144277, 0.144324, 0.144506, 0.145033, 0.14518, 0.145954, 0.146491, 0.146623, 0.146765, 0.147063, 0.147279, 0.148145, 0.148493, 0.148722, 0.148787, 0.148999, 0.14937, 0.149452, 0.149525, 0.149974, 0.150172, 0.150287, 0.150456, 0.150814, 0.151002, 0.151187, 0.151393, 0.151403, 0.151597, 0.151763, 0.151933, 0.152048, 0.152311, 0.152327, 0.152669, 0.153334, 0.153459, 0.15356, 0.153587, 0.153663, 0.153857, 0.154016, 0.154732, 0.154773, 0.155219, 0.155647, 0.155837, 0.156026, 0.156154, 0.156214, 0.156478, 0.156503, 0.157165, 0.157302, 0.158012, 0.158474, 0.158932, 0.1592, 0.159285, 0.160214, 0.161052, 0.161607, 0.16223, 0.162502, 0.162513, 0.162736, 0.162986, 0.163044, 0.163156, 0.16418, 0.16458, 0.165147, 0.165321, 0.165461, 0.165559, 0.165937, 0.16594, 0.16685, 0.167236, 0.167491, 0.167911, 0.167917, 0.168098, 0.16826, 0.168368, 0.168384, 