{"sigma_r": 0.6181, "sigma_i": 1.1186, "m": 0, "seed": 179283563, "n_k": {"1": 3882, "2": 915, "3": 264, "4": 56, "5": 8, "6+": 1}, "dlogr": [0.0, 0.0, 0.0, 0.0, 0.0, 0.0, 8.2e-05, 9.8e-05, 0.000114, 0.000172, 0.000193, 0.000211, 0.000246, 0.000274, 0.000415, 0.000546, 0.00078, 0.000834, 0.000859, 0.001017, 0.001056, 0.001122, 0.001303, 0.001347, 0.00143, 0.001572, 0.001673, 0.001824, 0.001943, 0.001961, 0.002408, 0.002494, 0.002539, 0.002639, 0.002749, 0.002844, 0.002958, 0.002964, 0.003028, 0.003111, 0.003599, 0.003863, 0.003966, 0.004066, 0.004372, 0.004499, 0.004625, 0.004625, 0.004651, 0.004658, 0.004662, 0.004969, 0.005012, 0.005022, 0.005071, 0.005072, 0.005419, 0.005438, 0.005585, 0.005635, 0.005667, 0.005678, 0.005746, 0.005992, 0.006007, 0.006105, 0.006326, 0.006601, 0.006634, 0.006698, 0.006709, 0.006734, 0.006846, 0.006864, 0.006952, 0.00699, 0.007004, 0.007178, 0.00724, 0.007555, 0.007597, 0.007681, 0.007729, 0.007759, 0.007848, 0.007852, 0.008056, 0.008066, 0.008123, 0.008603, 0.008649, 0.008738, 0.008821, 0.00897, 0.00951, 0.009654, 0.00967, 0.009812, 0.009843, 0.010073, 0.010194, 0.010226, 0.010422, 0.010463, 0.010484, 0.010504, 0.010529, 0.010584, 0.0106, 0.010615, 0.010632, 0.010657, 0.010708, 0.010731, 0.010919, 0.010979, 0.011101, 0.011198, 0.011446, 0.011465, 0.011535, 0.011543, 0.011575, 0.011652, 0.011656, 0.011968, 0.012107, 0.012275, 0.012368, 0.012385, 0.012399, 0.012495, 0.012679, 0.013112, 0.013141, 0.013313, 0.013341, 0.013467, 0.013542, 0.013649, 0.013675, 0.013756, 0.014135, 0.014203, 0.014264, 0.014288, 0.014291, 0.014292, 0.014332, 0.014504, 0.014727, 0.014798, 0.014862, 0.014929, 0.015013, 0.015041, 0.015414, 0.01545, 0.015576, 0.015651, 0.015694, 0.015704, 0.015802, 0.015812, 0.015831, 0.015883, 0.015892, 0.015906, 0.015962, 0.016045, 0.016047, 0.016051, 0.016083, 0.016104, 0.01619, 0.016215, 0.016516, 0.016563, 0.016783, 0.016798, 0.017132, 0.017183, 0.017214, 0.017222, 0.017277, 0.017281, 0.017318, 0.017362, 0.017404, 0.017597, 0.017668, 0.017688, 0.017692, 0.017701, 0.017762, 0.017814, 0.017845, 0.017874, 0.017922, 0.01795, 0.017995, 0.018364, 0.018515, 0.018573, 0.018726, 0.018783, 0.018806, 0.018826, 0.019282, 0.019333, 0.019473, 0.0196, 0.019629, 0.019727, 0.01973, 0.019745, 0.019764, 0.019838, 0.01987, 0.019922, 0.020075, 0.020161, 0.020507, 0.020517, 0.020548, 0.020731, 0.021221, 0.0213, 0.021693, 0.021716, 0.021727, 0.021838, 0.021952, 0.021979, 0.022017, 0.022052, 0.022167, 0.022239, 0.022301, 0.022635, 0.022749, 0.022753, 0.022792, 0.023047, 0.02315, 0.023154, 0.023187, 0.023229, 0.023246, 0.023333, 0.023447, 0.023728, 0.023877, 0.024048, 0.024115, 0.024141, 0.024268, 0.024312, 0.0244, 0.024517, 0.024737, 0.024978, 0.024992, 0.025051, 0.025176, 0.025399, 0.025463, 0.025514, 0.025532, 0.025701, 0.02574, 0.025869, 0.02595, 0.025952, 0.026005, 0.026112, 0.026148, 0.026283, 0.026384, 0.026532, 0.026802, 0.027084, 0.027342, 0.02737, 0.027449, 0.027467, 0.027491, 0.027513, 0.02805, 0.028191, 0.028197, 0.028249, 0.028392, 0.028415, 0.02843, 0.028739, 0.028746, 0.028948, 0.029079, 0.029106, 0.029144, 0.029337, 0.029528, 0.029531, 0.029601, 0.029604, 0.029699, 0.029713, 0.029914, 0.029926, 0.029932, 0.030073, 0.03016, 0.030186, 0.030323, 0.030438, 0.030609, 0.03073, 0.030847, 0.030901, 0.030961, 0.031134, 0.031184, 0.031313, 0.031394, 0.031443, 0.031451, 0.031452, 0.03147, 0.031547, 0.0316, 0.03181, 0.031821, 0.031918, 0.031919, 0.032002, 0.032014, 0.032015, 0.032046, 0.032098, 0.032171, 0.032195, 0.032242, 0.032341, 0.032552, 0.032676, 0.032753, 0.032828, 0.032904, 0.033003, 0.033004, 0.033291, 0.033328, 0.033361, 0.033543, 0.033546, 0.03379, 0.033798, 0.033929, 0.034318, 0.034325, 0.034408, 0.034583, 0.034631, 0.03476, 0.034829, 0.03488, 0.035122, 0.035204, 0.035214, 0.035265, 0.035277, 0.035373, 0.035447, 0.035564, 0.035704, 0.035766, 0.03589, 0.035935, 0.036073, 0.036126, 0.036285, 0.036458, 0.036631, 0.036656, 0.037, 0.037021, 0.037067, 0.037106, 0.037118, 0.037154, 0.037248, 0.037264, 0.037438, 0.037504, 0.037544, 0.037605, 0.037669, 0.037698, 0.038008, 0.038024, 0.038067, 0.038138, 0.038404, 0.038435, 0.038572, 0.038596, 0.038694, 0.038907, 0.038916, 0.03896, 0.03917, 0.039288, 0.039378, 0.039468, 0.039517, 0.039747, 0.039793, 0.039794, 0.039801, 0.039874, 0.039897, 0.040451, 0.040468, 0.040481, 0.040648, 0.040648, 0.040669, 0.040949, 0.04098, 0.04101, 0.041067, 0.04136, 0.041436, 0.041453, 0.041638, 0.041696, 0.041725, 0.041759, 0.041777, 0.041825, 0.04205, 0.042368, 0.042782, 0.042806, 0.042982, 0.042984, 0.043003, 0.04303, 0.043073, 0.043204, 0.043212, 0.043395, 0.043668, 0.043747, 0.043845, 0.043855, 0.043856, 0.043882, 0.044006, 0.044558, 0.044561, 0.044575, 0.044836, 0.044947, 0.045226, 0.045346, 0.045598, 0.045664, 0.045867, 0.045868, 0.045871, 0.04595, 0.045989, 0.046424, 0.046431, 0.046494, 0.046837, 0.046915, 0.046944, 0.046987, 0.047596, 0.047738, 0.0478, 0.047816, 0.047953, 0.048061, 0.048278, 0.048399, 0.048411, 0.048521, 0.048562, 0.048581, 0.048689, 0.04884, 0.048918, 0.049203, 0.049295, 0.049471, 0.049535, 0.049674, 0.049774, 0.049907, 0.050005, 0.050195, 0.050248, 0.050248, 0.05028, 0.050352, 0.050433, 0.0505, 0.050525, 0.050618, 0.050864, 0.051157, 0.051376, 0.05139, 0.051406, 0.051505, 0.051513, 0.051618, 0.051962, 0.052041, 0.052125, 0.052203, 0.052254, 0.052325, 0.052549, 0.052551, 0.052589, 0.052655, 0.052819, 0.052949, 0.053244, 0.053684, 0.053744, 0.053786, 0.053888, 0.053955, 0.05428, 0.054392, 0.054448, 0.054501, 0.054635, 0.054659, 0.054693, 0.054914, 0.055038, 0.05526, 0.055448, 0.055611, 0.05587, 0.056137, 0.056249, 0.056306, 0.056351, 0.056414, 0.056433, 0.05646, 0.056517, 0.056577, 0.056857, 0.056862, 0.056892, 0.056911, 0.057006, 0.057136, 0.057208, 0.057222, 0.057264, 0.057271, 0.05742, 0.057495, 0.057584, 0.057598, 0.057683, 0.05803, 0.058079, 0.058292, 0.058323, 0.058557, 0.058658, 0.058859, 0.058877, 0.058906, 0.058964, 0.059485, 0.059495, 0.059498, 0.059553, 0.05964, 0.05985, 0.060084, 0.060261, 0.060337, 0.060348, 0.060371, 0.060427, 0.060598, 0.060617, 0.060815, 0.060928, 0.060972, 0.061036, 0.061225, 0.061366, 0.061546, 0.061617, 0.061711, 0.061793, 0.061927, 0.062098, 0.062758, 0.062949, 0.063143, 0.063188, 0.063703, 0.064265, 0.064591, 0.064786, 0.065052, 0.065432, 0.065592, 0.065613, 0.06564, 0.065844, 0.065935, 0.065957, 0.065964, 0.066023, 0.06603, 0.066097, 0.066127, 0.066167, 0.066168, 0.066265, 0.066314, 0.066441, 0.066512, 0.066663, 0.06676, 0.066924, 0.06708, 0.067154, 0.067197, 0.067442, 0.067577, 0.067874, 0.067961, 0.067968, 0.068195, 0.068233, 0.068588, 0.06863, 0.068681, 0.068798, 0.069335, 0.0694, 0.06943, 0.069723, 0.069797, 0.069822, 0.069845, 0.069889, 0.069906, 0.069951, 0.070145, 0.07031, 0.070353, 0.070364, 0.070442, 0.070532, 0.070624, 0.070953, 0.070989, 0.07114, 0.071147, 0.071294, 0.071359, 0.071632, 0.072033, 0.072641, 0.072821, 0.07283, 0.072878, 0.073432, 0.073496, 0.073575, 0.073587, 0.073692, 0.073779, 0.073848, 0.074371, 0.074377, 0.074571, 0.075206, 0.075216, 0.075243, 0.075349, 0.07535, 0.075504, 0.075604, 0.075669, 0.075781, 0.075815, 0.075898, 0.076198, 0.076226, 0.076295, 0.076421, 0.076429, 0.076515, 0.076619, 0.077045, 0.077187, 0.07739, 0.07748, 0.077614, 0.07819, 0.07828, 0.078415, 0.078562, 0.078998, 0.079015, 0.079161, 0.079231, 0.079349, 0.079554, 0.079655, 0.079657, 0.079659, 0.079857, 0.079983, 0.080449, 0.080739, 0.080978, 0.081119, 0.081143, 0.081496, 0.081538, 0.08154, 0.081593, 0.081631, 0.081676, 0.081782, 0.081876, 0.08189, 0.081924, 0.082356, 0.082442, 0.082484, 0.082496, 0.08266, 0.083085, 0.083091, 0.083312, 0.083351, 0.083408, 0.083409, 0.083447, 0.083478, 0.08358, 0.083869, 0.083965, 0.084013, 0.084053, 0.084058, 0.084077, 0.084191, 0.084418, 0.084489, 0.084629, 0.085019, 0.085317, 0.085337, 0.085461, 0.085915, 0.086088, 0.086109, 0.08645, 0.086535, 0.086596, 0.086983, 0.087025, 0.087117, 0.087345, 0.087836, 0.087963, 0.088376, 0.088451, 0.088743, 0.088976, 0.089625, 0.089842, 0.089842, 0.090249, 0.090784, 