{"sigma_r": 0.32, "sigma_i": 4.5, "m": 0, "seed": 1340444263, "n_k": {"1": 5058, "2": 646, "3": 67, "4": 7, "5": 0, "6+": 0}, "dlogr": [0.0, 0.0, 0.0, 0.000166, 0.000191, 0.000606, 0.000616, 0.000777, 0.00088, 0.000917, 0.001277, 0.001427, 0.001536, 0.001571, 0.001762, 0.002156, 0.00216, 0.002224, 0.002265, 0.002294, 0.002335, 0.002483, 0.002485, 0.0025, 0.002862, 0.003517, 0.003819, 0.00435, 0.004399, 0.004421, 0.004422, 0.004864, 0.004946, 0.004992, 0.005052, 0.005421, 0.005425, 0.005639, 0.005675, 0.005772, 0.0059, 0.006085, 0.006163, 0.006222, 0.006223, 0.006505, 0.00659, 0.006694, 0.006706, 0.006893, 0.007005, 0.007129, 0.007136, 0.007326, 0.00737, 0.007655, 0.007762, 0.007859, 0.007944, 0.008119, 0.008201, 0.008227, 0.008229, 0.008256, 0.008316, 0.008318, 0.008383, 0.00841, 0.008511, 0.008605, 0.008976, 0.0091, 0.009238, 0.009859, 0.009904, 0.009989, 0.010109, 0.010203, 0.010383, 0.010888, 0.011082, 0.011208, 0.011369, 0.011541, 0.012269, 0.012309, 0.012333, 0.01238, 0.01243, 0.012514, 0.012541, 0.012681, 0.012805, 0.012812, 0.013119, 0.013129, 0.013173, 0.013212, 0.013611, 0.01375, 0.013859, 0.014052, 0.014157, 0.014198, 0.0146, 0.014963, 0.015013, 0.015297, 0.01564, 0.016296, 0.016363, 0.016573, 0.017034, 0.017234, 0.017241, 0.017624, 0.017705, 0.017918, 0.01828, 0.018513, 0.018685, 0.019223, 0.019416, 0.019451, 0.019593, 0.019654, 0.019816, 0.019968, 0.020101, 0.020131, 0.020211, 0.020346, 0.02089, 0.020932, 0.021116, 0.021338, 0.022072, 0.022319, 0.022319, 0.022574, 0.022576, 0.022632, 0.022875, 0.023118, 0.023124, 0.023383, 0.023603, 0.024034, 0.024189, 0.024282, 0.024324, 0.02439, 0.024451, 0.024814, 0.024844, 0.025182, 0.025294, 0.025454, 0.025646, 0.025737, 0.025912, 0.025996, 0.026047, 0.026319, 0.026377, 0.026446, 0.026459, 0.026663, 0.027058, 0.027575, 0.027619, 0.027734, 0.027809, 0.027826, 0.027969, 0.028405, 0.028469, 0.028538, 0.028726, 0.028744, 0.02875, 0.028832, 0.029026, 0.029285, 0.029544, 0.029576, 0.029586, 0.029958, 0.030114, 0.030119, 0.030163, 0.030204, 0.030285, 0.030285, 0.030446, 0.030635, 0.030672, 0.031308, 0.031351, 0.03165, 0.032032, 0.032259, 0.032629, 0.033086, 0.03373, 0.034081, 0.034085, 0.034374, 0.034499, 0.034611, 0.034647, 0.034681, 0.034838, 0.035128, 0.035237, 0.035498, 0.035771, 0.035785, 0.036, 0.036349, 0.036476, 0.036523, 0.036692, 0.036715, 0.037324, 0.037327, 0.037606, 0.037722, 0.038047, 0.038206, 0.03846, 0.038526, 0.038622, 0.038928, 0.039017, 0.039209, 0.039339, 0.039369, 0.039438, 0.039628, 0.03968, 0.039891, 0.039977, 0.040505, 0.040576, 0.040581, 0.040681, 0.040728, 0.040732, 0.04079, 0.040795, 0.041023, 0.041069, 0.041424, 0.041683, 0.041775, 0.042163, 0.042281, 0.042419, 0.043023, 0.043097, 0.043143, 0.043344, 0.043508, 0.043517, 0.043675, 0.043699, 0.043761, 0.044016, 0.044094, 0.044228, 0.04428, 0.044464, 0.044471, 0.044492, 0.044596, 0.044699, 0.044738, 0.044775, 0.045051, 0.045227, 0.045346, 0.045478, 0.045639, 0.045737, 0.045821, 0.045915, 0.046205, 0.046555, 0.046589, 0.046723, 0.046855, 0.046954, 0.04696, 0.046976, 0.0472, 0.047203, 0.047378, 0.047415, 0.048135, 0.048202, 0.048511, 0.048608, 0.048917, 0.049097, 0.04922, 0.049371, 0.049925, 0.050057, 0.050399, 0.050666, 0.050769, 0.050829, 0.050833, 0.050969, 0.051436, 0.051593, 0.051603, 0.051849, 0.051959, 0.052008, 0.052072, 0.052211, 0.052429, 0.052577, 0.052691, 0.052714, 0.053024, 0.053133, 0.053203, 0.053341, 0.053354, 0.053997, 0.054044, 0.054711, 0.054839, 0.05487, 0.054925, 0.054993, 0.055219, 0.055518, 0.055698, 0.05597, 0.056243, 0.056496, 0.056513, 0.057019, 0.057107, 0.057794, 0.058181, 0.058277, 0.058339, 0.058723, 0.058855, 0.059459, 0.059665, 0.059728, 0.059962, 0.060338, 0.06042, 0.060557, 0.060716, 0.060814, 0.060824, 0.06103, 0.061036, 0.061051, 0.061134, 0.061171, 0.061174, 0.061183, 0.061385, 0.061812, 0.061884, 0.062174, 0.062203, 0.062765, 0.062856, 0.062979, 0.063624, 0.063726, 0.063745, 0.063753, 0.063998, 0.064688, 0.064777, 0.064984, 0.065007, 0.065034, 0.065186, 0.065328, 0.06541, 0.065429, 0.065661, 0.065797, 0.066042, 0.066293, 0.066309, 0.066421, 0.066557, 0.06666, 0.066731, 0.067277, 0.067317, 0.067507, 0.068007, 0.068025, 0.068187, 0.068384, 0.068528, 0.068679, 0.069182, 0.069257, 0.069319, 0.069373, 0.069797, 0.070326, 0.070523, 0.07058, 0.070633, 0.070867, 0.070934, 0.071074, 0.071183, 0.071535, 0.071744, 0.071862, 0.071922, 0.072036, 0.07207, 0.072589, 0.072717, 0.072748, 0.072797, 0.07329, 0.073331, 0.073361, 0.073379, 0.073756, 0.073876, 0.074075, 0.074264, 0.074279, 0.074349, 0.076478, 0.076707, 0.076809, 0.077341, 0.07741, 0.077731, 0.078939, 0.079045, 0.079118, 0.079356, 0.07948, 0.079508, 0.079523, 0.079527, 0.079589, 0.07969, 0.079796, 0.079886, 0.079924, 0.080086, 0.080357, 0.080383, 0.080446, 0.080494, 0.08052, 0.080602, 0.080973, 0.080976, 0.081004, 0.081061, 0.081194, 0.082008, 0.082456, 0.082726, 0.082754, 0.082971, 0.083158, 0.083567, 0.083724, 0.08401, 0.084026, 0.084035, 0.08437, 0.084927, 0.085008, 0.085334, 0.085955, 0.086338, 0.08665, 0.087213, 0.08731, 0.087557, 0.087938, 0.088273, 0.088645, 0.088646, 0.089156, 0.089403, 0.089702, 0.089834, 0.089846, 0.089988, 0.090326, 0.090589, 0.090905, 0.091124, 0.091962, 0.092028, 0.092351, 0.092648, 0.093152, 0.093669, 0.093678, 0.093709, 0.093756, 0.094065, 0.094255, 0.09467, 0.094672, 0.094754, 0.094823, 0.094893, 0.095212, 0.095824, 0.095858, 0.096345, 0.096393, 0.09662, 0.096769, 0.098083, 0.098336, 0.098421, 0.098579, 0.098601, 0.098667, 0.098879, 0.099045, 0.099374, 0.099454, 0.099532, 0.100792, 0.100841, 0.101099, 0.101516, 0.101648, 0.101803, 0.101832, 0.101948, 0.10195, 0.103062, 0.103409, 0.104122, 0.104658, 0.10621, 0.106355, 0.106576, 0.107122, 0.109294, 0.109922, 0.110413, 0.110422, 0.110473, 0.110887, 0.111478, 0.111764, 0.111911, 0.112172, 0.11243, 0.112795, 0.11338, 0.11391, 0.114725, 0.115578, 0.115639, 0.115947, 0.116124, 0.116546, 0.116736, 0.118168, 0.119777, 0.121411, 0.121572, 0.121788, 0.121924, 0.122143, 0.122334, 0.1224, 0.123187, 0.12368, 0.125635, 0.126648, 0.129155, 0.129538, 0.13019, 0.130204, 0.130357, 0.130457, 0.131859, 0.132385, 0.132703, 0.133403, 0.133667, 0.133777, 0.134352, 0.134684, 0.135016, 0.135274, 0.136666, 0.136711, 0.136843, 0.137051, 0.138004, 0.138755, 0.139557, 0.141023, 0.141549, 0.142309, 0.144487, 0.144647, 0.14475, 0.145565, 0.147489, 0.147704, 0.148572, 0.149538, 0.150155, 0.150347, 0.155445, 0.157217, 0.157412, 0.157501, 0.157502, 0.157589, 0.158258, 0.158599, 0.159048, 0.160562, 0.162792, 0.164703, 0.166101, 0.166185, 0.168001, 0.169653, 0.170299, 0.175006, 0.176707, 0.178428, 0.185676, 0.188231, 0.192868, 0.193405, 0.196157, 0.21511, 0.219288, 0.219595, 0.221896, 0.231278, 0.234661, 0.247341, 0.262511, 0.285836, 0.299399, 0.335136, 0.411317, 0.423126, 0.428793, 0.439324, 0.454097, 0.456692, 0.457707, 0.508877, 0.524221, 0.54838, 0.562636, 0.565847, 0.56935, 0.571174, 0.575295, 0.579797, 0.581396, 0.586789, 0.58791, 0.588114, 0.589792, 0.594248, 0.595343, 0.596334, 0.601204, 0.602112, 0.603666, 0.606363, 0.608001, 0.620389, 0.621945, 0.630708, 0.638848, 0.645116, 0.651434, 0.651594, 0.654025, 0.654252, 0.656286, 0.657796, 0.658984, 0.659843, 0.673917, 0.674602, 0.674725, 0.701772, 0.702708, 0.708782, 0.714659, 0.715433, 0.71638, 0.717875, 0.720946, 0.723549, 0.727577, 0.731905, 0.731938, 0.74692, 0.750262, 0.760175, 0.763532, 0.763912, 0.768877, 0.769149, 0.773374, 0.777368, 0.778561, 0.781697, 0.79603, 0.797032, 0.799625, 0.803764, 0.806477, 0.809137, 0.809181, 0.810091, 0.81648, 0.825516, 0.831653, 0.832772, 0.844639, 0.845278, 0.846911, 0.850861, 0.852014, 0.854097, 0.855951, 0.865709, 0.870681, 0.872136, 0.877905, 0.879533, 0.883368, 0.884139, 0.898185, 0.898764, 0.901533, 0.902677, 0.903065, 0.907099, 0.909681, 0.919551, 0.920911, 0.921831, 0.925427, 0.928551, 0.932974, 0.938382, 0.946018, 0.948345, 0.951145, 0.955901, 0.959508, 0.960089, 0.962494, 0.965464, 0.969238, 0.977454, 0.979541, 0.98677, 0.993328, 1.001834, 1.00283, 1.003811, 1.004706, 1.010753, 1.012946, 1.013795, 