{"sigma_r": 0.6181, "sigma_i": 1.8292, "m": 2, "seed": 877839420, "n_k": {"1": 4258, "2": 941, "3": 183, "4": 31, "5": 2, "6+": 0}, "dlogr": [0.0, 0.0, 0.0, 0.0, 0.0, 0.0, 0.0, 0.0, 0.000224, 0.000286, 0.001053, 0.001124, 0.001269, 0.00135, 0.001371, 0.001398, 0.001558, 0.001559, 0.001673, 0.00187, 0.002022, 0.002116, 0.002362, 0.002366, 0.002402, 0.002405, 0.002563, 0.002703, 0.002773, 0.002893, 0.002928, 0.002975, 0.003104, 0.003124, 0.003154, 0.003394, 0.003491, 0.003566, 0.00382, 0.003868, 0.003875, 0.004052, 0.004258, 0.004423, 0.004425, 0.004493, 0.004649, 0.004664, 0.004699, 0.004744, 0.004932, 0.004949, 0.005495, 0.005564, 0.005777, 0.005856, 0.00587, 0.006048, 0.006095, 0.006122, 0.006713, 0.006791, 0.006906, 0.006936, 0.007032, 0.007627, 0.007635, 0.007651, 0.007822, 0.008179, 0.008646, 0.008665, 0.008757, 0.00885, 0.008862, 0.008909, 0.008972, 0.008989, 0.009054, 0.009154, 0.009224, 0.009372, 0.009464, 0.01002, 0.010073, 0.01015, 0.010263, 0.010337, 0.010446, 0.010581, 0.01059, 0.010705, 0.010813, 0.010894, 0.010999, 0.011037, 0.011107, 0.011196, 0.011199, 0.011382, 0.011574, 0.011611, 0.011687, 0.011706, 0.011785, 0.011831, 0.012083, 0.012145, 0.012377, 0.012398, 0.012497, 0.012766, 0.012968, 0.012998, 0.013205, 0.013269, 0.013441, 0.013534, 0.013564, 0.013638, 0.013845, 0.014262, 0.014532, 0.014664, 0.014888, 0.014928, 0.015034, 0.015061, 0.01522, 0.01522, 0.015341, 0.015459, 0.015534, 0.015764, 0.015889, 0.016146, 0.016148, 0.016712, 0.016721, 0.01705, 0.017068, 0.017173, 0.017644, 0.017868, 0.017954, 0.018338, 0.018354, 0.018517, 0.018581, 0.018639, 0.018767, 0.019012, 0.019318, 0.019443, 0.019615, 0.020141, 0.020406, 0.020441, 0.020551, 0.020555, 0.020687, 0.020722, 0.02114, 0.021199, 0.021292, 0.021352, 0.021508, 0.021632, 0.021743, 0.021819, 0.021876, 0.022117, 0.02252, 0.022744, 0.022749, 0.023072, 0.023325, 0.023418, 0.023638, 0.023782, 0.024127, 0.024163, 0.02417, 0.024296, 0.024541, 0.024631, 0.024925, 0.025058, 0.025202, 0.02521, 0.025591, 0.025603, 0.025656, 0.025671, 0.025742, 0.025752, 0.025759, 0.025788, 0.026025, 0.026069, 0.026267, 0.026445, 0.026497, 0.026643, 0.026885, 0.027194, 0.027404, 0.027496, 0.027518, 0.027567, 0.027672, 0.027678, 0.027798, 0.028091, 0.028105, 0.028251, 0.028348, 0.028399, 0.028633, 0.028798, 0.028824, 0.028892, 0.029045, 0.029135, 0.029223, 0.029336, 0.029346, 0.029618, 0.029816, 0.029843, 0.029908, 0.029949, 0.03024, 0.030281, 0.030417, 0.030531, 0.030553, 0.030602, 0.031235, 0.031369, 0.031546, 0.031689, 0.031987, 0.032, 0.032046, 0.03264, 0.033145, 0.033297, 0.033326, 0.033509, 0.033552, 0.033686, 0.034085, 0.03439, 0.034403, 0.034434, 0.034463, 0.034513, 0.034728, 0.035308, 0.035332, 0.035354, 0.035398, 0.03551, 0.0356, 0.035626, 0.035734, 0.035818, 0.036335, 0.036385, 0.036433, 0.036435, 0.036569, 0.036638, 0.036667, 0.036734, 0.036789, 0.037055, 0.037199, 0.037517, 0.037607, 0.037615, 0.037918, 0.037995, 0.038126, 0.038223, 0.038317, 0.038406, 0.038503, 0.038775, 0.03894, 0.039176, 0.03918, 0.039204, 0.039321, 0.039337, 0.03939, 0.039533, 0.039607, 0.039666, 0.039804, 0.039811, 0.03986, 0.040104, 0.040233, 0.040381, 0.040399, 0.04044, 0.040828, 0.040835, 0.041259, 0.04128, 0.041322, 0.041841, 0.042067, 0.042128, 0.04215, 0.042229, 0.042532, 0.042537, 0.043017, 0.04326, 0.043586, 0.043618, 0.043639, 0.043825, 0.043894, 0.044017, 0.044242, 0.044329, 0.044373, 0.044519, 0.044551, 0.044688, 0.044734, 0.044826, 0.044901, 0.044914, 0.044945, 0.045002, 0.04504, 0.045208, 0.045671, 0.045758, 0.046199, 0.046385, 0.046401, 0.046669, 0.046737, 0.046875, 0.046892, 0.04702, 0.047138, 0.047494, 0.047732, 0.047765, 0.047828, 0.048031, 0.048381, 0.048391, 0.048395, 0.048508, 0.049205, 0.04934, 0.049363, 0.049701, 0.050094, 0.050153, 0.050171, 0.050256, 0.050377, 0.050412, 0.05044, 0.050783, 0.050854, 0.051033, 0.051037, 0.051101, 0.051312, 0.051361, 0.051585, 0.051761, 0.051829, 0.051901, 0.05194, 0.051973, 0.052111, 0.052151, 0.05217, 0.052234, 0.052394, 0.052601, 0.052645, 0.053058, 0.053139, 0.05321, 0.053253, 0.053333, 0.053349, 0.053724, 0.053744, 0.054203, 0.054204, 0.054253, 0.054464, 0.054521, 0.054702, 0.054734, 0.054765, 0.054791, 0.055125, 0.055278, 0.055434, 0.055771, 0.055784, 0.055935, 0.056047, 0.056178, 0.05625, 0.056251, 0.056273, 0.056408, 0.056504, 0.057147, 0.057152, 0.057266, 0.057346, 0.057429, 0.057446, 0.057705, 0.057781, 0.057938, 0.058154, 0.058251, 0.058343, 0.058526, 0.058642, 0.059152, 0.059182, 0.059224, 0.059283, 0.059602, 0.05975, 0.059919, 0.059925, 0.06004, 0.0601, 0.060241, 0.060347, 0.060444, 0.060704, 0.060957, 0.060975, 0.060977, 0.061002, 0.061039, 0.061364, 0.061366, 0.061418, 0.061587, 0.061726, 0.061977, 0.062202, 0.062233, 0.062261, 0.062436, 0.062439, 0.06246, 0.062787, 0.06333, 0.063355, 0.063474, 0.063559, 0.063602, 0.063686, 0.063691, 0.063877, 0.064028, 0.064082, 0.064111, 0.064153, 0.064255, 0.065086, 0.065236, 0.065236, 0.065309, 0.065457, 0.06548, 0.065742, 0.065765, 0.065783, 0.065786, 0.066211, 0.066664, 0.066955, 0.067024, 0.067344, 0.067474, 0.06759, 0.067847, 0.068035, 0.068186, 0.068352, 0.068503, 0.068703, 0.06905, 0.069098, 0.069158, 0.069672, 0.069743, 0.070239, 0.070353, 0.07045, 0.070466, 0.070466, 0.070583, 0.070609, 0.070619, 0.070739, 0.07076, 0.070778, 0.070805, 0.070936, 0.071114, 0.071185, 0.07126, 0.071581, 0.071672, 0.071778, 0.071796, 0.071812, 0.071948, 0.072043, 0.072191, 0.072262, 0.072379, 0.072404, 0.072468, 0.072531, 0.072554, 0.072661, 0.073637, 0.074066, 0.07448, 0.074525, 0.074537, 0.074634, 0.074927, 0.075098, 0.075396, 0.075403, 0.075487, 0.075586, 0.075771, 0.07619, 0.07623, 0.076307, 0.076587, 0.076825, 0.076957, 0.077004, 0.077093, 0.077562, 0.077934, 0.078158, 0.07834, 0.078571, 0.078579, 0.078641, 0.078829, 0.078861, 0.078974, 0.079561, 0.07977, 0.079899, 0.079981, 0.080235, 0.080253, 0.080261, 0.080323, 0.080376, 0.080544, 0.080639, 0.080699, 0.081272, 0.081302, 0.081467, 0.081499, 0.081635, 0.081673, 0.081946, 0.082164, 0.082188, 0.082331, 0.082684, 0.083018, 0.083055, 0.083551, 0.083653, 0.083731, 0.083804, 0.083815, 0.083843, 0.083938, 0.084086, 0.084124, 0.08421, 0.084394, 0.084829, 0.084901, 0.085083, 0.085103, 0.085144, 0.085243, 0.0853, 0.085716, 0.085909, 0.085965, 0.086083, 0.086136, 0.086181, 0.086283, 0.086422, 0.086445, 0.086507, 0.086513, 0.086528, 0.086549, 0.086739, 0.086776, 0.086815, 0.086847, 0.086963, 0.086983, 0.087344, 0.087359, 0.087363, 0.087575, 0.087735, 0.08782, 0.088156, 0.0882, 0.088217, 0.088305, 0.088356, 0.088558, 0.088773, 0.088833, 0.089145, 0.089222, 0.089276, 0.089412, 0.089687, 0.090063, 0.09028, 0.090403, 0.090576, 0.090639, 0.090767, 0.091151, 0.091222, 0.091254, 0.091438, 0.091623, 0.091666, 0.091765, 0.092004, 0.092295, 0.092386, 0.092431, 0.09247, 0.092929, 0.093351, 0.093575, 0.094216, 0.094678, 0.094786, 0.094847, 0.094902, 0.095418, 0.095422, 0.095516, 0.095625, 0.095687, 0.095816, 0.095828, 0.095948, 0.096054, 0.096218, 0.096424, 0.09647, 0.096553, 0.0966, 0.097012, 0.097141, 0.097768, 0.097769, 0.097915, 0.097918, 0.09797, 0.098046, 0.098181, 0.098388, 0.098816, 0.098932, 0.098991, 0.099144, 0.099317, 0.099595, 0.100026, 0.100361, 0.100489, 0.100619, 0.100625, 0.100747, 0.100872, 0.101098, 0.101295, 0.101405, 0.101418, 0.101491, 0.101672, 0.101708, 0.101824, 0.101992, 0.102338, 0.102427, 0.102728, 0.102753, 0.102798, 0.10292, 0.103258, 0.103866, 0.103925, 0.10415, 0.104516, 0.104658, 0.104695, 0.104782, 0.104867, 0.105014, 0.105385, 0.105494, 0.105581, 0.105655, 0.105668, 0.105985, 0.106416, 0.106438, 0.106646, 0.10678, 0.106859, 0.106976, 0.107049, 0.107086, 0.107243, 0.107422, 0.107426, 0.10804, 0.108613, 0.108783, 0.108919, 0.109168, 0.109305, 0.109349, 0.109417, 0.109471, 0.109937, 0.110183, 0.110261, 0.110517, 0.110675, 0.110709, 0.111412, 0.111645, 0.111725, 0.11181, 0.11218, 0.112458, 0.11258, 0.112634, 0.11287, 0.112948, 0.113015, 0.113478, 0.113575, 0.113655, 0.113719, 0.113785, 0.114283, 0.114364, 0.114456, 0.114589, 0.115153, 0.115257, 0.115404, 0.115404, 