{"sigma_r": 0.2, "sigma_i": 2.3392, "m": 3, "seed": 3697081522, "n_k": {"1": 4363, "2": 839, "3": 157, "4": 20, "5": 2, "6+": 1}, "dlogr": [0.0, 0.0, 0.0, 0.0, 0.0, 0.0, 0.0, 0.0, 0.0, 0.0, 5.7e-05, 7.9e-05, 0.000151, 0.000277, 0.000299, 0.000373, 0.000514, 0.00057, 0.000571, 0.000664, 0.000723, 0.000791, 0.000811, 0.000846, 0.000862, 0.001089, 0.00112, 0.001175, 0.001212, 0.00131, 0.00136, 0.00137, 0.001396, 0.001504, 0.001535, 0.001656, 0.001657, 0.00168, 0.001684, 0.001688, 0.001689, 0.001723, 0.00177, 0.001787, 0.001892, 0.002166, 0.002185, 0.002247, 0.002266, 0.002304, 0.002386, 0.002419, 0.002447, 0.002486, 0.002518, 0.002578, 0.002625, 0.00263, 0.002641, 0.002645, 0.002706, 0.002745, 0.002765, 0.002917, 0.002943, 0.002953, 0.002958, 0.002993, 0.003064, 0.003122, 0.003261, 0.003283, 0.003353, 0.003492, 0.003598, 0.003617, 0.003734, 0.00375, 0.003836, 0.003872, 0.00388, 0.003926, 0.0041, 0.004122, 0.004258, 0.004369, 0.004485, 0.004751, 0.004807, 0.004947, 0.004949, 0.004952, 0.00498, 0.00507, 0.005071, 0.005089, 0.005102, 0.005115, 0.005146, 0.005206, 0.005207, 0.005272, 0.005329, 0.005371, 0.005394, 0.005433, 0.005454, 0.005596, 0.005658, 0.00566, 0.005665, 0.005703, 0.005716, 0.005812, 0.005846, 0.005943, 0.005973, 0.005984, 0.00601, 0.006028, 0.006032, 0.006037, 0.006067, 0.006228, 0.006231, 0.006322, 0.006367, 0.006391, 0.006561, 0.006584, 0.006618, 0.006679, 0.006761, 0.006836, 0.006979, 0.007114, 0.007204, 0.007244, 0.007388, 0.007403, 0.007574, 0.007576, 0.007628, 0.007895, 0.007916, 0.007988, 0.007998, 0.008043, 0.008074, 0.008092, 0.008202, 0.00825, 0.008274, 0.008335, 0.008348, 0.008465, 0.008499, 0.008561, 0.008695, 0.008731, 0.008787, 0.00887, 0.008897, 0.008911, 0.009098, 0.009102, 0.009142, 0.009146, 0.009155, 0.009179, 0.009215, 0.009222, 0.009284, 0.009294, 0.009544, 0.009559, 0.009624, 0.00969, 0.00983, 0.009845, 0.009945, 0.01008, 0.010246, 0.010285, 0.010461, 0.010479, 0.010559, 0.010683, 0.010772, 0.010852, 0.010892, 0.011031, 0.011119, 0.011128, 0.011137, 0.011145, 0.011216, 0.011219, 0.011497, 0.011612, 0.011694, 0.011918, 0.011936, 0.01195, 0.011977, 0.011991, 0.012163, 0.012179, 0.012286, 0.012294, 0.012319, 0.012765, 0.012773, 0.012844, 0.012845, 0.012917, 0.013016, 0.013037, 0.013047, 0.013085, 0.013089, 0.013254, 0.013307, 0.013405, 0.013475, 0.013523, 0.013612, 0.013697, 0.013774, 0.013789, 0.013985, 0.014109, 0.014167, 0.014206, 0.01428, 0.014396, 0.014475, 0.014539, 0.014623, 0.014741, 0.014767, 0.014848, 0.014918, 0.014962, 0.014977, 0.01501, 0.015142, 0.01522, 0.015453, 0.015602, 0.015618, 0.015675, 0.015687, 0.015698, 0.015948, 0.016219, 0.016249, 0.016286, 0.016329, 0.016371, 0.016412, 0.016445, 0.01649, 0.01672, 0.016779, 0.016792, 0.016839, 0.016915, 0.016957, 0.016991, 0.017114, 0.017146, 0.017152, 0.017232, 0.017295, 0.017311, 0.017355, 0.017402, 0.017404, 0.017592, 0.017617, 0.017639, 0.017997, 0.018092, 0.018153, 0.018189, 0.018406, 0.018657, 0.018685, 0.018758, 0.018898, 0.019063, 0.019108, 0.019143, 0.019194, 0.019287, 0.01935, 0.019424, 0.019562, 0.019604, 0.01965, 0.019669, 0.019777, 0.01985, 0.019903, 0.019937, 0.020078, 0.020201, 0.020219, 0.02025, 0.020256, 0.020267, 0.020289, 0.020308, 0.020413, 0.020421, 0.020497, 0.020556, 0.020569, 0.020569, 0.020637, 0.020651, 0.020743, 0.020834, 0.020891, 0.021025, 0.021079, 0.021202, 0.021246, 0.021278, 0.021395, 0.021407, 0.02157, 0.021584, 0.021588, 0.02164, 0.021646, 0.02174, 0.021841, 0.021848, 0.021959, 0.022075, 0.022096, 0.02224, 0.022295, 0.022302, 0.02234, 0.022361, 0.022576, 0.022693, 0.022767, 0.022882, 0.023031, 0.023124, 0.02321, 0.023256, 0.023277, 0.023313, 0.023391, 0.023445, 0.023458, 0.023563, 0.023669, 0.023784, 0.023889, 0.023934, 0.023945, 0.024012, 0.024111, 0.024141, 0.024314, 0.02433, 0.02433, 0.024334, 0.024338, 0.024404, 0.024709, 0.024755, 0.024808, 0.024852, 0.024996, 0.025088, 0.025131, 0.025192, 0.025236, 0.025258, 0.02539, 0.025445, 0.02545, 0.025508, 0.025656, 0.025659, 0.025668, 0.025754, 0.025826, 0.025937, 0.026451, 0.026582, 0.026635, 0.026663, 0.026797, 0.0268, 0.026839, 0.026887, 0.02696, 0.027035, 0.027136, 0.027145, 0.027159, 0.027168, 0.02728, 0.027285, 0.027415, 0.027517, 0.027587, 0.027662, 0.027704, 0.027734, 0.028066, 0.028118, 0.028139, 0.02818, 0.028183, 0.028213, 0.028378, 0.028458, 0.028528, 0.028669, 0.028745, 0.028794, 0.028828, 0.028859, 0.028889, 0.029019, 0.029044, 0.029105, 0.029328, 0.029376, 0.029424, 0.029533, 0.029567, 0.029699, 0.029781, 0.029864, 0.029999, 0.030106, 0.030206, 0.030263, 0.030268, 0.03034, 0.030515, 0.030564, 0.030565, 0.030791, 0.030811, 0.030879, 0.030907, 0.030911, 0.030985, 0.031069, 0.031174, 0.031236, 0.031328, 0.031336, 0.031345, 0.031366, 0.031371, 0.031383, 0.031417, 0.031445, 0.031536, 0.031566, 0.031705, 0.031798, 0.031819, 0.0319, 0.031921, 0.031926, 0.032015, 0.032075, 0.032162, 0.0322, 0.032201, 0.032267, 0.032312, 0.032601, 0.032931, 0.033002, 0.033153, 0.033174, 0.033324, 0.033357, 0.03337, 0.03337, 0.033404, 0.033458, 0.03348, 0.033653, 0.033844, 0.033898, 0.033978, 0.034006, 0.034054, 0.034074, 0.034243, 0.034331, 0.034352, 0.034523, 0.034534, 0.03459, 0.034907, 0.034916, 0.035044, 0.035216, 0.035229, 0.035348, 0.035355, 0.035356, 0.035375, 0.035408, 0.035441, 0.035756, 0.035788, 0.035808, 0.036018, 0.03602, 0.036092, 0.036217, 0.036317, 0.036355, 0.036389, 0.036463, 0.036649, 0.03666, 0.036675, 0.036678, 0.036896, 0.036903, 0.037156, 0.037207, 0.037221, 0.037262, 0.037316, 0.037339, 0.037346, 0.03737, 0.037659, 0.03767, 0.037905, 0.037989, 0.038008, 0.038011, 0.038164, 0.038169, 0.038172, 0.038251, 0.03831, 0.038315, 0.038367, 0.038482, 0.038607, 0.038619, 0.038628, 0.038657, 0.03869, 0.038885, 0.038921, 0.038961, 0.039174, 0.039196, 0.039249, 0.039348, 0.039376, 0.039596, 0.039687, 0.039793, 0.040247, 0.040486, 0.040582, 0.040628, 0.04071, 0.040858, 0.040877, 0.040997, 0.041011, 0.04117, 0.04121, 0.041538, 0.041591, 0.0416, 0.041677, 0.041726, 0.041734, 0.041775, 0.041798, 0.041831, 0.0421, 0.042141, 0.042206, 0.042261, 0.04229, 0.042306, 0.042338, 0.042412, 0.042442, 0.042453, 0.0425, 0.042639, 0.042732, 0.04297, 0.043038, 0.043043, 0.043074, 0.043375, 0.043408, 0.043561, 0.043736, 0.043848, 0.044003, 0.044052, 0.044061, 0.04411, 0.044118, 0.044161, 0.04427, 0.044542, 0.044652, 0.044699, 0.044762, 0.044767, 0.04485, 0.045221, 0.045522, 0.045559, 0.045873, 0.04643, 0.04653, 0.04658, 0.046667, 0.046745, 0.046798, 0.046897, 0.046942, 0.046986, 0.046998, 0.047213, 0.047253, 0.047278, 0.047287, 0.047382, 0.047399, 0.047555, 0.047559, 0.047568, 0.047616, 0.047784, 0.047796, 0.047825, 0.048124, 0.04816, 0.048271, 0.048317, 0.04832, 0.048349, 0.048452, 0.048481, 0.048491, 0.048695, 0.049035, 0.049158, 0.04927, 0.049417, 0.049422, 0.049457, 0.04963, 0.049727, 0.04996, 0.050017, 0.050143, 0.050242, 0.05039, 0.050471, 0.050565, 0.05058, 0.050764, 0.050766, 0.050835, 0.050879, 0.051084, 0.051619, 0.051867, 0.052206, 0.052238, 0.052346, 0.052354, 0.052488, 0.052684, 0.052722, 0.05292, 0.052963, 0.052978, 0.05317, 0.053224, 0.053313, 0.053499, 0.05352, 0.053548, 0.053591, 0.053634, 0.053816, 0.053852, 0.05396, 0.054017, 0.054112, 0.054112, 0.054547, 0.054623, 0.054636, 0.05469, 0.054707, 0.054744, 0.05485, 0.054983, 0.055107, 0.055125, 0.055159, 0.055303, 0.055336, 0.05534, 0.055624, 0.05578, 0.055852, 0.055981, 0.056049, 0.056118, 0.056125, 0.056539, 0.056625, 0.056778, 0.057046, 0.057076, 0.057089, 0.057269, 0.057284, 0.057284, 0.057284, 0.0573, 0.057386, 0.057415, 0.057551, 0.057788, 0.058015, 0.058082, 0.058208, 0.058615, 0.058808, 0.058851, 0.058939, 0.058957, 0.059016, 0.059068, 0.059321, 0.059683, 0.059726, 0.059887, 0.060264, 0.060333, 0.060644, 0.06072, 0.060766, 0.06082, 0.060989, 0.061053, 0.061145, 0.061463, 0.061592, 0.061612, 0.061798, 0.061945, 0.062012, 0.062109, 0.062158, 0.062165, 0.062378, 0.062496, 0.062701, 0.062711, 0.062733, 0.062745, 0.062773, 0.062931, 0.063065, 0.063074, 0.063132, 0.063183, 0.063301, 0.063487, 0.06349, 0.063613, 0.06379, 0.063818, 