{"sigma_r": 1.9103, "sigma_i": 1.1186, "m": 12, "seed": 1828376828, "n_k": {"1": 3939, "2": 979, "3": 224, "4": 50, "5": 8, "6+": 2}, "dlogr": [4e-06, 1.2e-05, 0.000115, 0.000375, 0.000405, 0.001127, 0.00119, 0.001279, 0.001346, 0.001418, 0.001857, 0.002023, 0.002238, 0.002253, 0.002434, 0.002636, 0.002652, 0.00337, 0.003407, 0.003526, 0.003612, 0.003669, 0.003871, 0.00389, 0.00393, 0.004137, 0.004421, 0.004546, 0.004957, 0.005114, 0.005426, 0.005487, 0.005569, 0.005635, 0.005805, 0.006422, 0.006428, 0.007237, 0.007568, 0.007822, 0.007844, 0.007855, 0.008092, 0.008192, 0.008213, 0.00826, 0.008304, 0.008345, 0.008416, 0.008421, 0.008542, 0.008975, 0.009982, 0.010742, 0.011216, 0.011317, 0.011358, 0.011484, 0.011913, 0.012015, 0.012024, 0.012121, 0.012169, 0.012182, 0.01248, 0.012665, 0.013032, 0.013035, 0.013242, 0.013436, 0.0137, 0.013745, 0.014087, 0.014089, 0.014134, 0.014311, 0.014419, 0.014472, 0.014663, 0.01508, 0.015204, 0.015747, 0.015769, 0.015845, 0.015962, 0.016251, 0.016357, 0.016677, 0.016772, 0.016896, 0.016932, 0.017009, 0.017107, 0.017195, 0.017369, 0.017674, 0.017686, 0.017806, 0.01795, 0.018038, 0.018105, 0.018187, 0.018225, 0.018314, 0.018367, 0.018433, 0.019006, 0.020457, 0.020545, 0.020807, 0.021136, 0.021319, 0.021352, 0.021368, 0.021448, 0.021601, 0.021617, 0.021677, 0.021785, 0.021948, 0.021974, 0.022354, 0.022364, 0.022372, 0.022386, 0.022395, 0.022459, 0.022497, 0.022739, 0.022779, 0.022982, 0.023039, 0.023051, 0.023183, 0.023282, 0.023349, 0.023794, 0.023962, 0.024111, 0.024213, 0.02465, 0.025352, 0.025436, 0.025562, 0.025737, 0.025784, 0.025878, 0.026063, 0.026341, 0.026393, 0.02646, 0.026515, 0.026783, 0.027194, 0.027612, 0.02767, 0.028022, 0.028219, 0.028391, 0.028452, 0.028884, 0.028924, 0.028965, 0.029116, 0.029118, 0.029422, 0.029443, 0.029658, 0.029812, 0.029908, 0.030256, 0.030258, 0.030424, 0.030982, 0.031256, 0.03129, 0.031297, 0.03144, 0.031906, 0.03193, 0.032521, 0.032811, 0.03287, 0.032938, 0.033025, 0.033168, 0.033282, 0.033567, 0.033601, 0.033661, 0.033786, 0.034054, 0.034248, 0.034348, 0.034479, 0.035075, 0.035108, 0.03522, 0.035652, 0.035836, 0.035874, 0.035965, 0.036364, 0.037178, 0.037272, 0.037451, 0.037482, 0.037517, 0.03769, 0.037725, 0.037888, 0.038285, 0.038413, 0.038507, 0.038957, 0.039023, 0.039317, 0.039409, 0.039597, 0.039686, 0.04012, 0.040133, 0.040183, 0.040218, 0.040299, 0.040407, 0.04101, 0.041023, 0.041197, 0.041277, 0.041394, 0.041533, 0.041669, 0.041696, 0.041802, 0.041879, 0.041899, 0.041901, 0.041915, 0.041976, 0.042179, 0.042239, 0.042619, 0.042898, 0.044019, 0.044036, 0.044071, 0.044072, 0.044078, 0.044112, 0.044144, 0.045022, 0.045265, 0.045463, 0.045581, 0.045739, 0.045766, 0.045887, 0.045909, 0.0465, 0.046501, 0.04656, 0.046646, 0.047149, 0.047177, 0.047333, 0.047426, 0.047469, 0.047526, 0.047572, 0.048078, 0.048326, 0.048483, 0.048772, 0.048941, 0.048956, 0.049083, 0.049187, 0.049215, 0.049574, 0.049602, 0.049738, 0.049838, 0.049881, 0.050084, 0.050298, 0.050331, 0.050436, 0.050473, 0.050541, 0.051163, 0.051363, 0.051416, 0.051615, 0.051923, 0.052203, 0.052522, 0.052735, 0.052976, 0.053014, 0.053422, 0.053461, 0.053785, 0.054018, 0.054218, 0.054788, 0.054803, 0.054804, 0.055316, 0.055686, 0.055792, 0.055797, 0.055868, 0.056023, 0.056184, 0.056585, 0.056696, 0.057057, 0.057555, 0.057847, 0.057867, 0.057936, 0.058034, 0.058155, 0.058596, 0.059019, 0.059233, 0.059238, 0.060202, 0.060464, 0.060568, 0.060684, 0.061166, 0.061336, 0.061379, 0.061384, 0.061425, 0.061438, 0.062019, 0.062372, 0.062438, 0.062483, 0.06259, 0.062595, 0.06293, 0.063184, 0.063318, 0.06335, 0.063397, 0.063428, 0.063526, 0.063677, 0.063855, 0.06417, 0.064402, 0.065026, 0.065096, 0.065253, 0.065306, 0.065621, 0.065979, 0.066062, 0.066184, 0.066285, 0.066303, 0.066332, 0.06635, 0.0671, 0.067351, 0.067469, 0.067514, 0.067904, 0.067916, 0.067952, 0.068061, 0.068343, 0.068715, 0.06876, 0.068935, 0.069094, 0.0691, 0.06911, 0.069128, 0.069157, 0.069315, 0.069349, 0.069594, 0.069817, 0.069839, 0.069866, 0.069929, 0.070072, 0.070099, 0.070163, 0.070343, 0.070899, 0.070921, 0.070965, 0.071167, 0.071178, 0.071195, 0.071217, 0.071353, 0.071566, 0.07162, 0.071688, 0.071901, 0.07196, 0.072097, 0.0721, 0.072101, 0.072447, 0.07256, 0.072941, 0.07306, 0.073137, 0.073222, 0.073324, 0.073551, 0.073579, 0.073642, 0.073646, 0.073683, 0.073717, 0.073918, 0.073946, 0.07472, 0.074974, 0.07502, 0.075096, 0.07523, 0.07531, 0.07545, 0.075672, 0.075705, 0.075998, 0.076282, 0.076419, 0.076648, 0.076792, 0.07685, 0.076853, 0.076972, 0.077168, 0.077326, 0.07747, 0.0775, 0.077525, 0.078097, 0.078167, 0.078403, 0.078407, 0.078517, 0.078653, 0.078895, 0.079227, 0.079258, 0.079312, 0.079539, 0.079612, 0.07976, 0.079838, 0.08028, 0.080455, 0.080505, 0.08063, 0.080719, 0.08073, 0.080768, 0.080941, 0.080994, 0.081032, 0.081233, 0.081376, 0.081676, 0.081772, 0.081904, 0.081906, 0.082228, 0.082274, 0.082389, 0.082453, 0.082466, 0.082533, 0.082632, 0.082931, 0.082992, 0.083329, 0.083484, 0.083631, 0.083954, 0.084309, 0.085116, 0.085136, 0.085232, 0.085863, 0.085891, 0.086186, 0.086211, 0.087085, 0.087152, 0.087169, 0.087403, 0.087517, 0.087536, 0.087854, 0.088373, 0.088384, 0.089023, 0.089279, 0.089321, 0.089373, 0.089433, 0.089441, 0.08956, 0.089997, 0.090289, 0.090456, 0.090568, 0.090674, 0.090687, 0.09072, 0.091036, 0.091095, 0.091522, 0.091705, 0.092241, 0.092339, 0.092391, 0.092897, 0.093313, 0.093641, 0.093786, 0.094306, 0.094494, 0.094599, 0.094687, 0.094718, 0.0951, 0.0954, 0.095557, 0.096108, 0.096467, 0.096565, 0.096657, 0.0968, 0.096934, 0.097239, 0.097339, 0.097403, 0.09741, 0.097412, 0.097433, 0.09774, 0.098055, 0.098116, 0.098221, 0.098878, 0.098906, 0.099022, 0.099032, 0.099338, 0.100127, 0.100131, 0.100136, 0.100603, 0.100812, 0.100996, 0.101311, 0.101908, 0.101911, 0.102347, 0.102356, 0.102665, 0.102776, 0.103229, 0.103309, 0.10337, 0.103721, 0.104214, 0.104538, 0.105316, 0.105397, 0.105655, 0.106099, 0.106156, 0.106477, 0.106892, 0.10705, 0.10735, 0.107704, 0.10804, 0.108231, 0.108488, 0.108594, 0.10906, 0.109121, 0.109406, 0.109873, 0.110155, 0.110324, 0.11099, 0.111168, 0.111184, 0.111198, 0.111393, 0.111515, 0.111883, 0.111948, 0.111977, 0.1128, 0.113046, 0.113079, 0.113356, 0.113657, 0.114071, 0.114096, 0.114127, 0.114147, 0.114233, 0.114705, 0.114715, 0.115694, 0.11587, 0.116392, 0.116654, 0.116878, 0.117049, 0.117179, 0.118181, 0.11834, 0.11836, 0.118388, 0.118529, 0.11862, 0.118954, 0.119029, 0.119598, 0.119647, 0.119881, 0.120138, 0.120635, 0.120859, 0.120866, 0.12091, 0.121003, 0.121417, 0.122381, 0.12241, 0.1227, 0.12273, 0.123064, 0.123116, 0.123796, 0.124288, 0.124869, 0.125367, 0.125534, 0.125617, 0.126034, 0.126296, 0.126596, 0.12672, 0.12689, 0.127023, 0.127377, 0.127612, 0.127846, 0.12832, 0.128459, 0.128802, 0.128916, 0.128926, 0.129218, 0.129357, 0.129529, 0.129658, 0.129855, 0.130035, 0.130168, 0.130544, 0.130781, 0.130867, 0.131095, 0.131096, 0.131183, 0.131331, 0.131694, 0.131809, 0.131832, 0.132215, 0.13226, 0.132482, 0.132825, 0.132933, 0.13347, 0.133618, 0.133955, 0.134386, 0.134538, 0.134684, 0.134808, 0.135019, 0.135106, 0.135133, 0.135448, 0.135665, 0.136172, 0.136542, 0.13668, 0.136746, 0.137082, 0.137113, 0.13722, 0.137407, 0.137747, 0.137971, 0.138224, 0.138618, 0.138806, 0.140398, 0.140406, 0.140702, 0.1408, 0.140833, 0.141415, 0.141832, 0.141837, 0.142437, 0.142818, 0.143204, 0.143314, 0.143516, 0.14372, 0.143804, 0.144048, 0.144283, 0.144393, 0.14508, 0.145103, 0.145201, 0.145265, 0.14629, 0.146339, 0.146659, 0.14704, 0.147145, 0.147392, 0.147409, 0.147778, 0.148129, 0.148252, 0.148424, 0.148492, 0.148774, 0.148899, 0.149006, 0.149713, 0.149797, 0.149811, 0.149955, 0.150138, 0.15035, 0.150529, 0.150692, 0.150902, 0.150966, 0.151029, 0.151162, 0.151166, 0.151764, 0.15192, 0.152031, 0.152113, 0.152285, 0.152435, 0.152557, 0.152725, 0.152969, 0.153116, 0.15344, 0.153662, 0.154244, 0.1544, 0.154414, 0.154418, 0.154576, 0.154582, 0.154786, 0.15492, 0.155005, 0.155073, 0.155156, 0.155228, 0.1561, 0.156181, 