{"sigma_r": 1.5244, "sigma_i": 0.5349, "m": 5, "seed": 411631744, "n_k": {"1": 3668, "2": 991, "3": 262, "4": 59, "5": 10, "6+": 1}, "dlogr": [0.0, 7.6e-05, 0.000212, 0.000406, 0.00044, 0.000532, 0.001039, 0.001098, 0.001179, 0.001263, 0.001268, 0.001429, 0.001503, 0.001561, 0.00159, 0.001801, 0.001879, 0.002145, 0.002226, 0.002407, 0.00243, 0.002472, 0.002584, 0.003076, 0.003165, 0.003269, 0.003497, 0.003574, 0.003791, 0.00381, 0.003926, 0.00399, 0.004179, 0.004264, 0.004278, 0.004479, 0.004708, 0.004835, 0.004848, 0.004861, 0.004932, 0.005285, 0.005311, 0.005342, 0.005475, 0.005674, 0.005821, 0.006372, 0.006394, 0.006473, 0.006526, 0.006613, 0.006717, 0.0068, 0.00686, 0.006875, 0.006895, 0.006989, 0.007235, 0.007344, 0.007384, 0.007392, 0.007421, 0.007478, 0.007631, 0.00775, 0.007774, 0.007814, 0.007891, 0.008035, 0.008234, 0.008343, 0.008364, 0.008585, 0.008654, 0.008671, 0.009087, 0.009169, 0.009496, 0.009498, 0.009531, 0.009631, 0.010214, 0.010268, 0.010385, 0.010412, 0.010475, 0.010853, 0.010956, 0.010986, 0.011188, 0.011232, 0.01127, 0.01142, 0.0117, 0.011735, 0.011741, 0.011804, 0.012117, 0.012364, 0.012483, 0.012496, 0.012742, 0.012851, 0.012869, 0.012941, 0.013164, 0.013537, 0.013561, 0.013984, 0.01403, 0.014165, 0.01421, 0.014362, 0.014697, 0.01489, 0.015045, 0.015136, 0.015188, 0.015559, 0.015783, 0.015824, 0.015882, 0.01595, 0.016132, 0.016145, 0.016471, 0.016644, 0.01695, 0.017318, 0.017365, 0.017632, 0.018288, 0.018335, 0.018419, 0.018514, 0.018594, 0.018722, 0.018808, 0.019199, 0.019462, 0.019709, 0.019962, 0.020024, 0.020058, 0.020463, 0.020509, 0.020523, 0.020569, 0.020646, 0.020889, 0.021059, 0.021898, 0.022104, 0.022296, 0.022528, 0.022559, 0.022729, 0.022777, 0.022868, 0.022871, 0.022935, 0.022965, 0.023025, 0.023072, 0.023179, 0.023381, 0.024468, 0.024603, 0.024646, 0.025132, 0.025152, 0.025182, 0.025335, 0.025681, 0.025817, 0.026036, 0.026233, 0.026354, 0.026545, 0.026835, 0.026952, 0.027034, 0.027088, 0.027183, 0.027284, 0.027308, 0.027408, 0.027727, 0.027781, 0.027917, 0.028278, 0.028346, 0.02849, 0.028623, 0.028808, 0.028863, 0.028929, 0.029135, 0.029329, 0.02951, 0.029516, 0.030079, 0.030091, 0.030201, 0.030401, 0.030733, 0.030803, 0.031065, 0.031259, 0.03148, 0.031491, 0.031757, 0.031811, 0.031986, 0.03223, 0.032317, 0.03262, 0.032781, 0.032857, 0.032954, 0.033013, 0.03307, 0.033132, 0.033166, 0.033567, 0.033632, 0.033695, 0.033739, 0.033855, 0.033888, 0.034818, 0.03516, 0.035253, 0.035322, 0.035326, 0.035475, 0.035714, 0.035833, 0.035867, 0.036098, 0.036233, 0.036269, 0.036314, 0.036446, 0.036841, 0.03696, 0.03724, 0.037269, 0.037352, 0.037503, 0.037538, 0.037605, 0.038211, 0.038234, 0.038562, 0.03882, 0.038941, 0.039146, 0.039167, 0.03926, 0.039261, 0.039263, 0.039757, 0.039805, 0.039817, 0.039882, 0.040124, 0.040165, 0.040238, 0.040323, 0.040346, 0.040494, 0.040614, 0.040837, 0.040995, 0.041571, 0.041598, 0.041839, 0.041969, 0.041985, 0.042285, 0.042491, 0.042651, 0.042684, 0.042726, 0.04285, 0.043039, 0.043309, 0.043394, 0.043546, 0.043585, 0.043687, 0.043786, 0.044219, 0.044275, 0.044375, 0.044394, 0.044523, 0.04453, 0.044594, 0.044712, 0.044763, 0.04499, 0.045136, 0.045407, 0.045456, 0.045522, 0.045564, 0.045703, 0.046213, 0.046257, 0.046287, 0.046518, 0.046595, 0.046651, 0.046663, 0.04696, 0.047373, 0.047405, 0.047492, 0.047521, 0.047737, 0.047745, 0.047914, 0.04835, 0.048469, 0.048479, 0.04862, 0.048737, 0.048771, 0.04884, 0.048844, 0.049021, 0.049218, 0.049313, 0.049328, 0.04943, 0.049443, 0.049461, 0.049753, 0.050094, 0.050205, 0.050278, 0.050729, 0.050808, 0.051406, 0.051625, 0.051685, 0.051738, 0.052019, 0.052059, 0.052345, 0.053022, 0.053284, 0.053296, 0.053454, 0.053611, 0.05363, 0.054323, 0.0545, 0.054517, 0.05457, 0.054835, 0.055081, 0.055364, 0.055591, 0.055648, 0.056004, 0.056475, 0.056494, 0.05652, 0.056797, 0.056799, 0.056833, 0.05686, 0.056888, 0.056908, 0.056998, 0.057106, 0.057437, 0.057697, 0.057763, 0.058082, 0.058198, 0.058283, 0.058425, 0.058558, 0.058632, 0.058769, 0.058918, 0.058988, 0.059215, 0.059444, 0.059488, 0.059528, 0.05971, 0.060122, 0.060215, 0.060368, 0.060446, 0.060628, 0.060734, 0.06086, 0.061097, 0.061226, 0.061321, 0.061407, 0.06143, 0.061468, 0.062396, 0.062465, 0.062824, 0.063654, 0.063854, 0.064033, 0.064336, 0.064517, 0.064953, 0.064957, 0.065294, 0.065505, 0.065887, 0.066055, 0.06617, 0.066281, 0.066342, 0.06649, 0.06712, 0.067526, 0.067592, 0.067685, 0.067707, 0.067951, 0.068036, 0.068647, 0.06876, 0.068949, 0.069019, 0.069083, 0.069513, 0.069525, 0.069564, 0.069603, 0.069923, 0.069992, 0.070137, 0.070303, 0.070407, 0.070615, 0.070693, 0.070782, 0.070903, 0.070949, 0.070998, 0.071103, 0.071605, 0.071726, 0.07178, 0.072741, 0.072903, 0.073165, 0.073165, 0.073236, 0.073303, 0.07347, 0.07368, 0.073883, 0.074081, 0.074164, 0.074166, 0.074177, 0.074313, 0.074646, 0.07474, 0.074827, 0.074946, 0.075031, 0.075134, 0.075267, 0.075393, 0.075485, 0.075511, 0.075561, 0.075669, 0.075728, 0.076331, 0.076566, 0.076656, 0.076771, 0.07714, 0.077249, 0.07804, 0.078134, 0.078421, 0.079078, 0.079352, 0.079585, 0.079908, 0.079964, 0.080061, 0.080065, 0.080125, 0.080238, 0.080572, 0.08059, 0.080661, 0.080878, 0.080881, 0.081098, 0.081156, 0.081272, 0.081327, 0.081346, 0.081393, 0.081428, 0.081453, 0.081757, 0.082052, 0.082054, 0.082061, 0.082062, 0.082349, 0.082371, 0.082441, 0.082823, 0.082839, 0.082853, 0.082865, 0.083041, 0.08316, 0.083167, 0.083603, 0.08382, 0.084352, 0.084368, 0.084703, 0.085306, 0.085308, 0.085344, 0.08557, 0.085597, 0.085734, 0.085803, 0.085813, 0.085937, 0.085994, 0.086028, 0.086148, 0.086219, 0.086238, 0.086499, 0.086697, 0.086736, 0.087149, 0.087926, 0.087976, 0.088098, 0.088284, 0.088428, 0.088638, 0.089037, 0.089631, 0.090052, 0.090083, 0.090502, 0.09073, 0.090941, 0.091254, 0.091321, 0.091555, 0.09175, 0.091825, 0.091935, 0.092032, 0.092568, 0.092581, 0.092675, 0.092681, 0.092885, 0.09339, 0.093391, 0.093738, 0.093903, 0.094163, 0.094224, 0.094327, 0.09433, 0.094494, 0.09455, 0.094762, 0.094944, 0.09499, 0.0953, 0.095377, 0.095784, 0.096151, 0.096548, 0.09673, 0.097208, 0.097343, 0.097381, 0.0976, 0.097715, 0.097877, 0.098894, 0.098915, 0.099308, 0.0994, 0.099427, 0.099612, 0.09977, 0.100007, 0.100081, 0.100247, 0.100472, 0.100481, 0.100542, 0.100668, 0.100685, 0.100757, 0.101485, 0.101488, 0.101505, 0.102044, 0.102621, 0.103117, 0.103118, 0.103121, 0.103176, 0.103744, 0.104774, 0.104824, 0.104961, 0.105043, 0.105266, 0.105404, 0.105796, 0.106419, 0.106439, 0.106519, 0.106716, 0.107003, 0.107255, 0.107262, 0.107679, 0.107721, 0.108153, 0.108202, 0.108419, 0.10867, 0.108743, 0.108848, 0.109544, 0.109698, 0.109752, 0.109811, 0.110173, 0.110245, 0.11031, 0.110377, 0.110909, 0.11095, 0.111085, 0.111149, 0.111311, 0.111472, 0.111637, 0.111736, 0.112148, 0.112154, 0.112397, 0.112439, 0.112689, 0.112889, 0.112949, 0.113054, 0.113057, 0.113196, 0.113431, 0.113928, 0.114074, 0.114109, 0.114612, 0.114672, 0.114864, 0.115155, 0.115249, 0.115501, 0.115661, 0.115845, 0.116036, 0.11617, 0.116495, 0.116894, 0.117176, 0.117475, 0.117556, 0.118039, 0.118159, 0.11854, 0.118552, 0.118609, 0.118665, 0.118802, 0.11881, 0.11888, 0.119319, 0.119436, 0.120303, 0.120641, 0.120979, 0.121407, 0.121421, 0.12175, 0.122175, 0.122225, 0.122326, 0.122466, 0.122857, 0.122954, 0.123167, 0.12321, 0.123224, 0.123269, 0.123336, 0.123819, 0.123937, 0.124111, 0.124126, 0.12421, 0.124228, 0.124244, 0.124415, 0.124485, 0.12461, 0.124655, 0.124769, 0.124936, 0.124955, 0.124981, 0.125032, 0.12512, 0.12541, 0.125553, 0.126196, 0.127116, 0.12719, 0.127209, 0.127541, 0.128527, 0.128623, 0.128942, 0.129044, 0.129276, 0.129292, 0.12939, 0.129627, 0.130073, 0.13045, 0.130656, 0.130745, 0.130845, 0.130882, 0.131212, 0.131333, 0.131746, 0.13176, 0.132107, 0.132156, 0.132172, 0.132494, 0.132712, 0.132973, 0.13307, 0.133559, 0.134031, 0.134131, 0.134346, 0.134409, 0.134553, 0.135072, 0.135425, 0.135618, 0.135807, 0.13582, 0.135933, 0.136042, 0.1366, 0.136872, 0.136924, 0.137197, 0.137326, 0.137957, 0.138101, 0.13834,