{"sigma_r": 0.3141, "sigma_i": 4.8919, "m": 7, "seed": 3243572605, "n_k": {"1": 5129, "2": 656, "3": 71, "4": 3, "5": 0, "6+": 0}, "dlogr": [0.0, 0.0, 0.0, 4e-06, 0.000332, 0.000481, 0.00068, 0.000806, 0.000988, 0.000991, 0.001209, 0.001381, 0.001472, 0.001611, 0.001711, 0.002005, 0.002235, 0.002387, 0.00256, 0.002563, 0.002673, 0.00272, 0.002897, 0.00292, 0.002959, 0.003063, 0.003276, 0.003514, 0.003808, 0.003854, 0.003881, 0.003882, 0.003895, 0.00396, 0.004038, 0.004249, 0.004279, 0.004445, 0.004467, 0.004474, 0.0046, 0.004852, 0.004861, 0.005041, 0.005087, 0.005254, 0.005289, 0.00563, 0.005845, 0.005895, 0.005899, 0.006276, 0.006334, 0.006448, 0.006451, 0.006542, 0.006543, 0.006676, 0.006811, 0.006882, 0.007043, 0.00716, 0.007371, 0.007407, 0.0078, 0.007892, 0.008078, 0.008082, 0.008199, 0.008322, 0.008753, 0.009116, 0.009347, 0.009375, 0.009575, 0.009778, 0.009932, 0.010035, 0.010053, 0.01019, 0.010328, 0.010504, 0.010583, 0.010689, 0.010972, 0.011039, 0.011068, 0.011221, 0.011444, 0.011951, 0.011966, 0.012265, 0.012329, 0.012526, 0.012738, 0.012949, 0.01309, 0.013107, 0.013609, 0.01363, 0.013653, 0.013733, 0.014103, 0.014157, 0.01421, 0.014381, 0.014714, 0.014842, 0.014877, 0.015129, 0.015174, 0.015216, 0.015224, 0.015263, 0.015307, 0.015483, 0.015632, 0.015781, 0.015787, 0.015803, 0.015822, 0.015837, 0.015959, 0.016023, 0.016277, 0.016281, 0.016286, 0.016647, 0.016676, 0.016863, 0.017342, 0.017401, 0.017913, 0.018002, 0.01811, 0.018137, 0.018336, 0.018385, 0.018422, 0.018457, 0.018681, 0.018759, 0.018778, 0.018802, 0.018951, 0.018996, 0.019013, 0.019021, 0.019037, 0.019058, 0.01911, 0.019165, 0.019167, 0.019302, 0.019843, 0.020018, 0.02014, 0.020176, 0.02037, 0.020382, 0.020388, 0.020514, 0.020533, 0.020702, 0.021339, 0.021732, 0.021812, 0.021899, 0.022034, 0.022074, 0.022392, 0.022434, 0.022623, 0.022946, 0.023114, 0.023242, 0.023272, 0.023913, 0.023998, 0.024121, 0.024245, 0.024249, 0.024477, 0.024638, 0.024727, 0.025, 0.025135, 0.025269, 0.025462, 0.025491, 0.025507, 0.025524, 0.02565, 0.025732, 0.025802, 0.025902, 0.025924, 0.026094, 0.026125, 0.026609, 0.026669, 0.026942, 0.027043, 0.027164, 0.02733, 0.027695, 0.027918, 0.027925, 0.028005, 0.028172, 0.028179, 0.028392, 0.028423, 0.0289, 0.028907, 0.02912, 0.02929, 0.029349, 0.029608, 0.029619, 0.029666, 0.029679, 0.029952, 0.029985, 0.030063, 0.030197, 0.030266, 0.030307, 0.030327, 0.030768, 0.030849, 0.030859, 0.031114, 0.03149, 0.032419, 0.032681, 0.032749, 0.032808, 0.032998, 0.033141, 0.03361, 0.033824, 0.033873, 0.033974, 0.03398, 0.034074, 0.034401, 0.034602, 0.034784, 0.03507, 0.035166, 0.035298, 0.035404, 0.035961, 0.035977, 0.036011, 0.036022, 0.036026, 0.036499, 0.036865, 0.036868, 0.036976, 0.037118, 0.037288, 0.037562, 0.037612, 0.037663, 0.03775, 0.03778, 0.037787, 0.037827, 0.037962, 0.038142, 0.038158, 0.038246, 0.038485, 0.03867, 0.03869, 0.038931, 0.039032, 0.039113, 0.039238, 0.039284, 0.039596, 0.039755, 0.039837, 0.039873, 0.040418, 0.040545, 0.040624, 0.040742, 0.040871, 0.041234, 0.041235, 0.041272, 0.041671, 0.041752, 0.041785, 0.041803, 0.04184, 0.041865, 0.041919, 0.042137, 0.042363, 0.042491, 0.042814, 0.04295, 0.042961, 0.043152, 0.043905, 0.044259, 0.044646, 0.044714, 0.044956, 0.04503, 0.045156, 0.045157, 0.045708, 0.045766, 0.045795, 0.04598, 0.045998, 0.046348, 0.046543, 0.046707, 0.046741, 0.046856, 0.046964, 0.047393, 0.047436, 0.047532, 0.048064, 0.04831, 0.048384, 0.048429, 0.048614, 0.048624, 0.049011, 0.049284, 0.049549, 0.049687, 0.049718, 0.050445, 0.050629, 0.050942, 0.051051, 0.05137, 0.051717, 0.0522, 0.052429, 0.05248, 0.052499, 0.052651, 0.052688, 0.052936, 0.052974, 0.053158, 0.053242, 0.053277, 0.053377, 0.053643, 0.053649, 0.053768, 0.05378, 0.054312, 0.05432, 0.054371, 0.054442, 0.054459, 0.05463, 0.055055, 0.055143, 0.055156, 0.055186, 0.055205, 0.055671, 0.055824, 0.056475, 0.056598, 0.05669, 0.057175, 0.057354, 0.057501, 0.057596, 0.057991, 0.058177, 0.058287, 0.05832, 0.058559, 0.058567, 0.059055, 0.059373, 0.059411, 0.05969, 0.059789, 0.059854, 0.060241, 0.06032, 0.060465, 0.060818, 0.06097, 0.061339, 0.061347, 0.061375, 0.062169, 0.062402, 0.064091, 0.064147, 0.064163, 0.064254, 0.064589, 0.064747, 0.064766, 0.065031, 0.0652, 0.065205, 0.065223, 0.065659, 0.066009, 0.066231, 0.066341, 0.066922, 0.067078, 0.06712, 0.067452, 0.067537, 0.067749, 0.067914, 0.067933, 0.067977, 0.067993, 0.068332, 0.068354, 0.068398, 0.068962, 0.069138, 0.069806, 0.070361, 0.070976, 0.071105, 0.071448, 0.071572, 0.07161, 0.071619, 0.07201, 0.072567, 0.072785, 0.073269, 0.073435, 0.073464, 0.073604, 0.073692, 0.073754, 0.073906, 0.073924, 0.074291, 0.074375, 0.074621, 0.07485, 0.075018, 0.075149, 0.075235, 0.075296, 0.075421, 0.075477, 0.075594, 0.075824, 0.076038, 0.0763, 0.076584, 0.076624, 0.076838, 0.076906, 0.076939, 0.076982, 0.076998, 0.077049, 0.077067, 0.077219, 0.07737, 0.077429, 0.077501, 0.077508, 0.079163, 0.079328, 0.079437, 0.07949, 0.079535, 0.079576, 0.079861, 0.07988, 0.079993, 0.080038, 0.080307, 0.080613, 0.081282, 0.081588, 0.081839, 0.082055, 0.082533, 0.082642, 0.083038, 0.08321, 0.083401, 0.083544, 0.08359, 0.084722, 0.084923, 0.085014, 0.085354, 0.085361, 0.085747, 0.085864, 0.086264, 0.086357, 0.086367, 0.086375, 0.08641, 0.086505, 0.086774, 0.087034, 0.087271, 0.088054, 0.088462, 0.088614, 0.088701, 0.089125, 0.089494, 0.090052, 0.090657, 0.090919, 0.091489, 0.092509, 0.092564, 0.092583, 0.09282, 0.092903, 0.093023, 0.093492, 0.093674, 0.093714, 0.093961, 0.093976, 0.095755, 0.09593, 0.096018, 0.09624, 0.096329, 0.096347, 0.097905, 0.097931, 0.097942, 0.098518, 0.099127, 0.099392, 0.100339, 0.100505, 0.100907, 0.101156, 0.101483, 0.101493, 0.101544, 0.101684, 0.102155, 0.102243, 0.102319, 0.102363, 0.102926, 0.103175, 0.103383, 0.104574, 0.104897, 0.105261, 0.105328, 0.105721, 0.106014, 0.106159, 0.106212, 0.106486, 0.106616, 0.106787, 0.107085, 0.107115, 0.108647, 0.109839, 0.11012, 0.110174, 0.110287, 0.110885, 0.110995, 0.111147, 0.111162, 0.111533, 0.111895, 0.112316, 0.112724, 0.112798, 0.113474, 0.1136, 0.114098, 0.114625, 0.115375, 0.115918, 0.116925, 0.118073, 0.118358, 0.120249, 0.120923, 0.121578, 0.121821, 0.122442, 0.122566, 0.122777, 0.123014, 0.123267, 0.123362, 0.123504, 0.123681, 0.123897, 0.124197, 0.124202, 0.124284, 0.124965, 0.125411, 0.126201, 0.126486, 0.126617, 0.127827, 0.127993, 0.128695, 0.128774, 0.128864, 0.128894, 0.129509, 0.133242, 0.133459, 0.133591, 0.134448, 0.134655, 0.134762, 0.135037, 0.135474, 0.135663, 0.137817, 0.137849, 0.137987, 0.139575, 0.14066, 0.14194, 0.14275, 0.143719, 0.144364, 0.149148, 0.151134, 0.152508, 0.153395, 0.153881, 0.154631, 0.155718, 0.156481, 0.157433, 0.158041, 0.158341, 0.15884, 0.161518, 0.162805, 0.165053, 0.165466, 0.16568, 0.166721, 0.16797, 0.168852, 0.170564, 0.172348, 0.173128, 0.175784, 0.17872, 0.181844, 0.189828, 0.195814, 0.210078, 0.216169, 0.216346, 0.217598, 0.24806, 0.25266, 0.260506, 0.261934, 0.263988, 0.462863, 0.467618, 0.473496, 0.473932, 0.482956, 0.532333, 0.53257, 0.535372, 0.544904, 0.552346, 0.557623, 0.562756, 0.575325, 0.579973, 0.582671, 0.58504, 0.585996, 0.591326, 0.607427, 0.609756, 0.610417, 0.617477, 0.635596, 0.638235, 0.646655, 0.647611, 0.651541, 0.653584, 0.678066, 0.678574, 0.685424, 0.687506, 0.69419, 0.698756, 0.702267, 0.703128, 0.703446, 0.716104, 0.717893, 0.72273, 0.726095, 0.729194, 0.732025, 0.733989, 0.73566, 0.738315, 0.740285, 0.743253, 0.754056, 0.758274, 0.764561, 0.764807, 0.765004, 0.776813, 0.788171, 0.795208, 0.797079, 0.800165, 0.803241, 0.806632, 0.810619, 0.814242, 0.818318, 0.819412, 0.82881, 0.83439, 0.838717, 0.839782, 0.841019, 0.841049, 0.842081, 0.847035, 0.847834, 0.849877, 0.862233, 0.862359, 0.879928, 0.883563, 0.885372, 0.886643, 0.887509, 0.888844, 0.889174, 0.890917, 0.897277, 0.913151, 0.917369, 0.91778, 0.925927, 0.928569, 0.938711, 0.940602, 0.94133, 0.941655, 0.945808, 0.95763, 0.96119, 0.965625, 0.966618, 0.967053, 0.973471, 0.974166, 0.975555, 0.976755, 0.978738, 0.982959, 0.983526, 0.99442, 