{"sigma_r": 1.2164, "sigma_i": 3.8254, "m": 4, "seed": 497642745, "n_k": {"1": 4807, "2": 748, "3": 79, "4": 7, "5": 0, "6+": 0}, "dlogr": [0.0, 0.000565, 0.000598, 0.001279, 0.001786, 0.001906, 0.002009, 0.002169, 0.003003, 0.00412, 0.004363, 0.004516, 0.004932, 0.005156, 0.005519, 0.00562, 0.005693, 0.005952, 0.006035, 0.006103, 0.006271, 0.006499, 0.0065, 0.006652, 0.007721, 0.008132, 0.008368, 0.00847, 0.00869, 0.009239, 0.009369, 0.009699, 0.009932, 0.010232, 0.011316, 0.011552, 0.01181, 0.012042, 0.012063, 0.012364, 0.012452, 0.012837, 0.013072, 0.013696, 0.013718, 0.013852, 0.014044, 0.014141, 0.014179, 0.01541, 0.015759, 0.015791, 0.015974, 0.016114, 0.016823, 0.017147, 0.017593, 0.018503, 0.018655, 0.019519, 0.019773, 0.019822, 0.019825, 0.01998, 0.019996, 0.020245, 0.020392, 0.020767, 0.020869, 0.020876, 0.020893, 0.021365, 0.02137, 0.02138, 0.021588, 0.021614, 0.02213, 0.022636, 0.02292, 0.023184, 0.023322, 0.023517, 0.024028, 0.024685, 0.024924, 0.025041, 0.025278, 0.025824, 0.025906, 0.026048, 0.026163, 0.026208, 0.02634, 0.02656, 0.026813, 0.028308, 0.028325, 0.02849, 0.028692, 0.02925, 0.029314, 0.0295, 0.029602, 0.030153, 0.030636, 0.030862, 0.031, 0.031114, 0.031294, 0.031467, 0.031699, 0.031799, 0.032132, 0.032295, 0.03273, 0.033029, 0.033482, 0.033595, 0.033622, 0.033677, 0.034056, 0.034515, 0.034983, 0.035289, 0.035447, 0.035621, 0.035881, 0.036855, 0.037134, 0.037257, 0.037637, 0.037902, 0.039241, 0.039988, 0.040544, 0.040887, 0.041007, 0.041046, 0.041057, 0.041071, 0.041566, 0.041791, 0.04197, 0.042473, 0.042494, 0.043774, 0.043873, 0.04393, 0.044122, 0.044647, 0.045326, 0.045462, 0.045791, 0.047045, 0.047521, 0.047572, 0.047583, 0.04776, 0.048122, 0.048672, 0.04898, 0.049398, 0.050075, 0.050492, 0.050726, 0.050953, 0.05103, 0.051412, 0.05179, 0.05192, 0.052132, 0.052827, 0.053106, 0.053164, 0.054176, 0.054184, 0.054356, 0.054598, 0.05468, 0.05518, 0.055197, 0.055241, 0.055336, 0.055871, 0.056196, 0.05625, 0.056689, 0.057077, 0.057275, 0.057463, 0.057483, 0.057874, 0.057978, 0.058052, 0.058163, 0.058454, 0.058542, 0.058973, 0.059946, 0.060058, 0.060979, 0.062019, 0.062462, 0.062618, 0.062832, 0.063611, 0.06392, 0.064436, 0.064602, 0.065256, 0.066043, 0.066653, 0.066881, 0.066987, 0.067055, 0.067421, 0.067715, 0.067828, 0.067913, 0.068562, 0.069906, 0.070079, 0.070812, 0.071506, 0.071535, 0.072006, 0.072313, 0.072537, 0.072666, 0.072698, 0.072906, 0.073542, 0.073688, 0.073728, 0.074348, 0.074449, 0.075094, 0.075115, 0.075178, 0.075711, 0.075748, 0.075749, 0.075769, 0.076457, 0.076851, 0.077029, 0.077132, 0.07739, 0.07755, 0.07799, 0.077998, 0.078582, 0.078729, 0.078764, 0.078829, 0.078963, 0.079059, 0.079188, 0.079303, 0.079748, 0.079951, 0.08084, 0.080886, 0.080899, 0.081872, 0.081943, 0.083039, 0.083115, 0.083659, 0.083682, 0.084168, 0.084752, 0.085458, 0.085651, 0.085878, 0.085971, 0.086826, 0.08741, 0.088021, 0.088928, 0.088982, 0.089091, 0.089597, 0.089697, 0.089859, 0.090003, 0.090504, 0.09064, 0.090936, 0.09116, 0.091257, 0.091922, 0.092059, 0.092398, 0.093478, 0.093484, 0.0946, 0.094767, 0.09504, 0.095098, 0.09514, 0.095405, 0.095504, 0.09606, 0.09626, 0.096423, 0.098208, 0.09821, 0.09845, 0.098464, 0.098479, 0.098714, 0.098758, 0.099438, 0.099625, 0.100525, 0.10053, 0.101024, 0.101033, 0.101845, 0.102968, 0.103032, 0.103276, 0.103492, 0.103948, 0.10413, 0.104208, 0.104237, 0.104563, 0.10524, 0.106032, 0.106081, 0.106128, 0.106183, 0.106208, 0.106303, 0.106457, 0.106655, 0.106655, 0.107831, 0.107993, 0.108386, 0.108501, 0.108619, 0.108743, 0.109012, 0.109274, 0.109725, 0.109728, 0.109811, 0.110271, 0.110289, 0.110843, 0.111264, 0.11152, 0.111524, 0.111681, 0.113362, 0.113374, 0.113644, 0.113795, 0.113833, 0.113921, 0.114102, 0.115849, 0.116213, 0.116585, 0.116824, 0.117104, 0.117161, 0.117234, 0.117325, 0.117453, 0.118841, 0.119342, 0.119552, 0.119644, 0.119694, 0.11971, 0.120323, 0.120964, 0.122345, 0.122454, 0.123202, 0.123336, 0.123376, 0.123849, 0.124452, 0.12471, 0.124994, 0.125135, 0.12535, 0.12538, 0.125553, 0.125683, 0.126108, 0.126132, 0.126301, 0.126631, 0.127179, 0.128417, 0.128815, 0.128933, 0.128939, 0.129127, 0.129152, 0.130281, 0.130605, 0.13108, 0.131914, 0.132009, 0.13217, 0.132262, 0.133017, 0.133088, 0.133092, 0.133704, 0.133725, 0.134029, 0.134482, 0.135103, 0.135292, 0.135305, 0.135459, 0.135545, 0.135701, 0.135994, 0.136349, 0.136353, 0.137134, 0.137578, 0.138138, 0.138203, 0.13885, 0.139454, 0.139456, 0.13951, 0.139985, 0.140292, 0.140478, 0.140656, 0.140713, 0.140959, 0.141333, 0.141923, 0.142708, 0.142956, 0.143282, 0.143409, 0.143688, 0.144644, 0.144791, 0.144905, 0.14601, 0.14676, 0.147229, 0.147385, 0.148128, 0.148264, 0.148419, 0.148826, 0.149285, 0.149358, 0.149739, 0.150457, 0.150479, 0.150583, 0.150782, 0.151626, 0.151947, 0.152668, 0.153083, 0.153232, 0.153544, 0.153616, 0.15362, 0.154081, 0.154785, 0.154931, 0.154949, 0.155027, 0.155122, 0.155676, 0.155728, 0.156137, 0.156562, 0.15691, 0.157822, 0.158714, 0.159003, 0.159515, 0.159576, 0.159723, 0.159917, 0.161036, 0.161732, 0.161901, 0.162024, 0.163397, 0.163549, 0.16387, 0.163916, 0.163974, 0.16464, 0.165525, 0.165598, 0.165828, 0.165899, 0.165924, 0.165934, 0.166851, 0.168338, 0.169263, 0.170121, 0.170432, 0.171415, 0.171953, 0.172321, 0.172511, 0.172603, 0.17281, 0.173541, 0.17445, 0.174642, 0.174653, 0.174941, 0.175944, 0.17603, 0.176113, 0.176236, 0.177, 0.177576, 0.178221, 0.17994, 0.180351, 0.180923, 0.181153, 0.181291, 0.181845, 0.182763, 0.183456, 0.183478, 0.184194, 0.184279, 0.184516, 0.184554, 0.184558, 0.184928, 0.184953, 0.18524, 0.185733, 0.186378, 0.186921, 0.188508, 0.189069, 0.189555, 0.190092, 0.190499, 0.19063, 0.191251, 0.191304, 0.191774, 0.192345, 0.193252, 0.193936, 0.194228, 0.194594, 0.195316, 0.195865, 0.196137, 0.19698, 0.197036, 0.197658, 0.198377, 0.1986, 0.198777, 0.199042, 0.199297, 0.199349, 0.200013, 0.200907, 0.201174, 0.201357, 0.20227, 0.202497, 0.202571, 0.202738, 0.202892, 0.203436, 0.203738, 0.204367, 0.204599, 0.205052, 0.205181, 0.205912, 0.206134, 0.206959, 0.207236, 0.207994, 0.208024, 0.209077, 0.211004, 0.21135, 0.211999, 0.212566, 0.212666, 0.212746, 0.213129, 0.214169, 0.214531, 0.215618, 0.216386, 0.216668, 0.217103, 0.2174, 0.21763, 0.218505, 0.219866, 0.220198, 0.220709, 0.220763, 0.221763, 0.222565, 0.223104, 0.22364, 0.223702, 0.224924, 0.225542, 0.225745, 0.22645, 0.22839, 0.229529, 0.229664, 0.229819, 0.229852, 0.230132, 0.231111, 0.23215, 0.232443, 0.232515, 0.23304, 0.233865, 0.235259, 0.237746, 0.239073, 0.242581, 0.242696, 0.243391, 0.243487, 0.243677, 0.244098, 0.24431, 0.245076, 0.245179, 0.248163, 0.248381, 0.248466, 0.248739, 0.252807, 0.253338, 0.253848, 0.254435, 0.254451, 0.254704, 0.254915, 0.256078, 0.257564, 0.257651, 0.258568, 0.259698, 0.26148, 0.262199, 0.264036, 0.265037, 0.266885, 0.267137, 0.267476, 0.269009, 0.269261, 0.269599, 0.269697, 0.269878, 0.270045, 0.270256, 0.272034, 0.274447, 0.275352, 0.275783, 0.275959, 0.277334, 0.277438, 0.279801, 0.280302, 0.280465, 0.281192, 0.281566, 0.282402, 0.282936, 0.283676, 0.285643, 0.286219, 0.286904, 0.287926, 0.29014, 0.290321, 0.291339, 0.292315, 0.293154, 0.293754, 0.294228, 0.29562, 0.295762, 0.296136, 0.296584, 0.297214, 0.297383, 0.298343, 0.298713, 0.301564, 0.301869, 0.301951, 0.302173, 0.309059, 0.309248, 0.309946, 0.314663, 0.314953, 0.315143, 0.31526, 0.316005, 0.316435, 0.316675, 0.317727, 0.317823, 0.318955, 0.319669, 0.322702, 0.329786, 0.330163, 0.332897, 0.334339, 0.338073, 0.339875, 0.340593, 0.341427, 0.341482, 0.341561, 0.346583, 0.347597, 0.34891, 0.349173, 0.351871, 0.353509, 0.357459, 0.360101, 0.360258, 0.373808, 0.376274, 0.378624, 0.38193, 0.382006, 0.388773, 0.391751, 0.397076, 0.397648, 0.39973, 0.401524, 0.410136, 0.412742, 0.414284, 0.415387, 0.4169, 0.419119, 0.423941, 0.426699, 0.432857, 0.433836, 0.445088, 0.460737, 0.462303, 0.465972, 0.469446, 0.484769, 0.484885, 0.488827, 0.500241, 0.500433, 0.510764, 0.510991, 0.527096, 0.529794, 0.53925, 0.540073, 0.547186, 0.549466, 0.550405, 