{"sigma_r": 0.9707, "sigma_i": 1.8292, "m": 3, "seed": 1811611301, "n_k": {"1": 4294, "2": 857, "3": 175, "4": 35, "5": 1, "6+": 0}, "dlogr": [0.0, 0.00033, 0.000573, 0.000668, 0.00069, 0.00088, 0.000931, 0.001081, 0.001147, 0.001303, 0.001365, 0.001377, 0.001635, 0.0017, 0.002163, 0.002304, 0.002336, 0.002484, 0.002502, 0.002535, 0.002605, 0.002607, 0.002672, 0.002688, 0.002903, 0.003108, 0.00347, 0.00357, 0.003625, 0.003708, 0.00373, 0.003812, 0.003833, 0.003942, 0.004547, 0.004929, 0.005189, 0.005207, 0.005449, 0.005685, 0.005697, 0.005914, 0.00607, 0.006085, 0.006727, 0.006762, 0.006825, 0.006914, 0.006996, 0.007047, 0.00724, 0.007472, 0.007777, 0.008116, 0.008378, 0.00861, 0.008668, 0.008714, 0.00902, 0.009164, 0.009201, 0.00952, 0.009525, 0.009684, 0.009712, 0.009879, 0.010275, 0.010341, 0.010349, 0.010473, 0.010557, 0.010697, 0.011117, 0.011137, 0.011229, 0.011352, 0.011402, 0.011929, 0.011935, 0.012219, 0.012237, 0.012247, 0.012328, 0.012622, 0.012623, 0.012687, 0.01271, 0.012836, 0.013022, 0.013048, 0.013234, 0.013577, 0.013592, 0.013594, 0.013825, 0.013858, 0.014566, 0.01472, 0.014783, 0.015016, 0.015074, 0.015214, 0.015353, 0.015445, 0.015541, 0.015566, 0.01605, 0.016093, 0.016102, 0.016152, 0.01631, 0.016385, 0.016435, 0.016567, 0.01677, 0.01692, 0.016941, 0.017508, 0.017591, 0.017725, 0.017904, 0.01791, 0.017986, 0.018179, 0.0183, 0.018427, 0.018753, 0.018789, 0.018904, 0.018937, 0.019123, 0.019198, 0.019344, 0.019408, 0.019481, 0.01974, 0.01983, 0.019863, 0.020103, 0.020138, 0.020875, 0.020879, 0.020881, 0.021039, 0.021519, 0.022074, 0.022158, 0.022272, 0.022363, 0.022634, 0.022812, 0.02302, 0.02358, 0.023629, 0.02438, 0.024987, 0.024995, 0.025212, 0.025395, 0.025651, 0.025651, 0.025879, 0.02588, 0.0262, 0.026312, 0.0264, 0.026518, 0.026592, 0.026628, 0.027098, 0.027267, 0.028244, 0.028568, 0.028654, 0.028678, 0.029014, 0.029135, 0.029486, 0.029841, 0.030032, 0.030396, 0.030456, 0.030945, 0.031504, 0.031556, 0.031575, 0.031754, 0.032176, 0.032191, 0.032276, 0.03276, 0.033135, 0.033505, 0.033864, 0.033987, 0.034046, 0.03432, 0.034692, 0.034908, 0.035189, 0.035341, 0.035375, 0.03538, 0.035616, 0.035627, 0.035643, 0.035692, 0.035747, 0.035831, 0.035868, 0.036025, 0.036064, 0.036188, 0.036374, 0.036536, 0.036846, 0.037082, 0.037319, 0.038243, 0.038452, 0.038476, 0.038667, 0.038865, 0.038923, 0.039109, 0.039128, 0.039161, 0.039231, 0.039282, 0.039318, 0.039577, 0.039624, 0.039707, 0.039748, 0.039824, 0.039862, 0.040161, 0.040261, 0.040571, 0.040591, 0.040738, 0.041224, 0.041589, 0.041748, 0.04177, 0.041853, 0.042229, 0.042285, 0.04236, 0.042444, 0.042728, 0.042899, 0.043164, 0.043357, 0.043695, 0.043708, 0.043773, 0.044023, 0.044082, 0.044312, 0.044703, 0.044861, 0.045119, 0.045243, 0.045311, 0.045313, 0.045545, 0.045798, 0.045825, 0.046798, 0.047004, 0.047012, 0.047364, 0.047415, 0.047623, 0.047637, 0.047773, 0.047969, 0.048096, 0.048386, 0.048875, 0.049056, 0.049189, 0.04933, 0.049527, 0.049622, 0.04964, 0.049871, 0.049966, 0.050309, 0.050507, 0.051202, 0.051536, 0.051636, 0.052043, 0.052169, 0.052331, 0.052356, 0.052408, 0.052754, 0.052894, 0.05294, 0.053065, 0.053158, 0.053195, 0.053209, 0.053788, 0.053854, 0.053933, 0.053974, 0.053984, 0.054109, 0.05421, 0.054224, 0.054426, 0.055425, 0.055673, 0.055712, 0.055731, 0.056085, 0.057555, 0.057681, 0.057824, 0.057908, 0.057922, 0.058009, 0.058062, 0.058121, 0.058149, 0.058189, 0.058282, 0.058807, 0.058905, 0.059009, 0.059153, 0.059208, 0.059242, 0.059637, 0.060333, 0.060371, 0.0604, 0.060668, 0.06069, 0.061472, 0.061668, 0.06177, 0.061786, 0.061994, 0.062041, 0.06273, 0.063035, 0.063038, 0.063419, 0.063532, 0.063582, 0.06369, 0.063898, 0.064324, 0.064445, 0.064689, 0.064934, 0.065003, 0.065228, 0.065747, 0.066302, 0.067053, 0.067095, 0.067247, 0.067255, 0.067259, 0.067316, 0.067887, 0.068139, 0.068904, 0.068921, 0.069134, 0.069235, 0.069313, 0.069451, 0.069689, 0.069875, 0.06997, 0.070154, 0.070279, 0.071153, 0.071154, 0.071175, 0.071309, 0.071359, 0.07139, 0.071391, 0.071803, 0.071827, 0.071989, 0.072066, 0.072221, 0.072404, 0.072853, 0.073069, 0.073245, 0.073495, 0.073977, 0.074043, 0.074264, 0.074841, 0.074909, 0.07519, 0.075201, 0.075585, 0.075609, 0.075753, 0.075846, 0.07591, 0.076485, 0.077308, 0.07732, 0.077347, 0.077679, 0.077816, 0.078125, 0.07825, 0.078448, 0.07846, 0.07867, 0.078855, 0.078862, 0.079615, 0.079773, 0.079785, 0.079882, 0.079909, 0.080081, 0.080104, 0.080124, 0.080521, 0.080543, 0.080646, 0.08079, 0.080794, 0.080803, 0.081464, 0.081513, 0.08174, 0.081951, 0.082057, 0.082383, 0.083053, 0.083096, 0.083498, 0.083575, 0.083836, 0.083977, 0.084106, 0.084248, 0.084441, 0.084478, 0.084503, 0.085014, 0.085557, 0.085585, 0.085921, 0.086016, 0.086036, 0.086903, 0.08731, 0.087403, 0.087535, 0.087553, 0.087999, 0.088685, 0.08876, 0.089033, 0.089121, 0.089215, 0.089312, 0.089423, 0.09051, 0.090597, 0.090654, 0.090743, 0.091075, 0.091127, 0.091342, 0.091733, 0.092015, 0.092045, 0.092123, 0.092163, 0.092301, 0.092763, 0.093006, 0.093189, 0.093282, 0.093729, 0.093971, 0.093974, 0.093983, 0.094117, 0.094151, 0.094206, 0.094429, 0.094685, 0.094693, 0.094707, 0.094987, 0.095051, 0.095104, 0.095221, 0.095623, 0.095637, 0.095658, 0.095732, 0.095816, 0.095943, 0.096129, 0.09633, 0.096351, 0.096373, 0.096613, 0.096617, 0.096645, 0.096815, 0.096842, 0.097025, 0.097149, 0.09766, 0.097784, 0.097841, 0.09791, 0.098035, 0.098358, 0.098376, 0.098434, 0.098478, 0.0987, 0.09877, 0.098787, 0.09904, 0.099206, 0.099739, 0.100137, 0.100226, 0.10034, 0.100404, 0.100831, 0.101048, 0.101307, 0.101817, 0.1019, 0.102131, 0.102362, 0.102415, 0.102527, 0.103119, 0.103306, 0.10333, 0.103343, 0.103804, 0.104797, 0.104817, 0.10487, 0.104924, 0.105379, 0.105483, 0.10562, 0.105695, 0.105722, 0.10592, 0.106329, 0.10651, 0.106647, 0.106971, 0.107332, 0.107888, 0.108067, 0.108106, 0.108168, 0.108234, 0.108615, 0.108663, 0.108803, 0.108859, 0.108881, 0.108973, 0.10951, 0.110055, 0.110161, 0.110255, 0.110422, 0.110536, 0.111302, 0.111404, 0.11155, 0.111707, 0.111726, 0.111901, 0.111993, 0.112371, 0.112478, 0.113489, 0.113537, 0.113578, 0.11371, 0.114204, 0.114575, 0.114636, 0.114821, 0.114827, 0.114975, 0.115056, 0.116167, 0.116237, 0.116275, 0.116405, 0.116519, 0.116689, 0.117246, 0.117429, 0.117507, 0.11758, 0.117832, 0.118254, 0.118526, 0.118534, 0.118905, 0.11929, 0.119497, 0.120216, 0.120267, 0.120314, 0.120341, 0.120855, 0.120978, 0.121431, 0.121543, 0.12177, 0.121785, 0.122224, 0.122326, 0.122388, 0.122389, 0.122553, 0.122652, 0.122835, 0.123345, 0.123417, 0.12384, 0.123899, 0.124044, 0.124684, 0.125005, 0.125031, 0.125284, 0.125413, 0.126093, 0.12629, 0.126659, 0.126702, 0.127212, 0.127585, 0.128167, 0.128477, 0.129564, 0.129783, 0.129925, 0.13006, 0.13011, 0.130164, 0.130439, 0.130525, 0.130963, 0.131271, 0.131564, 0.131767, 0.131923, 0.131969, 0.132243, 0.132869, 0.132987, 0.133088, 0.133378, 0.133585, 0.133812, 0.134073, 0.134223, 0.134258, 0.13427, 0.134455, 0.134516, 0.134691, 0.134847, 0.134864, 0.13489, 0.135166, 0.135323, 0.135531, 0.135664, 0.135986, 0.136327, 0.136499, 0.136532, 0.136601, 0.136618, 0.136656, 0.137142, 0.137409, 0.137833, 0.137936, 0.13837, 0.139015, 0.139256, 0.139282, 0.139659, 0.139707, 0.139947, 0.140024, 0.140391, 0.140634, 0.140806, 0.140806, 0.141188, 0.141233, 0.141361, 0.141562, 0.141727, 0.142164, 0.142567, 0.142617, 0.142992, 0.14307, 0.143101, 0.143723, 0.143827, 0.143985, 0.144534, 0.144614, 0.144652, 0.14508, 0.145244, 0.145904, 0.147138, 0.147614, 0.148915, 0.149059, 0.149502, 0.149784, 0.150036, 0.150757, 0.150815, 0.150996, 0.151495, 0.151576, 0.151583, 0.152106, 0.15254, 0.152584, 0.152667, 0.153256, 0.15342, 0.153923, 0.153992, 0.154367, 0.154465, 0.154489, 0.154529, 0.154764, 0.155044, 0.155056, 0.155469, 0.155475, 0.155508, 0.155662, 0.156623, 0.156707, 0.157026, 0.157379, 0.15756, 0.15766, 0.15787, 0.157896, 0.158686, 0.158688, 0.159093, 0.159474, 0.159562, 0.159902, 0.160256, 0.160475, 0.161038, 0.161063, 0.161638, 0.161834, 0.164851, 0.164965, 0.165323, 