{"sigma_r": 1.5244, "sigma_i": 0.2, "m": 8, "seed": 2457550437, "n_k": {"1": 3709, "2": 897, "3": 258, "4": 63, "5": 18, "6+": 2}, "dlogr": [0.000121, 0.000656, 0.000704, 0.001227, 0.001431, 0.001807, 0.002037, 0.002721, 0.002876, 0.002885, 0.00309, 0.003101, 0.003114, 0.003287, 0.00336, 0.003711, 0.004224, 0.004286, 0.004909, 0.004967, 0.00505, 0.005095, 0.005155, 0.005238, 0.005363, 0.005473, 0.005757, 0.005774, 0.00607, 0.006331, 0.006493, 0.006506, 0.006557, 0.006663, 0.006824, 0.007021, 0.007036, 0.007181, 0.007564, 0.007668, 0.007865, 0.007951, 0.008027, 0.00806, 0.008114, 0.008241, 0.008636, 0.008825, 0.009139, 0.009238, 0.009362, 0.009407, 0.009424, 0.009557, 0.009644, 0.010059, 0.010094, 0.01021, 0.010482, 0.010584, 0.011063, 0.011086, 0.01127, 0.011463, 0.011535, 0.011781, 0.012233, 0.012538, 0.01272, 0.012795, 0.012835, 0.013075, 0.013127, 0.013141, 0.013182, 0.013227, 0.013248, 0.01327, 0.013584, 0.013592, 0.0138, 0.013821, 0.013847, 0.013965, 0.014033, 0.014083, 0.014393, 0.014557, 0.015123, 0.015164, 0.01518, 0.015301, 0.015404, 0.015438, 0.015474, 0.015929, 0.016095, 0.016337, 0.016461, 0.016512, 0.016581, 0.016604, 0.016801, 0.017038, 0.017269, 0.017271, 0.01732, 0.017421, 0.017638, 0.017927, 0.018026, 0.018574, 0.018574, 0.018636, 0.018846, 0.018876, 0.018881, 0.019034, 0.019798, 0.020114, 0.020138, 0.020351, 0.020527, 0.020562, 0.020644, 0.020741, 0.020833, 0.020974, 0.021108, 0.021136, 0.02118, 0.021349, 0.021965, 0.022062, 0.022338, 0.022655, 0.02271, 0.023104, 0.023204, 0.023428, 0.02381, 0.023854, 0.023935, 0.024224, 0.024516, 0.024578, 0.024653, 0.024671, 0.024672, 0.024815, 0.025197, 0.025202, 0.025509, 0.025595, 0.026068, 0.026303, 0.026329, 0.02636, 0.026816, 0.026857, 0.027105, 0.027168, 0.027298, 0.027309, 0.027446, 0.027488, 0.027501, 0.027558, 0.027703, 0.027771, 0.028168, 0.028257, 0.028338, 0.028354, 0.028395, 0.028409, 0.028613, 0.028809, 0.028842, 0.02925, 0.029253, 0.029262, 0.029353, 0.029365, 0.029366, 0.029667, 0.029753, 0.029905, 0.031115, 0.031203, 0.031297, 0.031337, 0.031388, 0.031524, 0.03164, 0.031798, 0.03199, 0.032349, 0.032429, 0.032523, 0.032734, 0.032811, 0.032831, 0.032858, 0.03337, 0.034126, 0.034167, 0.03423, 0.034243, 0.03536, 0.03545, 0.035566, 0.035593, 0.035658, 0.035695, 0.035724, 0.035724, 0.035768, 0.035991, 0.036112, 0.036171, 0.036438, 0.036541, 0.036933, 0.037092, 0.037109, 0.037202, 0.037323, 0.037617, 0.037671, 0.038053, 0.038172, 0.038449, 0.038456, 0.038522, 0.038531, 0.038591, 0.038616, 0.038654, 0.038699, 0.038916, 0.038957, 0.038967, 0.03926, 0.039269, 0.03955, 0.039684, 0.039967, 0.039985, 0.04001, 0.040275, 0.040365, 0.04062, 0.040702, 0.040745, 0.040981, 0.041129, 0.041154, 0.041221, 0.041237, 0.041708, 0.041753, 0.041922, 0.04193, 0.042295, 0.042628, 0.042925, 0.04296, 0.043223, 0.043441, 0.043457, 0.043528, 0.043823, 0.043967, 0.044194, 0.044201, 0.044682, 0.044713, 0.044938, 0.044965, 0.045226, 0.045233, 0.045418, 0.04588, 0.046041, 0.046257, 0.046372, 0.046375, 0.046482, 0.046947, 0.0472, 0.047433, 0.047441, 0.047601, 0.04763, 0.047899, 0.04798, 0.048481, 0.049305, 0.049313, 0.049324, 0.049342, 0.04948, 0.050578, 0.050645, 0.050675, 0.050702, 0.050743, 0.051059, 0.051137, 0.051625, 0.051834, 0.05187, 0.052075, 0.052249, 0.052402, 0.052789, 0.052866, 0.053194, 0.053319, 0.053718, 0.053851, 0.053896, 0.054015, 0.054486, 0.054658, 0.054691, 0.05499, 0.05509, 0.055199, 0.055292, 0.055353, 0.055555, 0.056258, 0.056394, 0.056988, 0.056996, 0.05705, 0.057059, 0.057133, 0.057165, 0.057357, 0.057527, 0.05765, 0.057652, 0.057687, 0.057943, 0.057944, 0.058421, 0.058552, 0.058572, 0.058583, 0.058745, 0.059056, 0.059132, 0.059157, 0.059733, 0.059742, 0.059745, 0.059812, 0.059836, 0.060349, 0.060388, 0.06058, 0.060674, 0.060965, 0.061228, 0.061263, 0.061378, 0.061461, 0.061509, 0.061695, 0.061798, 0.061907, 0.061919, 0.061923, 0.061928, 0.062142, 0.062377, 0.062676, 0.062683, 0.062759, 0.063193, 0.063228, 0.0634, 0.063762, 0.063862, 0.064129, 0.064396, 0.064566, 0.064579, 0.064744, 0.064798, 0.064844, 0.064938, 0.064991, 0.065089, 0.065123, 0.065166, 0.065656, 0.065764, 0.066003, 0.066093, 0.066116, 0.066221, 0.066432, 0.066615, 0.066929, 0.06695, 0.066987, 0.067018, 0.067136, 0.067318, 0.067475, 0.067604, 0.068136, 0.06825, 0.068493, 0.068567, 0.068982, 0.069069, 0.069075, 0.069402, 0.069585, 0.069715, 0.069851, 0.070126, 0.070128, 0.070199, 0.070321, 0.070393, 0.070533, 0.071171, 0.071198, 0.071302, 0.071842, 0.072009, 0.072262, 0.072329, 0.072435, 0.072944, 0.073011, 0.073092, 0.073271, 0.073435, 0.073481, 0.073579, 0.073705, 0.074271, 0.074444, 0.074471, 0.074621, 0.074947, 0.075075, 0.075097, 0.075347, 0.0757, 0.075964, 0.075983, 0.075997, 0.076086, 0.076131, 0.076154, 0.076157, 0.076284, 0.076522, 0.076809, 0.07696, 0.077309, 0.077427, 0.077428, 0.077529, 0.077529, 0.077758, 0.078063, 0.078237, 0.078385, 0.078393, 0.078619, 0.078657, 0.07893, 0.078934, 0.079014, 0.079083, 0.079107, 0.079182, 0.079216, 0.07936, 0.079365, 0.079667, 0.079941, 0.080301, 0.080397, 0.080522, 0.080788, 0.080824, 0.080981, 0.081084, 0.08129, 0.08129, 0.081307, 0.081469, 0.08147, 0.081587, 0.081908, 0.082275, 0.082409, 0.082547, 0.08258, 0.082692, 0.082856, 0.083283, 0.083806, 0.084013, 0.084119, 0.084379, 0.084411, 0.08442, 0.08478, 0.084785, 0.084817, 0.085, 0.085422, 0.085698, 0.085919, 0.08664, 0.08674, 0.086837, 0.086872, 0.087085, 0.087218, 0.087275, 0.08728, 0.087383, 0.087464, 0.087519, 0.087692, 0.087981, 0.088217, 0.088282, 0.088963, 0.089376, 0.089724, 0.090133, 0.090209, 0.090546, 0.09071, 0.090757, 0.091043, 0.091356, 0.091447, 0.091524, 0.091631, 0.091653, 0.091745, 0.092093, 0.092229, 0.092531, 0.092793, 0.093334, 0.093453, 0.093457, 0.093579, 0.094356, 0.094457, 0.094478, 0.094914, 0.095531, 0.09567, 0.095724, 0.095807, 0.095919, 0.096016, 0.096103, 0.096515, 0.096724, 0.096754, 0.097137, 0.097275, 0.097291, 0.097836, 0.098086, 0.098163, 0.098401, 0.098432, 0.098711, 0.098839, 0.098873, 0.099249, 0.09945, 0.099869, 0.100545, 0.100557, 0.100587, 0.100595, 0.100998, 0.101181, 0.101254, 0.101364, 0.101471, 0.101589, 0.10162, 0.101963, 0.101998, 0.102017, 0.102162, 0.102309, 0.10241, 0.102428, 0.102438, 0.102947, 0.103158, 0.103943, 0.104011, 0.104138, 0.104184, 0.104197, 0.104414, 0.104474, 0.104596, 0.104726, 0.104805, 0.105008, 0.10519, 0.105382, 0.105684, 0.105688, 0.105851, 0.105996, 0.106481, 0.106556, 0.106894, 0.106959, 0.107099, 0.107485, 0.107508, 0.107571, 0.107725, 0.108121, 0.108413, 0.108435, 0.108516, 0.108802, 0.109068, 0.109655, 0.109853, 0.109912, 0.110245, 0.110957, 0.111108, 0.11117, 0.111231, 0.111361, 0.111472, 0.111616, 0.111879, 0.111998, 0.112242, 0.112405, 0.113278, 0.113304, 0.113578, 0.113625, 0.113722, 0.113855, 0.113904, 0.113933, 0.113979, 0.114064, 0.11408, 0.114093, 0.114141, 0.114307, 0.114708, 0.114806, 0.114807, 0.114865, 0.115017, 0.115271, 0.115414, 0.115592, 0.115775, 0.116214, 0.116328, 0.116365, 0.116735, 0.117012, 0.117327, 0.11736, 0.117405, 0.11744, 0.117587, 0.117629, 0.117633, 0.117687, 0.117925, 0.118186, 0.118691, 0.118969, 0.119083, 0.119309, 0.119344, 0.119546, 0.119586, 0.11959, 0.1197, 0.119849, 0.119905, 0.120258, 0.120445, 0.1206, 0.120772, 0.12086, 0.1211, 0.121291, 0.121389, 0.121408, 0.121411, 0.121466, 0.121535, 0.121546, 0.121864, 0.121933, 0.122507, 0.122645, 0.122669, 0.122903, 0.12309, 0.123215, 0.123239, 0.123248, 0.123521, 0.123681, 0.123824, 0.124739, 0.125134, 0.125198, 0.125332, 0.126068, 0.12673, 0.126744, 0.127092, 0.127389, 0.127749, 0.128091, 0.128238, 0.128901, 0.129277, 0.129555, 0.129765, 0.129874, 0.129906, 0.129946, 0.12995, 0.130291, 0.130856, 0.131346, 0.131546, 0.131563, 0.131835, 0.131935, 0.131944, 0.131967, 0.132336, 0.132394, 0.132886, 0.133275, 0.133657, 0.133811, 0.13388, 0.13391, 0.134398, 0.134483, 0.134619, 0.135154, 0.135351, 0.135551, 0.136159, 0.136185, 0.13638, 0.136496, 0.136549, 0.137145, 0.137852, 0.137858, 0.137913, 0.138119, 0.138224, 0.138274, 0.138371, 0.138435, 0.138781, 0.139102, 0.13936, 