{"sigma_r": null, "sigma_i": 0.3271, "m": 2, "seed": 3437943545, "n_k": {"1": 3642, "2": 996, "3": 251, "4": 58, "5": 8, "6+": 0}, "dlogr": [0.000164, 0.00044, 0.001221, 0.001249, 0.001475, 0.001558, 0.00185, 0.001905, 0.0021, 0.002165, 0.002367, 0.002813, 0.002832, 0.003265, 0.003275, 0.003689, 0.003751, 0.003916, 0.003926, 0.004284, 0.004974, 0.005744, 0.005826, 0.005897, 0.006278, 0.006313, 0.007833, 0.007936, 0.007952, 0.008149, 0.008186, 0.008408, 0.008682, 0.0087, 0.00895, 0.009484, 0.009825, 0.009907, 0.010599, 0.010637, 0.010653, 0.011274, 0.011322, 0.01142, 0.011429, 0.011555, 0.011751, 0.011753, 0.011907, 0.011924, 0.012036, 0.013585, 0.013806, 0.013919, 0.014121, 0.014136, 0.014185, 0.014421, 0.014525, 0.014651, 0.014678, 0.014747, 0.015264, 0.015367, 0.015418, 0.015424, 0.015424, 0.015605, 0.015768, 0.015785, 0.015865, 0.016074, 0.016109, 0.016693, 0.016713, 0.017122, 0.017189, 0.017474, 0.017488, 0.01754, 0.017599, 0.017618, 0.017775, 0.018507, 0.018578, 0.018621, 0.018684, 0.018725, 0.018782, 0.018943, 0.019033, 0.019356, 0.019632, 0.019828, 0.019893, 0.019962, 0.020185, 0.020385, 0.02058, 0.021033, 0.021036, 0.021071, 0.021106, 0.02188, 0.022013, 0.022306, 0.022404, 0.022407, 0.02276, 0.022896, 0.022943, 0.023927, 0.024212, 0.024786, 0.025047, 0.025177, 0.025514, 0.025888, 0.026183, 0.026647, 0.026904, 0.026935, 0.027595, 0.028195, 0.028505, 0.028827, 0.028878, 0.028886, 0.029047, 0.029262, 0.02957, 0.029635, 0.029817, 0.030138, 0.03049, 0.030573, 0.030645, 0.030653, 0.030878, 0.031104, 0.031264, 0.031407, 0.03141, 0.031418, 0.031534, 0.03183, 0.031877, 0.032208, 0.032225, 0.032293, 0.032619, 0.032688, 0.032825, 0.032834, 0.03287, 0.033194, 0.033237, 0.033324, 0.033354, 0.03358, 0.034274, 0.034447, 0.035141, 0.035212, 0.03522, 0.035398, 0.035478, 0.035589, 0.036022, 0.036247, 0.036286, 0.036605, 0.036767, 0.036837, 0.036898, 0.0369, 0.036972, 0.037205, 0.037289, 0.03743, 0.037549, 0.037826, 0.038104, 0.038383, 0.038941, 0.039062, 0.039203, 0.039234, 0.039588, 0.039646, 0.039795, 0.039876, 0.039985, 0.040063, 0.040111, 0.04019, 0.040194, 0.040512, 0.04058, 0.040647, 0.040655, 0.040665, 0.040861, 0.041145, 0.041424, 0.041534, 0.041694, 0.04177, 0.042362, 0.042422, 0.042746, 0.043024, 0.043244, 0.043392, 0.043645, 0.043917, 0.044333, 0.044474, 0.044671, 0.044681, 0.044798, 0.044916, 0.045391, 0.045401, 0.045713, 0.045729, 0.045822, 0.046428, 0.046661, 0.046933, 0.047455, 0.047601, 0.047624, 0.047742, 0.048081, 0.048684, 0.048819, 0.048933, 0.049031, 0.049334, 0.049453, 0.049551, 0.049638, 0.049687, 0.049802, 0.049807, 0.049992, 0.050178, 0.050205, 0.050571, 0.050582, 0.050598, 0.05091, 0.050964, 0.051025, 0.051136, 0.051235, 0.051237, 0.051341, 0.051479, 0.052049, 0.052156, 0.052198, 0.052796, 0.053094, 0.053298, 0.053764, 0.053792, 0.054128, 0.054437, 0.054579, 0.054914, 0.055167, 0.055816, 0.056092, 0.056991, 0.057086, 0.057099, 0.057192, 0.057741, 0.058008, 0.058203, 0.058301, 0.058304, 0.058417, 0.058547, 0.058656, 0.058745, 0.058781, 0.058865, 0.058884, 0.058957, 0.059116, 0.059198, 0.059598, 0.059627, 0.059704, 0.05973, 0.060557, 0.060671, 0.061285, 0.061658, 0.06224, 0.062369, 0.062387, 0.06244, 0.063147, 0.063339, 0.063881, 0.064279, 0.064654, 0.064723, 0.064747, 0.06492, 0.064937, 0.06503, 0.065292, 0.065515, 0.065653, 0.066165, 0.066319, 0.066712, 0.066918, 0.066927, 0.066985, 0.067013, 0.067373, 0.067397, 0.067454, 0.067566, 0.067577, 0.0677, 0.067911, 0.067937, 0.068042, 0.068127, 0.068407, 0.069166, 0.069393, 0.069725, 0.069819, 0.070216, 0.07035, 0.071339, 0.071411, 0.071429, 0.071446, 0.071856, 0.072004, 0.072144, 0.072293, 0.072338, 0.072399, 0.072475, 0.072535, 0.073279, 0.073488, 0.073697, 0.07406, 0.074063, 0.074075, 0.074087, 0.074149, 0.074268, 0.074498, 0.075023, 0.075429, 0.075782, 0.076029, 0.076293, 0.076509, 0.076751, 0.077008, 0.077087, 0.077204, 0.077332, 0.077403, 0.078664, 0.078758, 0.078979, 0.079125, 0.079636, 0.079827, 0.07995, 0.080049, 0.080314, 0.080376, 0.08045, 0.080509, 0.080635, 0.080682, 0.080826, 0.081046, 0.081089, 0.081191, 0.081265, 0.08152, 0.081602, 0.081692, 0.08172, 0.081746, 0.081934, 0.082124, 0.08215, 0.082503, 0.082686, 0.083368, 0.083408, 0.083611, 0.083794, 0.083852, 0.08413, 0.08414, 0.084194, 0.084409, 0.084518, 0.084681, 0.084768, 0.08497, 0.085003, 0.085096, 0.085523, 0.085632, 0.085717, 0.086416, 0.086646, 0.087003, 0.087266, 0.087425, 0.087693, 0.087751, 0.087836, 0.088066, 0.088597, 0.088652, 0.088881, 0.08904, 0.089211, 0.089321, 0.089539, 0.089646, 0.089887, 0.090077, 0.090233, 0.090279, 0.09091, 0.091763, 0.091847, 0.092022, 0.092104, 0.092361, 0.09241, 0.092414, 0.09311, 0.093289, 0.093446, 0.093554, 0.094523, 0.094605, 0.094614, 0.094786, 0.094881, 0.095023, 0.095348, 0.095376, 0.095914, 0.096256, 0.096427, 0.096609, 0.096951, 0.09708, 0.097238, 0.097488, 0.097829, 0.098011, 0.098011, 0.098132, 0.098216, 0.098253, 0.09827, 0.098412, 0.098926, 0.099068, 0.099099, 0.099324, 0.099837, 0.099998, 0.100027, 0.100432, 0.100743, 0.100767, 0.101004, 0.10138, 0.101488, 0.101528, 0.101674, 0.101747, 0.102147, 0.102326, 0.102456, 0.102601, 0.102896, 0.102926, 0.103373, 0.103527, 0.103534, 0.103619, 0.103755, 0.104053, 0.104549, 0.104727, 0.104779, 0.104831, 0.104945, 0.105281, 0.105381, 0.105401, 0.106055, 0.106302, 0.106317, 0.106385, 0.106414, 0.106526, 0.106813, 0.107018, 0.107028, 0.107056, 0.107669, 0.107901, 0.108202, 0.108246, 0.108407, 0.108585, 0.108948, 0.108987, 0.109275, 0.110108, 0.110497, 0.110531, 0.110874, 0.111118, 0.111191, 0.1114, 0.111616, 0.111676, 0.111697, 0.111907, 0.11195, 0.112014, 0.112251, 0.112356, 0.112562, 0.112707, 0.112717, 0.112963, 0.113006, 0.113032, 0.113069, 0.113263, 0.113401, 0.113643, 0.113801, 0.1139, 0.114034, 0.114093, 0.114146, 0.11467, 0.114948, 0.115032, 0.115105, 0.115282, 0.115327, 0.115403, 0.115625, 0.115648, 0.116386, 0.116541, 0.116831, 0.116861, 0.116991, 0.117059, 0.1172, 0.117486, 0.117571, 0.117987, 0.118162, 0.118189, 0.118339, 0.118395, 0.118858, 0.119316, 0.120077, 0.120316, 0.120411, 0.120698, 0.121205, 0.121554, 0.122351, 0.122678, 0.122697, 0.122892, 0.122918, 0.122965, 0.123391, 0.123458, 0.123548, 0.123918, 0.124224, 0.124553, 0.124703, 0.12502, 0.125068, 0.125304, 0.125356, 0.125667, 0.125979, 0.126092, 0.126619, 0.126932, 0.127271, 0.127391, 0.127585, 0.127634, 0.128188, 0.128229, 0.128575, 0.128613, 0.128835, 0.129274, 0.129934, 0.129994, 0.130015, 0.130016, 0.13005, 0.130107, 0.1303, 0.130313, 0.130527, 0.131496, 0.13196, 0.132132, 0.132215, 0.13307, 0.133617, 0.134115, 0.134324, 0.134684, 0.134795, 0.13503, 0.135145, 0.135248, 0.13536, 0.135554, 0.136105, 0.136208, 0.136434, 0.136596, 0.136672, 0.137049, 0.137075, 0.137161, 0.137223, 0.137485, 0.13762, 0.138549, 0.138686, 0.13888, 0.139403, 0.139755, 0.140058, 0.140141, 0.140158, 0.14038, 0.140792, 0.141079, 0.141161, 0.141231, 0.141238, 0.141367, 0.14163, 0.141719, 0.141763, 0.141959, 0.141968, 0.142755, 0.143076, 0.143172, 0.143262, 0.143975, 0.144223, 0.144516, 0.145223, 0.145445, 0.145724, 0.145754, 0.145887, 0.145946, 0.146543, 0.146671, 0.147019, 0.147087, 0.147481, 0.147557, 0.147594, 0.14802, 0.148104, 0.148789, 0.148805, 0.149196, 0.149383, 0.149732, 0.149926, 0.150249, 0.150498, 0.15175, 0.152137, 0.152248, 0.152452, 0.152833, 0.153034, 0.153036, 0.153119, 0.153297, 0.153523, 0.153637, 0.153649, 0.154008, 0.154124, 0.154191, 0.154391, 0.154581, 0.155002, 0.155303, 0.155337, 0.156732, 0.156905, 0.156959, 0.157027, 0.157064, 0.157322, 0.15766, 0.158101, 0.158346, 0.158487, 0.158558, 0.158693, 0.158698, 0.158844, 0.158861, 0.15905, 0.15922, 0.15922, 0.15959, 0.160075, 0.160291, 0.160468, 0.160611, 0.161051, 0.161101, 0.161442, 0.161575, 0.161719, 0.161883, 0.162409, 0.162512, 0.162637, 0.162911, 0.162969, 0.163135, 0.163305, 0.164387, 0.164892, 0.165399, 0.165653, 0.16581, 0.166144, 0.166352, 0.166579, 0.16658, 0.16668, 0.167004, 0.167051, 0.167532, 0.167662, 0.168035, 0.168525, 0.168733, 0.168893, 0.168939, 0.169022, 0.169028, 0.169475, 0.169672, 0.169917,