{"sigma_r": 2.3939, "sigma_i": 2.3392, "m": 12, "seed": 2743244990, "n_k": {"1": 4494, "2": 893, "3": 148, "4": 15, "5": 3, "6+": 0}, "dlogr": [0.000365, 0.000453, 0.000469, 0.000531, 0.000578, 0.000671, 0.001301, 0.001355, 0.001415, 0.001692, 0.002222, 0.002557, 0.002563, 0.002794, 0.002966, 0.003208, 0.003601, 0.003793, 0.003885, 0.004087, 0.004239, 0.00427, 0.004608, 0.004755, 0.005388, 0.005781, 0.005941, 0.006215, 0.007666, 0.008086, 0.008126, 0.008375, 0.008413, 0.008463, 0.009191, 0.009194, 0.009247, 0.009772, 0.009949, 0.010176, 0.010546, 0.0108, 0.011883, 0.012396, 0.012844, 0.012924, 0.012979, 0.013112, 0.013694, 0.013728, 0.01427, 0.014375, 0.014787, 0.014849, 0.014965, 0.01502, 0.015029, 0.015044, 0.015175, 0.015677, 0.015849, 0.015969, 0.016111, 0.016349, 0.016431, 0.017091, 0.017124, 0.01714, 0.017331, 0.017522, 0.017808, 0.01792, 0.017959, 0.018073, 0.018516, 0.018824, 0.019115, 0.019227, 0.019242, 0.019569, 0.019816, 0.020201, 0.020534, 0.020859, 0.021235, 0.021255, 0.021338, 0.021386, 0.02185, 0.022076, 0.022715, 0.023643, 0.023816, 0.023929, 0.024002, 0.02421, 0.02425, 0.024324, 0.024586, 0.02489, 0.026095, 0.026214, 0.026282, 0.026349, 0.02636, 0.02639, 0.026682, 0.026956, 0.027011, 0.027105, 0.02728, 0.028264, 0.028293, 0.02847, 0.028617, 0.028651, 0.028918, 0.029385, 0.02953, 0.029548, 0.030211, 0.030275, 0.030329, 0.03046, 0.030535, 0.030747, 0.03078, 0.030871, 0.031489, 0.031829, 0.03219, 0.032263, 0.032527, 0.03267, 0.032743, 0.033119, 0.033217, 0.033271, 0.033277, 0.033395, 0.033491, 0.03417, 0.034212, 0.034877, 0.035285, 0.035773, 0.036113, 0.036546, 0.036564, 0.036786, 0.037905, 0.037967, 0.038457, 0.038955, 0.039031, 0.039101, 0.039188, 0.039587, 0.03975, 0.040613, 0.040781, 0.040829, 0.041053, 0.0411, 0.041285, 0.041323, 0.041736, 0.041913, 0.042295, 0.042464, 0.04318, 0.043235, 0.044735, 0.045522, 0.045666, 0.045836, 0.045926, 0.046529, 0.046845, 0.046876, 0.047138, 0.047143, 0.047306, 0.047508, 0.047809, 0.047887, 0.0483, 0.04852, 0.048583, 0.048955, 0.049308, 0.049376, 0.049522, 0.04967, 0.049708, 0.049765, 0.049819, 0.049968, 0.050417, 0.050974, 0.051185, 0.051244, 0.051395, 0.051605, 0.051764, 0.051995, 0.052043, 0.052167, 0.052492, 0.052504, 0.052768, 0.05294, 0.052989, 0.053175, 0.05369, 0.054213, 0.054467, 0.054666, 0.054831, 0.055064, 0.055168, 0.055627, 0.055788, 0.057037, 0.057127, 0.057219, 0.057741, 0.058006, 0.058392, 0.058518, 0.058959, 0.058987, 0.059432, 0.059539, 0.060068, 0.060904, 0.061023, 0.061127, 0.061177, 0.061531, 0.061815, 0.061831, 0.062053, 0.062938, 0.062961, 0.063498, 0.063633, 0.063915, 0.064095, 0.064163, 0.064835, 0.064928, 0.065037, 0.065206, 0.065247, 0.066325, 0.066452, 0.066551, 0.066763, 0.06683, 0.066856, 0.067103, 0.067191, 0.067684, 0.068283, 0.068419, 0.06851, 0.068703, 0.069247, 0.069591, 0.069617, 0.069691, 0.069933, 0.070391, 0.070566, 0.070643, 0.071656, 0.072155, 0.072343, 0.07244, 0.072527, 0.07262, 0.072646, 0.072691, 0.072998, 0.073208, 0.073426, 0.073949, 0.074723, 0.07493, 0.075332, 0.076205, 0.076377, 0.077263, 0.078124, 0.078189, 0.078247, 0.078418, 0.078581, 0.078642, 0.079783, 0.079857, 0.079941, 0.080025, 0.080126, 0.080555, 0.080822, 0.081317, 0.081629, 0.082003, 0.082274, 0.082367, 0.082691, 0.082939, 0.082955, 0.083104, 0.083444, 0.083599, 0.083779, 0.083819, 0.084, 0.084249, 0.08445, 0.084544, 0.085027, 0.085032, 0.085528, 0.085905, 0.086032, 0.086182, 0.08621, 0.086431, 0.086991, 0.08707, 0.087224, 0.087377, 0.087597, 0.087857, 0.087967, 0.088373, 0.088404, 0.088868, 0.088902, 0.089233, 0.089259, 0.0895, 0.090347, 0.090467, 0.090589, 0.091438, 0.091816, 0.091943, 0.092362, 0.093166, 0.094544, 0.095393, 0.096418, 0.096599, 0.096845, 0.096887, 0.097082, 0.097166, 0.097213, 0.097535, 0.097927, 0.097972, 0.098508, 0.098732, 0.098798, 0.098818, 0.099042, 0.099278, 0.099365, 0.099404, 0.099484, 0.099553, 0.099742, 0.100059, 0.10015, 0.100176, 0.100977, 0.101228, 0.102286, 0.102368, 0.103411, 0.103584, 0.103753, 0.104197, 0.105054, 0.105266, 0.105315, 0.105422, 0.105503, 0.105903, 0.105951, 0.106863, 0.106956, 0.107888, 0.108285, 0.108301, 0.108763, 0.109015, 0.109084, 0.109755, 0.110539, 0.111298, 0.111711, 0.11176, 0.11209, 0.112097, 0.112279, 0.112573, 0.113048, 0.113089, 0.113198, 0.113392, 0.11359, 0.114231, 0.114517, 0.114525, 0.11498, 0.114987, 0.1165, 0.116517, 0.11654, 0.117219, 0.117274, 0.117379, 0.117737, 0.117786, 0.117938, 0.118912, 0.11898, 0.120385, 0.120956, 0.121192, 0.121272, 0.12152, 0.122188, 0.122311, 0.12245, 0.122488, 0.122781, 0.123063, 0.123214, 0.123973, 0.124297, 0.124426, 0.124486, 0.124583, 0.124836, 0.124848, 0.125107, 0.125626, 0.12577, 0.125794, 0.126453, 0.126466, 0.12647, 0.126934, 0.126956, 0.127302, 0.128043, 0.128458, 0.128596, 0.129581, 0.130051, 0.130454, 0.130808, 0.131234, 0.131696, 0.131808, 0.13201, 0.132061, 0.132323, 0.132397, 0.132421, 0.132529, 0.132766, 0.132891, 0.132961, 0.133214, 0.133649, 0.134161, 0.134173, 0.134684, 0.134907, 0.13565, 0.135694, 0.135728, 0.135756, 0.135897, 0.136104, 0.136234, 0.136271, 0.136301, 0.136615, 0.136785, 0.136942, 0.137545, 0.137907, 0.138346, 0.138466, 0.138675, 0.138863, 0.139012, 0.139049, 0.139488, 0.139523, 0.139815, 0.140486, 0.141149, 0.141176, 0.141255, 0.142059, 0.142297, 0.142461, 0.142841, 0.143234, 0.144098, 0.144434, 0.144951, 0.145131, 0.145184, 0.14523, 0.145938, 0.146007, 0.14613, 0.146156, 0.146356, 0.146694, 0.147181, 0.147258, 0.147266, 0.147441, 0.14777, 0.148432, 0.148955, 0.149115, 0.149341, 0.149511, 0.149638, 0.150008, 0.150039, 0.150751, 0.150801, 0.151019, 0.151205, 0.151498, 0.15213, 0.152375, 0.153759, 0.153852, 0.154669, 0.154838, 0.15552, 0.155526, 0.157078, 0.157369, 0.157491, 0.157642, 0.158295, 0.158359, 0.159069, 0.159276, 0.159488, 0.159604, 0.160164, 0.160413, 0.160434, 0.160735, 0.160851, 0.162048, 0.162139, 0.162291, 0.163246, 0.163265, 0.163605, 0.163663, 0.164146, 0.164289, 0.16431, 0.164369, 0.164432, 0.164865, 0.165126, 0.165656, 0.165681, 0.165804, 0.165867, 0.167816, 0.168486, 0.169514, 0.169966, 0.170307, 0.170341, 0.170957, 0.171356, 0.171964, 0.17269, 0.172698, 0.173051, 0.173248, 0.173772, 0.173858, 0.174, 0.17411, 0.174731, 0.175306, 0.175814, 0.175932, 0.176493, 0.176583, 0.176707, 0.177412, 0.17816, 0.178372, 0.179176, 0.179195, 0.17957, 0.179761, 0.18071, 0.180886, 0.181003, 0.181104, 0.181348, 0.181649, 0.182013, 0.183038, 0.183327, 0.18335, 0.183421, 0.183847, 0.184472, 0.184552, 0.184738, 0.185407, 0.185507, 0.186179, 0.187722, 0.187886, 0.188429, 0.189307, 0.189488, 0.189497, 0.19006, 0.19028, 0.190497, 0.190657, 0.190725, 0.190739, 0.190998, 0.190999, 0.1912, 0.191694, 0.191791, 0.191869, 0.192239, 0.192414, 0.192634, 0.19281, 0.193027, 0.193216, 0.193818, 0.193893, 0.194167, 0.194665, 0.195094, 0.195202, 0.195214, 0.195495, 0.195674, 0.195796, 0.196056, 0.196211, 0.196491, 0.196549, 0.19943, 0.199751, 0.200085, 0.200674, 0.200938, 0.201744, 0.202161, 0.202485, 0.202791, 0.203553, 0.204346, 0.204384, 0.204415, 0.204804, 0.204824, 0.204895, 0.206251, 0.20692, 0.207162, 0.207725, 0.207835, 0.207855, 0.208083, 0.20813, 0.208235, 0.209763, 0.210111, 0.210174, 0.210232, 0.210648, 0.210771, 0.211038, 0.211248, 0.211576, 0.212572, 0.21276, 0.213191, 0.213289, 0.213682, 0.214037, 0.215334, 0.215861, 0.217041, 0.217586, 0.21767, 0.218243, 0.218556, 0.218722, 0.218865, 0.218904, 0.220046, 0.221073, 0.221766, 0.222065, 0.222155, 0.222228, 0.223051, 0.223621, 0.223656, 0.224005, 0.224253, 0.224481, 0.225115, 0.225848, 0.225886, 0.226047, 0.226468, 0.226707, 0.228147, 0.229132, 0.229226, 0.229249, 0.230462, 0.232264, 0.233078, 0.233099, 0.233169, 0.233265, 0.23333, 0.233357, 0.234056, 0.236528, 0.237725, 0.237767, 0.23796, 0.239236, 0.240889, 0.241005, 0.242649, 0.243776, 0.243807, 0.244079, 0.244662, 0.245668, 0.2459, 0.245922, 0.246266, 0.246777, 0.247617, 0.247912, 0.248414, 0.248618, 0.24866, 0.24939, 0.249645, 0.249966, 0.25003, 0.250472, 0.250782, 0.251056, 0.251519, 0.251571, 0.2516, 0.25306, 0.253257, 0.253407, 0.253417, 0.254352, 