{"sigma_r": 0.9707, "sigma_i": 0.8747, "m": 0, "seed": 476877229, "n_k": {"1": 3776, "2": 958, "3": 249, "4": 65, "5": 8, "6+": 3}, "dlogr": [0.0, 0.0, 0.0, 0.0, 0.0, 8e-06, 0.000257, 0.000287, 0.000329, 0.000604, 0.000617, 0.000761, 0.000823, 0.00085, 0.000961, 0.000971, 0.001015, 0.001032, 0.001052, 0.001132, 0.001352, 0.001535, 0.001536, 0.001624, 0.001649, 0.001704, 0.001757, 0.001779, 0.001874, 0.00228, 0.002286, 0.002627, 0.002631, 0.002715, 0.002763, 0.002929, 0.003117, 0.003294, 0.003348, 0.003446, 0.003677, 0.003711, 0.003853, 0.004025, 0.004125, 0.004191, 0.004213, 0.004282, 0.004328, 0.004507, 0.004683, 0.004849, 0.00504, 0.005241, 0.005437, 0.005498, 0.005641, 0.005915, 0.00619, 0.006235, 0.006244, 0.006264, 0.006303, 0.006315, 0.006418, 0.006487, 0.006597, 0.006821, 0.006845, 0.006952, 0.006956, 0.006993, 0.007585, 0.007627, 0.007804, 0.007825, 0.007853, 0.008063, 0.008113, 0.008202, 0.008311, 0.008513, 0.008552, 0.008651, 0.008858, 0.008886, 0.008907, 0.009573, 0.009626, 0.00976, 0.009857, 0.009904, 0.010064, 0.010338, 0.010676, 0.010728, 0.010852, 0.011013, 0.01107, 0.011366, 0.011676, 0.011679, 0.011704, 0.011707, 0.011709, 0.012081, 0.012297, 0.01232, 0.012933, 0.012964, 0.013072, 0.013086, 0.013294, 0.013483, 0.013612, 0.013619, 0.013763, 0.013764, 0.013779, 0.013868, 0.01413, 0.014346, 0.014567, 0.014579, 0.014588, 0.01472, 0.014739, 0.014876, 0.015172, 0.015183, 0.015282, 0.015319, 0.015481, 0.015516, 0.015997, 0.016075, 0.016532, 0.016851, 0.016984, 0.017203, 0.017462, 0.017575, 0.017672, 0.017773, 0.017813, 0.017863, 0.018057, 0.018127, 0.018235, 0.018683, 0.018819, 0.018975, 0.019216, 0.019391, 0.01942, 0.019514, 0.019796, 0.019895, 0.0199, 0.019962, 0.020467, 0.02051, 0.020581, 0.020732, 0.020805, 0.021383, 0.02148, 0.021516, 0.021786, 0.021876, 0.021948, 0.021995, 0.022092, 0.022169, 0.022415, 0.022564, 0.022575, 0.022633, 0.022711, 0.022784, 0.023054, 0.023276, 0.02337, 0.023584, 0.023689, 0.023949, 0.023999, 0.024406, 0.024476, 0.024665, 0.024674, 0.02491, 0.025163, 0.025213, 0.025293, 0.025313, 0.025318, 0.025459, 0.025461, 0.025478, 0.02555, 0.025553, 0.025618, 0.025691, 0.025821, 0.025898, 0.026016, 0.026091, 0.02629, 0.026487, 0.026553, 0.026786, 0.026899, 0.026901, 0.027402, 0.027482, 0.027532, 0.02759, 0.027766, 0.027862, 0.028026, 0.028073, 0.028075, 0.028243, 0.028322, 0.028406, 0.028662, 0.028677, 0.028798, 0.029089, 0.029152, 0.029427, 0.029521, 0.029922, 0.029922, 0.029956, 0.029966, 0.030075, 0.030211, 0.030239, 0.030258, 0.030378, 0.030779, 0.030949, 0.030949, 0.031056, 0.031136, 0.031327, 0.031581, 0.031609, 0.031824, 0.031843, 0.031874, 0.032094, 0.032094, 0.032163, 0.032212, 0.032243, 0.032425, 0.032529, 0.032723, 0.032756, 0.033353, 0.03365, 0.033693, 0.033714, 0.033715, 0.033731, 0.033741, 0.034229, 0.034253, 0.034419, 0.034519, 0.034528, 0.034604, 0.034767, 0.034792, 0.03492, 0.034932, 0.035039, 0.035081, 0.035082, 0.035204, 0.035417, 0.03571, 0.036205, 0.036214, 0.036227, 0.036253, 0.036506, 0.036592, 0.037135, 0.037352, 0.037384, 0.037418, 0.037627, 0.037672, 0.037683, 0.037722, 0.038073, 0.038107, 0.038348, 0.038379, 0.038594, 0.038946, 0.039327, 0.03936, 0.039542, 0.039548, 0.0397, 0.039705, 0.040082, 0.04019, 0.040227, 0.040244, 0.040359, 0.040748, 0.040768, 0.040829, 0.041007, 0.041089, 0.041285, 0.041353, 0.041451, 0.041457, 0.041554, 0.041672, 0.041936, 0.041987, 0.042034, 0.042143, 0.042246, 0.042264, 0.042323, 0.042361, 0.042376, 0.042395, 0.042406, 0.042505, 0.042605, 0.042704, 0.042826, 0.042933, 0.04311, 0.043185, 0.043261, 0.043326, 0.043339, 0.043434, 0.043499, 0.043567, 0.043678, 0.043686, 0.043906, 0.044001, 0.04402, 0.044042, 0.044285, 0.044501, 0.044535, 0.044653, 0.045092, 0.045254, 0.045298, 0.045406, 0.045426, 0.045446, 0.045475, 0.045524, 0.045885, 0.046054, 0.046055, 0.046231, 0.046742, 0.046995, 0.04732, 0.047437, 0.047448, 0.047602, 0.047806, 0.047831, 0.047893, 0.048021, 0.048196, 0.048304, 0.048392, 0.048479, 0.048571, 0.048919, 0.049081, 0.049267, 0.049392, 0.049423, 0.049615, 0.049696, 0.049753, 0.049756, 0.049896, 0.049953, 0.049965, 0.050171, 0.050525, 0.050582, 0.050777, 0.0508, 0.050801, 0.051155, 0.051163, 0.051199, 0.051317, 0.051846, 0.051919, 0.051921, 0.051974, 0.052092, 0.052138, 0.052196, 0.052219, 0.052437, 0.052711, 0.052712, 0.053148, 0.053291, 0.053863, 0.053954, 0.054042, 0.054072, 0.054269, 0.05453, 0.054703, 0.055047, 0.055081, 0.055194, 0.055535, 0.055614, 0.055742, 0.055977, 0.056036, 0.056057, 0.056193, 0.056396, 0.056465, 0.056621, 0.056701, 0.056706, 0.056758, 0.056803, 0.056907, 0.057041, 0.057041, 0.057378, 0.057552, 0.057586, 0.057783, 0.057819, 0.057883, 0.057941, 0.058089, 0.058328, 0.058385, 0.058414, 0.058435, 0.058441, 0.058685, 0.058735, 0.059026, 0.059129, 0.059196, 0.059439, 0.059468, 0.059673, 0.059816, 0.059899, 0.059959, 0.060131, 0.060185, 0.060199, 0.060378, 0.060554, 0.060663, 0.060707, 0.060898, 0.061206, 0.061413, 0.061579, 0.061705, 0.061816, 0.062217, 0.062747, 0.064243, 0.064823, 0.06483, 0.065012, 0.065237, 0.06545, 0.065506, 0.065888, 0.066002, 0.066029, 0.066093, 0.066107, 0.066184, 0.066311, 0.066665, 0.066869, 0.067094, 0.067107, 0.067108, 0.067394, 0.067853, 0.068289, 0.068789, 0.069038, 0.069307, 0.069615, 0.069634, 0.070048, 0.070061, 0.070241, 0.070371, 0.070582, 0.070677, 0.070752, 0.070871, 0.070891, 0.070902, 0.071384, 0.071427, 0.071499, 0.071625, 0.071713, 0.071841, 0.071866, 0.072393, 0.072502, 0.072515, 0.072663, 0.072733, 0.072782, 0.072974, 0.073333, 0.073593, 0.073745, 0.073962, 0.074062, 0.074245, 0.074265, 0.07448, 0.074614, 0.074954, 0.075209, 0.075346, 0.075511, 0.075564, 0.075763, 0.076072, 0.076535, 0.076756, 0.076998, 0.077011, 0.077054, 0.077087, 0.077226, 0.077469, 0.077731, 0.077738, 0.077912, 0.077913, 0.077916, 0.078236, 0.078744, 0.078757, 0.079263, 0.079599, 0.079742, 0.079809, 0.079816, 0.080223, 0.080233, 0.080467, 0.080529, 0.080602, 0.081157, 0.081731, 0.081744, 0.081949, 0.081963, 0.082496, 0.082501, 0.082989, 0.083359, 0.08342, 0.083637, 0.083715, 0.083737, 0.08398, 0.084023, 0.084139, 0.084178, 0.084206, 0.084408, 0.084577, 0.084613, 0.084654, 0.084767, 0.08485, 0.084919, 0.085442, 0.085637, 0.085754, 0.085874, 0.085983, 0.08599, 0.08622, 0.086279, 0.086624, 0.086721, 0.086768, 0.086925, 0.086963, 0.087171, 0.087185, 0.087197, 0.087711, 0.08778, 0.087923, 0.088085, 0.088336, 0.088428, 0.08851, 0.08854, 0.088668, 0.089162, 0.089199, 0.089287, 0.089361, 0.089378, 0.089461, 0.089546, 0.089913, 0.089973, 0.089988, 0.090116, 0.090339, 0.090414, 0.090489, 0.090839, 0.090916, 0.090928, 0.091143, 0.091188, 0.091561, 0.091567, 0.091771, 0.091835, 0.091844, 0.091996, 0.092001, 0.092092, 0.092295, 0.092343, 0.092395, 0.092587, 0.092842, 0.092891, 0.092904, 0.093312, 0.093451, 0.093458, 0.093517, 0.093657, 0.093763, 0.094276, 0.094366, 0.094519, 0.094551, 0.095232, 0.095296, 0.09531, 0.095615, 0.095717, 0.095847, 0.095852, 0.095884, 0.095903, 0.096025, 0.096131, 0.096166, 0.096203, 0.096737, 0.09689, 0.097192, 0.097233, 0.097337, 0.097387, 0.097478, 0.0978, 0.097817, 0.097818, 0.097987, 0.098069, 0.098114, 0.09818, 0.098647, 0.098996, 0.099, 0.09924, 0.099247, 0.099357, 0.099585, 0.099741, 0.099792, 0.099808, 0.099923, 0.100056, 0.100496, 0.100661, 0.100695, 0.100722, 0.100772, 0.100776, 0.101064, 0.101115, 0.101182, 0.1012, 0.101273, 0.101371, 0.101439, 0.101443, 0.101449, 0.101484, 0.101838, 0.101936, 0.102135, 0.102138, 0.102433, 0.102512, 0.102594, 0.102687, 0.102893, 0.103135, 0.103291, 0.103552, 0.103791, 0.103835, 0.103858, 0.103914, 0.103946, 0.104265, 0.104277, 0.104487, 0.104747, 0.10498, 0.105268, 0.105366, 0.1055, 0.105651, 0.105677, 0.105707, 0.106531, 0.106702, 0.106758, 0.106988, 0.106998, 0.107004, 0.107062, 0.10736, 0.107389, 0.107833, 0.108075, 0.108095, 0.108237, 0.108309, 0.108416, 0.108742, 0.108839, 0.108883, 0.108976, 0.10917, 0.109255, 0.10938, 0.109432, 0.109483, 0.10949, 0.109608, 0.109915, 0.109936, 0.110119, 0.110241, 0.110745, 0.110807, 0.110955, 0.111021, 0.1111, 0.111244,