{"sigma_r": 0.2506, "sigma_i": 0.8747, "m": 1, "seed": 2260709696, "n_k": {"1": 3757, "2": 976, "3": 222, "4": 50, "5": 13, "6+": 1}, "dlogr": [0.0, 0.0, 0.0, 0.0, 0.0, 0.0, 0.0, 0.0, 0.0, 0.0, 0.0, 0.0, 0.0, 0.0, 0.0, 0.000113, 0.000137, 0.000195, 0.0002, 0.000213, 0.000328, 0.000334, 0.000416, 0.000416, 0.000419, 0.000447, 0.000496, 0.00059, 0.000742, 0.000821, 0.000844, 0.000873, 0.000899, 0.000936, 0.001013, 0.001024, 0.001109, 0.001167, 0.001178, 0.001209, 0.001282, 0.001429, 0.001605, 0.001619, 0.001679, 0.00176, 0.001823, 0.001825, 0.001844, 0.001862, 0.001878, 0.001976, 0.002017, 0.002039, 0.00211, 0.00216, 0.002175, 0.002396, 0.002426, 0.002426, 0.002452, 0.002473, 0.002504, 0.002509, 0.002516, 0.002589, 0.002614, 0.002657, 0.00267, 0.002702, 0.002775, 0.002797, 0.002837, 0.002856, 0.002958, 0.002964, 0.003012, 0.003038, 0.003087, 0.003121, 0.003141, 0.00319, 0.003237, 0.003305, 0.003423, 0.003427, 0.003609, 0.003627, 0.003646, 0.003672, 0.003724, 0.00375, 0.003895, 0.003913, 0.004121, 0.004133, 0.004241, 0.00429, 0.004298, 0.004422, 0.004501, 0.004626, 0.004707, 0.004767, 0.00482, 0.004829, 0.0049, 0.00494, 0.004951, 0.00505, 0.005079, 0.005093, 0.005157, 0.005308, 0.005319, 0.00536, 0.005458, 0.005597, 0.005732, 0.005796, 0.00608, 0.006112, 0.006219, 0.006223, 0.00625, 0.006433, 0.006444, 0.006455, 0.006483, 0.006525, 0.006532, 0.006609, 0.006718, 0.00678, 0.006817, 0.0069, 0.006945, 0.007007, 0.007036, 0.007061, 0.007213, 0.007382, 0.007513, 0.007516, 0.007541, 0.007562, 0.007578, 0.007584, 0.007637, 0.007687, 0.007975, 0.008127, 0.00814, 0.008172, 0.008239, 0.008358, 0.008406, 0.008458, 0.008526, 0.008663, 0.008734, 0.008753, 0.00886, 0.00887, 0.00887, 0.008875, 0.00897, 0.008985, 0.009022, 0.00913, 0.00914, 0.009162, 0.009317, 0.00935, 0.009352, 0.009357, 0.009487, 0.009552, 0.009603, 0.009621, 0.009653, 0.009755, 0.009819, 0.009855, 0.009925, 0.009928, 0.009964, 0.010097, 0.010125, 0.010227, 0.010285, 0.010395, 0.010489, 0.010492, 0.010541, 0.010602, 0.010612, 0.01067, 0.01078, 0.010788, 0.010809, 0.010853, 0.010868, 0.010872, 0.010882, 0.010889, 0.011022, 0.011041, 0.011076, 0.011078, 0.011079, 0.011102, 0.011108, 0.011142, 0.011192, 0.011288, 0.011379, 0.011413, 0.011428, 0.011491, 0.011494, 0.01152, 0.011591, 0.01161, 0.011624, 0.011624, 0.011644, 0.011735, 0.011753, 0.011767, 0.011801, 0.011868, 0.011887, 0.011923, 0.011947, 0.011985, 0.011985, 0.012135, 0.012248, 0.012398, 0.012535, 0.012655, 0.012801, 0.012836, 0.012927, 0.012996, 0.013029, 0.013037, 0.013122, 0.013266, 0.013272, 0.013411, 0.013711, 0.013732, 0.013765, 0.013864, 0.013914, 0.013932, 0.013997, 0.014025, 0.014201, 0.014255, 0.014289, 0.014298, 0.014332, 0.014382, 0.01439, 0.014466, 0.014484, 0.01459, 0.01465, 0.014658, 0.014691, 0.014699, 0.014823, 0.014891, 0.014923, 0.014926, 0.014989, 0.015035, 0.015071, 0.015084, 0.015139, 0.015146, 0.015162, 0.015213, 0.015275, 0.015278, 0.015308, 0.015313, 0.015327, 0.015459, 0.0157, 0.015795, 0.015853, 0.01602, 0.016029, 0.016038, 0.016071, 0.016081, 0.016104, 0.016108, 0.016113, 0.016153, 0.016277, 0.016324, 0.016409, 0.01647, 0.016653, 0.016662, 0.016689, 0.016778, 0.016798, 0.016834, 0.016843, 0.016967, 0.01725, 0.01727, 0.017289, 0.017318, 0.017517, 0.017616, 0.017638, 0.017745, 0.01779, 0.017816, 0.017845, 0.017895, 0.017898, 0.017967, 0.018018, 0.018078, 0.018103, 0.018126, 0.01821, 0.01822, 0.018302, 0.018334, 0.018387, 0.01841, 0.018462, 0.018713, 0.018746, 0.018757, 0.018835, 0.018923, 0.019023, 0.019103, 0.019117, 0.019183, 0.019347, 0.019403, 0.019415, 0.019599, 0.019684, 0.019735, 0.019779, 0.019811, 0.019832, 0.019878, 0.019878, 0.02, 0.020012, 0.020019, 0.020098, 0.020118, 0.02013, 0.020137, 0.020211, 0.020216, 0.020338, 0.020369, 0.020407, 0.020432, 0.020521, 0.020551, 0.020646, 0.02066, 0.02067, 0.020794, 0.020829, 0.020887, 0.020985, 0.020997, 0.021103, 0.021139, 0.02117, 0.021185, 0.021216, 0.021223, 0.021231, 0.021385, 0.021409, 0.021536, 0.021592, 0.021593, 0.021595, 0.021602, 0.021645, 0.021709, 0.021711, 0.02175, 0.021792, 0.021802, 0.021807, 0.021836, 0.021891, 0.021927, 0.022027, 0.022246, 0.022254, 0.022277, 0.022377, 0.022409, 0.022428, 0.02246, 0.022469, 0.022501, 0.022585, 0.02262, 0.022649, 0.022684, 0.02275, 0.022758, 0.022846, 0.022952, 0.023023, 0.023049, 0.023083, 0.023189, 0.023189, 0.02323, 0.023247, 0.023367, 0.023376, 0.023487, 0.023492, 0.023509, 0.023528, 0.02356, 0.023596, 0.023648, 0.023828, 0.023833, 0.023852, 0.024069, 0.024101, 0.024166, 0.024248, 0.024351, 0.024411, 0.02449, 0.024655, 0.024877, 0.025002, 0.025042, 0.025075, 0.025245, 0.02534, 0.02541, 0.025469, 0.02548, 0.025535, 0.02556, 0.025579, 0.025593, 0.025655, 0.025722, 0.025754, 0.025833, 0.025843, 0.025888, 0.026022, 0.026033, 0.02618, 0.02623, 0.026294, 0.026324, 0.026388, 0.026431, 0.026435, 0.026577, 0.026606, 0.026608, 0.026618, 0.026647, 0.026687, 0.026715, 0.026801, 0.026834, 0.026882, 0.02694, 0.026967, 0.027021, 0.027024, 0.027051, 0.02713, 0.027188, 0.027211, 0.02728, 0.027286, 0.027287, 0.027292, 0.0275, 0.027517, 0.027594, 0.027637, 0.027714, 0.027759, 0.027924, 0.027925, 0.028012, 0.028043, 0.028051, 0.028053, 0.02808, 0.028091, 0.02811, 0.028268, 0.028277, 0.02828, 0.02835, 0.028358, 0.028371, 0.028436, 0.028448, 0.028489, 0.028535, 0.028605, 0.028695, 0.028733, 0.028847, 0.028892, 0.028935, 0.029018, 0.029078, 0.029212, 0.029255, 0.029259, 0.029434, 0.029438, 0.029541, 0.029542, 0.029621, 0.029718, 0.029733, 0.029852, 0.029903, 0.029933, 0.029957, 0.029995, 0.030068, 0.030121, 0.030331, 0.030371, 0.030375, 0.030387, 0.03051, 0.030512, 0.030658, 0.030712, 0.030713, 0.030793, 0.030951, 0.030991, 0.031039, 0.03108, 0.031082, 0.031084, 0.031236, 0.031288, 0.031337, 0.031363, 0.031428, 0.031464, 0.031495, 0.031621, 0.031634, 0.031664, 0.031701, 0.031738, 0.03184, 0.03189, 0.031989, 0.03221, 0.032215, 0.032237, 0.032288, 0.032323, 0.032341, 0.032491, 0.032511, 0.032511, 0.032584, 0.032644, 0.032982, 0.033032, 0.033219, 0.033424, 0.033454, 0.033463, 0.033481, 0.033607, 0.033826, 0.033915, 0.03401, 0.034037, 0.034101, 0.034156, 0.034221, 0.034327, 0.034551, 0.034839, 0.034885, 0.035174, 0.035207, 0.035268, 0.035302, 0.035409, 0.035441, 0.035535, 0.035571, 0.035689, 0.035737, 0.035801, 0.035804, 0.035819, 0.035828, 0.035829, 0.035851, 0.035864, 0.035875, 0.035896, 0.036087, 0.036112, 0.036261, 0.036342, 0.03656, 0.036572, 0.036606, 0.03665, 0.036653, 0.036662, 0.036772, 0.036856, 0.036871, 0.037004, 0.037036, 0.037174, 0.037288, 0.037388, 0.037462, 0.037479, 0.037493, 0.037529, 0.037766, 0.037775, 0.037785, 0.037796, 0.037826, 0.037983, 0.038054, 0.038103, 0.038141, 0.038157, 0.038333, 0.038447, 0.0385, 0.038527, 0.038529, 0.038634, 0.038684, 0.038727, 0.038811, 0.038829, 0.038963, 0.038978, 0.039046, 0.039075, 0.039165, 0.039209, 0.039216, 0.039683, 0.039688, 0.039891, 0.039899, 0.040271, 0.040293, 0.040362, 0.040365, 0.040636, 0.040898, 0.041051, 0.041103, 0.041116, 0.041168, 0.041181, 0.041312, 0.041356, 0.041374, 0.041383, 0.041418, 0.041514, 0.041925, 0.042024, 0.042035, 0.042129, 0.042283, 0.042374, 0.042451, 0.042476, 0.042507, 0.042702, 0.042772, 0.042921, 0.04296, 0.042962, 0.042993, 0.043019, 0.043148, 0.043239, 0.043282, 0.043366, 0.043516, 0.043602, 0.043637, 0.043707, 0.043785, 0.043836, 0.043863, 0.043892, 0.043961, 0.044121, 0.044131, 0.044131, 0.044169, 0.04422, 0.044362, 0.044593, 0.04462, 0.04493, 0.044944, 0.044945, 0.045075, 0.045104, 0.045345, 0.045381, 0.045399, 0.045406, 0.045456, 0.045469, 0.045812, 0.04587, 0.045876, 0.045877, 0.045897, 0.045975, 0.04614, 0.046149, 0.046184, 0.046301, 0.046432, 0.046441, 0.046451, 0.046487, 0.046605, 0.046666, 0.046761, 0.046792, 0.046854, 0.046961, 0.047059, 0.047231, 0.047238, 0.04726, 0.047343, 0.047512, 0.047537, 0.047592, 0.047621, 0.047622, 0.047667, 0.047689, 0.04771, 0.047803, 0.04796, 0.048103, 0.048304, 0.048377, 0.048379, 0.048519, 0.048524, 0.048609, 0.048665, 0.048667, 0.048858, 0.048964, 0.049161, 0.049208, 0.049258, 0.049541, 0.049568, 