{"sigma_r": null, "sigma_i": 0.8747, "m": 13, "seed": 3111221100, "n_k": {"1": 3805, "2": 958, "3": 263, "4": 52, "5": 14, "6+": 0}, "dlogr": [0.000131, 0.000296, 0.000398, 0.000835, 0.001087, 0.001522, 0.001595, 0.001792, 0.001815, 0.001918, 0.002194, 0.002371, 0.002613, 0.002704, 0.002864, 0.002901, 0.003221, 0.003246, 0.003295, 0.003387, 0.003418, 0.003422, 0.004234, 0.005007, 0.005105, 0.00511, 0.005303, 0.005679, 0.005684, 0.005938, 0.006044, 0.006125, 0.006353, 0.006388, 0.006437, 0.006806, 0.006927, 0.007341, 0.007572, 0.008281, 0.008569, 0.008831, 0.00884, 0.008992, 0.009144, 0.009472, 0.010066, 0.010267, 0.010383, 0.0104, 0.010461, 0.010476, 0.010488, 0.010663, 0.010708, 0.010868, 0.010888, 0.011065, 0.011361, 0.011636, 0.011666, 0.011894, 0.012392, 0.012525, 0.013296, 0.013436, 0.013704, 0.0138, 0.0141, 0.014103, 0.014202, 0.014343, 0.014386, 0.014806, 0.015096, 0.015123, 0.015849, 0.015886, 0.015906, 0.015952, 0.016552, 0.016599, 0.016756, 0.016794, 0.01699, 0.01726, 0.017587, 0.017785, 0.018018, 0.018158, 0.018199, 0.018211, 0.018273, 0.018617, 0.019117, 0.019129, 0.019755, 0.020105, 0.020564, 0.02071, 0.020787, 0.020874, 0.021295, 0.021462, 0.021546, 0.021572, 0.021629, 0.021657, 0.02172, 0.021831, 0.021897, 0.021915, 0.021918, 0.022055, 0.022175, 0.022666, 0.022957, 0.023007, 0.023023, 0.02321, 0.023213, 0.02352, 0.023553, 0.023937, 0.024082, 0.024152, 0.024304, 0.024383, 0.025117, 0.025273, 0.025401, 0.025462, 0.02581, 0.026234, 0.026407, 0.026526, 0.026606, 0.026786, 0.027173, 0.027469, 0.027726, 0.027933, 0.027963, 0.028074, 0.028178, 0.02841, 0.028865, 0.028881, 0.029249, 0.029386, 0.029813, 0.030062, 0.030295, 0.030345, 0.030508, 0.031182, 0.03123, 0.031394, 0.03146, 0.031663, 0.03179, 0.031883, 0.031992, 0.032273, 0.032455, 0.032835, 0.032837, 0.033189, 0.033225, 0.033884, 0.03404, 0.034269, 0.034715, 0.034797, 0.034855, 0.034903, 0.034959, 0.035143, 0.035205, 0.035215, 0.035287, 0.035383, 0.035385, 0.035484, 0.036072, 0.036153, 0.036357, 0.036477, 0.036596, 0.036698, 0.036724, 0.037008, 0.037038, 0.037176, 0.037313, 0.03737, 0.037899, 0.037944, 0.038657, 0.038752, 0.038766, 0.038999, 0.039017, 0.039322, 0.039655, 0.039697, 0.039722, 0.04, 0.040204, 0.040523, 0.040902, 0.041509, 0.041565, 0.041628, 0.042161, 0.042637, 0.042901, 0.043204, 0.043474, 0.043498, 0.043582, 0.043771, 0.043797, 0.04424, 0.044319, 0.045222, 0.045841, 0.045922, 0.046061, 0.046408, 0.047092, 0.047186, 0.047357, 0.047523, 0.04771, 0.047887, 0.047899, 0.048162, 0.048242, 0.048262, 0.049155, 0.049338, 0.049411, 0.049442, 0.049574, 0.049719, 0.04991, 0.050146, 0.050263, 0.050348, 0.050866, 0.050911, 0.050992, 0.051406, 0.051449, 0.051733, 0.051911, 0.052355, 0.053433, 0.053501, 0.053782, 0.054602, 0.054907, 0.055234, 0.055454, 0.055707, 0.055777, 0.05581, 0.055838, 0.055879, 0.056202, 0.056212, 0.056575, 0.05685, 0.056868, 0.056889, 0.057109, 0.057112, 0.05732, 0.057356, 0.057472, 0.057514, 0.057635, 0.058223, 0.058318, 0.058689, 0.058704, 0.059862, 0.059879, 0.059954, 0.060162, 0.060328, 0.060384, 0.060754, 0.060765, 0.060808, 0.060995, 0.061248, 0.061678, 0.062326, 0.062379, 0.062475, 0.062644, 0.063014, 0.063918, 0.064041, 0.064335, 0.064607, 0.064742, 0.064803, 0.064862, 0.064984, 0.065189, 0.065363, 0.065387, 0.065447, 0.065788, 0.065953, 0.066092, 0.066253, 0.066445, 0.066535, 0.066606, 0.066725, 0.067108, 0.067139, 0.067541, 0.06765, 0.068097, 0.068283, 0.068285, 0.068794, 0.069317, 0.06935, 0.069948, 0.069987, 0.07002, 0.070152, 0.070249, 0.070694, 0.070777, 0.070981, 0.071105, 0.071162, 0.071355, 0.071389, 0.071627, 0.072162, 0.072235, 0.072274, 0.072307, 0.072379, 0.072452, 0.072516, 0.072863, 0.072997, 0.073384, 0.074039, 0.074564, 0.074578, 0.074625, 0.074631, 0.074932, 0.075209, 0.075364, 0.075768, 0.07603, 0.076156, 0.076329, 0.07648, 0.076551, 0.077054, 0.077096, 0.077101, 0.077336, 0.077588, 0.077678, 0.077772, 0.077834, 0.077859, 0.078214, 0.078607, 0.078896, 0.079834, 0.07992, 0.079968, 0.080136, 0.080475, 0.081055, 0.081111, 0.081186, 0.081626, 0.081746, 0.08178, 0.081889, 0.082021, 0.082109, 0.082247, 0.082346, 0.082885, 0.083083, 0.083171, 0.083742, 0.08448, 0.084492, 0.084537, 0.085151, 0.085166, 0.085172, 0.085218, 0.085549, 0.085721, 0.08588, 0.085912, 0.086078, 0.086452, 0.086753, 0.087703, 0.087912, 0.087978, 0.088101, 0.088121, 0.088142, 0.088187, 0.08836, 0.088365, 0.08854, 0.088607, 0.08876, 0.08911, 0.089123, 0.089392, 0.089924, 0.090354, 0.090366, 0.090691, 0.090996, 0.091197, 0.091322, 0.091777, 0.092053, 0.092312, 0.092336, 0.092867, 0.093243, 0.093365, 0.093736, 0.093811, 0.094161, 0.094266, 0.094754, 0.094835, 0.094982, 0.095123, 0.095406, 0.095559, 0.095588, 0.096178, 0.096489, 0.096584, 0.09665, 0.096791, 0.096828, 0.096984, 0.09703, 0.097126, 0.097327, 0.097448, 0.09757, 0.0978, 0.097928, 0.098011, 0.098141, 0.098208, 0.098856, 0.098967, 0.099011, 0.099302, 0.099574, 0.100148, 0.100194, 0.100319, 0.100662, 0.10124, 0.101323, 0.101721, 0.101805, 0.101898, 0.101963, 0.102362, 0.102393, 0.102405, 0.102811, 0.103337, 0.103532, 0.104065, 0.104211, 0.10437, 0.104958, 0.105096, 0.105375, 0.10557, 0.105738, 0.105979, 0.105991, 0.106035, 0.106184, 0.106498, 0.106522, 0.106825, 0.107506, 0.10775, 0.107868, 0.107921, 0.108051, 0.108338, 0.108393, 0.108509, 0.108766, 0.108899, 0.10898, 0.109067, 0.109124, 0.109301, 0.109494, 0.110676, 0.110955, 0.111521, 0.111648, 0.111712, 0.112024, 0.11204, 0.112195, 0.112202, 0.112261, 0.112419, 0.112419, 0.112586, 0.112743, 0.112743, 0.112779, 0.112983, 0.113151, 0.113633, 0.113814, 0.115403, 0.11545, 0.115628, 0.115676, 0.115748, 0.11605, 0.116428, 0.116534, 0.11657, 0.116853, 0.116859, 0.116867, 0.117324, 0.118374, 0.118629, 0.119268, 0.119336, 0.119563, 0.119763, 0.11978, 0.119799, 0.119818, 0.119933, 0.120354, 0.120699, 0.120764, 0.120886, 0.120909, 0.121465, 0.121573, 0.121574, 0.121846, 0.122597, 0.123079, 0.123214, 0.12322, 0.123723, 0.123809, 0.123904, 0.123974, 0.124032, 0.124153, 0.124332, 0.124655, 0.12505, 0.12528, 0.125812, 0.125862, 0.126052, 0.126198, 0.126342, 0.126755, 0.126818, 0.127085, 0.12756, 0.128227, 0.128376, 0.128506, 0.128993, 0.129101, 0.129284, 0.129624, 0.129649, 0.129852, 0.12994, 0.130172, 0.130245, 0.130283, 0.130359, 0.130443, 0.130893, 0.130962, 0.131742, 0.131831, 0.132084, 0.132109, 0.13239, 0.132649, 0.13287, 0.133006, 0.133197, 0.133394, 0.133697, 0.133774, 0.133967, 0.133983, 0.134212, 0.134233, 0.135036, 0.135049, 0.135176, 0.135763, 0.135864, 0.13588, 0.135881, 0.136338, 0.136507, 0.136632, 0.137387, 0.137651, 0.137701, 0.137725, 0.137774, 0.138022, 0.138127, 0.138259, 0.138621, 0.138766, 0.138859, 0.139553, 0.139849, 0.140277, 0.140668, 0.140879, 0.141672, 0.142268, 0.142289, 0.14229, 0.142394, 0.14259, 0.143166, 0.143273, 0.143354, 0.143541, 0.143664, 0.143785, 0.143901, 0.144149, 0.144414, 0.144446, 0.144703, 0.144768, 0.14532, 0.145567, 0.145952, 0.145965, 0.146482, 0.146646, 0.146885, 0.147207, 0.147237, 0.147348, 0.147459, 0.147547, 0.147704, 0.147872, 0.148327, 0.148727, 0.14879, 0.148942, 0.149174, 0.149279, 0.149364, 0.149752, 0.150164, 0.150234, 0.150329, 0.15043, 0.150558, 0.150598, 0.151039, 0.151152, 0.1513, 0.15138, 0.151468, 0.151725, 0.151994, 0.152261, 0.152302, 0.152362, 0.152372, 0.152986, 0.153103, 0.153288, 0.153633, 0.153694, 0.153837, 0.154785, 0.155034, 0.155161, 0.155242, 0.15635, 0.156436, 0.156612, 0.15675, 0.156817, 0.156928, 0.157897, 0.157973, 0.158015, 0.158099, 0.158538, 0.159509, 0.160223, 0.160605, 0.160836, 0.161006, 0.161064, 0.161192, 0.161359, 0.162215, 0.162617, 0.162814, 0.162934, 0.163049, 0.163723, 0.163781, 0.164073, 0.164231, 0.164662, 0.164718, 0.165227, 0.165348, 0.165615, 0.165852, 0.165888, 0.165909, 0.166396, 0.16652, 0.166617, 0.166694, 0.166903, 0.168241, 0.168424, 0.168958, 0.168997, 0.169206, 0.169287, 0.169359, 0.169721, 0.170059, 0.170196, 0.170654, 0.170841, 0.171114, 0.171398, 0.172429, 0.172814, 0.173268, 0.173295, 0.173385, 0.173804, 0.174049, 0.174068, 0.175243, 0.175637, 0.175708, 0.175814, 