{"sigma_r": 0.3936, "sigma_i": 6.2558, "m": 4, "seed": 517969790, "n_k": {"1": 5433, "2": 615, "3": 50, "4": 4, "5": 1, "6+": 0}, "dlogr": [0.0, 0.0, 0.0, 0.0, 0.0, 7.7e-05, 0.000168, 0.000689, 0.00074, 0.000795, 0.000916, 0.000953, 0.001113, 0.001141, 0.001316, 0.001744, 0.00177, 0.002293, 0.002809, 0.002844, 0.002914, 0.002971, 0.003636, 0.003671, 0.004044, 0.004133, 0.004236, 0.004605, 0.004901, 0.005008, 0.005162, 0.005297, 0.005432, 0.005603, 0.005726, 0.005786, 0.005919, 0.005977, 0.00614, 0.006184, 0.006633, 0.00717, 0.007329, 0.007332, 0.007488, 0.007629, 0.00816, 0.008349, 0.008481, 0.008557, 0.00859, 0.008887, 0.008912, 0.008925, 0.010151, 0.010481, 0.010696, 0.010833, 0.011059, 0.011068, 0.01136, 0.011471, 0.011518, 0.011599, 0.011713, 0.01174, 0.011876, 0.012097, 0.01236, 0.012397, 0.012827, 0.012999, 0.013129, 0.013131, 0.013225, 0.013569, 0.013956, 0.013994, 0.014013, 0.015451, 0.015625, 0.01572, 0.015742, 0.016027, 0.016101, 0.01635, 0.0166, 0.016845, 0.017198, 0.01721, 0.017723, 0.018537, 0.018587, 0.018636, 0.018762, 0.018799, 0.01888, 0.019158, 0.019332, 0.019562, 0.019782, 0.020053, 0.020204, 0.020396, 0.020609, 0.020688, 0.020776, 0.021149, 0.021193, 0.021213, 0.021367, 0.021428, 0.021436, 0.021477, 0.021502, 0.02154, 0.021593, 0.021613, 0.021759, 0.021973, 0.022296, 0.022348, 0.022427, 0.022734, 0.022962, 0.022999, 0.023174, 0.023261, 0.02349, 0.023824, 0.023849, 0.023928, 0.023993, 0.024343, 0.024407, 0.024506, 0.02478, 0.024828, 0.025293, 0.025305, 0.025348, 0.026286, 0.027144, 0.027255, 0.027492, 0.027732, 0.027736, 0.02785, 0.027897, 0.028183, 0.028303, 0.028774, 0.029273, 0.029311, 0.029462, 0.029569, 0.029741, 0.029823, 0.029838, 0.030132, 0.03044, 0.030465, 0.030841, 0.0315, 0.031874, 0.032001, 0.032128, 0.032155, 0.032324, 0.032328, 0.032641, 0.03281, 0.03308, 0.033104, 0.033133, 0.033188, 0.033249, 0.033446, 0.033529, 0.034033, 0.034674, 0.034807, 0.034881, 0.034976, 0.035263, 0.035265, 0.035502, 0.035853, 0.036314, 0.036516, 0.036549, 0.036664, 0.036831, 0.037271, 0.037282, 0.037522, 0.037593, 0.03776, 0.037792, 0.037876, 0.038129, 0.038182, 0.038341, 0.038692, 0.03887, 0.039471, 0.039507, 0.039917, 0.040237, 0.04052, 0.04056, 0.040616, 0.040781, 0.040784, 0.041217, 0.041426, 0.041596, 0.041799, 0.041909, 0.042083, 0.042184, 0.042239, 0.043085, 0.04323, 0.043267, 0.043487, 0.04356, 0.04377, 0.043984, 0.044048, 0.044191, 0.044303, 0.044408, 0.04442, 0.04445, 0.044829, 0.044892, 0.045212, 0.045681, 0.045843, 0.046508, 0.047283, 0.047319, 0.047452, 0.047521, 0.04769, 0.047802, 0.047837, 0.047959, 0.048265, 0.048359, 0.048967, 0.049045, 0.049492, 0.049778, 0.050017, 0.050343, 0.050452, 0.05107, 0.051182, 0.051559, 0.051726, 0.051748, 0.051806, 0.052083, 0.052228, 0.052609, 0.052644, 0.052691, 0.053386, 0.053499, 0.053558, 0.053751, 0.053935, 0.054295, 0.054344, 0.054483, 0.054747, 0.055196, 0.055454, 0.055704, 0.055946, 0.056016, 0.05625, 0.056259, 0.056933, 0.057046, 0.057153, 0.057302, 0.057645, 0.057649, 0.057842, 0.058071, 0.058556, 0.058594, 0.058848, 0.060164, 0.060681, 0.060695, 0.060793, 0.061146, 0.061785, 0.061801, 0.061892, 0.062009, 0.062202, 0.062273, 0.062585, 0.062832, 0.062953, 0.063612, 0.063829, 0.06384, 0.063851, 0.064381, 0.065001, 0.065368, 0.065624, 0.065852, 0.066003, 0.066083, 0.066084, 0.06627, 0.066682, 0.067295, 0.067428, 0.067885, 0.067889, 0.068191, 0.068666, 0.068832, 0.068917, 0.069015, 0.069584, 0.069672, 0.070405, 0.070765, 0.070935, 0.071108, 0.071172, 0.071479, 0.071596, 0.071716, 0.071871, 0.071975, 0.072403, 0.072778, 0.073188, 0.073291, 0.073591, 0.074017, 0.074186, 0.074684, 0.074726, 0.074853, 0.075161, 0.07573, 0.075817, 0.075825, 0.07624, 0.076778, 0.077391, 0.077851, 0.077893, 0.07814, 0.078529, 0.078577, 0.079254, 0.079881, 0.079988, 0.080397, 0.080431, 0.080992, 0.081081, 0.08126, 0.081292, 0.081363, 0.081434, 0.081937, 0.082446, 0.082841, 0.082984, 0.083886, 0.08399, 0.084103, 0.084209, 0.084504, 0.084823, 0.084825, 0.085075, 0.085476, 0.085476, 0.086022, 0.086153, 0.086361, 0.086367, 0.086411, 0.087224, 0.087332, 0.087415, 0.087981, 0.088122, 0.0895, 0.089535, 0.089623, 0.089946, 0.090155, 0.090509, 0.091405, 0.091516, 0.091588, 0.09182, 0.092155, 0.09229, 0.092565, 0.092721, 0.094124, 0.094355, 0.094673, 0.094717, 0.094923, 0.095092, 0.095139, 0.095152, 0.095262, 0.095614, 0.095668, 0.095764, 0.095989, 0.096189, 0.09679, 0.097303, 0.097619, 0.09822, 0.098359, 0.099662, 0.099999, 0.10032, 0.10087, 0.10131, 0.101759, 0.101868, 0.101889, 0.102086, 0.102423, 0.102432, 0.103256, 0.103584, 0.104161, 0.104314, 0.104505, 0.10468, 0.106492, 0.107011, 0.107072, 0.107846, 0.107849, 0.10813, 0.108424, 0.10919, 0.109271, 0.110303, 0.110667, 0.111027, 0.111378, 0.111516, 0.111622, 0.11171, 0.112521, 0.112958, 0.112976, 0.113163, 0.114237, 0.114558, 0.114992, 0.115573, 0.115879, 0.116466, 0.117003, 0.117209, 0.117715, 0.117895, 0.11916, 0.119561, 0.119728, 0.119797, 0.119986, 0.120398, 0.121939, 0.122015, 0.122915, 0.123252, 0.123696, 0.123932, 0.124927, 0.125455, 0.125634, 0.126022, 0.126764, 0.127297, 0.127558, 0.127613, 0.128332, 0.129005, 0.129604, 0.129838, 0.13041, 0.130689, 0.131131, 0.131218, 0.131843, 0.131851, 0.132025, 0.133088, 0.133295, 0.134489, 0.134545, 0.134566, 0.135783, 0.137295, 0.137376, 0.137573, 0.137872, 0.138049, 0.138406, 0.139088, 0.141152, 0.141176, 0.141695, 0.141768, 0.141822, 0.141872, 0.141931, 0.143557, 0.144501, 0.14483, 0.14498, 0.145108, 0.145251, 0.145785, 0.145875, 0.145911, 0.146689, 0.146864, 0.146876, 0.147723, 0.148112, 0.148487, 0.148837, 0.149489, 0.150075, 0.150707, 0.150974, 0.151588, 0.151981, 0.152395, 0.152609, 0.152667, 0.15268, 0.153173, 0.154025, 0.15433, 0.154974, 0.15661, 0.157672, 0.158028, 0.159338, 0.159426, 0.159469, 0.160379, 0.161714, 0.162315, 0.162521, 0.162961, 0.163461, 0.164388, 0.165332, 0.166187, 0.166439, 0.168191, 0.168935, 0.169873, 0.170235, 0.170727, 0.172289, 0.173497, 0.173959, 0.17419, 0.175425, 0.178291, 0.178433, 0.179856, 0.18124, 0.182066, 0.184331, 0.185156, 0.188902, 0.192616, 0.195159, 0.197292, 0.198274, 0.19897, 0.201058, 0.203288, 0.205902, 0.217526, 0.219923, 0.225678, 0.228205, 0.229937, 0.231913, 0.235124, 0.2356, 0.237222, 0.237937, 0.238614, 0.241647, 0.242557, 0.246272, 0.248076, 0.251288, 0.256688, 0.266206, 0.272473, 0.303483, 0.319427, 0.330855, 0.412539, 0.475456, 0.479716, 0.515035, 0.538711, 0.554813, 0.562553, 0.567607, 0.567929, 0.574002, 0.592504, 0.597281, 0.602944, 0.613457, 0.621404, 0.632448, 0.643681, 0.644149, 0.646862, 0.649561, 0.65597, 0.658016, 0.659755, 0.669053, 0.671478, 0.673094, 0.679478, 0.681247, 0.683419, 0.687181, 0.690539, 0.693818, 0.694019, 0.699595, 0.699665, 0.701326, 0.702456, 0.702755, 0.707165, 0.725309, 0.726042, 0.726439, 0.728425, 0.73307, 0.733887, 0.736625, 0.740615, 0.748903, 0.755616, 0.756606, 0.758981, 0.759101, 0.772874, 0.774714, 0.775227, 0.781594, 0.785019, 0.791488, 0.792299, 0.798386, 0.800815, 0.811691, 0.821703, 0.839172, 0.84338, 0.856737, 0.857, 0.872121, 0.875576, 0.882331, 0.88658, 0.886644, 0.890433, 0.894102, 0.897328, 0.897701, 0.898181, 0.899614, 0.909055, 0.910328, 0.911331, 0.911862, 0.920108, 0.922425, 0.928823, 0.930703, 0.934815, 0.937988, 0.949974, 0.951007, 0.968177, 0.968497, 0.972606, 0.972819, 0.978964, 0.996299, 1.000376, 1.0032, 1.006763, 1.007492, 1.020584, 1.041555, 1.057165, 1.126407], "monotonicity": -0.26481481481481484, "n_systems": 6103, "n_planets": 6834, "n_targets": 137493}