{"sigma_r": 2.3939, "sigma_i": 2.3392, "m": 7, "seed": 2764331018, "n_k": {"1": 4490, "2": 864, "3": 147, "4": 16, "5": 3, "6+": 0}, "dlogr": [0.0, 0.001123, 0.001274, 0.00142, 0.001633, 0.00167, 0.001764, 0.001925, 0.002731, 0.00287, 0.002879, 0.002924, 0.002925, 0.003062, 0.003289, 0.003799, 0.004011, 0.00461, 0.004755, 0.005172, 0.00623, 0.006351, 0.006481, 0.006533, 0.007564, 0.007879, 0.007997, 0.008041, 0.008243, 0.008588, 0.008655, 0.008822, 0.008945, 0.008983, 0.009067, 0.009584, 0.0096, 0.009836, 0.009939, 0.010056, 0.010488, 0.010783, 0.010847, 0.011199, 0.011417, 0.011447, 0.011511, 0.011702, 0.011788, 0.011885, 0.012522, 0.012591, 0.012609, 0.012636, 0.012885, 0.01313, 0.013393, 0.013583, 0.013804, 0.013881, 0.014075, 0.014213, 0.014895, 0.014907, 0.014947, 0.015331, 0.015458, 0.015583, 0.016167, 0.016675, 0.016888, 0.017727, 0.017867, 0.018222, 0.018486, 0.0186, 0.018732, 0.019015, 0.01902, 0.01919, 0.019265, 0.019511, 0.019623, 0.019686, 0.019702, 0.020091, 0.020597, 0.020806, 0.021034, 0.021255, 0.021385, 0.021505, 0.021621, 0.021875, 0.022055, 0.022825, 0.023399, 0.023416, 0.02361, 0.023796, 0.023936, 0.024056, 0.024155, 0.024241, 0.024851, 0.02501, 0.025136, 0.025155, 0.025541, 0.025543, 0.025685, 0.025951, 0.026074, 0.026089, 0.026321, 0.026581, 0.026661, 0.02674, 0.02707, 0.027137, 0.027424, 0.027888, 0.028355, 0.028507, 0.029066, 0.02908, 0.029137, 0.029326, 0.029559, 0.029626, 0.029738, 0.030068, 0.03073, 0.030796, 0.0308, 0.031225, 0.031252, 0.031347, 0.031845, 0.032034, 0.03208, 0.032601, 0.032606, 0.032624, 0.032663, 0.032786, 0.032885, 0.033081, 0.033342, 0.033359, 0.033579, 0.033601, 0.034725, 0.034932, 0.034961, 0.034998, 0.035225, 0.035244, 0.035279, 0.036078, 0.036182, 0.036604, 0.036641, 0.036796, 0.03681, 0.037015, 0.037074, 0.037223, 0.037882, 0.037969, 0.03837, 0.038757, 0.039331, 0.039372, 0.039576, 0.039846, 0.040021, 0.040036, 0.040261, 0.040275, 0.040437, 0.04052, 0.040522, 0.040679, 0.040949, 0.041069, 0.041141, 0.0412, 0.041226, 0.041394, 0.041468, 0.041499, 0.041629, 0.04214, 0.042252, 0.042361, 0.042433, 0.042464, 0.042806, 0.042806, 0.043872, 0.043954, 0.04478, 0.045023, 0.045046, 0.04532, 0.045557, 0.045791, 0.04598, 0.046125, 0.046153, 0.046318, 0.04644, 0.04678, 0.046787, 0.047133, 0.047184, 0.047253, 0.04765, 0.047735, 0.04774, 0.048016, 0.048181, 0.048861, 0.048963, 0.049229, 0.049869, 0.049925, 0.050026, 0.050545, 0.050588, 0.050725, 0.050846, 0.051023, 0.05138, 0.051728, 0.051955, 0.052506, 0.052641, 0.052753, 0.053002, 0.053427, 0.053431, 0.053468, 0.053776, 0.053912, 0.054276, 0.054678, 0.05474, 0.055022, 0.055158, 0.055247, 0.055386, 0.055419, 0.055723, 0.05575, 0.055979, 0.056029, 0.056058, 0.056162, 0.056372, 0.056857, 0.05727, 0.057361, 0.057933, 0.058118, 0.058161, 0.058331, 0.058388, 0.058756, 0.059177, 0.059894, 0.060263, 0.060989, 0.061489, 0.061807, 0.062161, 0.062223, 0.062445, 0.063109, 0.063551, 0.063836, 0.063845, 0.064247, 0.064569, 0.064631, 0.064701, 0.064732, 0.065053, 0.065279, 0.065344, 0.065521, 0.06559, 0.065658, 0.065779, 0.0663, 0.066343, 0.066501, 0.066789, 0.066875, 0.067212, 0.067352, 0.067556, 0.067592, 0.067754, 0.0681, 0.06821, 0.068575, 0.068834, 0.06896, 0.069209, 0.069434, 0.069529, 0.06955, 0.069875, 0.07022, 0.070304, 0.070915, 0.07168, 0.071873, 0.07198, 0.072498, 0.072574, 0.072992, 0.073471, 0.073708, 0.073745, 0.073852, 0.074199, 0.07448, 0.074612, 0.074852, 0.075492, 0.075739, 0.076362, 0.076421, 0.076559, 0.0771, 0.077487, 0.07754, 0.077613, 0.077981, 0.078061, 0.078485, 0.078578, 0.078751, 0.078836, 0.078932, 0.079046, 0.079179, 0.079953, 0.080233, 0.080781, 0.080919, 0.080956, 0.081425, 0.081998, 0.082393, 0.082889, 0.083002, 0.08345, 0.084473, 0.084686, 0.084728, 0.084848, 0.085587, 0.085759, 0.086826, 0.086868, 0.087598, 0.087657, 0.087866, 0.088026, 0.08805, 0.088392, 0.089137, 0.089163, 0.089206, 0.08931, 0.089314, 0.089331, 0.089434, 0.089446, 0.089578, 0.089637, 0.090345, 0.09038, 0.090552, 0.090677, 0.090684, 0.092207, 0.092251, 0.092711, 0.092794, 0.093027, 0.093096, 0.093495, 0.093876, 0.093973, 0.094043, 0.094101, 0.094593, 0.09629, 0.096609, 0.096874, 0.097372, 0.097381, 0.09797, 0.09822, 0.098659, 0.099082, 0.099083, 0.099206, 0.100503, 0.100748, 0.100983, 0.101255, 0.101571, 0.102093, 0.102523, 0.102686, 0.103202, 0.104148, 0.104738, 0.105078, 0.105328, 0.105339, 0.105719, 0.106347, 0.106596, 0.106665, 0.106807, 0.10684, 0.107373, 0.108226, 0.108284, 0.108294, 0.108442, 0.108642, 0.108871, 0.10891, 0.109181, 0.109475, 0.109516, 0.109717, 0.10982, 0.110028, 0.110188, 0.110199, 0.110343, 0.11121, 0.111374, 0.111441, 0.111453, 0.111653, 0.111888, 0.112148, 0.112158, 0.112275, 0.112725, 0.112726, 0.113117, 0.113433, 0.11396, 0.114289, 0.114534, 0.11465, 0.114672, 0.11486, 0.114942, 0.115079, 0.115154, 0.116007, 0.116842, 0.117148, 0.117435, 0.117753, 0.117766, 0.118662, 0.118864, 0.11887, 0.119022, 0.119153, 0.11921, 0.120053, 0.120184, 0.120246, 0.120632, 0.120676, 0.120731, 0.120874, 0.121063, 0.121211, 0.121583, 0.121632, 0.121676, 0.121888, 0.121955, 0.122195, 0.122317, 0.122482, 0.12277, 0.123085, 0.123501, 0.123599, 0.123699, 0.124034, 0.124187, 0.124368, 0.125045, 0.125372, 0.12543, 0.125752, 0.125821, 0.125876, 0.12707, 0.12715, 0.127158, 0.127344, 0.127671, 0.127706, 0.127929, 0.127976, 0.128034, 0.128134, 0.1284, 0.128447, 0.128772, 0.128795, 0.129013, 0.129168, 0.130955, 0.131441, 0.13184, 0.131936, 0.132488, 0.133662, 0.13403, 0.134333, 0.13465, 0.134771, 0.13479, 0.134862, 0.135264, 0.135736, 0.135806, 0.135849, 0.135888, 0.136, 0.136079, 0.136239, 0.136258, 0.136261, 0.136654, 0.137908, 0.138636, 0.138661, 0.138889, 0.139693, 0.140575, 0.140943, 0.141126, 0.141224, 0.141254, 0.141306, 0.14147, 0.142346, 0.142425, 0.143502, 0.143574, 0.143847, 0.144044, 0.144068, 0.144234, 0.144757, 0.145455, 0.145761, 0.145784, 0.145905, 0.146451, 0.146473, 0.146539, 0.147014, 0.147062, 0.147706, 0.147915, 0.14814, 0.148698, 0.148807, 0.149233, 0.149734, 0.149816, 0.15006, 0.150075, 0.150225, 0.150231, 0.150325, 0.150457, 0.150726, 0.150812, 0.15121, 0.151476, 0.151911, 0.151946, 0.152234, 0.152562, 0.152642, 0.152887, 0.153108, 0.153925, 0.154719, 0.154755, 0.155304, 0.156307, 0.156858, 0.156883, 0.158004, 0.158168, 0.158317, 0.158619, 0.15897, 0.159655, 0.159825, 0.160021, 0.160066, 0.160469, 0.161219, 0.161232, 0.161405, 0.161676, 0.161727, 0.162494, 0.16344, 0.163771, 0.163821, 0.164042, 0.164615, 0.164671, 0.164672, 0.164722, 0.165015, 0.165143, 0.165467, 0.165628, 0.16627, 0.166381, 0.16656, 0.166731, 0.166892, 0.166976, 0.16869, 0.168823, 0.169232, 0.169563, 0.170025, 0.170071, 0.170147, 0.170572, 0.170685, 0.170951, 0.171692, 0.17177, 0.17183, 0.171851, 0.172055, 0.172465, 0.172479, 0.173029, 0.173106, 0.173326, 0.174104, 0.174598, 0.174723, 0.174934, 0.175318, 0.175413, 0.175893, 0.175976, 0.176007, 0.176626, 0.177266, 0.177288, 0.177389, 0.178111, 0.178473, 0.178839, 0.179841, 0.180191, 0.180365, 0.180987, 0.181185, 0.181683, 0.182806, 0.183852, 0.183976, 0.184913, 0.185841, 0.186101, 0.1863, 0.186452, 0.187341, 0.187866, 0.18864, 0.18876, 0.189087, 0.189207, 0.189296, 0.189761, 0.190078, 0.190285, 0.190871, 0.191466, 0.191536, 0.191707, 0.191796, 0.192407, 0.193169, 0.194042, 0.194562, 0.194579, 0.194714, 0.195344, 0.195549, 0.19557, 0.195693, 0.195869, 0.196519, 0.196693, 0.197824, 0.199459, 0.200074, 0.200447, 0.200603, 0.201327, 0.201388, 0.201463, 0.20206, 0.202383, 0.202956, 0.203001, 0.203686, 0.204974, 0.205262, 0.205714, 0.206381, 0.206485, 0.206527, 0.206645, 0.206672, 0.207313, 0.208573, 0.208845, 0.209125, 0.209753, 0.210147, 0.210241, 0.210717, 0.212481, 0.212944, 0.213141, 0.213697, 0.214011, 0.214973, 0.215057, 0.21527, 0.21543, 0.215833, 0.217123, 0.217169, 0.217584, 0.217619, 0.217927, 0.217933, 0.218546, 0.220186, 0.220586, 0.220761, 0.220883, 0.220978, 0.220986, 0.22123, 0.222348, 0.223247, 0.223349, 0.223567, 0.224135, 0.224408, 0.224974, 0.225479, 0.225527, 0.225824, 0.226273, 0.227594, 0.227974, 0.228636, 0.230009, 