{"sigma_r": 1.2164, "sigma_i": 8.0, "m": 0, "seed": 735225575, "n_k": {"1": 5606, "2": 481, "3": 30, "4": 2, "5": 0, "6+": 0}, "dlogr": [0.0, 0.00029, 0.000321, 0.000599, 0.000837, 0.000864, 0.000924, 0.001855, 0.001912, 0.002817, 0.0033, 0.003737, 0.004527, 0.004891, 0.004896, 0.004997, 0.005001, 0.005057, 0.005436, 0.006122, 0.006895, 0.006952, 0.007124, 0.007376, 0.007516, 0.008122, 0.008128, 0.008217, 0.008501, 0.008766, 0.009105, 0.010733, 0.011885, 0.01202, 0.013257, 0.01332, 0.013725, 0.013993, 0.015329, 0.017289, 0.017947, 0.018823, 0.018918, 0.019242, 0.019642, 0.021605, 0.022058, 0.022329, 0.022804, 0.023147, 0.023326, 0.023343, 0.023394, 0.024094, 0.024374, 0.024609, 0.024759, 0.025227, 0.025965, 0.027682, 0.029443, 0.030322, 0.030824, 0.03314, 0.033317, 0.033753, 0.03461, 0.034886, 0.035433, 0.036051, 0.036308, 0.037091, 0.037169, 0.037441, 0.037743, 0.038793, 0.038966, 0.039438, 0.039579, 0.040656, 0.040817, 0.040878, 0.041503, 0.041779, 0.042072, 0.042361, 0.042965, 0.043549, 0.043573, 0.044364, 0.04451, 0.044911, 0.046263, 0.046353, 0.046794, 0.046842, 0.046852, 0.047065, 0.047438, 0.048087, 0.048493, 0.048985, 0.049018, 0.049054, 0.049392, 0.051053, 0.051346, 0.053661, 0.054035, 0.054458, 0.054505, 0.054563, 0.055094, 0.05593, 0.056564, 0.056827, 0.057702, 0.057859, 0.057874, 0.058519, 0.060115, 0.060214, 0.061571, 0.06225, 0.062974, 0.063648, 0.063668, 0.06413, 0.064348, 0.06493, 0.064948, 0.065329, 0.067265, 0.067303, 0.067793, 0.068198, 0.068695, 0.070121, 0.070207, 0.073335, 0.073353, 0.073813, 0.073976, 0.074512, 0.074918, 0.07536, 0.075818, 0.075905, 0.075973, 0.076637, 0.076874, 0.077248, 0.078, 0.078825, 0.081315, 0.081521, 0.082626, 0.083284, 0.083376, 0.083868, 0.084483, 0.084588, 0.084794, 0.085365, 0.085393, 0.085394, 0.085644, 0.086069, 0.086743, 0.08767, 0.087848, 0.088353, 0.088935, 0.090305, 0.091146, 0.091649, 0.092687, 0.0934, 0.095049, 0.095378, 0.095807, 0.095973, 0.0974, 0.097701, 0.097841, 0.097879, 0.098656, 0.098747, 0.098807, 0.101542, 0.101584, 0.102584, 0.102705, 0.103148, 0.103156, 0.104206, 0.10421, 0.105807, 0.107229, 0.107666, 0.107784, 0.108194, 0.108578, 0.108624, 0.109341, 0.109477, 0.110301, 0.11046, 0.110992, 0.111546, 0.111825, 0.112972, 0.114595, 0.115109, 0.116669, 0.117267, 0.119506, 0.11965, 0.119699, 0.120217, 0.120572, 0.120654, 0.120828, 0.121136, 0.12123, 0.121262, 0.122097, 0.122333, 0.122404, 0.123279, 0.12469, 0.125037, 0.125493, 0.126956, 0.128402, 0.129002, 0.129076, 0.129343, 0.130316, 0.130864, 0.132056, 0.132076, 0.13216, 0.13276, 0.132879, 0.133089, 0.133435, 0.134115, 0.134197, 0.134832, 0.135519, 0.135796, 0.136025, 0.137275, 0.137454, 0.138971, 0.139629, 0.139728, 0.139814, 0.139956, 0.14052, 0.141177, 0.141437, 0.141711, 0.142241, 0.143433, 0.145117, 0.146041, 0.14797, 0.14824, 0.148692, 0.149338, 0.149641, 0.14969, 0.150441, 0.151607, 0.151828, 0.154321, 0.154692, 0.156863, 0.15722, 0.158725, 0.159186, 0.160278, 0.160846, 0.160956, 0.161781, 0.161972, 0.162236, 0.164679, 0.164701, 0.165029, 0.166186, 0.166687, 0.166848, 0.168062, 0.168829, 0.169247, 0.170435, 0.172359, 0.172835, 0.173128, 0.174802, 0.175558, 0.17557, 0.175833, 0.176334, 0.176365, 0.176709, 0.176953, 0.18043, 0.181038, 0.182797, 0.183079, 0.183836, 0.18515, 0.185402, 0.185594, 0.186939, 0.187278, 0.187794, 0.188168, 0.189005, 0.189066, 0.18976, 0.189808, 0.190188, 0.190243, 0.190916, 0.192887, 0.193005, 0.193684, 0.193891, 0.1941, 0.194226, 0.195157, 0.196121, 0.196877, 0.197928, 0.198307, 0.198886, 0.199114, 0.200139, 0.200176, 0.203133, 0.20314, 0.204105, 0.20486, 0.205081, 0.205143, 0.2079, 0.209627, 0.210088, 0.210204, 0.210262, 0.210921, 0.211184, 0.211214, 0.211394, 0.213639, 0.214773, 0.21725, 0.21841, 0.219311, 0.219491, 0.219729, 0.220406, 0.220555, 0.222502, 0.222518, 0.222718, 0.225368, 0.226218, 0.226693, 0.227237, 0.231621, 0.232668, 0.234397, 0.236755, 0.238715, 0.241476, 0.244576, 0.245598, 0.248207, 0.249454, 0.249549, 0.250225, 0.251479, 0.252892, 0.25412, 0.260315, 0.262144, 0.262435, 0.267272, 0.268057, 0.268661, 0.269275, 0.27324, 0.274734, 0.27492, 0.277776, 0.277923, 0.278258, 0.27892, 0.280967, 0.286785, 0.287417, 0.287591, 0.288857, 0.288944, 0.289785, 0.290708, 0.295191, 0.296039, 0.297731, 0.299466, 0.301982, 0.306706, 0.308163, 0.308343, 0.30983, 0.315428, 0.320202, 0.321938, 0.322839, 0.323976, 0.326756, 0.327875, 0.332416, 0.33462, 0.335915, 0.336134, 0.339677, 0.34527, 0.345878, 0.34735, 0.349401, 0.350749, 0.351664, 0.358611, 0.358712, 0.375507, 0.378275, 0.381548, 0.381987, 0.38872, 0.389713, 0.404492, 0.405931, 0.416552, 0.423002, 0.425852, 0.426701, 0.436238, 0.455502, 0.456408, 0.47106, 0.484832, 0.492246, 0.498839, 0.509033, 0.548435, 0.559464, 0.56308, 0.569822, 0.570406, 0.573909, 0.581855, 0.584929, 0.594887, 0.600357, 0.607518, 0.611354, 0.612593, 0.614798, 0.638689, 0.654095, 0.654555, 0.656163, 0.666499, 0.667111, 0.667418, 0.667742, 0.678512, 0.683513, 0.684646, 0.698077, 0.701745, 0.713101, 0.715826, 0.719172, 0.723122, 0.725277, 0.727966, 0.732536, 0.739084, 0.742348, 0.748765, 0.749075, 0.750346, 0.752985, 0.769498, 0.793391, 0.797316, 0.801592, 0.801813, 0.804707, 0.804802, 0.80715, 0.808717, 0.81222, 0.819807, 0.821067, 0.821664, 0.832852, 0.834086, 0.845519, 0.849429, 0.859788, 0.866064, 0.866407, 0.871443, 0.875156, 0.900356, 0.900617, 0.910961, 0.914378, 0.91605, 0.930822, 0.932938, 0.937026, 0.939614, 0.941834, 0.945338, 0.956997, 0.97177, 0.973678, 0.974013, 0.981916, 1.008733, 1.017051, 1.029291, 1.032373, 1.038365, 1.072669, 1.127221, 1.140649], "monotonicity": 0.015625, "n_systems": 6119, "n_planets": 6666, "n_targets": 137493}