{"sigma_r": 0.2506, "sigma_i": 3.8254, "m": 6, "seed": 398108026, "n_k": {"1": 4797, "2": 740, "3": 106, "4": 9, "5": 2, "6+": 0}, "dlogr": [0.0, 0.0, 0.0, 0.0, 0.0, 0.0, 0.0, 0.0, 0.000371, 0.000416, 0.000507, 0.000567, 0.000758, 0.000783, 0.000916, 0.000927, 0.000947, 0.00103, 0.001209, 0.001369, 0.001477, 0.001486, 0.001611, 0.001645, 0.001863, 0.00192, 0.001966, 0.002056, 0.002154, 0.002188, 0.002236, 0.002368, 0.002371, 0.002434, 0.002461, 0.002503, 0.002527, 0.002553, 0.002638, 0.002685, 0.002955, 0.003126, 0.003135, 0.003173, 0.00336, 0.003474, 0.003572, 0.003602, 0.003975, 0.004316, 0.004353, 0.004398, 0.004398, 0.004572, 0.004662, 0.004671, 0.004737, 0.004958, 0.004979, 0.004981, 0.00504, 0.005526, 0.005881, 0.005909, 0.005939, 0.006003, 0.006029, 0.006207, 0.006267, 0.006268, 0.006295, 0.006308, 0.006494, 0.006587, 0.006813, 0.006929, 0.006973, 0.007018, 0.007023, 0.007061, 0.007074, 0.007118, 0.007154, 0.007207, 0.007214, 0.007348, 0.007379, 0.007459, 0.007459, 0.007567, 0.007669, 0.007682, 0.007745, 0.007798, 0.007822, 0.00787, 0.00795, 0.008105, 0.008118, 0.008136, 0.008324, 0.00833, 0.008332, 0.008542, 0.008552, 0.008566, 0.0086, 0.009141, 0.0093, 0.009329, 0.009541, 0.009591, 0.00963, 0.009725, 0.009764, 0.009828, 0.009908, 0.010115, 0.010308, 0.010429, 0.010451, 0.010801, 0.010901, 0.010951, 0.011015, 0.011091, 0.011111, 0.011123, 0.011456, 0.011572, 0.011584, 0.011758, 0.01179, 0.012162, 0.012192, 0.012318, 0.012367, 0.012373, 0.012404, 0.01252, 0.012594, 0.012698, 0.012717, 0.012807, 0.013291, 0.013536, 0.013635, 0.01366, 0.013688, 0.013725, 0.013785, 0.013814, 0.01384, 0.0139, 0.013939, 0.013946, 0.014095, 0.014129, 0.014556, 0.014574, 0.014621, 0.01463, 0.01477, 0.014815, 0.014835, 0.014874, 0.014892, 0.014914, 0.015116, 0.015261, 0.015435, 0.015442, 0.015799, 0.015822, 0.015972, 0.015988, 0.016362, 0.016412, 0.016454, 0.016684, 0.016684, 0.016759, 0.017279, 0.017515, 0.017611, 0.017878, 0.018136, 0.018272, 0.018501, 0.018565, 0.018617, 0.018656, 0.018693, 0.01877, 0.018777, 0.018928, 0.018967, 0.019036, 0.019066, 0.019079, 0.019505, 0.019746, 0.019987, 0.020271, 0.020332, 0.020443, 0.020462, 0.020565, 0.020594, 0.020595, 0.020819, 0.020834, 0.020893, 0.020955, 0.021112, 0.021148, 0.021189, 0.021195, 0.02124, 0.021244, 0.021391, 0.021444, 0.021477, 0.021592, 0.021712, 0.021878, 0.021916, 0.021919, 0.021931, 0.022012, 0.022301, 0.022318, 0.022522, 0.022619, 0.022722, 0.022832, 0.022879, 0.022882, 0.023103, 0.023151, 0.023252, 0.023374, 0.023404, 0.023439, 0.023486, 0.023684, 0.023869, 0.023945, 0.024282, 0.024345, 0.024405, 0.024622, 0.024807, 0.024846, 0.024986, 0.025038, 0.025422, 0.025516, 0.025522, 0.025695, 0.025953, 0.026073, 0.026093, 0.026219, 0.026264, 0.026381, 0.026431, 0.02649, 0.026551, 0.026591, 0.026774, 0.026995, 0.027242, 0.027424, 0.027513, 0.02763, 0.027665, 0.02776, 0.027965, 0.027974, 0.028222, 0.028321, 0.028379, 0.028634, 0.028666, 0.028682, 0.028955, 0.028974, 0.029243, 0.029254, 0.029678, 0.030262, 0.030272, 0.03031, 0.030476, 0.030542, 0.030629, 0.030707, 0.03076, 0.030797, 0.030846, 0.030854, 0.031133, 0.031143, 0.031176, 0.031217, 0.031308, 0.031409, 0.031547, 0.031582, 0.031617, 0.031619, 0.031654, 0.031694, 0.031704, 0.031715, 0.031732, 0.031778, 0.032075, 0.032169, 0.032195, 0.032253, 0.032268, 0.032324, 0.032372, 0.032394, 0.032422, 0.032493, 0.032611, 0.032679, 0.03276, 0.032828, 0.032936, 0.033002, 0.033013, 0.033019, 0.033253, 0.033309, 0.033513, 0.033572, 0.033651, 0.033671, 0.03386, 0.03393, 0.033973, 0.034033, 0.03424, 0.034297, 0.034331, 0.034408, 0.034556, 0.034563, 0.034669, 0.035005, 0.03519, 0.035202, 0.035305, 0.035584, 0.035772, 0.035803, 0.035915, 0.035949, 0.036023, 0.036263, 0.036325, 0.036388, 0.036596, 0.036697, 0.036772, 0.036773, 0.036839, 0.036883, 0.03694, 0.037157, 0.037194, 0.037288, 0.037333, 0.037367, 0.037457, 0.037759, 0.038164, 0.038375, 0.038807, 0.039087, 0.039256, 0.039445, 0.039636, 0.039774, 0.039785, 0.040013, 0.040047, 0.040161, 0.040444, 0.040574, 0.040653, 0.040715, 0.040732, 0.040763, 0.040882, 0.040968, 0.041014, 0.041112, 0.041213, 0.041413, 0.041424, 0.041753, 0.041758, 0.041765, 0.04198, 0.042073, 0.042113, 0.042204, 0.042424, 0.042461, 0.042689, 0.042711, 0.042718, 0.043036, 0.043046, 0.043754, 0.043904, 0.044472, 0.044567, 0.044839, 0.044953, 0.045174, 0.045269, 0.04567, 0.045798, 0.045802, 0.046176, 0.046192, 0.046216, 0.04673, 0.046775, 0.046807, 0.047075, 0.047507, 0.04754, 0.047637, 0.047701, 0.047721, 0.047906, 0.047987, 0.048076, 0.048166, 0.048239, 0.048429, 0.048668, 0.048825, 0.048835, 0.049156, 0.049186, 0.049255, 0.049282, 0.049339, 0.049392, 0.049422, 0.049483, 0.049483, 0.049514, 0.049681, 0.049784, 0.049789, 0.049965, 0.050014, 0.050104, 0.050158, 0.050185, 0.050232, 0.050304, 0.050592, 0.050622, 0.050623, 0.050824, 0.050921, 0.051094, 0.051207, 0.051214, 0.051302, 0.051389, 0.051711, 0.051797, 0.05189, 0.052152, 0.052251, 0.052656, 0.052687, 0.053271, 0.054096, 0.054163, 0.05421, 0.054211, 0.054388, 0.05477, 0.05478, 0.054788, 0.054931, 0.055084, 0.05528, 0.055291, 0.055605, 0.055733, 0.056103, 0.056141, 0.056464, 0.056586, 0.056879, 0.057023, 0.057136, 0.057192, 0.057532, 0.057655, 0.05775, 0.057775, 0.057794, 0.057812, 0.057902, 0.057922, 0.058103, 0.058161, 0.058206, 0.058215, 0.058298, 0.05858, 0.058635, 0.058654, 0.05875, 0.058767, 0.05882, 0.058869, 0.058884, 0.058947, 0.059008, 0.0592, 0.059293, 0.059783, 0.060032, 0.060104, 0.060605, 0.060729, 0.061071, 0.061206, 0.061287, 0.061918, 0.062635, 0.062638, 0.06265, 0.062689, 0.062742, 0.062822, 0.062924, 0.062992, 0.063008, 0.06322, 0.063253, 0.063278, 0.063426, 0.063496, 0.063688, 0.063913, 0.064024, 0.064226, 0.064516, 0.064598, 0.064746, 0.064804, 0.064957, 0.065365, 0.065493, 0.065737, 0.065823, 0.065841, 0.066065, 0.066065, 0.066072, 0.06643, 0.066456, 0.066757, 0.066822, 0.066915, 0.067316, 0.06744, 0.067448, 0.067495, 0.067763, 0.067851, 0.067953, 0.068417, 0.068585, 0.069165, 0.069289, 0.069323, 0.069724, 0.069916, 0.070185, 0.070428, 0.070534, 0.070919, 0.071025, 0.071057, 0.071255, 0.071641, 0.071951, 0.072107, 0.072118, 0.072223, 0.072499, 0.072552, 0.072575, 0.072684, 0.072697, 0.072786, 0.073015, 0.073048, 0.073188, 0.073439, 0.073442, 0.073747, 0.0742, 0.074205, 0.074206, 0.074308, 0.074325, 0.074356, 0.074559, 0.074673, 0.075197, 0.075263, 0.075465, 0.075471, 0.075995, 0.076095, 0.07618, 0.076267, 0.076568, 0.07683, 0.077039, 0.077069, 0.077107, 0.07728, 0.077341, 0.077364, 0.077372, 0.077616, 0.077651, 0.078116, 0.078184, 0.078319, 0.0784, 0.078546, 0.078811, 0.079409, 0.079808, 0.079943, 0.080191, 0.08055, 0.08055, 0.080628, 0.081405, 0.08156, 0.081904, 0.082028, 0.082258, 0.082448, 0.082479, 0.082606, 0.08286, 0.083601, 0.084129, 0.084168, 0.084217, 0.084262, 0.084347, 0.084517, 0.084706, 0.085157, 0.085228, 0.085343, 0.085546, 0.085552, 0.085773, 0.08588, 0.085938, 0.086049, 0.0861, 0.08629, 0.086359, 0.087138, 0.087249, 0.08725, 0.087297, 0.087514, 0.087611, 0.087977, 0.087997, 0.088682, 0.089109, 0.089283, 0.089294, 0.089798, 0.089806, 0.090226, 0.090377, 0.090514, 0.090795, 0.090881, 0.090941, 0.091049, 0.092163, 0.092324, 0.09275, 0.093076, 0.093352, 0.093691, 0.094424, 0.094579, 0.09459, 0.094874, 0.095206, 0.095287, 0.095344, 0.095484, 0.095568, 0.095972, 0.095985, 0.09657, 0.096684, 0.096685, 0.096693, 0.097019, 0.097128, 0.097413, 0.097512, 0.097836, 0.098226, 0.098959, 0.099245, 0.099298, 0.099308, 0.100188, 0.100465, 0.100604, 0.100622, 0.101627, 0.101831, 0.102728, 0.102829, 0.102904, 0.103104, 0.103285, 0.104034, 0.104135, 0.104575, 0.105305, 0.10564, 0.107842, 0.108057, 0.108328, 0.108691, 0.109064, 0.10972, 0.109936, 0.110458, 0.110479, 0.111682, 0.112312, 0.113109, 0.114247, 0.114636, 0.115264, 0.115279, 0.115408, 0.115744, 0.116194, 0.116208, 0.116395, 0.116838, 0.117267, 0.117277, 0.117323, 0.11844, 0.118672, 0.119596, 0.119627, 0.121013, 0.121104, 0.121613, 0.121888, 0.122856, 0.12292, 0.12295, 0.123042, 0.124341, 0.124714, 0.125552, 0.127945, 