{"sigma_r": 1.9103, "sigma_i": 0.5349, "m": 10, "seed": 3241923984, "n_k": {"1": 3741, "2": 891, "3": 291, "4": 61, "5": 18, "6+": 3}, "dlogr": [0.0, 0.000137, 0.000259, 0.000483, 0.000876, 0.000974, 0.001264, 0.001309, 0.001381, 0.001413, 0.001442, 0.001483, 0.001492, 0.001699, 0.001778, 0.002288, 0.002363, 0.002562, 0.002598, 0.002636, 0.00267, 0.002788, 0.002894, 0.002918, 0.003342, 0.003408, 0.003571, 0.003576, 0.003747, 0.003911, 0.00426, 0.004409, 0.004414, 0.005042, 0.005541, 0.005549, 0.005739, 0.005959, 0.005987, 0.006115, 0.006433, 0.006861, 0.006866, 0.007046, 0.007129, 0.007555, 0.007607, 0.007659, 0.007687, 0.00772, 0.00806, 0.008413, 0.008421, 0.008583, 0.008725, 0.008911, 0.008933, 0.009385, 0.009386, 0.009433, 0.009716, 0.009792, 0.010209, 0.01028, 0.010403, 0.010444, 0.010661, 0.010676, 0.010992, 0.010996, 0.011018, 0.01127, 0.011381, 0.011421, 0.011471, 0.011586, 0.012005, 0.012037, 0.012315, 0.012433, 0.012491, 0.012561, 0.01269, 0.012946, 0.012991, 0.013771, 0.013913, 0.013952, 0.014008, 0.014262, 0.014334, 0.014664, 0.014779, 0.014789, 0.014814, 0.015343, 0.015502, 0.015635, 0.015996, 0.016006, 0.016175, 0.016177, 0.016448, 0.016714, 0.017336, 0.017428, 0.017436, 0.017681, 0.017753, 0.01783, 0.017862, 0.018062, 0.018071, 0.018208, 0.018235, 0.018263, 0.018938, 0.018972, 0.019211, 0.019369, 0.019418, 0.019437, 0.019602, 0.01972, 0.02014, 0.02048, 0.020554, 0.020632, 0.020711, 0.020853, 0.021089, 0.021161, 0.021249, 0.02138, 0.022204, 0.022252, 0.022264, 0.022599, 0.0227, 0.022751, 0.022858, 0.022998, 0.023002, 0.023204, 0.023366, 0.023499, 0.023599, 0.023693, 0.02375, 0.023894, 0.023981, 0.024125, 0.024168, 0.024461, 0.024609, 0.024873, 0.024881, 0.024889, 0.024947, 0.025003, 0.025139, 0.025188, 0.025435, 0.025727, 0.025775, 0.025859, 0.026048, 0.026079, 0.026378, 0.026584, 0.026779, 0.026833, 0.02689, 0.026966, 0.027072, 0.027409, 0.027477, 0.027793, 0.028067, 0.028336, 0.028356, 0.028457, 0.028933, 0.029022, 0.029056, 0.029102, 0.029293, 0.029306, 0.02934, 0.029499, 0.02986, 0.029876, 0.029983, 0.030069, 0.030273, 0.030944, 0.030955, 0.030992, 0.031113, 0.031162, 0.031192, 0.031359, 0.03145, 0.03174, 0.031979, 0.03202, 0.032024, 0.032035, 0.03212, 0.032517, 0.032552, 0.033178, 0.03324, 0.033436, 0.033577, 0.033853, 0.033874, 0.034017, 0.034056, 0.03445, 0.034564, 0.0347, 0.034757, 0.035021, 0.035097, 0.035125, 0.035181, 0.035339, 0.035448, 0.035907, 0.036086, 0.036189, 0.036427, 0.036551, 0.036738, 0.036756, 0.037043, 0.037045, 0.037082, 0.03733, 0.037382, 0.037525, 0.037732, 0.03794, 0.038078, 0.038252, 0.038648, 0.038733, 0.038882, 0.038963, 0.039055, 0.039117, 0.039186, 0.039215, 0.039301, 0.039321, 0.039354, 0.039373, 0.039511, 0.03982, 0.04001, 0.040035, 0.040108, 0.040343, 0.040708, 0.040959, 0.041318, 0.041382, 0.041448, 0.041699, 0.041781, 0.042286, 0.042323, 0.04244, 0.042591, 0.042613, 0.042678, 0.043175, 0.043194, 0.04327, 0.043333, 0.043592, 0.043676, 0.043689, 0.043957, 0.044135, 0.044281, 0.044295, 0.044378, 0.044388, 0.044464, 0.044836, 0.045167, 0.045497, 0.045883, 0.046191, 0.046293, 0.046936, 0.046944, 0.046975, 0.047085, 0.047106, 0.047131, 0.047225, 0.047302, 0.047313, 0.047394, 0.047447, 0.047827, 0.047909, 0.048021, 0.048309, 0.048497, 0.048634, 0.048721, 0.048874, 0.048892, 0.049199, 0.049586, 0.049776, 0.049974, 0.050136, 0.050161, 0.050199, 0.050206, 0.050251, 0.050699, 0.050841, 0.050878, 0.05106, 0.051078, 0.051546, 0.051548, 0.05176, 0.051848, 0.052261, 0.052279, 0.052547, 0.052654, 0.053097, 0.053104, 0.053469, 0.053546, 0.053568, 0.053701, 0.053797, 0.054043, 0.054143, 0.054525, 0.054611, 0.054745, 0.055026, 0.055066, 0.055188, 0.055309, 0.055415, 0.055538, 0.055698, 0.05572, 0.056223, 0.056368, 0.056405, 0.05651, 0.056559, 0.056567, 0.057043, 0.057474, 0.057965, 0.058132, 0.058162, 0.058223, 0.058672, 0.058699, 0.059034, 0.059274, 0.059359, 0.059607, 0.059697, 0.059733, 0.059792, 0.059936, 0.060093, 0.060604, 0.060616, 0.060649, 0.060701, 0.06082, 0.061055, 0.061056, 0.061138, 0.06114, 0.061793, 0.061929, 0.062082, 0.062229, 0.062244, 0.062246, 0.062476, 0.062514, 0.062769, 0.062801, 0.062892, 0.063042, 0.063046, 0.06319, 0.063317, 0.063495, 0.063518, 0.063563, 0.063591, 0.063731, 0.063977, 0.064198, 0.064274, 0.064315, 0.064729, 0.064929, 0.064997, 0.065024, 0.065046, 0.065179, 0.06522, 0.065372, 0.065702, 0.065773, 0.066469, 0.066555, 0.066975, 0.067026, 0.067094, 0.067166, 0.067214, 0.067222, 0.067227, 0.06743, 0.067448, 0.067477, 0.067531, 0.068468, 0.06881, 0.068943, 0.069225, 0.069281, 0.069313, 0.069375, 0.069551, 0.069661, 0.069697, 0.069893, 0.070046, 0.070152, 0.070732, 0.070947, 0.071059, 0.071245, 0.071295, 0.071355, 0.071998, 0.072109, 0.072342, 0.072791, 0.072881, 0.072946, 0.073004, 0.073153, 0.07345, 0.073544, 0.073938, 0.073942, 0.074055, 0.074115, 0.074165, 0.074363, 0.074389, 0.074449, 0.074695, 0.074824, 0.074827, 0.075225, 0.075321, 0.075548, 0.075615, 0.075954, 0.076257, 0.076311, 0.076723, 0.076833, 0.077201, 0.077314, 0.077486, 0.077537, 0.077586, 0.077771, 0.077874, 0.077993, 0.07812, 0.078178, 0.078209, 0.078417, 0.078698, 0.079712, 0.079759, 0.080083, 0.080213, 0.080573, 0.080616, 0.080666, 0.080699, 0.080897, 0.080999, 0.081173, 0.081301, 0.081597, 0.081704, 0.082025, 0.082976, 0.083556, 0.084249, 0.084718, 0.084895, 0.085141, 0.085202, 0.085365, 0.08574, 0.085989, 0.086022, 0.086141, 0.086415, 0.086454, 0.086578, 0.086965, 0.08716, 0.087488, 0.087502, 0.087668, 0.087807, 0.088034, 0.088675, 0.088996, 0.089033, 0.089099, 0.089183, 0.08943, 0.089503, 0.08959, 0.089827, 0.090116, 0.090134, 0.090506, 0.090561, 0.090658, 0.090699, 0.090755, 0.090854, 0.090894, 0.091029, 0.091123, 0.091447, 0.091728, 0.091836, 0.092128, 0.092466, 0.092556, 0.09265, 0.093349, 0.093768, 0.093834, 0.093882, 0.094083, 0.094222, 0.094343, 0.094404, 0.09446, 0.094466, 0.094642, 0.094881, 0.0949, 0.094973, 0.095131, 0.095367, 0.095742, 0.095946, 0.096095, 0.096471, 0.096573, 0.096768, 0.097046, 0.097353, 0.097484, 0.097565, 0.097784, 0.097971, 0.098009, 0.098082, 0.098094, 0.098939, 0.099286, 0.099558, 0.099577, 0.099577, 0.099848, 0.100028, 0.100223, 0.100504, 0.101067, 0.101271, 0.101355, 0.101469, 0.101624, 0.101678, 0.101895, 0.103201, 0.103309, 0.103387, 0.10344, 0.103448, 0.10356, 0.104164, 0.104257, 0.104475, 0.104501, 0.104608, 0.104912, 0.105016, 0.105017, 0.105145, 0.105576, 0.10568, 0.106103, 0.106193, 0.106328, 0.106671, 0.10696, 0.107091, 0.10728, 0.107338, 0.107668, 0.107693, 0.107709, 0.10779, 0.107929, 0.108181, 0.108194, 0.108387, 0.109071, 0.109269, 0.110284, 0.11042, 0.110643, 0.110773, 0.111047, 0.111135, 0.111382, 0.111401, 0.111521, 0.11172, 0.11196, 0.11199, 0.112193, 0.112444, 0.112562, 0.11275, 0.112754, 0.112881, 0.112891, 0.113444, 0.113745, 0.113813, 0.113854, 0.113956, 0.114077, 0.11408, 0.114103, 0.114174, 0.114207, 0.114392, 0.114434, 0.114516, 0.114818, 0.115045, 0.115081, 0.115258, 0.115577, 0.115603, 0.115612, 0.115623, 0.1159, 0.115989, 0.116031, 0.116166, 0.116231, 0.117187, 0.117317, 0.117398, 0.117728, 0.117791, 0.117826, 0.11797, 0.118093, 0.118102, 0.118607, 0.118622, 0.118849, 0.118873, 0.119053, 0.119332, 0.119373, 0.11939, 0.119413, 0.119427, 0.119442, 0.119556, 0.119687, 0.11996, 0.120104, 0.120144, 0.120291, 0.120437, 0.120574, 0.120587, 0.120597, 0.121112, 0.1212, 0.121232, 0.121248, 0.121305, 0.121445, 0.121599, 0.121735, 0.121848, 0.121989, 0.12251, 0.122519, 0.12297, 0.122979, 0.123038, 0.123056, 0.12308, 0.123327, 0.123653, 0.123985, 0.124354, 0.124357, 0.124366, 0.124446, 0.124471, 0.124678, 0.124722, 0.124736, 0.124881, 0.125617, 0.125854, 0.126106, 0.126629, 0.126733, 0.126755, 0.127202, 0.12727, 0.127626, 0.128043, 0.128068, 0.128313, 0.128429, 0.128602, 0.128709, 0.128735, 0.12906, 0.129284, 0.129441, 0.129849, 0.130054, 0.130114, 0.130222, 0.130381, 0.130759, 0.130777, 0.130868, 0.130943, 0.131025, 0.131089, 0.131123, 0.131141, 0.131377, 0.131493, 0.131581, 0.13162, 0.131768, 0.132117, 0.132232, 0.132613, 0.132831, 0.132996, 0.133103, 