{"sigma_r": 0.3936, "sigma_i": 1.1186, "m": 1, "seed": 2704448303, "n_k": {"1": 3859, "2": 949, "3": 228, "4": 49, "5": 9, "6+": 0}, "dlogr": [0.0, 0.0, 0.0, 0.0, 0.0, 0.0, 4e-06, 4e-05, 0.000131, 0.000179, 0.000391, 0.000392, 0.00051, 0.000641, 0.000664, 0.000755, 0.000779, 0.001067, 0.001288, 0.001325, 0.001474, 0.001545, 0.001623, 0.001736, 0.001778, 0.001789, 0.001882, 0.001911, 0.002104, 0.00217, 0.002283, 0.002374, 0.002377, 0.002625, 0.002715, 0.002798, 0.002818, 0.00291, 0.002935, 0.003047, 0.003088, 0.00309, 0.003176, 0.003346, 0.003369, 0.003415, 0.003443, 0.003463, 0.003483, 0.003516, 0.003561, 0.003764, 0.00377, 0.003816, 0.003931, 0.00397, 0.00409, 0.004164, 0.004342, 0.004406, 0.004409, 0.00462, 0.004631, 0.00473, 0.004787, 0.004859, 0.00499, 0.005023, 0.005131, 0.00518, 0.005286, 0.005314, 0.005337, 0.005503, 0.005562, 0.005622, 0.005643, 0.005653, 0.005656, 0.005724, 0.005759, 0.005825, 0.005853, 0.005934, 0.005958, 0.005981, 0.006055, 0.006121, 0.006212, 0.006245, 0.006348, 0.006412, 0.006423, 0.006466, 0.006496, 0.00652, 0.006562, 0.006567, 0.006588, 0.006624, 0.006671, 0.006689, 0.006717, 0.006811, 0.00683, 0.006842, 0.00691, 0.007019, 0.007059, 0.007326, 0.007383, 0.007423, 0.007692, 0.007748, 0.007804, 0.00782, 0.007873, 0.00806, 0.008086, 0.008101, 0.008243, 0.008326, 0.008333, 0.008355, 0.008399, 0.008506, 0.008624, 0.008686, 0.008961, 0.008995, 0.009031, 0.009162, 0.009168, 0.009214, 0.009807, 0.009887, 0.00992, 0.010002, 0.010013, 0.010308, 0.010396, 0.010476, 0.01052, 0.010619, 0.010621, 0.010709, 0.010723, 0.010814, 0.01084, 0.010857, 0.011207, 0.011282, 0.011339, 0.011577, 0.011656, 0.011683, 0.01169, 0.011813, 0.011989, 0.012044, 0.012055, 0.012055, 0.012296, 0.012398, 0.012456, 0.012465, 0.012483, 0.012602, 0.012663, 0.012821, 0.012838, 0.012863, 0.012938, 0.013122, 0.01331, 0.013315, 0.013503, 0.013506, 0.013589, 0.013602, 0.013753, 0.013808, 0.014044, 0.0141, 0.01419, 0.014309, 0.014406, 0.014431, 0.014507, 0.014554, 0.014591, 0.014649, 0.014667, 0.014668, 0.014692, 0.015158, 0.01537, 0.01542, 0.015489, 0.015505, 0.015535, 0.015554, 0.015598, 0.015633, 0.015694, 0.015957, 0.01596, 0.016105, 0.016115, 0.016147, 0.016248, 0.016324, 0.016378, 0.016396, 0.016524, 0.016542, 0.016547, 0.01676, 0.016765, 0.016778, 0.016799, 0.016986, 0.017089, 0.01711, 0.017149, 0.017243, 0.017384, 0.017419, 0.017504, 0.017572, 0.017583, 0.017595, 0.017869, 0.017877, 0.017912, 0.018031, 0.018133, 0.018392, 0.018471, 0.018478, 0.018528, 0.018626, 0.01868, 0.018791, 0.018858, 0.019406, 0.019423, 0.019438, 0.019541, 0.019606, 0.019607, 0.019683, 0.019756, 0.019763, 0.019859, 0.019898, 0.019898, 0.019959, 0.020161, 0.020237, 0.020343, 0.020411, 0.02045, 0.020483, 0.020694, 0.020708, 0.020732, 0.020868, 0.020877, 0.021097, 0.021211, 0.021274, 0.021279, 0.021382, 0.021388, 0.021456, 0.021459, 0.021464, 0.021682, 0.02173, 0.021738, 0.021802, 0.021958, 0.022058, 0.022123, 0.02214, 0.022309, 0.022376, 0.022475, 0.022595, 0.022952, 0.022962, 0.023174, 0.023394, 0.023568, 0.02359, 0.02364, 0.023787, 0.023941, 0.024103, 0.024204, 0.024305, 0.024464, 0.02447, 0.024495, 0.024524, 0.024548, 0.024554, 0.024569, 0.024649, 0.024673, 0.024736, 0.024783, 0.0252, 0.025293, 0.025313, 0.025478, 0.025514, 0.025598, 0.025628, 0.025654, 0.025669, 0.025672, 0.025736, 0.025776, 0.025876, 0.025889, 0.025959, 0.02602, 0.026065, 0.026239, 0.026341, 0.026378, 0.026896, 0.02694, 0.026947, 0.026952, 0.026984, 0.026988, 0.027083, 0.027189, 0.027262, 0.027407, 0.027475, 0.027563, 0.027583, 0.027585, 0.027603, 0.027658, 0.028176, 0.028202, 0.02826, 0.028268, 0.028462, 0.02849, 0.028507, 0.028513, 0.028551, 0.028556, 0.028594, 0.028624, 0.028662, 0.028852, 0.029136, 0.029223, 0.029288, 0.029346, 0.029459, 0.029569, 0.029576, 0.029751, 0.029754, 0.029833, 0.029868, 0.030109, 0.030125, 0.030256, 0.030389, 0.030598, 0.030682, 0.030758, 0.030769, 0.030909, 0.031013, 0.031091, 0.031232, 0.031282, 0.031368, 0.031387, 0.031406, 0.031451, 0.031465, 0.031703, 0.032172, 0.032182, 0.032234, 0.032247, 0.032699, 0.032718, 0.032768, 0.032776, 0.032922, 0.03294, 0.032996, 0.033011, 0.033066, 0.03309, 0.03312, 0.033376, 0.033463, 0.033568, 0.033615, 0.033672, 0.033734, 0.033961, 0.033986, 0.034023, 0.034107, 0.034173, 0.03418, 0.034279, 0.034343, 0.034399, 0.034611, 0.034633, 0.034743, 0.034748, 0.034762, 0.034786, 0.03482, 0.034968, 0.034994, 0.035425, 0.035428, 0.035464, 0.035472, 0.035538, 0.03556, 0.035691, 0.035719, 0.036048, 0.036102, 0.036156, 0.03621, 0.036326, 0.036409, 0.036495, 0.036496, 0.036526, 0.036528, 0.036714, 0.037051, 0.03714, 0.037179, 0.037319, 0.037347, 0.037367, 0.037473, 0.037545, 0.037653, 0.037684, 0.037816, 0.037851, 0.037932, 0.038026, 0.038042, 0.038095, 0.038274, 0.038275, 0.038283, 0.038355, 0.038397, 0.038468, 0.038508, 0.038594, 0.038648, 0.038855, 0.039024, 0.039042, 0.039109, 0.039139, 0.03922, 0.039427, 0.039548, 0.039562, 0.039629, 0.039803, 0.039907, 0.039984, 0.040026, 0.040083, 0.040317, 0.040371, 0.040383, 0.040463, 0.04059, 0.040606, 0.040617, 0.040697, 0.040708, 0.04085, 0.040988, 0.041417, 0.041495, 0.041512, 0.041581, 0.041765, 0.041778, 0.041843, 0.041884, 0.041989, 0.042002, 0.042013, 0.042213, 0.042293, 0.042871, 0.042921, 0.04299, 0.043326, 0.043469, 0.04354, 0.043544, 0.043599, 0.043656, 0.043697, 0.043733, 0.043752, 0.043837, 0.043992, 0.044146, 0.044178, 0.044259, 0.044305, 0.04445, 0.044587, 0.044598, 0.044659, 0.044661, 0.044678, 0.044744, 0.044753, 0.044791, 0.044823, 0.044924, 0.045119, 0.045201, 0.045384, 0.045425, 0.045572, 0.045632, 0.045669, 0.045729, 0.04577, 0.045807, 0.04586, 0.045982, 0.046039, 0.046131, 0.046271, 0.046309, 0.046459, 0.046599, 0.046648, 0.046655, 0.046706, 0.046801, 0.046842, 0.047133, 0.047224, 0.047292, 0.047321, 0.04751, 0.047559, 0.047634, 0.047655, 0.047715, 0.047839, 0.047893, 0.04791, 0.047916, 0.048084, 0.04822, 0.048352, 0.048523, 0.048567, 0.049076, 0.049271, 0.049409, 0.049414, 0.049486, 0.049719, 0.049757, 0.049782, 0.050251, 0.050303, 0.050464, 0.050495, 0.050506, 0.050544, 0.050599, 0.050666, 0.050743, 0.050871, 0.050889, 0.051003, 0.05107, 0.051083, 0.051291, 0.051627, 0.051782, 0.051784, 0.051801, 0.051824, 0.051923, 0.051944, 0.052006, 0.052008, 0.052019, 0.052053, 0.052094, 0.052157, 0.052186, 0.052212, 0.052246, 0.052324, 0.0524, 0.052695, 0.052778, 0.053025, 0.053047, 0.053082, 0.053115, 0.053135, 0.053208, 0.05323, 0.05325, 0.053274, 0.053527, 0.053544, 0.05362, 0.053704, 0.053772, 0.05398, 0.054149, 0.05438, 0.054416, 0.054773, 0.054779, 0.054924, 0.054975, 0.054976, 0.055038, 0.055107, 0.055184, 0.055219, 0.055315, 0.055466, 0.055551, 0.055589, 0.055653, 0.055911, 0.055918, 0.056025, 0.056188, 0.056429, 0.056453, 0.056531, 0.056671, 0.056811, 0.056904, 0.057058, 0.057083, 0.057141, 0.057169, 0.057206, 0.057277, 0.05728, 0.057414, 0.05745, 0.057461, 0.057468, 0.057569, 0.057621, 0.057695, 0.057697, 0.057763, 0.057813, 0.057894, 0.057939, 0.058013, 0.058016, 0.05809, 0.058279, 0.058466, 0.058475, 0.058508, 0.058579, 0.058603, 0.058608, 0.05864, 0.05873, 0.05877, 0.05881, 0.058897, 0.058982, 0.059023, 0.059065, 0.059075, 0.059094, 0.059502, 0.059515, 0.059539, 0.059572, 0.059656, 0.059709, 0.059745, 0.059826, 0.059832, 0.059894, 0.059926, 0.060014, 0.060132, 0.060163, 0.060299, 0.060355, 0.06037, 0.060385, 0.060439, 0.060683, 0.060716, 0.060742, 0.060757, 0.060843, 0.061118, 0.061208, 0.061249, 0.06137, 0.061386, 0.061436, 0.06146, 0.061485, 0.061492, 0.061586, 0.061677, 0.061857, 0.061931, 0.061968, 0.062017, 0.062217, 0.062375, 0.062598, 0.062718, 0.062882, 0.062939, 0.062953, 0.063153, 0.063181, 0.063373, 0.063435, 0.063464, 0.063595, 0.063643, 0.063653, 0.063718, 0.063965, 0.064001, 0.064003, 0.06413, 0.064136, 0.06415, 0.06417, 0.064188, 0.064514, 0.065053, 0.065079, 0.06522, 0.065406, 0.065539, 0.065669, 0.065712, 0.065768, 0.065952, 0.065952, 0.066048, 0.066097, 0.066347, 0.066368, 0.066394, 0.066558, 0.066566, 0.066729, 0.067057, 0.067227, 0.067252, 0.067293, 0.067456, 0.067633, 