{"sigma_r": 0.2506, "sigma_i": 8.0, "m": 0, "seed": 2028316256, "n_k": {"1": 5551, "2": 503, "3": 56, "4": 4, "5": 0, "6+": 0}, "dlogr": [0.0, 0.0, 0.0, 0.00013, 0.000325, 0.000379, 0.0006, 0.000699, 0.0007, 0.000722, 0.0008, 0.000861, 0.000908, 0.000994, 0.001, 0.001128, 0.001252, 0.001292, 0.001772, 0.001824, 0.0019, 0.00194, 0.002079, 0.002132, 0.002856, 0.003023, 0.003209, 0.003214, 0.003266, 0.003376, 0.003462, 0.003721, 0.003738, 0.003761, 0.004627, 0.004666, 0.00468, 0.004806, 0.004817, 0.005078, 0.005192, 0.005684, 0.005845, 0.005891, 0.006149, 0.006198, 0.006243, 0.006321, 0.006329, 0.006353, 0.006407, 0.006422, 0.006827, 0.007164, 0.007342, 0.007583, 0.007837, 0.007854, 0.008042, 0.008246, 0.008261, 0.008265, 0.008613, 0.008709, 0.009309, 0.009323, 0.009407, 0.009443, 0.009683, 0.009745, 0.009822, 0.010007, 0.010048, 0.011041, 0.011707, 0.011836, 0.011965, 0.012085, 0.012369, 0.012584, 0.012767, 0.012843, 0.012987, 0.013005, 0.013226, 0.014012, 0.014144, 0.01421, 0.014386, 0.014472, 0.014809, 0.014892, 0.014938, 0.015027, 0.01508, 0.015088, 0.01539, 0.015521, 0.015565, 0.015658, 0.015761, 0.01579, 0.015856, 0.015858, 0.016381, 0.016421, 0.016747, 0.01679, 0.016938, 0.017025, 0.01705, 0.017056, 0.017097, 0.017133, 0.017227, 0.017598, 0.017628, 0.017778, 0.017851, 0.01797, 0.018075, 0.01833, 0.01858, 0.018664, 0.018701, 0.018782, 0.018808, 0.018832, 0.018933, 0.019243, 0.019391, 0.019486, 0.019579, 0.019601, 0.020412, 0.020857, 0.020941, 0.021322, 0.021489, 0.021837, 0.022144, 0.022292, 0.022667, 0.023129, 0.023368, 0.023688, 0.023933, 0.024042, 0.0241, 0.024102, 0.024153, 0.024426, 0.024655, 0.024674, 0.024717, 0.024807, 0.024856, 0.024997, 0.02502, 0.025054, 0.02529, 0.025338, 0.025418, 0.025468, 0.025776, 0.026297, 0.026316, 0.026603, 0.026795, 0.026978, 0.027084, 0.027086, 0.027301, 0.027422, 0.027502, 0.027558, 0.027625, 0.027855, 0.027871, 0.02805, 0.028173, 0.028379, 0.028405, 0.028425, 0.028529, 0.028754, 0.028764, 0.028861, 0.028951, 0.029003, 0.029075, 0.02916, 0.029162, 0.029349, 0.029586, 0.029798, 0.029835, 0.03006, 0.030127, 0.030236, 0.030482, 0.030593, 0.030627, 0.030933, 0.031078, 0.031185, 0.031516, 0.031564, 0.031929, 0.031944, 0.032047, 0.032088, 0.032188, 0.03236, 0.032946, 0.033028, 0.033449, 0.033527, 0.033654, 0.033657, 0.033695, 0.033937, 0.033944, 0.034767, 0.034958, 0.034983, 0.03513, 0.035308, 0.035367, 0.035547, 0.035632, 0.035831, 0.035859, 0.035905, 0.036027, 0.036525, 0.036603, 0.037311, 0.037349, 0.037722, 0.037872, 0.037947, 0.038187, 0.038221, 0.038361, 0.038514, 0.039255, 0.039255, 0.039394, 0.039693, 0.039715, 0.039821, 0.039998, 0.040611, 0.040837, 0.04084, 0.0416, 0.041836, 0.041949, 0.042072, 0.042523, 0.042574, 0.043079, 0.043539, 0.043669, 0.043728, 0.043826, 0.043848, 0.043963, 0.044279, 0.044623, 0.044626, 0.044714, 0.045362, 0.04568, 0.045765, 0.045904, 0.046012, 0.046273, 0.046285, 0.046486, 0.046544, 0.047151, 0.047376, 0.04745, 0.047462, 0.047839, 0.048052, 0.048266, 0.048405, 0.048428, 0.048433, 0.048444, 0.048484, 0.048637, 0.048795, 0.048987, 0.049103, 0.049132, 0.049563, 0.049875, 0.050161, 0.05055, 0.050633, 0.05137, 0.051445, 0.051553, 0.051636, 0.051652, 0.052144, 0.05219, 0.052211, 0.052554, 0.052611, 0.053079, 0.053837, 0.05488, 0.054938, 0.055007, 0.055118, 0.055182, 0.055406, 0.055483, 0.055745, 0.055819, 0.055873, 0.055946, 0.05596, 0.056266, 0.05638, 0.056492, 0.056684, 0.056883, 0.056938, 0.057005, 0.057261, 0.057298, 0.057325, 0.0578, 0.057897, 0.057975, 0.058269, 0.058465, 0.058494, 0.058669, 0.05867, 0.059192, 0.059357, 0.059398, 0.059444, 0.059804, 0.060654, 0.060826, 0.060862, 0.061078, 0.061361, 0.061674, 0.061721, 0.061983, 0.062369, 0.062474, 0.062848, 0.063601, 0.063753, 0.063836, 0.064119, 0.064236, 0.06433, 0.064443, 0.064723, 0.064957, 0.065172, 0.065511, 0.065615, 0.065708, 0.066021, 0.066424, 0.066715, 0.067, 0.06797, 0.06939, 0.069402, 0.069808, 0.070495, 0.070696, 0.070701, 0.070732, 0.07082, 0.070902, 0.07097, 0.070994, 0.071155, 0.071397, 0.071447, 0.071715, 0.071784, 0.072298, 0.072426, 0.072804, 0.072829, 0.072871, 0.072937, 0.07452, 0.074569, 0.074589, 0.074655, 0.074966, 0.075465, 0.075527, 0.075587, 0.076127, 0.076233, 0.076388, 0.077739, 0.07818, 0.079201, 0.079228, 0.079569, 0.079732, 0.080375, 0.081151, 0.081259, 0.081596, 0.082056, 0.082623, 0.082651, 0.083086, 0.08333, 0.083383, 0.08355, 0.084492, 0.084606, 0.084645, 0.084765, 0.085097, 0.085333, 0.086964, 0.087143, 0.088222, 0.088306, 0.088357, 0.088574, 0.088893, 0.089071, 0.089319, 0.090361, 0.09157, 0.092229, 0.092442, 0.092711, 0.092972, 0.093157, 0.093192, 0.093224, 0.094138, 0.095042, 0.095892, 0.096274, 0.097053, 0.097605, 0.097935, 0.098034, 0.09862, 0.098627, 0.098998, 0.099226, 0.099544, 0.100021, 0.100095, 0.100682, 0.101096, 0.102102, 0.10302, 0.103186, 0.10372, 0.104195, 0.104724, 0.106393, 0.107027, 0.107158, 0.10799, 0.108142, 0.108332, 0.109121, 0.109244, 0.109413, 0.111699, 0.111885, 0.112638, 0.113337, 0.113643, 0.113773, 0.114476, 0.115078, 0.115332, 0.118366, 0.118406, 0.118508, 0.120371, 0.121285, 0.121668, 0.122899, 0.123754, 0.123973, 0.124924, 0.125317, 0.125427, 0.125686, 0.126195, 0.126635, 0.126649, 0.128839, 0.129266, 0.130209, 0.131498, 0.131551, 0.131642, 0.131662, 0.132503, 0.135373, 0.136202, 0.137035, 0.141015, 0.143371, 0.143394, 0.144865, 0.144928, 0.149986, 0.167298, 0.170201, 0.178145, 0.180122, 0.184953, 0.204006, 0.214702, 0.2349, 0.328192, 0.479749, 0.489317, 0.497003, 0.50875, 0.519324, 0.522169, 0.534667, 0.543007, 0.54576, 0.548613, 0.54918, 0.565513, 0.567261, 0.58042, 0.583742, 0.588432, 0.600885, 0.604061, 0.609843, 0.619438, 0.626401, 0.627353, 0.628661, 0.633087, 0.63608, 0.640354, 0.643683, 0.647363, 0.652815, 0.655678, 0.655856, 0.665972, 0.671908, 0.701943, 0.702359, 0.704785, 0.709811, 0.710397, 0.711045, 0.712063, 0.714704, 0.718456, 0.723293, 0.724613, 0.732548, 0.733867, 0.737858, 0.74256, 0.748098, 0.759453, 0.764785, 0.771776, 0.774811, 0.788565, 0.791667, 0.797767, 0.806565, 0.811613, 0.815814, 0.822288, 0.832716, 0.842205, 0.849976, 0.85069, 0.859078, 0.868194, 0.870329, 0.889905, 0.892665, 0.8984, 0.904533, 0.905856, 0.908665, 0.923822, 0.926577, 0.929366, 0.930083, 0.937845, 0.951565, 0.956846, 0.964402, 0.975907, 0.991006, 0.999612, 1.025111, 1.04583, 1.080919, 1.093532, 1.138534, 1.195268], "monotonicity": -0.3271186440677966, "n_systems": 6114, "n_planets": 6741, "n_targets": 137493}