{"sigma_r": 0.093, "sigma_i": 4.5, "m": 2, "seed": 2002247294, "n_k": {"1": 4985, "2": 709, "3": 73, "4": 9, "5": 1, "6+": 0}, "dlogr": [0.0, 0.0, 0.0, 0.0, 0.0, 0.0, 0.0, 0.0, 0.0, 7e-06, 9.8e-05, 0.000105, 0.000154, 0.00016, 0.000364, 0.000385, 0.000398, 0.00047, 0.000579, 0.000638, 0.000724, 0.000761, 0.000788, 0.001103, 0.001195, 0.001309, 0.001337, 0.001342, 0.00144, 0.001454, 0.001465, 0.00147, 0.001633, 0.001727, 0.00189, 0.001941, 0.002006, 0.002055, 0.002189, 0.002202, 0.00227, 0.002482, 0.002489, 0.002516, 0.002589, 0.002595, 0.002626, 0.002669, 0.002731, 0.002739, 0.002774, 0.002837, 0.002842, 0.002854, 0.002857, 0.002997, 0.003063, 0.003196, 0.00328, 0.003282, 0.003363, 0.003495, 0.003585, 0.003704, 0.003823, 0.003839, 0.003851, 0.003873, 0.003896, 0.004002, 0.004042, 0.004096, 0.004098, 0.004124, 0.004134, 0.004159, 0.00424, 0.004256, 0.00432, 0.004747, 0.004752, 0.004756, 0.004786, 0.004836, 0.004911, 0.004985, 0.005146, 0.005271, 0.005359, 0.005413, 0.005546, 0.005619, 0.005667, 0.005705, 0.005738, 0.005758, 0.005767, 0.005807, 0.005935, 0.00605, 0.006061, 0.006073, 0.006092, 0.006097, 0.006109, 0.006137, 0.006199, 0.006237, 0.006294, 0.00642, 0.006518, 0.006527, 0.006596, 0.006617, 0.006671, 0.006714, 0.00672, 0.006772, 0.006801, 0.006843, 0.007111, 0.007167, 0.007185, 0.007196, 0.007209, 0.007221, 0.007327, 0.007335, 0.007398, 0.007419, 0.007445, 0.007452, 0.007564, 0.007586, 0.007588, 0.007623, 0.007746, 0.007992, 0.008019, 0.008087, 0.008224, 0.00823, 0.008275, 0.008321, 0.008394, 0.00843, 0.008486, 0.008531, 0.008577, 0.008626, 0.008771, 0.008812, 0.008828, 0.008948, 0.008961, 0.009038, 0.00905, 0.009101, 0.009118, 0.009128, 0.009167, 0.009241, 0.009388, 0.009489, 0.009523, 0.009933, 0.00996, 0.009995, 0.010099, 0.010122, 0.01024, 0.010252, 0.010287, 0.010404, 0.010543, 0.010552, 0.010585, 0.010671, 0.010784, 0.010879, 0.010925, 0.010968, 0.011085, 0.011206, 0.011222, 0.011269, 0.011306, 0.011366, 0.011378, 0.01149, 0.011492, 0.011653, 0.011659, 0.011707, 0.011908, 0.011941, 0.012051, 0.012179, 0.012338, 0.012358, 0.012468, 0.012505, 0.012577, 0.012655, 0.012716, 0.012852, 0.012869, 0.012922, 0.013078, 0.013141, 0.013221, 0.013221, 0.013327, 0.013409, 0.01348, 0.013492, 0.013701, 0.013994, 0.014001, 0.014048, 0.014065, 0.014174, 0.014228, 0.014385, 0.014389, 0.014466, 0.014673, 0.014747, 0.014782, 0.015056, 0.015149, 0.015214, 0.015393, 0.01542, 0.015595, 0.015686, 0.015777, 0.01586, 0.016009, 0.016017, 0.016048, 0.016076, 0.016089, 0.016306, 0.016416, 0.016468, 0.016634, 0.016771, 0.016808, 0.016902, 0.017324, 0.017428, 0.017688, 0.017768, 0.017843, 0.017864, 0.017868, 0.017876, 0.018088, 0.018096, 0.01811, 0.018176, 0.018251, 0.018255, 0.018374, 0.018508, 0.018691, 0.018778, 0.018889, 0.018905, 0.019008, 0.019011, 0.019011, 0.01902, 0.019044, 0.019063, 0.019132, 0.019174, 0.01919, 0.019218, 0.01926, 0.019372, 0.01938, 0.01949, 0.019738, 0.020084, 0.020167, 0.02026, 0.020594, 0.020634, 0.020665, 0.020716, 0.0208, 0.020836, 0.020872, 0.020889, 0.020927, 0.020944, 0.020998, 0.02108, 0.021086, 0.021205, 0.021247, 0.021418, 0.021436, 0.021438, 0.021478, 0.021621, 0.021664, 0.021727, 0.021794, 0.021899, 0.022024, 0.022136, 0.022154, 0.022228, 0.022281, 0.02235, 0.02247, 0.022525, 0.022549, 0.022575, 0.022672, 0.02288, 0.023017, 0.023309, 0.023382, 0.023609, 0.023627, 0.023686, 0.02392, 0.023958, 0.023977, 0.024223, 0.024294, 0.024327, 0.024474, 0.024487, 0.024504, 0.024517, 0.024671, 0.024711, 0.024756, 0.024866, 0.024936, 0.025023, 0.025043, 0.025286, 0.025299, 0.025563, 0.025625, 0.025639, 0.025741, 0.025837, 0.025935, 0.026043, 0.026062, 0.026092, 0.026156, 0.026299, 0.026368, 0.02639, 0.026429, 0.026644, 0.026757, 0.026763, 0.026787, 0.026921, 0.027015, 0.027106, 0.027215, 0.027263, 0.027381, 0.02751, 0.027521, 0.027681, 0.027716, 0.027872, 0.027902, 0.02795, 0.027996, 0.027997, 0.028024, 0.028178, 0.028393, 0.028466, 0.028543, 0.028553, 0.028693, 0.028877, 0.029074, 0.029175, 0.029284, 0.029326, 0.029348, 0.029371, 0.029415, 0.029626, 0.029686, 0.029698, 0.029747, 0.029851, 0.030147, 0.03016, 0.030231, 0.030329, 0.030431, 0.030499, 0.030723, 0.030774, 0.03078, 0.030892, 0.030904, 0.030923, 0.030979, 0.031011, 0.031164, 0.031318, 0.031348, 0.031413, 0.031431, 0.031436, 0.031828, 0.032021, 0.032027, 0.032166, 0.032291, 0.032398, 0.032451, 0.03257, 0.032638, 0.032887, 0.033028, 0.033102, 0.033157, 0.033542, 0.0339, 0.034093, 0.034108, 0.034191, 0.034672, 0.034761, 0.034966, 0.034984, 0.03523, 0.035275, 0.035331, 0.035398, 0.03574, 0.035806, 0.035809, 0.035883, 0.035936, 0.035956, 0.035981, 0.036004, 0.036054, 0.036159, 0.036432, 0.036648, 0.036833, 0.037043, 0.037217, 0.03722, 0.037277, 0.037388, 0.037497, 0.037552, 0.037774, 0.037824, 0.037828, 0.037869, 0.037898, 0.037972, 0.038036, 0.038207, 0.038286, 0.038311, 0.038378, 0.038504, 0.038553, 0.038626, 0.038644, 0.038662, 0.039098, 0.039235, 0.039605, 0.039739, 0.039795, 0.039872, 0.039929, 0.039954, 0.040081, 0.040093, 0.040104, 0.040187, 0.040538, 0.040705, 0.040764, 0.040781, 0.040801, 0.040994, 0.041172, 0.041318, 0.041539, 0.041579, 0.041952, 0.042083, 0.042176, 0.042222, 0.042391, 0.042445, 0.042491, 0.042697, 0.042732, 0.042755, 0.042826, 0.042848, 0.043216, 0.043416, 0.043473, 0.043747, 0.043825, 0.043832, 0.043948, 0.044054, 0.044148, 0.044199, 0.044371, 0.044404, 0.044741, 0.044805, 0.044957, 0.045204, 0.045389, 0.045401, 0.045648, 0.045669, 0.045927, 0.04602, 0.046051, 0.046319, 0.046577, 0.046633, 0.046744, 0.046935, 0.047016, 0.047177, 0.047223, 0.047304, 0.047343, 0.047422, 0.048008, 0.048103, 0.048154, 0.048231, 0.048265, 0.048517, 0.048882, 0.049173, 0.049602, 0.049666, 0.049763, 0.049912, 0.049981, 0.050255, 0.050271, 0.05052, 0.050621, 0.050808, 0.051256, 0.051283, 0.051638, 0.051729, 0.052052, 0.052314, 0.052501, 0.052516, 0.052563, 0.052777, 0.052845, 0.052921, 0.053094, 0.053104, 0.053311, 0.05335, 0.053414, 0.053605, 0.053612, 0.053699, 0.053891, 0.054069, 0.054262, 0.054624, 0.055043, 0.055081, 0.055199, 0.055336, 0.05567, 0.055792, 0.056315, 0.056316, 0.056343, 0.05642, 0.056492, 0.056763, 0.05705, 0.057162, 0.057235, 0.057893, 0.057909, 0.058192, 0.0582, 0.058213, 0.058361, 0.058471, 0.058533, 0.058534, 0.058615, 0.058633, 0.058708, 0.058946, 0.059178, 0.059303, 0.059409, 0.059446, 0.059469, 0.059566, 0.060146, 0.060672, 0.061073, 0.06136, 0.061498, 0.061507, 0.061672, 0.061689, 0.062412, 0.062817, 0.062856, 0.062865, 0.062942, 0.063214, 0.063616, 0.064249, 0.064271, 0.06437, 0.064732, 0.06499, 0.065027, 0.065592, 0.065639, 0.066587, 0.066856, 0.066926, 0.067152, 0.067504, 0.067542, 0.067897, 0.068257, 0.068429, 0.068662, 0.068954, 0.069153, 0.069559, 0.069592, 0.069799, 0.069835, 0.070263, 0.07094, 0.071074, 0.071115, 0.071131, 0.071295, 0.071507, 0.07174, 0.071787, 0.071875, 0.072131, 0.072524, 0.07292, 0.073253, 0.073717, 0.0738, 0.074874, 0.075106, 0.075789, 0.077995, 0.078418, 0.07856, 0.078713, 0.078877, 0.078971, 0.079668, 0.080214, 0.081, 0.081558, 0.081671, 0.082184, 0.082441, 0.082646, 0.082876, 0.083365, 0.08347, 0.084013, 0.084055, 0.085001, 0.085728, 0.086049, 0.087968, 0.088427, 0.088998, 0.08943, 0.08967, 0.090518, 0.090645, 0.091924, 0.092957, 0.093005, 0.09389, 0.094287, 0.095014, 0.095417, 0.096666, 0.096829, 0.098376, 0.099753, 0.101804, 0.103547, 0.10496, 0.107727, 0.110625, 0.111169, 0.113567, 0.113631, 0.114369, 0.115556, 0.120805, 0.127873, 0.129215, 0.133756, 0.13528, 0.154358, 0.385545, 0.391239, 0.409239, 0.41482, 0.418306, 0.448177, 0.44962, 0.479047, 0.495635, 0.506922, 0.518659, 0.520422, 0.532994, 0.540704, 0.546991, 0.563151, 0.567718, 0.567722, 0.571837, 0.572718, 0.59492, 0.595043, 0.598259, 0.600056, 0.601038, 0.604386, 0.60558, 0.613939, 0.614181, 0.616899, 0.620228, 0.621933, 0.625263, 0.627719, 0.62815, 0.632917, 0.637404, 0.641565, 0.641999, 0.644603, 0.645938, 0.646076, 0.64763, 0.650178, 0.651676, 0.652185, 0.654626, 0.654815, 0.655327, 0.657555, 0.661061, 0.662601, 0.662905, 0.666281, 0.669328, 0.669979, 0.670624, 