{"sigma_r": 0.2, "sigma_i": 4.8919, "m": 6, "seed": 3258802717, "n_k": {"1": 5124, "2": 660, "3": 97, "4": 5, "5": 0, "6+": 0}, "dlogr": [0.0, 0.0, 0.0, 6.2e-05, 0.00035, 0.000417, 0.000444, 0.000652, 0.000967, 0.000994, 0.000997, 0.001028, 0.001156, 0.001348, 0.001351, 0.001404, 0.001417, 0.001505, 0.001517, 0.001523, 0.001693, 0.001753, 0.001843, 0.002002, 0.002054, 0.002151, 0.00236, 0.00238, 0.002434, 0.002784, 0.00292, 0.002991, 0.003064, 0.003098, 0.003205, 0.003274, 0.003283, 0.003294, 0.003415, 0.003438, 0.003508, 0.003603, 0.003686, 0.003824, 0.003845, 0.004055, 0.004086, 0.004088, 0.004151, 0.004321, 0.004743, 0.004815, 0.004836, 0.004846, 0.005097, 0.005097, 0.005185, 0.005206, 0.005209, 0.005442, 0.005453, 0.005581, 0.005597, 0.005727, 0.005771, 0.005783, 0.005802, 0.0059, 0.006073, 0.006127, 0.006177, 0.006345, 0.006398, 0.006404, 0.006454, 0.006697, 0.006702, 0.006914, 0.007024, 0.007281, 0.007373, 0.007575, 0.007607, 0.007647, 0.008125, 0.008139, 0.008377, 0.008409, 0.008436, 0.008538, 0.00854, 0.009276, 0.009288, 0.009536, 0.009589, 0.009595, 0.009624, 0.009714, 0.009779, 0.009964, 0.010016, 0.010242, 0.010427, 0.010495, 0.010584, 0.010622, 0.010706, 0.010719, 0.010758, 0.010793, 0.010837, 0.010876, 0.010902, 0.010906, 0.010944, 0.010991, 0.011245, 0.011274, 0.011302, 0.011691, 0.011754, 0.011797, 0.01183, 0.011842, 0.011972, 0.012057, 0.012113, 0.012252, 0.01231, 0.012354, 0.012639, 0.012659, 0.012712, 0.012767, 0.012805, 0.012849, 0.012863, 0.012905, 0.01319, 0.013323, 0.0135, 0.013556, 0.013699, 0.013716, 0.013769, 0.013793, 0.013873, 0.014049, 0.014126, 0.014578, 0.014821, 0.014895, 0.015022, 0.015072, 0.015138, 0.015253, 0.015273, 0.015342, 0.015479, 0.015589, 0.015698, 0.015699, 0.015721, 0.01601, 0.016044, 0.016045, 0.016225, 0.016295, 0.016313, 0.016356, 0.016438, 0.016517, 0.016576, 0.016671, 0.016887, 0.017053, 0.017256, 0.017338, 0.017512, 0.017539, 0.017607, 0.01778, 0.017794, 0.017875, 0.018186, 0.018235, 0.018278, 0.018319, 0.018413, 0.018466, 0.018467, 0.018505, 0.01863, 0.018715, 0.018749, 0.018783, 0.018819, 0.018827, 0.019299, 0.019477, 0.019804, 0.019825, 0.020006, 0.020064, 0.020273, 0.02041, 0.020504, 0.020528, 0.02054, 0.020824, 0.020996, 0.021008, 0.021338, 0.021388, 0.021457, 0.021649, 0.021723, 0.021737, 0.021769, 0.021921, 0.021958, 0.022635, 0.022752, 0.022785, 0.022828, 0.022857, 0.022925, 0.023099, 0.023287, 0.023371, 0.023405, 0.023442, 0.023504, 0.023539, 0.023639, 0.023755, 0.023779, 0.02387, 0.024049, 0.024054, 0.024095, 0.024233, 0.024248, 0.024254, 0.024314, 0.024404, 0.024429, 0.024436, 0.024708, 0.025058, 0.025267, 0.025273, 0.025354, 0.025529, 0.025539, 0.025541, 0.025577, 0.025591, 0.02563, 0.025693, 0.026007, 0.026049, 0.026736, 0.026744, 0.026994, 0.027212, 0.02732, 0.027484, 0.027516, 0.027647, 0.028132, 0.02828, 0.028345, 0.02842, 0.028864, 0.029078, 0.029403, 0.029547, 0.029578, 0.029727, 0.029901, 0.030035, 0.030053, 0.030089, 0.030104, 0.030144, 0.030162, 0.030434, 0.030608, 0.030633, 0.030652, 0.030732, 0.030784, 0.030798, 0.030803, 0.030949, 0.030977, 0.03146, 0.031724, 0.03176, 0.031931, 0.032013, 0.032031, 0.032035, 0.032078, 0.03213, 0.032317, 0.032654, 0.032758, 0.032782, 0.03289, 0.033247, 0.033275, 0.033342, 0.033372, 0.033417, 0.033451, 0.033459, 0.033495, 0.033498, 0.033558, 0.033621, 0.033793, 0.033833, 0.033923, 0.033962, 0.034018, 0.034083, 0.034084, 0.034135, 0.034421, 0.034671, 0.034683, 0.034728, 0.034736, 0.034912, 0.034924, 0.034977, 0.035004, 0.035237, 0.035242, 0.035352, 0.035598, 0.035706, 0.036043, 0.036356, 0.036507, 0.036619, 0.036649, 0.036704, 0.036864, 0.036927, 0.037008, 0.037076, 0.037424, 0.037694, 0.037717, 0.037802, 0.037862, 0.037965, 0.038013, 0.038046, 0.038478, 0.038642, 0.03866, 0.038719, 0.038725, 0.038757, 0.038929, 0.039066, 0.039079, 0.039416, 0.039594, 0.039792, 0.039815, 0.039854, 0.040093, 0.040107, 0.040331, 0.040342, 0.040376, 0.040405, 0.040525, 0.04103, 0.041307, 0.041333, 0.041664, 0.041684, 0.042031, 0.042242, 0.042419, 0.042475, 0.0425, 0.042791, 0.042876, 0.042967, 0.043035, 0.043099, 0.043151, 0.043422, 0.04343, 0.043472, 0.043626, 0.043758, 0.043824, 0.043876, 0.044018, 0.044035, 0.044249, 0.044596, 0.044662, 0.044724, 0.044793, 0.044798, 0.044815, 0.044918, 0.044991, 0.045096, 0.045125, 0.045163, 0.045184, 0.045482, 0.045483, 0.04567, 0.04583, 0.045919, 0.045923, 0.045961, 0.046435, 0.046587, 0.046658, 0.046856, 0.046856, 0.046975, 0.047247, 0.047346, 0.047398, 0.047529, 0.047533, 0.047548, 0.047705, 0.047707, 0.047737, 0.047848, 0.047921, 0.048186, 0.048737, 0.048764, 0.048968, 0.049055, 0.049665, 0.049794, 0.049992, 0.050218, 0.050526, 0.050588, 0.050615, 0.05064, 0.050729, 0.050809, 0.051066, 0.051544, 0.051692, 0.051859, 0.051933, 0.052016, 0.052062, 0.052239, 0.052741, 0.052876, 0.05305, 0.05306, 0.053084, 0.05309, 0.053327, 0.053605, 0.053686, 0.053791, 0.053996, 0.054169, 0.054282, 0.054345, 0.054443, 0.054802, 0.055243, 0.055455, 0.055885, 0.055892, 0.056069, 0.056123, 0.056388, 0.056415, 0.056552, 0.056567, 0.056574, 0.056714, 0.056871, 0.057151, 0.057398, 0.05756, 0.058002, 0.058216, 0.058437, 0.058522, 0.058778, 0.058783, 0.058865, 0.059117, 0.059271, 0.059299, 0.059329, 0.059588, 0.059774, 0.059933, 0.060152, 0.060168, 0.060195, 0.060203, 0.060266, 0.060275, 0.060416, 0.060656, 0.060722, 0.061044, 0.061149, 0.061293, 0.061516, 0.061552, 0.061587, 0.062086, 0.062293, 0.062372, 0.062489, 0.062489, 0.062552, 0.06301, 0.063168, 0.063193, 0.063453, 0.063584, 0.063727, 0.063727, 0.063817, 0.0645, 0.06468, 0.064824, 0.064934, 0.065144, 0.065242, 0.0653, 0.06552, 0.066006, 0.066074, 0.06614, 0.066266, 0.066395, 0.066434, 0.066453, 0.066677, 0.06677, 0.06697, 0.067215, 0.067302, 0.06761, 0.068203, 0.068402, 0.068865, 0.068955, 0.07031, 0.070716, 0.070981, 0.071373, 0.071813, 0.072126, 0.072187, 0.072333, 0.072434, 0.072533, 0.072835, 0.072891, 0.072974, 0.073019, 0.073021, 0.073079, 0.073155, 0.073746, 0.073755, 0.073841, 0.073844, 0.073877, 0.073896, 0.074009, 0.07451, 0.074738, 0.074866, 0.07504, 0.075243, 0.075259, 0.075317, 0.075385, 0.07563, 0.075667, 0.075728, 0.07597, 0.075984, 0.076296, 0.076561, 0.076653, 0.076946, 0.077177, 0.077202, 0.077521, 0.077911, 0.078193, 0.078451, 0.078524, 0.07853, 0.078542, 0.078626, 0.07892, 0.079066, 0.079382, 0.079666, 0.079769, 0.07988, 0.080586, 0.080726, 0.080831, 0.080863, 0.081154, 0.081339, 0.081817, 0.081933, 0.082326, 0.082833, 0.083647, 0.083701, 0.084065, 0.085129, 0.085484, 0.0855, 0.086079, 0.086405, 0.088418, 0.088588, 0.089929, 0.089949, 0.090167, 0.09074, 0.094164, 0.095211, 0.095238, 0.095353, 0.095469, 0.095508, 0.095541, 0.095849, 0.09613, 0.096534, 0.096915, 0.096976, 0.097053, 0.097722, 0.098067, 0.098096, 0.098129, 0.098157, 0.101606, 0.101839, 0.102121, 0.102185, 0.102338, 0.102432, 0.102637, 0.102687, 0.103069, 0.103161, 0.104469, 0.106507, 0.106699, 0.107562, 0.110183, 0.11019, 0.110467, 0.111613, 0.112444, 0.112952, 0.113543, 0.113916, 0.114437, 0.114517, 0.115013, 0.115307, 0.115972, 0.116524, 0.116604, 0.117675, 0.117946, 0.11845, 0.118467, 0.120324, 0.122201, 0.123766, 0.124175, 0.125953, 0.128216, 0.128486, 0.130839, 0.131583, 0.132726, 0.132939, 0.134689, 0.134771, 0.139549, 0.139802, 0.141606, 0.142919, 0.143735, 0.144851, 0.155279, 0.157528, 0.168432, 0.174707, 0.178682, 0.198977, 0.205174, 0.401653, 0.425546, 0.490953, 0.493013, 0.506507, 0.511888, 0.51211, 0.513697, 0.521009, 0.521311, 0.522801, 0.526823, 0.542932, 0.545996, 0.55064, 0.553199, 0.559255, 0.567623, 0.569866, 0.572874, 0.574684, 0.577602, 0.579784, 0.583463, 0.583513, 0.586603, 0.588302, 0.593738, 0.593824, 0.60125, 0.602855, 0.605333, 0.611206, 0.615636, 0.618518, 0.618721, 0.623043, 0.625624, 0.639482, 0.640161, 0.641773, 0.645948, 0.655221, 0.659005, 0.661478, 0.668329, 0.670199, 0.671721, 0.673519, 0.673582, 0.674388, 0.678656, 0.681554, 0.68186, 0.692823, 0.693823, 0.695331, 0.696906, 0.699601, 0.701212, 0.702328, 0.709971, 0.713333, 0.713397, 0.715142, 0.715753, 0.716054, 0.716411, 