{"sigma_r": 0.59, "sigma_i": 0.5, "m": 0, "seed": 1777765164, "n_k": {"1": 3692, "2": 949, "3": 289, "4": 53, "5": 7, "6+": 1}, "dlogr": [0.0, 0.0, 0.0, 0.0, 0.0, 0.0, 0.0, 0.0, 0.0, 0.0, 6.4e-05, 0.00014, 0.000258, 0.000363, 0.000397, 0.000402, 0.000436, 0.000489, 0.000588, 0.000621, 0.000687, 0.000711, 0.00078, 0.001178, 0.001247, 0.001306, 0.001325, 0.001454, 0.001456, 0.001483, 0.001726, 0.001811, 0.001868, 0.002065, 0.002132, 0.002212, 0.002542, 0.002588, 0.002788, 0.002934, 0.003049, 0.00306, 0.003289, 0.003294, 0.003431, 0.003479, 0.003539, 0.003567, 0.003593, 0.003687, 0.003762, 0.003876, 0.003937, 0.004098, 0.004119, 0.004136, 0.004237, 0.004264, 0.004385, 0.004413, 0.004515, 0.004559, 0.004585, 0.004613, 0.004697, 0.004912, 0.005034, 0.00504, 0.005345, 0.005654, 0.005665, 0.005699, 0.005907, 0.006018, 0.006078, 0.00634, 0.006379, 0.006476, 0.006667, 0.006706, 0.00672, 0.006916, 0.006931, 0.007004, 0.007022, 0.007048, 0.007129, 0.007288, 0.007329, 0.007458, 0.007533, 0.007753, 0.007889, 0.007894, 0.007907, 0.007912, 0.008058, 0.008138, 0.008227, 0.008245, 0.008395, 0.008733, 0.008851, 0.00918, 0.009335, 0.009395, 0.009471, 0.009664, 0.009751, 0.009819, 0.009856, 0.009866, 0.009902, 0.010061, 0.010072, 0.010096, 0.010125, 0.010186, 0.010219, 0.010279, 0.010428, 0.010638, 0.010639, 0.010645, 0.010793, 0.010833, 0.010975, 0.011053, 0.011325, 0.011607, 0.011607, 0.011673, 0.011851, 0.011881, 0.011902, 0.011904, 0.012024, 0.012406, 0.012419, 0.012688, 0.012876, 0.012901, 0.013128, 0.013237, 0.013253, 0.013336, 0.013494, 0.013523, 0.013791, 0.013808, 0.013932, 0.014061, 0.01407, 0.01408, 0.014083, 0.014177, 0.014321, 0.014346, 0.014408, 0.014428, 0.014611, 0.014638, 0.01473, 0.01483, 0.014848, 0.014902, 0.015101, 0.015137, 0.015229, 0.015308, 0.015466, 0.015565, 0.015616, 0.015727, 0.01575, 0.015798, 0.015817, 0.01582, 0.015846, 0.015875, 0.015891, 0.015908, 0.015948, 0.016045, 0.016103, 0.016344, 0.016506, 0.016545, 0.016627, 0.016627, 0.01664, 0.016668, 0.016728, 0.016761, 0.017007, 0.017094, 0.017112, 0.017238, 0.017466, 0.017584, 0.017689, 0.017788, 0.017922, 0.01819, 0.018256, 0.018444, 0.01848, 0.018592, 0.018644, 0.018665, 0.018808, 0.018917, 0.018959, 0.018974, 0.018984, 0.01914, 0.019261, 0.019264, 0.019432, 0.019452, 0.019654, 0.019772, 0.019885, 0.019935, 0.020107, 0.020148, 0.02023, 0.020257, 0.02036, 0.020417, 0.020417, 0.020485, 0.020578, 0.020859, 0.020861, 0.020987, 0.02102, 0.021093, 0.021123, 0.021279, 0.021535, 0.021542, 0.021582, 0.02161, 0.021682, 0.021815, 0.022056, 0.02236, 0.022373, 0.022526, 0.022588, 0.022601, 0.022854, 0.023065, 0.023199, 0.023203, 0.023227, 0.023354, 0.023364, 0.023384, 0.023416, 0.02345, 0.023512, 0.0236, 0.023664, 0.023861, 0.023895, 0.023991, 0.024046, 0.024278, 0.024397, 0.024469, 0.02449, 0.024589, 0.025015, 0.025091, 0.025132, 0.02525, 0.0253, 0.025356, 0.025423, 0.025648, 0.025697, 0.025771, 0.02581, 0.025827, 0.025918, 0.025941, 0.026115, 0.026119, 0.026132, 0.026282, 0.02646, 0.02649, 0.026657, 0.026849, 0.027038, 0.027072, 0.027095, 0.027134, 0.027211, 0.027318, 0.027381, 0.02747, 0.027499, 0.027584, 0.027716, 0.027744, 0.027927, 0.028016, 0.028147, 0.028177, 0.028225, 0.028276, 0.028289, 0.028337, 0.028471, 0.028486, 0.028497, 0.028513, 0.02854, 0.028559, 0.028571, 0.028575, 0.028872, 0.028917, 0.029003, 0.029102, 0.029152, 0.029201, 0.029237, 0.02926, 0.029354, 0.029359, 0.029814, 0.029991, 0.029997, 0.030029, 0.030077, 0.030122, 0.03015, 0.030377, 0.030435, 0.03053, 0.030604, 0.030807, 0.030871, 0.03111, 0.031173, 0.031214, 0.031285, 0.031309, 0.031367, 0.031402, 0.031428, 0.031571, 0.031596, 0.031626, 0.031778, 0.031792, 0.031839, 0.031849, 0.032176, 0.032253, 0.032285, 0.03248, 0.032746, 0.03286, 0.032874, 0.032931, 0.032956, 0.033006, 0.033028, 0.033355, 0.033414, 0.033421, 0.033562, 0.033609, 0.03372, 0.033749, 0.033947, 0.034142, 0.034153, 0.034184, 0.034381, 0.034442, 0.034475, 0.034508, 0.03471, 0.034786, 0.035049, 0.035083, 0.035165, 0.035167, 0.035181, 0.035322, 0.035376, 0.03566, 0.035757, 0.035804, 0.036042, 0.036139, 0.036172, 0.036388, 0.036474, 0.036475, 0.036481, 0.036629, 0.036645, 0.036684, 0.036933, 0.036946, 0.037191, 0.037216, 0.037313, 0.037316, 0.037478, 0.037488, 0.0378, 0.038066, 0.038073, 0.038104, 0.038154, 0.038211, 0.038295, 0.038356, 0.038465, 0.038485, 0.038574, 0.038641, 0.038655, 0.03868, 0.038712, 0.038845, 0.038959, 0.038993, 0.03908, 0.039137, 0.039196, 0.039269, 0.039291, 0.039462, 0.039541, 0.039607, 0.039825, 0.040133, 0.040165, 0.040354, 0.040492, 0.040525, 0.040554, 0.040608, 0.040668, 0.040704, 0.040758, 0.040782, 0.041225, 0.041472, 0.041585, 0.04167, 0.041671, 0.041678, 0.041732, 0.041841, 0.041907, 0.041933, 0.04197, 0.042018, 0.042257, 0.04229, 0.042444, 0.042759, 0.042778, 0.042791, 0.042875, 0.043008, 0.04311, 0.043183, 0.04368, 0.043821, 0.043824, 0.043827, 0.043889, 0.043899, 0.043962, 0.043969, 0.044217, 0.04469, 0.044825, 0.044853, 0.044917, 0.044974, 0.045069, 0.045237, 0.045389, 0.045476, 0.045592, 0.045814, 0.04599, 0.046319, 0.046324, 0.046493, 0.046584, 0.046746, 0.04677, 0.046804, 0.047087, 0.047125, 0.047185, 0.047219, 0.047271, 0.047681, 0.048065, 0.048095, 0.048242, 0.048281, 0.048414, 0.048455, 0.048486, 0.048669, 0.048698, 0.048889, 0.048995, 0.049005, 0.049043, 0.049054, 0.049205, 0.049487, 0.049621, 0.049679, 0.049691, 0.0497, 0.0497, 0.049793, 0.049872, 0.05008, 0.050227, 0.050496, 0.050595, 0.050604, 0.050673, 0.050755, 0.050871, 0.051197, 0.051533, 0.051677, 0.051692, 0.051747, 0.051755, 0.051779, 0.051955, 0.052274, 0.052341, 0.052382, 0.052457, 0.052681, 0.052812, 0.052818, 0.052877, 0.052966, 0.053003, 0.053068, 0.053131, 0.053249, 0.053386, 0.053386, 0.053407, 0.053566, 0.053605, 0.053679, 0.053932, 0.05406, 0.054248, 0.054407, 0.054428, 0.054509, 0.055118, 0.055167, 0.055239, 0.055337, 0.055465, 0.055548, 0.055577, 0.055655, 0.055783, 0.055852, 0.055854, 0.055891, 0.055938, 0.056025, 0.05605, 0.056084, 0.056114, 0.056124, 0.056153, 0.056549, 0.056657, 0.05684, 0.056985, 0.057025, 0.057182, 0.057381, 0.05751, 0.057659, 0.058223, 0.058652, 0.058653, 0.058659, 0.058863, 0.058881, 0.058941, 0.05914, 0.059217, 0.059295, 0.059328, 0.059343, 0.059652, 0.059756, 0.059959, 0.060018, 0.060054, 0.060526, 0.060627, 0.060861, 0.060891, 0.061044, 0.061074, 0.061087, 0.061291, 0.061291, 0.061331, 0.061392, 0.06178, 0.061831, 0.06184, 0.06215, 0.062211, 0.062316, 0.062378, 0.062552, 0.062768, 0.06293, 0.063033, 0.063333, 0.063385, 0.063427, 0.063455, 0.063602, 0.063624, 0.06397, 0.064263, 0.06433, 0.064453, 0.064914, 0.065014, 0.065074, 0.065093, 0.065127, 0.065152, 0.065271, 0.065391, 0.065394, 0.065497, 0.06552, 0.065551, 0.065567, 0.06559, 0.065652, 0.065684, 0.065725, 0.06587, 0.066135, 0.066181, 0.066787, 0.06706, 0.067474, 0.067496, 0.067544, 0.067675, 0.067772, 0.067775, 0.068506, 0.068594, 0.069035, 0.069036, 0.069042, 0.069197, 0.069212, 0.069247, 0.069352, 0.069471, 0.069795, 0.070131, 0.070314, 0.070395, 0.070504, 0.070636, 0.070681, 0.071205, 0.071231, 0.071256, 0.071324, 0.071435, 0.071659, 0.072143, 0.072329, 0.072381, 0.07274, 0.073148, 0.073267, 0.073379, 0.073618, 0.073644, 0.073666, 0.07369, 0.073823, 0.074045, 0.074167, 0.074168, 0.07426, 0.074398, 0.074408, 0.074457, 0.074688, 0.074731, 0.0749, 0.075082, 0.075111, 0.075123, 0.07526, 0.075322, 0.07535, 0.07557, 0.075599, 0.075729, 0.07577, 0.075892, 0.075949, 0.07598, 0.076, 0.076282, 0.076302, 0.076502, 0.076571, 0.076591, 0.076644, 0.076678, 0.077103, 0.077111, 0.077291, 0.077513, 0.077616, 0.077786, 0.077792, 0.077935, 0.077962, 0.078087, 0.078367, 0.078509, 0.07864, 0.078775, 0.079178, 0.079436, 0.079546, 0.079589, 0.080257, 0.080627, 0.080957, 0.081128, 0.081597, 0.081602, 0.082218, 0.082228, 0.082375, 0.082418, 0.08243, 0.082519, 0.082615, 0.082783, 0.082798, 0.082861, 0.083176, 0.083307, 0.08347, 0.083671, 0.083761, 0.084016, 0.08427, 0.084471, 0.08496, 0.085012, 0.085055, 0.085228, 0.085291, 0.085317, 0.085371, 0.085411, 0.085647, 0.085778, 0.085911, 