{"sigma_r": null, "sigma_i": 0.2, "m": 8, "seed": 3659261223, "n_k": {"1": 3682, "2": 919, "3": 266, "4": 61, "5": 11, "6+": 4}, "dlogr": [0.000223, 0.000274, 0.000411, 0.000559, 0.000746, 0.00075, 0.001511, 0.001719, 0.001723, 0.001773, 0.001896, 0.001903, 0.001923, 0.002025, 0.002068, 0.00253, 0.002784, 0.003014, 0.003217, 0.003957, 0.004129, 0.004301, 0.00445, 0.004556, 0.004653, 0.004831, 0.004984, 0.005143, 0.005266, 0.005424, 0.005728, 0.005814, 0.005845, 0.006091, 0.006093, 0.006152, 0.006309, 0.006449, 0.006582, 0.006711, 0.007246, 0.007354, 0.007404, 0.007456, 0.008062, 0.008089, 0.008172, 0.008227, 0.008486, 0.008496, 0.008519, 0.008776, 0.009139, 0.009145, 0.009358, 0.009393, 0.009411, 0.009467, 0.009505, 0.009922, 0.010155, 0.010208, 0.01022, 0.010684, 0.010691, 0.010789, 0.01134, 0.011631, 0.011647, 0.011746, 0.011851, 0.011856, 0.012361, 0.012476, 0.012587, 0.012628, 0.012752, 0.012817, 0.012857, 0.012928, 0.013117, 0.013216, 0.013251, 0.013261, 0.01362, 0.013625, 0.014071, 0.014111, 0.0143, 0.014397, 0.014548, 0.014837, 0.015003, 0.01514, 0.015688, 0.015773, 0.015799, 0.016044, 0.016299, 0.016775, 0.016801, 0.016839, 0.017021, 0.017515, 0.017559, 0.017607, 0.017717, 0.018174, 0.018403, 0.018641, 0.018771, 0.018851, 0.018968, 0.019103, 0.019294, 0.019538, 0.01957, 0.020073, 0.020141, 0.020265, 0.02043, 0.020909, 0.021006, 0.021051, 0.021169, 0.022517, 0.022701, 0.022861, 0.022943, 0.023448, 0.023473, 0.023575, 0.023581, 0.023964, 0.024009, 0.024015, 0.024238, 0.024767, 0.024782, 0.024935, 0.025037, 0.025192, 0.025234, 0.025482, 0.025761, 0.025789, 0.025908, 0.02593, 0.02597, 0.026065, 0.026416, 0.026555, 0.026597, 0.026662, 0.026772, 0.026918, 0.026972, 0.027052, 0.02716, 0.027174, 0.027357, 0.027361, 0.027517, 0.027879, 0.028002, 0.028066, 0.028282, 0.028789, 0.029229, 0.029271, 0.029394, 0.029593, 0.029596, 0.029661, 0.029758, 0.031035, 0.031344, 0.031393, 0.031533, 0.031704, 0.031794, 0.032385, 0.032386, 0.032545, 0.032582, 0.032627, 0.032634, 0.032642, 0.032675, 0.032944, 0.032972, 0.033267, 0.033404, 0.033516, 0.033523, 0.033595, 0.033601, 0.034199, 0.034393, 0.034395, 0.034445, 0.034579, 0.034672, 0.034728, 0.034796, 0.034932, 0.035071, 0.035826, 0.035932, 0.036288, 0.036352, 0.036442, 0.036511, 0.036796, 0.036898, 0.036954, 0.037076, 0.037348, 0.03762, 0.037668, 0.037685, 0.037839, 0.038795, 0.038963, 0.039513, 0.039538, 0.039672, 0.040377, 0.040435, 0.040488, 0.040513, 0.040516, 0.040583, 0.040768, 0.040805, 0.041573, 0.041651, 0.041723, 0.041755, 0.041763, 0.041892, 0.041934, 0.041966, 0.042148, 0.042169, 0.042252, 0.042339, 0.042446, 0.04261, 0.042996, 0.043043, 0.043288, 0.043356, 0.043455, 0.043525, 0.043926, 0.044003, 0.044094, 0.044472, 0.044748, 0.044842, 0.044878, 0.045172, 0.04529, 0.046223, 0.046623, 0.046768, 0.046813, 0.046867, 0.047081, 0.047201, 0.04765, 0.048112, 0.048145, 0.048249, 0.048308, 0.048432, 0.048499, 0.048566, 0.048683, 0.048813, 0.048906, 0.049224, 0.049241, 0.049515, 0.04964, 0.049656, 0.0499, 0.049999, 0.050134, 0.050134, 0.050288, 0.050583, 0.050818, 0.050925, 0.051357, 0.051591, 0.051897, 0.052239, 0.052284, 0.052377, 0.052577, 0.052745, 0.053124, 0.053218, 0.053348, 0.053857, 0.053923, 0.053941, 0.054296, 0.054443, 0.054489, 0.054935, 0.054949, 0.055198, 0.05525, 0.055255, 0.055315, 0.055731, 0.055955, 0.056197, 0.056205, 0.056681, 0.057081, 0.057491, 0.057545, 0.057666, 0.057871, 0.057911, 0.057984, 0.058103, 0.058201, 0.058841, 0.058842, 0.059063, 0.059247, 0.059625, 0.060305, 0.060804, 0.061323, 0.061333, 0.061361, 0.061415, 0.061497, 0.062116, 0.062117, 0.062291, 0.062495, 0.062568, 0.062714, 0.063266, 0.063328, 0.063985, 0.064216, 0.064365, 0.0644, 0.064475, 0.064694, 0.065127, 0.065159, 0.065264, 0.065377, 0.066089, 0.066092, 0.066188, 0.066261, 0.066545, 0.066668, 0.066814, 0.066883, 0.067549, 0.067929, 0.067976, 0.067981, 0.068194, 0.068383, 0.068428, 0.068551, 0.069184, 0.069222, 0.069252, 0.069306, 0.069416, 0.069784, 0.069866, 0.069985, 0.070019, 0.070062, 0.070188, 0.070218, 0.070303, 0.070377, 0.070405, 0.071153, 0.071209, 0.071343, 0.071864, 0.071995, 0.072098, 0.072615, 0.07386, 0.073865, 0.073971, 0.074334, 0.074512, 0.074842, 0.074846, 0.074934, 0.07531, 0.075589, 0.076193, 0.07628, 0.076375, 0.076441, 0.076736, 0.076914, 0.077033, 0.077096, 0.077151, 0.078439, 0.078905, 0.079599, 0.079773, 0.079784, 0.079849, 0.079913, 0.080034, 0.08009, 0.080325, 0.080566, 0.080683, 0.081392, 0.081442, 0.081778, 0.081834, 0.081881, 0.081955, 0.082128, 0.082161, 0.082177, 0.082351, 0.082437, 0.082512, 0.082652, 0.083088, 0.083123, 0.083128, 0.083897, 0.084115, 0.084223, 0.08471, 0.084734, 0.084894, 0.084939, 0.085158, 0.085472, 0.085579, 0.086255, 0.08653, 0.086588, 0.086663, 0.086877, 0.086909, 0.087151, 0.087445, 0.087887, 0.087903, 0.088049, 0.08845, 0.088738, 0.089042, 0.089227, 0.089601, 0.089722, 0.089985, 0.090175, 0.090817, 0.090897, 0.091166, 0.091185, 0.091847, 0.091896, 0.092141, 0.092415, 0.092695, 0.092863, 0.092993, 0.093014, 0.093038, 0.093108, 0.093234, 0.093282, 0.093469, 0.093679, 0.094618, 0.094647, 0.094783, 0.094882, 0.095071, 0.095115, 0.095145, 0.095607, 0.096038, 0.096551, 0.096595, 0.097059, 0.097171, 0.097223, 0.097376, 0.097426, 0.097459, 0.097467, 0.097564, 0.097652, 0.098124, 0.098332, 0.098382, 0.098418, 0.098496, 0.098842, 0.09915, 0.099161, 0.099168, 0.099613, 0.099956, 0.099972, 0.100359, 0.101283, 0.101334, 0.101349, 0.101408, 0.101469, 0.101514, 0.101596, 0.102073, 0.102158, 0.102161, 0.10263, 0.103284, 0.103474, 0.103586, 0.103984, 0.10405, 0.104238, 0.104373, 0.104469, 0.104614, 0.104714, 0.104772, 0.104809, 0.10489, 0.104947, 0.105319, 0.105453, 0.105838, 0.105881, 0.105887, 0.105939, 0.105956, 0.106329, 0.106602, 0.106623, 0.106674, 0.106968, 0.107137, 0.107204, 0.10741, 0.107452, 0.107662, 0.108177, 0.108361, 0.108622, 0.109481, 0.109755, 0.109911, 0.110238, 0.110263, 0.110329, 0.110442, 0.110699, 0.111219, 0.111488, 0.111607, 0.111646, 0.111896, 0.11271, 0.112782, 0.113196, 0.113381, 0.113418, 0.113585, 0.113601, 0.113777, 0.113883, 0.114224, 0.114373, 0.114417, 0.114677, 0.115, 0.115142, 0.115359, 0.115485, 0.115705, 0.116044, 0.116193, 0.116198, 0.116227, 0.116904, 0.116921, 0.117396, 0.117405, 0.117711, 0.117873, 0.118041, 0.118081, 0.118386, 0.118461, 0.118536, 0.118616, 0.119246, 0.119251, 0.119327, 0.119451, 0.120088, 0.120095, 0.120257, 0.120469, 0.120489, 0.120865, 0.121481, 0.121499, 0.121703, 0.121925, 0.122144, 0.122228, 0.12291, 0.123384, 0.123653, 0.123908, 0.124191, 0.125172, 0.125251, 0.125287, 0.125309, 0.125543, 0.125568, 0.125749, 0.125971, 0.126349, 0.127961, 0.12803, 0.128325, 0.128325, 0.128405, 0.128416, 0.128543, 0.128679, 0.128713, 0.128737, 0.128834, 0.129164, 0.129182, 0.129635, 0.129838, 0.13014, 0.130404, 0.130576, 0.130752, 0.131581, 0.131648, 0.131911, 0.131964, 0.132018, 0.132227, 0.132254, 0.132446, 0.13255, 0.132589, 0.133761, 0.134658, 0.13485, 0.134963, 0.135232, 0.135509, 0.135987, 0.136373, 0.136706, 0.136711, 0.136767, 0.136888, 0.138422, 0.139126, 0.139245, 0.139311, 0.139497, 0.139532, 0.139597, 0.139621, 0.140298, 0.140491, 0.140532, 0.140855, 0.141856, 0.142081, 0.142186, 0.142367, 0.142384, 0.142488, 0.142536, 0.142717, 0.14285, 0.142852, 0.143054, 0.143535, 0.14362, 0.143867, 0.144438, 0.144727, 0.144824, 0.14538, 0.145683, 0.146544, 0.147209, 0.147376, 0.147378, 0.147507, 0.147516, 0.148137, 0.148394, 0.1484, 0.148567, 0.148662, 0.148939, 0.149421, 0.149488, 0.149897, 0.150171, 0.150358, 0.150471, 0.150807, 0.151588, 0.152263, 0.152545, 0.152936, 0.153174, 0.153309, 0.153416, 0.154247, 0.154263, 0.154471, 0.154481, 0.154835, 0.154933, 0.155584, 0.15588, 0.156035, 0.156115, 0.156146, 0.156169, 0.156339, 0.156874, 0.156876, 0.15706, 0.158044, 0.15817, 0.158718, 0.158794, 0.159003, 0.15911, 0.15915, 0.159448, 0.159466, 0.159466, 0.159615, 0.159689, 0.159988, 0.160061, 0.160136, 0.160697, 0.161087, 0.162023, 0.162044, 0.162151, 0.162239, 0.162644, 0.162735, 0.162862, 0.162889, 0.162992, 0.163096, 0.163242, 