{"sigma_r": 0.59, "sigma_i": 1.5, "m": 0, "seed": 1722373949, "n_k": {"1": 4061, "2": 878, "3": 204, "4": 41, "5": 7, "6+": 0}, "dlogr": [0.0, 0.0, 0.0, 0.0, 0.0, 0.000104, 0.000233, 0.000342, 0.000369, 0.000654, 0.000811, 0.000882, 0.000897, 0.00114, 0.001255, 0.001318, 0.001556, 0.001772, 0.001784, 0.00187, 0.001932, 0.002014, 0.00218, 0.002212, 0.002291, 0.002504, 0.002591, 0.002688, 0.00288, 0.003035, 0.003071, 0.003152, 0.003622, 0.003993, 0.003995, 0.004195, 0.004216, 0.00434, 0.004409, 0.00448, 0.004496, 0.004504, 0.00453, 0.004559, 0.004579, 0.004653, 0.004731, 0.004798, 0.005053, 0.005054, 0.005174, 0.005216, 0.005304, 0.005528, 0.005534, 0.00558, 0.005659, 0.005701, 0.005872, 0.005955, 0.006106, 0.006241, 0.006247, 0.006343, 0.006451, 0.006585, 0.006588, 0.006629, 0.006641, 0.006671, 0.006933, 0.006952, 0.007162, 0.007264, 0.007302, 0.007376, 0.007509, 0.00755, 0.007589, 0.007641, 0.007723, 0.007755, 0.00779, 0.007844, 0.00833, 0.00847, 0.008585, 0.008633, 0.008667, 0.008757, 0.008808, 0.008908, 0.008956, 0.008963, 0.008995, 0.009203, 0.009429, 0.00947, 0.009557, 0.009692, 0.009703, 0.009776, 0.009837, 0.009892, 0.010388, 0.010483, 0.01049, 0.010581, 0.010824, 0.010837, 0.011004, 0.01124, 0.011366, 0.011486, 0.011658, 0.011947, 0.012184, 0.012257, 0.012374, 0.012453, 0.012551, 0.012868, 0.013019, 0.01304, 0.013059, 0.013098, 0.013377, 0.013448, 0.013616, 0.01383, 0.014066, 0.014082, 0.014096, 0.014125, 0.014258, 0.014466, 0.014481, 0.014628, 0.014998, 0.015186, 0.015236, 0.015458, 0.015667, 0.01592, 0.016193, 0.016214, 0.01628, 0.016485, 0.016531, 0.016582, 0.016605, 0.016783, 0.016986, 0.017159, 0.017189, 0.017227, 0.017257, 0.017642, 0.017659, 0.017836, 0.017963, 0.018182, 0.018259, 0.018394, 0.0184, 0.01859, 0.01874, 0.01885, 0.018868, 0.018953, 0.01897, 0.019263, 0.019525, 0.01958, 0.019871, 0.019882, 0.019946, 0.020032, 0.020184, 0.020223, 0.020229, 0.02044, 0.020453, 0.020492, 0.020615, 0.020645, 0.020674, 0.020684, 0.020763, 0.020783, 0.020857, 0.020886, 0.020887, 0.020979, 0.020995, 0.021078, 0.021228, 0.021273, 0.021499, 0.021527, 0.021663, 0.021759, 0.021804, 0.022231, 0.02232, 0.022449, 0.022499, 0.02267, 0.022711, 0.02279, 0.022847, 0.022848, 0.022872, 0.023297, 0.023403, 0.023517, 0.023519, 0.023546, 0.023583, 0.023678, 0.023702, 0.024049, 0.024051, 0.024097, 0.024101, 0.024233, 0.024235, 0.024346, 0.024401, 0.024506, 0.024511, 0.024583, 0.024724, 0.024747, 0.024816, 0.025074, 0.0251, 0.025389, 0.025606, 0.025702, 0.025797, 0.025922, 0.025955, 0.026096, 0.026123, 0.026245, 0.026442, 0.02653, 0.026578, 0.026588, 0.026844, 0.02685, 0.026991, 0.027248, 0.027474, 0.027589, 0.027688, 0.02788, 0.028101, 0.028255, 0.028267, 0.028296, 0.02836, 0.028542, 0.028766, 0.028851, 0.029025, 0.029098, 0.029164, 0.029347, 0.029463, 0.029616, 0.029621, 0.029917, 0.029956, 0.030144, 0.030777, 0.031111, 0.031352, 0.031357, 0.031394, 0.03151, 0.031542, 0.031636, 0.031645, 0.031674, 0.031984, 0.031996, 0.032276, 0.032735, 0.032789, 0.032884, 0.033058, 0.033118, 0.033369, 0.033566, 0.033764, 0.033779, 0.033955, 0.034041, 0.034328, 0.034355, 0.034524, 0.034808, 0.034925, 0.034943, 0.034955, 0.035118, 0.035157, 0.035253, 0.035254, 0.035418, 0.035493, 0.035593, 0.035948, 0.035952, 0.036001, 0.036229, 0.036238, 0.036335, 0.03634, 0.03647, 0.036508, 0.036513, 0.036586, 0.036658, 0.036743, 0.036768, 0.036803, 0.036886, 0.036997, 0.037213, 0.03722, 0.037256, 0.037276, 0.037477, 0.037553, 0.03758, 0.037747, 0.03793, 0.038082, 0.03819, 0.038328, 0.038472, 0.038632, 0.038802, 0.039037, 0.039065, 0.039135, 0.039158, 0.039183, 0.039368, 0.039447, 0.039474, 0.039631, 0.039878, 0.04005, 0.040337, 0.040426, 0.040451, 0.040554, 0.040708, 0.041009, 0.041151, 0.041173, 0.041409, 0.041545, 0.041611, 0.041618, 0.041699, 0.041732, 0.041735, 0.041799, 0.041919, 0.042079, 0.042142, 0.042224, 0.042243, 0.042262, 0.042286, 0.042327, 0.042353, 0.042558, 0.042717, 0.042756, 0.042793, 0.043005, 0.0431, 0.04312, 0.043371, 0.043393, 0.043414, 0.043691, 0.043823, 0.04386, 0.044046, 0.044552, 0.044614, 0.044624, 0.04465, 0.044699, 0.044887, 0.044896, 0.04503, 0.045131, 0.045366, 0.045456, 0.045475, 0.045546, 0.045624, 0.04565, 0.046138, 0.046381, 0.046617, 0.046826, 0.046867, 0.046946, 0.047367, 0.047634, 0.047639, 0.048433, 0.048464, 0.048661, 0.048801, 0.048934, 0.049054, 0.049107, 0.049209, 0.049243, 0.049253, 0.04943, 0.04953, 0.049901, 0.050123, 0.050288, 0.050363, 0.050455, 0.050485, 0.050564, 0.050609, 0.050769, 0.05077, 0.050868, 0.051101, 0.051225, 0.051443, 0.051545, 0.051715, 0.051794, 0.052073, 0.052782, 0.052819, 0.052871, 0.052876, 0.052896, 0.053109, 0.053123, 0.053389, 0.053748, 0.053796, 0.053863, 0.053966, 0.053992, 0.05414, 0.054266, 0.05428, 0.05435, 0.054557, 0.055008, 0.055113, 0.05516, 0.055296, 0.055443, 0.055456, 0.055751, 0.055796, 0.055943, 0.056069, 0.056149, 0.056176, 0.056226, 0.056263, 0.056315, 0.056357, 0.05655, 0.056598, 0.056602, 0.056672, 0.056674, 0.056835, 0.056968, 0.057201, 0.05733, 0.057351, 0.057366, 0.057668, 0.057932, 0.058474, 0.05875, 0.058755, 0.058814, 0.058842, 0.058868, 0.059187, 0.059497, 0.059507, 0.059599, 0.059807, 0.060157, 0.060385, 0.060462, 0.060854, 0.061074, 0.061121, 0.061235, 0.061512, 0.061767, 0.062033, 0.062175, 0.062197, 0.062521, 0.062528, 0.062668, 0.062696, 0.062744, 0.062961, 0.063071, 0.063501, 0.063624, 0.06365, 0.063662, 0.06371, 0.063938, 0.06417, 0.064293, 0.064304, 0.064586, 0.065079, 0.065152, 0.065452, 0.065637, 0.065668, 0.065795, 0.066761, 0.066875, 0.067022, 0.067106, 0.067298, 0.067488, 0.067803, 0.067819, 0.06796, 0.068011, 0.068039, 0.068043, 0.068145, 0.068257, 0.068699, 0.068973, 0.069258, 0.06943, 0.069489, 0.06949, 0.069641, 0.069891, 0.070216, 0.070255, 0.070413, 0.070834, 0.070966, 0.071021, 0.071524, 0.071545, 0.071633, 0.071798, 0.07207, 0.072089, 0.072102, 0.072258, 0.072677, 0.072715, 0.072846, 0.073015, 0.073284, 0.073295, 0.073588, 0.073819, 0.073956, 0.074027, 0.074317, 0.074446, 0.074602, 0.074787, 0.07495, 0.075079, 0.075151, 0.075196, 0.075204, 0.075476, 0.075628, 0.075666, 0.075739, 0.075742, 0.075843, 0.07586, 0.075927, 0.075955, 0.076106, 0.076219, 0.076261, 0.07635, 0.076693, 0.07698, 0.077338, 0.077367, 0.077393, 0.07751, 0.078057, 0.078743, 0.07877, 0.078896, 0.079017, 0.079126, 0.079165, 0.07926, 0.079338, 0.079474, 0.079549, 0.07959, 0.079808, 0.079986, 0.080008, 0.080117, 0.08018, 0.080302, 0.080379, 0.080604, 0.080903, 0.080977, 0.081109, 0.081194, 0.081215, 0.081251, 0.081287, 0.081434, 0.081457, 0.081665, 0.081732, 0.081767, 0.081886, 0.081946, 0.081952, 0.082355, 0.082587, 0.082704, 0.082783, 0.082814, 0.083077, 0.083126, 0.083591, 0.083655, 0.084007, 0.084083, 0.084145, 0.084324, 0.084337, 0.084467, 0.084643, 0.084668, 0.084729, 0.086093, 0.086851, 0.086873, 0.086924, 0.087104, 0.087396, 0.087634, 0.087732, 0.087766, 0.08789, 0.087922, 0.087993, 0.088085, 0.088182, 0.088254, 0.088361, 0.088469, 0.088506, 0.088558, 0.089069, 0.08966, 0.089746, 0.090012, 0.090125, 0.09028, 0.090416, 0.09049, 0.090556, 0.090727, 0.090873, 0.090935, 0.09095, 0.090967, 0.091135, 0.091237, 0.091278, 0.09189, 0.092245, 0.092312, 0.092426, 0.092482, 0.092936, 0.09313, 0.093381, 0.093392, 0.093498, 0.09357, 0.093678, 0.09375, 0.093891, 0.094014, 0.094028, 0.094143, 0.094283, 0.094622, 0.094715, 0.094878, 0.09493, 0.094942, 0.095148, 0.09517, 0.095201, 0.095433, 0.095779, 0.095885, 0.096158, 0.096269, 0.096293, 0.096406, 0.096466, 0.096567, 0.096587, 0.097261, 0.097632, 0.097721, 0.097913, 0.097971, 0.098524, 0.098919, 0.098922, 0.098969, 0.098988, 0.099158, 0.099252, 0.099311, 0.099375, 0.099386, 0.099593, 0.099735, 0.099762, 0.099779, 0.100073, 0.100686, 0.100855, 0.100872, 0.100983, 0.101088, 0.101221, 0.101312, 0.101787, 0.101828, 0.102074, 0.10215, 0.102348, 0.102459, 0.102465, 0.10299, 0.103361, 0.103899, 0.104584, 0.104713, 0.105122, 0.105229, 0.105382, 0.105632, 0.105803, 0.105859, 0.105905, 0.106268, 0.106453, 0.106593, 0.106764, 0.106816, 0.106842, 0.107035, 0.107065, 0.107174, 