{"sigma_r": 0.6181, "sigma_i": 8.0, "m": 6, "seed": 3774817662, "n_k": {"1": 5558, "2": 522, "3": 48, "4": 4, "5": 0, "6+": 0}, "dlogr": [0.0, 0.0, 0.000372, 0.000625, 0.001184, 0.002742, 0.002774, 0.002845, 0.00292, 0.003307, 0.003339, 0.004043, 0.004088, 0.004237, 0.005126, 0.005414, 0.006175, 0.006404, 0.006408, 0.00642, 0.006476, 0.006575, 0.006972, 0.006986, 0.006993, 0.007051, 0.007229, 0.00742, 0.007466, 0.007673, 0.007794, 0.00785, 0.008241, 0.008338, 0.008937, 0.008969, 0.00903, 0.009493, 0.009621, 0.010867, 0.011211, 0.011241, 0.01142, 0.011427, 0.011531, 0.011657, 0.012026, 0.012372, 0.012612, 0.012826, 0.012964, 0.013294, 0.013383, 0.014562, 0.014682, 0.014735, 0.015057, 0.015207, 0.015263, 0.01527, 0.015403, 0.015524, 0.015645, 0.015973, 0.016314, 0.016696, 0.017153, 0.017261, 0.017761, 0.017768, 0.017979, 0.018136, 0.018172, 0.018971, 0.019129, 0.019793, 0.020182, 0.020399, 0.020764, 0.020875, 0.020877, 0.02088, 0.021819, 0.022076, 0.022455, 0.022639, 0.022774, 0.022856, 0.023131, 0.023232, 0.023334, 0.023766, 0.02461, 0.025311, 0.025357, 0.026816, 0.026991, 0.027071, 0.027397, 0.027404, 0.027819, 0.028379, 0.028628, 0.028839, 0.028853, 0.029149, 0.029771, 0.030671, 0.030892, 0.030894, 0.03101, 0.03131, 0.03144, 0.031785, 0.031786, 0.032001, 0.032324, 0.033443, 0.033601, 0.033735, 0.033796, 0.033962, 0.034821, 0.035441, 0.035508, 0.035653, 0.036114, 0.036283, 0.036321, 0.036506, 0.036633, 0.037721, 0.037817, 0.038927, 0.039418, 0.039821, 0.040066, 0.040108, 0.040181, 0.040328, 0.04034, 0.04039, 0.04042, 0.040838, 0.041072, 0.041569, 0.041789, 0.042465, 0.042872, 0.042882, 0.042966, 0.043834, 0.043934, 0.045444, 0.045686, 0.045795, 0.045968, 0.04643, 0.048461, 0.04899, 0.049191, 0.050614, 0.050618, 0.05081, 0.05129, 0.051638, 0.051873, 0.051965, 0.052051, 0.05208, 0.052099, 0.052392, 0.052395, 0.052606, 0.054049, 0.054515, 0.054749, 0.054952, 0.055324, 0.055528, 0.056071, 0.056405, 0.056975, 0.057141, 0.057368, 0.057751, 0.058226, 0.058377, 0.059131, 0.059702, 0.059747, 0.060467, 0.060542, 0.060661, 0.06113, 0.061158, 0.061167, 0.061601, 0.061924, 0.062468, 0.062511, 0.062854, 0.06332, 0.063324, 0.063381, 0.063503, 0.064028, 0.064864, 0.066112, 0.066188, 0.067001, 0.067808, 0.06819, 0.068789, 0.069243, 0.069629, 0.070773, 0.070896, 0.071353, 0.071494, 0.071772, 0.071985, 0.072202, 0.072392, 0.072839, 0.072898, 0.073576, 0.074018, 0.074349, 0.075583, 0.075738, 0.075814, 0.076114, 0.076384, 0.077719, 0.077879, 0.078575, 0.078964, 0.079042, 0.079061, 0.079098, 0.079559, 0.080196, 0.080705, 0.080707, 0.080778, 0.081686, 0.081814, 0.081838, 0.081844, 0.081885, 0.082614, 0.082781, 0.082985, 0.083128, 0.08315, 0.083344, 0.08353, 0.083582, 0.083625, 0.084076, 0.08416, 0.084477, 0.084516, 0.084813, 0.085207, 0.085407, 0.085739, 0.085741, 0.08595, 0.086427, 0.087765, 0.087911, 0.087918, 0.088017, 0.08856, 0.088928, 0.088983, 0.089299, 0.089948, 0.090185, 0.09044, 0.091477, 0.092623, 0.092989, 0.09322, 0.093759, 0.093848, 0.094009, 0.094203, 0.094261, 0.094777, 0.095016, 0.095366, 0.095468, 0.095494, 0.095535, 0.096291, 0.098, 0.098216, 0.098583, 0.098774, 0.098893, 0.099234, 0.099433, 0.099529, 0.099577, 0.099864, 0.100752, 0.100755, 0.101025, 0.101703, 0.10271, 0.103227, 0.103319, 0.103343, 0.103749, 0.103915, 0.103916, 0.104132, 0.104152, 0.105143, 0.105253, 0.106067, 0.106338, 0.106362, 0.107028, 0.107329, 0.107696, 0.107931, 0.109655, 0.10975, 0.109826, 0.110371, 0.110706, 0.111057, 0.111225, 0.111264, 0.11166, 0.111916, 0.112161, 0.112424, 0.112672, 0.112821, 0.112838, 0.113908, 0.114129, 0.114433, 0.114533, 0.114776, 0.114802, 0.115241, 0.115403, 0.115764, 0.116146, 0.116154, 0.116485, 0.116872, 0.11699, 0.117079, 0.117114, 0.117568, 0.117878, 0.117886, 0.118357, 0.118517, 0.118616, 0.118723, 0.118751, 0.119085, 0.119278, 0.119539, 0.121002, 0.121264, 0.12169, 0.121924, 0.122648, 0.122926, 0.123309, 0.124371, 0.12486, 0.125891, 0.125992, 0.126034, 0.126291, 0.127193, 0.127371, 0.127375, 0.127719, 0.12777, 0.127906, 0.128412, 0.129214, 0.129352, 0.130121, 0.130451, 0.130451, 0.132495, 0.132587, 0.133238, 0.134912, 0.1357, 0.137255, 0.138095, 0.138216, 0.138833, 0.139281, 0.140403, 0.141396, 0.141774, 0.142076, 0.143561, 0.144401, 0.144503, 0.145456, 0.146152, 0.14672, 0.14736, 0.149588, 0.15009, 0.150886, 0.151446, 0.151528, 0.151818, 0.152605, 0.152889, 0.154168, 0.154224, 0.155644, 0.155774, 0.156418, 0.157129, 0.157671, 0.157682, 0.158427, 0.158478, 0.158524, 0.158531, 0.161013, 0.162459, 0.1631, 0.163868, 0.164077, 0.164564, 0.165684, 0.165761, 0.16736, 0.167777, 0.167915, 0.168011, 0.170533, 0.17107, 0.171237, 0.171588, 0.172245, 0.17404, 0.174868, 0.175277, 0.175392, 0.175421, 0.177666, 0.17799, 0.178394, 0.179627, 0.180241, 0.180242, 0.180729, 0.181114, 0.181165, 0.18149, 0.183335, 0.184718, 0.185258, 0.188343, 0.189063, 0.190685, 0.191612, 0.192849, 0.192882, 0.19294, 0.194372, 0.194564, 0.194974, 0.194977, 0.195823, 0.197025, 0.19716, 0.19751, 0.197764, 0.200913, 0.200994, 0.201643, 0.202054, 0.203482, 0.203629, 0.203964, 0.205672, 0.211325, 0.211887, 0.213013, 0.214375, 0.216767, 0.217925, 0.219395, 0.22235, 0.223038, 0.223883, 0.225722, 0.226797, 0.230778, 0.23353, 0.234243, 0.235794, 0.237585, 0.239277, 0.242698, 0.242855, 0.243624, 0.249593, 0.257136, 0.263499, 0.264125, 0.266053, 0.266495, 0.27456, 0.275945, 0.276872, 0.280294, 0.298727, 0.31171, 0.313618, 0.323653, 0.324069, 0.324119, 0.329251, 0.349064, 0.387539, 0.405713, 0.452005, 0.460606, 0.498491, 0.51015, 0.511776, 0.513194, 0.52393, 0.531398, 0.531741, 0.532265, 0.546784, 0.571299, 0.589907, 0.593194, 0.600686, 0.607344, 0.607461, 0.608752, 0.629119, 0.634178, 0.639885, 0.644646, 0.65419, 0.656139, 0.663594, 0.672175, 0.682037, 0.68398, 0.693163, 0.695503, 0.702787, 0.704572, 0.709323, 0.710504, 0.716402, 0.719004, 0.722317, 0.730616, 0.742515, 0.760764, 0.762207, 0.776326, 0.77852, 0.781969, 0.798243, 0.800547, 0.801093, 0.818982, 0.819927, 0.824342, 0.824568, 0.838471, 0.838715, 0.859415, 0.859653, 0.860082, 0.863939, 0.869092, 0.870087, 0.870494, 0.871032, 0.878769, 0.881318, 0.88266, 0.888057, 0.89262, 0.898083, 0.898361, 0.90677, 0.911471, 0.91831, 0.918833, 0.919608, 0.919634, 0.94468, 0.953957, 0.955069, 0.955362, 0.963438, 0.964031, 0.965835, 0.972341, 0.974679, 1.0086, 1.026442, 1.043259, 1.044763, 1.095074, 1.113342, 1.126635, 1.131038, 1.17074], "monotonicity": -0.17307692307692307, "n_systems": 6132, "n_planets": 6762, "n_targets": 137493}