{"sigma_r": 2.3939, "sigma_i": 0.4183, "m": 2, "seed": 2879847242, "n_k": {"1": 3655, "2": 915, "3": 256, "4": 64, "5": 15, "6+": 2}, "dlogr": [0.0, 0.000235, 0.000357, 0.000466, 0.000655, 0.000707, 0.000943, 0.001025, 0.00152, 0.001754, 0.001798, 0.001911, 0.002011, 0.002072, 0.002228, 0.002286, 0.002422, 0.002578, 0.002643, 0.002783, 0.003104, 0.003165, 0.003242, 0.003293, 0.003613, 0.003655, 0.003831, 0.003961, 0.004005, 0.004112, 0.004124, 0.004131, 0.004349, 0.004359, 0.004384, 0.004602, 0.004923, 0.005021, 0.005074, 0.005135, 0.005547, 0.005552, 0.005629, 0.005726, 0.005861, 0.006186, 0.006443, 0.006655, 0.006657, 0.006803, 0.006984, 0.007503, 0.007697, 0.00788, 0.008141, 0.008191, 0.008456, 0.00856, 0.008715, 0.008815, 0.00975, 0.009935, 0.010309, 0.010376, 0.010895, 0.011169, 0.011283, 0.011726, 0.011843, 0.011852, 0.012067, 0.012173, 0.012178, 0.012443, 0.012557, 0.012643, 0.013138, 0.013171, 0.01319, 0.013568, 0.01365, 0.013875, 0.014042, 0.01409, 0.014148, 0.014396, 0.014532, 0.014541, 0.014744, 0.014787, 0.014809, 0.015284, 0.015372, 0.015785, 0.016274, 0.016322, 0.016369, 0.016656, 0.016668, 0.016863, 0.016994, 0.017021, 0.017223, 0.017258, 0.017422, 0.01748, 0.017985, 0.018418, 0.01866, 0.018678, 0.018733, 0.018753, 0.018821, 0.019079, 0.019131, 0.019194, 0.019264, 0.019309, 0.019335, 0.019565, 0.01963, 0.019846, 0.020108, 0.020133, 0.020153, 0.020465, 0.020552, 0.020923, 0.021103, 0.02117, 0.021227, 0.021268, 0.021449, 0.021542, 0.021586, 0.021763, 0.021806, 0.021856, 0.022127, 0.022696, 0.022833, 0.023502, 0.023619, 0.024286, 0.024602, 0.024642, 0.025276, 0.025574, 0.025722, 0.025766, 0.025784, 0.025833, 0.026013, 0.026885, 0.026957, 0.027052, 0.027153, 0.027211, 0.027225, 0.027242, 0.027265, 0.027373, 0.027628, 0.027758, 0.028083, 0.028177, 0.028215, 0.028436, 0.028452, 0.028679, 0.028706, 0.028758, 0.028969, 0.029423, 0.02944, 0.029614, 0.029631, 0.030226, 0.030438, 0.030699, 0.030989, 0.031172, 0.031259, 0.031288, 0.031812, 0.032025, 0.032232, 0.032242, 0.032362, 0.032559, 0.032816, 0.033181, 0.033233, 0.0334, 0.033553, 0.033573, 0.033689, 0.033764, 0.033831, 0.033917, 0.033978, 0.034015, 0.034022, 0.034492, 0.034615, 0.034663, 0.034803, 0.034997, 0.035008, 0.035013, 0.035245, 0.035334, 0.035458, 0.035586, 0.03561, 0.035889, 0.036421, 0.037024, 0.037126, 0.037396, 0.037598, 0.037664, 0.037691, 0.037825, 0.038006, 0.038057, 0.038378, 0.038455, 0.03855, 0.038628, 0.038956, 0.039009, 0.039065, 0.039172, 0.03935, 0.039835, 0.039903, 0.0401, 0.040118, 0.040148, 0.040343, 0.040696, 0.040768, 0.040907, 0.041067, 0.041121, 0.041368, 0.041416, 0.041579, 0.0418, 0.041912, 0.04195, 0.042033, 0.042075, 0.042303, 0.04247, 0.042809, 0.04283, 0.042865, 0.042932, 0.043324, 0.04338, 0.04355, 0.043607, 0.043889, 0.043941, 0.043967, 0.043987, 0.044216, 0.044225, 0.04435, 0.044521, 0.044879, 0.045293, 0.045294, 0.045459, 0.045481, 0.0461, 0.046223, 0.046338, 0.046499, 0.04665, 0.046665, 0.04692, 0.046961, 0.046985, 0.047583, 0.047701, 0.047899, 0.047947, 0.04798, 0.047996, 0.048003, 0.048531, 0.048827, 0.049037, 0.04907, 0.049208, 0.049434, 0.049498, 0.049842, 0.050138, 0.050145, 0.050196, 0.051298, 0.051613, 0.051787, 0.05254, 0.052577, 0.05266, 0.052732, 0.05297, 0.053403, 0.054097, 0.054258, 0.0547, 0.054709, 0.054783, 0.054801, 0.054885, 0.055223, 0.055355, 0.05541, 0.055618, 0.055784, 0.055868, 0.055885, 0.055984, 0.056887, 0.057221, 0.057262, 0.05765, 0.057879, 0.058019, 0.058101, 0.058356, 0.058367, 0.058402, 0.058444, 0.058728, 0.058977, 0.059028, 0.059275, 0.059767, 0.059846, 0.059927, 0.059941, 0.060112, 0.060229, 0.060778, 0.060845, 0.060865, 0.061113, 0.061267, 0.061287, 0.061375, 0.061715, 0.061933, 0.061995, 0.062116, 0.062314, 0.062606, 0.062729, 0.062904, 0.063013, 0.063073, 0.063785, 0.063844, 0.063881, 0.064066, 0.064102, 0.064276, 0.064296, 0.064426, 0.06475, 0.064797, 0.064956, 0.065191, 0.065383, 0.066184, 0.066435, 0.066687, 0.066736, 0.067203, 0.067244, 0.067398, 0.067515, 0.067754, 0.067917, 0.067918, 0.068316, 0.068809, 0.06911, 0.06917, 0.069538, 0.069658, 0.069664, 0.06979, 0.070081, 0.070306, 0.070959, 0.071447, 0.071464, 0.071553, 0.071581, 0.071811, 0.072005, 0.072106, 0.072321, 0.072351, 0.072407, 0.072488, 0.072678, 0.072741, 0.072899, 0.072968, 0.073075, 0.073142, 0.073934, 0.074211, 0.074556, 0.075072, 0.075674, 0.075701, 0.075943, 0.075981, 0.076008, 0.076079, 0.076162, 0.076207, 0.07627, 0.076332, 0.0764, 0.076511, 0.076652, 0.07666, 0.077054, 0.077308, 0.077463, 0.07755, 0.07764, 0.077893, 0.077978, 0.07809, 0.078369, 0.078504, 0.078781, 0.078826, 0.079138, 0.079275, 0.079441, 0.07946, 0.080067, 0.080146, 0.08021, 0.080269, 0.080271, 0.080426, 0.080547, 0.080585, 0.081033, 0.081161, 0.081238, 0.081256, 0.081362, 0.081552, 0.081831, 0.081939, 0.081949, 0.081974, 0.082226, 0.082612, 0.082643, 0.082817, 0.083027, 0.083245, 0.083425, 0.083498, 0.083678, 0.083746, 0.083819, 0.083882, 0.084221, 0.084295, 0.084364, 0.084749, 0.084902, 0.085077, 0.085452, 0.085574, 0.085754, 0.085858, 0.085908, 0.086372, 0.086403, 0.086454, 0.086516, 0.086556, 0.086575, 0.086942, 0.087233, 0.087435, 0.087618, 0.0886, 0.088643, 0.088647, 0.088655, 0.089126, 0.089146, 0.089151, 0.089223, 0.089278, 0.089556, 0.089636, 0.089953, 0.090504, 0.090519, 0.090723, 0.090754, 0.091853, 0.092136, 0.092324, 0.092367, 0.092406, 0.092967, 0.093065, 0.093158, 0.093199, 0.093397, 0.093434, 0.09363, 0.093789, 0.094342, 0.094506, 0.094854, 0.09507, 0.095112, 0.095119, 0.095188, 0.095672, 0.095742, 0.096849, 0.097023, 0.097113, 0.097246, 0.097725, 0.097894, 0.097903, 0.098415, 0.098842, 0.098905, 0.099377, 0.099446, 0.099463, 0.099539, 0.099752, 0.100239, 0.100448, 0.100577, 0.101076, 0.101279, 0.101665, 0.102336, 0.102391, 0.102948, 0.103095, 0.103149, 0.10356, 0.104136, 0.104247, 0.104379, 0.10448, 0.104571, 0.104679, 0.10485, 0.104878, 0.104936, 0.105068, 0.105087, 0.10533, 0.105372, 0.105607, 0.105924, 0.106272, 0.106359, 0.106379, 0.106393, 0.106427, 0.106523, 0.106838, 0.106979, 0.107031, 0.107234, 0.107284, 0.107328, 0.107369, 0.107582, 0.107584, 0.107593, 0.108236, 0.108265, 0.108291, 0.108312, 0.108958, 0.109303, 0.109322, 0.109345, 0.109359, 0.109583, 0.109686, 0.109727, 0.109756, 0.11005, 0.110169, 0.110195, 0.110209, 0.110402, 0.11046, 0.110505, 0.110678, 0.110794, 0.111133, 0.111505, 0.111608, 0.11183, 0.112005, 0.112151, 0.112387, 0.112451, 0.113482, 0.113513, 0.113545, 0.113579, 0.113593, 0.113631, 0.113917, 0.113926, 0.113927, 0.113966, 0.114383, 0.114888, 0.115103, 0.11516, 0.115683, 0.115814, 0.11615, 0.116222, 0.116337, 0.116566, 0.116771, 0.116804, 0.117147, 0.117194, 0.117384, 0.117785, 0.117785, 0.118522, 0.119078, 0.119302, 0.119318, 0.119812, 0.120057, 0.120554, 0.120752, 0.120759, 0.121126, 0.121208, 0.121365, 0.121467, 0.121733, 0.121937, 0.12205, 0.122072, 0.122499, 0.12281, 0.123142, 0.123268, 0.124352, 0.124504, 0.124609, 0.125063, 0.125233, 0.12551, 0.125654, 0.125665, 0.12595, 0.125984, 0.126174, 0.126362, 0.126633, 0.126679, 0.126983, 0.127094, 0.127158, 0.127182, 0.127325, 0.127457, 0.127737, 0.127899, 0.128497, 0.128699, 0.128754, 0.128823, 0.128898, 0.129195, 0.129827, 0.130152, 0.130235, 0.130384, 0.130453, 0.130564, 0.130577, 0.13088, 0.131237, 0.131421, 0.13146, 0.131807, 0.131825, 0.132647, 0.132675, 0.132953, 0.133019, 0.133133, 0.133205, 0.133299, 0.133787, 0.134186, 0.134696, 0.135095, 0.135215, 0.135743, 0.135809, 0.135961, 0.136654, 0.136849, 0.136911, 0.136959, 0.136977, 0.137176, 0.137351, 0.137733, 0.137961, 0.138542, 0.138543, 0.138603, 0.138663, 0.13887, 0.139022, 0.139375, 0.13966, 0.139764, 0.139849, 0.140372, 0.140396, 0.140492, 0.140497, 0.14082, 0.141026, 0.14107, 0.141333, 0.14161, 0.141869, 0.142131, 0.142696, 0.143319, 0.143419, 0.143511, 0.143697, 0.143713, 0.143911, 0.144138, 0.144441, 0.144479, 0.144693, 0.144858, 0.144886, 0.14503, 0.145106, 0.145183, 0.145359, 0.145466, 0.145658, 0.145696, 0.145775, 0.145987, 0.146407, 0.147169, 0.147274, 0.147301, 0.147442, 0.147483, 0.147522, 0.14764, 0.147812, 