{"sigma_r": 0.9707, "sigma_i": 0.2558, "m": 10, "seed": 3771520521, "n_k": {"1": 3626, "2": 906, "3": 276, "4": 65, "5": 16, "6+": 6}, "dlogr": [0.0, 0.0, 0.000228, 0.000262, 0.000509, 0.000516, 0.000617, 0.000617, 0.000791, 0.000858, 0.000901, 0.000984, 0.001183, 0.001287, 0.001334, 0.00147, 0.001829, 0.0019, 0.001924, 0.002059, 0.002122, 0.002177, 0.002528, 0.002544, 0.002653, 0.002925, 0.002981, 0.003022, 0.003311, 0.003387, 0.003451, 0.003548, 0.003851, 0.003918, 0.004034, 0.00405, 0.004104, 0.004135, 0.004228, 0.004463, 0.004463, 0.004569, 0.004603, 0.004683, 0.004767, 0.004875, 0.004885, 0.005423, 0.005551, 0.005817, 0.005902, 0.00595, 0.00595, 0.006338, 0.006433, 0.006472, 0.006679, 0.006722, 0.006743, 0.007031, 0.007069, 0.007222, 0.007388, 0.007616, 0.007755, 0.007766, 0.007791, 0.008101, 0.008161, 0.008229, 0.008308, 0.008356, 0.008416, 0.008671, 0.00883, 0.009016, 0.009063, 0.009363, 0.009548, 0.009608, 0.009721, 0.009828, 0.010032, 0.010211, 0.011123, 0.011127, 0.011226, 0.01124, 0.011282, 0.011536, 0.011652, 0.011665, 0.011726, 0.011966, 0.011976, 0.012044, 0.012079, 0.012178, 0.012199, 0.01234, 0.012366, 0.012471, 0.01275, 0.012752, 0.012833, 0.012917, 0.012943, 0.013012, 0.013058, 0.013116, 0.013242, 0.013387, 0.01346, 0.013926, 0.014046, 0.014098, 0.014258, 0.014369, 0.014486, 0.014626, 0.014698, 0.014792, 0.015101, 0.015235, 0.015238, 0.015451, 0.015527, 0.01558, 0.015757, 0.015923, 0.015946, 0.016032, 0.016059, 0.01619, 0.016233, 0.016439, 0.016521, 0.016523, 0.016747, 0.016874, 0.016954, 0.017502, 0.017628, 0.017696, 0.017732, 0.01774, 0.017769, 0.017906, 0.018128, 0.018161, 0.018198, 0.018636, 0.018647, 0.019054, 0.019706, 0.019824, 0.019866, 0.020068, 0.020128, 0.020184, 0.020227, 0.02025, 0.020251, 0.02029, 0.020469, 0.020597, 0.020676, 0.020865, 0.021065, 0.02111, 0.021359, 0.021441, 0.02149, 0.022049, 0.0222, 0.022388, 0.02245, 0.022496, 0.022583, 0.022807, 0.023011, 0.023025, 0.023386, 0.023626, 0.023859, 0.024014, 0.024133, 0.024517, 0.024578, 0.024591, 0.024664, 0.02474, 0.024795, 0.024917, 0.02506, 0.025708, 0.025885, 0.026061, 0.026104, 0.026242, 0.026283, 0.026443, 0.026534, 0.026589, 0.02676, 0.026817, 0.026864, 0.026979, 0.027262, 0.027519, 0.027854, 0.027999, 0.028141, 0.028172, 0.028483, 0.028548, 0.028558, 0.028576, 0.028673, 0.028818, 0.029115, 0.029139, 0.029386, 0.029411, 0.029414, 0.029451, 0.029557, 0.029677, 0.02979, 0.030312, 0.030342, 0.030403, 0.030694, 0.030707, 0.030903, 0.030915, 0.031195, 0.031276, 0.031355, 0.031445, 0.031491, 0.031541, 0.032033, 0.032035, 0.032138, 0.032341, 0.032644, 0.032804, 0.032924, 0.03295, 0.033094, 0.03319, 0.033284, 0.033346, 0.03344, 0.033502, 0.033701, 0.033809, 0.03383, 0.033916, 0.033916, 0.033932, 0.034011, 0.034014, 0.034338, 0.034347, 0.034353, 0.034607, 0.034641, 0.0348, 0.034824, 0.034869, 0.035092, 0.035179, 0.03522, 0.035313, 0.035376, 0.035579, 0.035636, 0.035738, 0.036141, 0.036163, 0.036391, 0.036472, 0.036909, 0.037077, 0.037245, 0.037261, 0.037405, 0.037431, 0.037535, 0.037635, 0.037665, 0.037999, 0.038115, 0.038196, 0.03824, 0.038333, 0.038647, 0.038654, 0.038658, 0.038665, 0.038988, 0.039231, 0.039334, 0.039344, 0.039512, 0.039569, 0.039687, 0.039734, 0.039902, 0.040179, 0.040225, 0.040316, 0.040504, 0.040512, 0.0406, 0.040648, 0.040727, 0.040813, 0.040879, 0.040952, 0.041072, 0.041312, 0.041338, 0.041354, 0.041391, 0.041469, 0.041612, 0.041671, 0.041808, 0.042172, 0.042341, 0.04257, 0.042636, 0.042746, 0.042799, 0.042954, 0.043112, 0.043191, 0.043194, 0.043207, 0.043258, 0.043414, 0.043568, 0.043917, 0.043968, 0.04442, 0.044584, 0.044641, 0.0447, 0.044709, 0.044714, 0.044905, 0.04529, 0.045464, 0.045525, 0.045597, 0.045725, 0.045812, 0.045859, 0.045929, 0.046008, 0.046206, 0.04633, 0.046342, 0.046416, 0.046621, 0.0468, 0.04703, 0.047087, 0.047233, 0.047384, 0.047453, 0.047476, 0.047522, 0.047677, 0.047871, 0.047944, 0.048053, 0.04815, 0.048177, 0.04824, 0.048617, 0.048865, 0.048911, 0.049345, 0.049371, 0.049387, 0.049949, 0.049954, 0.050069, 0.050079, 0.050317, 0.050404, 0.050737, 0.050983, 0.051002, 0.051008, 0.051106, 0.051383, 0.051799, 0.051857, 0.051894, 0.051953, 0.05212, 0.052275, 0.052332, 0.052356, 0.052452, 0.052534, 0.052589, 0.052788, 0.053187, 0.053472, 0.053519, 0.053553, 0.053647, 0.053745, 0.053794, 0.053816, 0.053818, 0.054142, 0.05428, 0.054429, 0.054502, 0.055079, 0.055099, 0.055127, 0.055378, 0.055388, 0.055645, 0.05567, 0.055749, 0.055789, 0.055809, 0.056001, 0.056187, 0.056224, 0.056303, 0.056401, 0.056433, 0.056452, 0.056465, 0.056857, 0.056913, 0.057347, 0.057375, 0.057404, 0.05748, 0.057553, 0.057567, 0.057722, 0.057845, 0.057858, 0.057921, 0.058171, 0.058185, 0.05824, 0.058542, 0.058555, 0.058559, 0.058691, 0.058703, 0.059201, 0.059214, 0.059221, 0.059242, 0.059458, 0.059472, 0.059681, 0.059729, 0.059735, 0.059773, 0.059799, 0.060099, 0.060183, 0.060441, 0.060632, 0.061126, 0.061174, 0.062429, 0.062845, 0.062851, 0.062904, 0.062907, 0.063011, 0.063083, 0.063142, 0.063303, 0.063398, 0.063528, 0.063572, 0.063675, 0.063733, 0.063803, 0.063906, 0.064016, 0.064093, 0.064504, 0.064681, 0.064835, 0.06492, 0.065048, 0.065057, 0.065089, 0.065156, 0.065703, 0.065889, 0.065948, 0.066262, 0.066267, 0.066366, 0.066447, 0.066762, 0.066822, 0.066844, 0.066949, 0.066972, 0.067312, 0.06738, 0.067779, 0.067889, 0.068149, 0.068211, 0.068465, 0.068466, 0.068476, 0.069156, 0.069318, 0.069356, 0.069466, 0.069591, 0.069693, 0.069945, 0.070001, 0.070203, 0.070204, 0.070356, 0.07037, 0.070452, 0.07108, 0.071183, 0.071213, 0.071298, 0.071405, 0.071411, 0.071478, 0.071554, 0.071806, 0.071831, 0.072052, 0.072431, 0.072683, 0.072788, 0.072888, 0.07309, 0.073136, 0.07318, 0.073576, 0.07381, 0.073925, 0.074059, 0.074219, 0.074234, 0.074526, 0.074898, 0.074915, 0.075116, 0.075307, 0.075323, 0.075483, 0.075536, 0.075552, 0.075668, 0.07591, 0.07606, 0.076181, 0.076201, 0.076324, 0.076753, 0.077094, 0.07713, 0.077202, 0.077225, 0.077407, 0.077708, 0.07783, 0.077836, 0.078087, 0.078334, 0.078361, 0.078408, 0.078991, 0.079044, 0.079078, 0.07914, 0.079561, 0.079628, 0.079754, 0.079801, 0.079951, 0.080109, 0.080209, 0.08027, 0.08088, 0.081084, 0.08128, 0.081306, 0.081511, 0.08171, 0.081732, 0.081881, 0.08217, 0.082639, 0.083132, 0.083293, 0.083628, 0.083779, 0.084079, 0.084319, 0.084462, 0.084957, 0.085108, 0.08519, 0.085219, 0.085409, 0.08558, 0.085651, 0.085693, 0.087029, 0.087125, 0.087198, 0.087549, 0.087859, 0.088219, 0.088251, 0.088272, 0.08832, 0.088437, 0.088466, 0.088496, 0.088758, 0.088794, 0.088801, 0.088927, 0.088933, 0.089007, 0.089826, 0.08988, 0.089953, 0.090159, 0.09017, 0.09023, 0.090343, 0.090344, 0.090465, 0.090478, 0.090628, 0.090727, 0.090808, 0.090859, 0.091015, 0.091107, 0.091108, 0.091411, 0.091598, 0.091608, 0.091862, 0.09195, 0.092004, 0.092071, 0.092097, 0.092357, 0.092385, 0.092513, 0.093066, 0.093437, 0.09357, 0.0938, 0.094269, 0.09444, 0.094731, 0.094808, 0.094843, 0.094904, 0.096065, 0.096199, 0.096285, 0.096293, 0.096297, 0.096432, 0.096792, 0.096798, 0.097485, 0.097606, 0.098093, 0.098227, 0.098339, 0.098359, 0.098461, 0.098514, 0.098554, 0.098575, 0.098616, 0.09868, 0.098721, 0.09894, 0.098946, 0.099028, 0.099671, 0.099923, 0.100311, 0.100353, 0.100848, 0.10091, 0.101055, 0.101126, 0.101172, 0.101346, 0.101714, 0.102014, 0.102198, 0.102263, 0.103024, 0.103151, 0.103169, 0.103482, 0.103611, 0.104091, 0.104207, 0.104267, 0.104508, 0.104584, 0.104871, 0.10536, 0.1058, 0.105895, 0.105967, 0.106147, 0.106267, 0.106557, 0.106612, 0.106711, 0.106948, 0.107006, 0.107217, 0.107248, 0.107434, 0.107528, 0.107753, 0.107835, 0.108075, 0.108432, 0.108627, 0.10865, 0.108743, 0.108962, 0.109079, 0.109144, 0.109169, 0.109558, 0.109663, 0.109784, 0.109871, 0.109902, 0.110131, 0.110151, 0.110539, 0.110734, 0.110756, 0.110835, 0.110842, 0.110842, 0.111069, 0.111417, 0.111926, 0.112236, 0.112578, 0.112707, 0.112891, 0.113169, 0.113386, 0.113514, 0.113637, 0.114007, 0.114016, 0.114262, 0.114292, 0.114507, 0.114558, 0.114882, 0.114898, 0.115208, 0.115489, 