{"sigma_r": 0.6181, "sigma_i": 0.4183, "m": 5, "seed": 1544058036, "n_k": {"1": 3699, "2": 918, "3": 256, "4": 84, "5": 17, "6+": 2}, "dlogr": [0.0, 0.0, 0.0, 9.3e-05, 0.000172, 0.000331, 0.000472, 0.000611, 0.000818, 0.000958, 0.001049, 0.001075, 0.001194, 0.001231, 0.001356, 0.001425, 0.001519, 0.001609, 0.001686, 0.001728, 0.002261, 0.002397, 0.002605, 0.002808, 0.002851, 0.002868, 0.002894, 0.003201, 0.003408, 0.003663, 0.003817, 0.003854, 0.003937, 0.003994, 0.004006, 0.004131, 0.004134, 0.004236, 0.004244, 0.004256, 0.004288, 0.004289, 0.004343, 0.004368, 0.004423, 0.004481, 0.004804, 0.004836, 0.004997, 0.005036, 0.005129, 0.005167, 0.005254, 0.005365, 0.005452, 0.005491, 0.005536, 0.005575, 0.005582, 0.005607, 0.005682, 0.005775, 0.006037, 0.006212, 0.00635, 0.00641, 0.006426, 0.006662, 0.0068, 0.006803, 0.006839, 0.006881, 0.006934, 0.006975, 0.007072, 0.007144, 0.007317, 0.007318, 0.007348, 0.007724, 0.007877, 0.008063, 0.008071, 0.008086, 0.008544, 0.008645, 0.008656, 0.00877, 0.008828, 0.008828, 0.008852, 0.008978, 0.009169, 0.009188, 0.009423, 0.009429, 0.009503, 0.009566, 0.009625, 0.009658, 0.0098, 0.009911, 0.010012, 0.010232, 0.010233, 0.010301, 0.010362, 0.010439, 0.010507, 0.010572, 0.010615, 0.01077, 0.010834, 0.010907, 0.010991, 0.011118, 0.01112, 0.011191, 0.011214, 0.011485, 0.011585, 0.011673, 0.011811, 0.011828, 0.011836, 0.011885, 0.011892, 0.012094, 0.012122, 0.012223, 0.012305, 0.012383, 0.012596, 0.012701, 0.012734, 0.012743, 0.012852, 0.013171, 0.013264, 0.013447, 0.013803, 0.013817, 0.013895, 0.014089, 0.014132, 0.014224, 0.014343, 0.014437, 0.014485, 0.014605, 0.014765, 0.01477, 0.01479, 0.014843, 0.014896, 0.015059, 0.015085, 0.015106, 0.01517, 0.015249, 0.015403, 0.015413, 0.01547, 0.015504, 0.015527, 0.015688, 0.015905, 0.015937, 0.016111, 0.016166, 0.016168, 0.016198, 0.016199, 0.016287, 0.016447, 0.01645, 0.016481, 0.016485, 0.016489, 0.016694, 0.016703, 0.016875, 0.01693, 0.01711, 0.017204, 0.017341, 0.017351, 0.017578, 0.017763, 0.017781, 0.017878, 0.01792, 0.017995, 0.018299, 0.018545, 0.018579, 0.018739, 0.018751, 0.018782, 0.018844, 0.019038, 0.019064, 0.0191, 0.019234, 0.019313, 0.019316, 0.019407, 0.01944, 0.019469, 0.01957, 0.01973, 0.019775, 0.019795, 0.02003, 0.020048, 0.0202, 0.020289, 0.020313, 0.020356, 0.0204, 0.02047, 0.020606, 0.02063, 0.020696, 0.020722, 0.020729, 0.020914, 0.021164, 0.021251, 0.021284, 0.021303, 0.021333, 0.021395, 0.021453, 0.021502, 0.021602, 0.0217, 0.021894, 0.021908, 0.021962, 0.021994, 0.022038, 0.022075, 0.022307, 0.022347, 0.022399, 0.022521, 0.022873, 0.022883, 0.022888, 0.022959, 0.023011, 0.023157, 0.023224, 0.023225, 0.023282, 0.02336, 0.023433, 0.023458, 0.023937, 0.023973, 0.024089, 0.024163, 0.02437, 0.024427, 0.024642, 0.024741, 0.024817, 0.025093, 0.025291, 0.025291, 0.025467, 0.025525, 0.02553, 0.025535, 0.025553, 0.02562, 0.025636, 0.025832, 0.026049, 0.026156, 0.026276, 0.026306, 0.026348, 0.02646, 0.026568, 0.02666, 0.026684, 0.026782, 0.026822, 0.02685, 0.026871, 0.026891, 0.026938, 0.027061, 0.027077, 0.027139, 0.027221, 0.027273, 0.027447, 0.02762, 0.027697, 0.027719, 0.027731, 0.027735, 0.027786, 0.027879, 0.028019, 0.028073, 0.028092, 0.028129, 0.028198, 0.028357, 0.028421, 0.028534, 0.02873, 0.028976, 0.029007, 0.029115, 0.029209, 0.029364, 0.029413, 0.029508, 0.029584, 0.029591, 0.029741, 0.029912, 0.030019, 0.030019, 0.030111, 0.030304, 0.030628, 0.030888, 0.030904, 0.030947, 0.030957, 0.031017, 0.031193, 0.031558, 0.031591, 0.03167, 0.032038, 0.03208, 0.032102, 0.032102, 0.032216, 0.032271, 0.03245, 0.032576, 0.033061, 0.033283, 0.033348, 0.033348, 0.033385, 0.033474, 0.033535, 0.033555, 0.033593, 0.033599, 0.033938, 0.033945, 0.034011, 0.034504, 0.034568, 0.034632, 0.034649, 0.034662, 0.034703, 0.03471, 0.03475, 0.034797, 0.034962, 0.034967, 0.035075, 0.035143, 0.035157, 0.03526, 0.035462, 0.035888, 0.035975, 0.035985, 0.036162, 0.036295, 0.036322, 0.036636, 0.036906, 0.036988, 0.037072, 0.03715, 0.037322, 0.037347, 0.037567, 0.037597, 0.037636, 0.03764, 0.037703, 0.037775, 0.037881, 0.037918, 0.038015, 0.038132, 0.038223, 0.038259, 0.038412, 0.038575, 0.038691, 0.038811, 0.039087, 0.039121, 0.039153, 0.039382, 0.039409, 0.039446, 0.039458, 0.039512, 0.039514, 0.039532, 0.039538, 0.039779, 0.040018, 0.040247, 0.040521, 0.040668, 0.041318, 0.041373, 0.041424, 0.041505, 0.041552, 0.041585, 0.041623, 0.041655, 0.041733, 0.041976, 0.042531, 0.04254, 0.042688, 0.042757, 0.04295, 0.043157, 0.043185, 0.043201, 0.043607, 0.043748, 0.043758, 0.043827, 0.044029, 0.044131, 0.044293, 0.04435, 0.044355, 0.044513, 0.044571, 0.044629, 0.044646, 0.044651, 0.044694, 0.044746, 0.044814, 0.044824, 0.044826, 0.044975, 0.045017, 0.045073, 0.045168, 0.04517, 0.045177, 0.045355, 0.045383, 0.04539, 0.045394, 0.045403, 0.045561, 0.045688, 0.045733, 0.045794, 0.046059, 0.046148, 0.046164, 0.046206, 0.046299, 0.046464, 0.046481, 0.046573, 0.046851, 0.046885, 0.046887, 0.047229, 0.0473, 0.047424, 0.047427, 0.047657, 0.047967, 0.048236, 0.048402, 0.048437, 0.048482, 0.048546, 0.048607, 0.048679, 0.048736, 0.049011, 0.049017, 0.049105, 0.049222, 0.049364, 0.04943, 0.04949, 0.049888, 0.049923, 0.049945, 0.050052, 0.050503, 0.050541, 0.050641, 0.050739, 0.050779, 0.050812, 0.051298, 0.051391, 0.05155, 0.051702, 0.051907, 0.052012, 0.052108, 0.05214, 0.052432, 0.052451, 0.05279, 0.052956, 0.053044, 0.053144, 0.05332, 0.053568, 0.053583, 0.05361, 0.053734, 0.05386, 0.05392, 0.054104, 0.054275, 0.05428, 0.054288, 0.054678, 0.054775, 0.05496, 0.054992, 0.055058, 0.0551, 0.055124, 0.055129, 0.05537, 0.055411, 0.055653, 0.055822, 0.055951, 0.055954, 0.055964, 0.056326, 0.056774, 0.056898, 0.056965, 0.057133, 0.057227, 0.057268, 0.057345, 0.057364, 0.057383, 0.057465, 0.057555, 0.057604, 0.057919, 0.058078, 0.058121, 0.058155, 0.058379, 0.058808, 0.058844, 0.059108, 0.05915, 0.059188, 0.059382, 0.059519, 0.059574, 0.059588, 0.059828, 0.059911, 0.059921, 0.059951, 0.059967, 0.059982, 0.060219, 0.060381, 0.060472, 0.06063, 0.06099, 0.061076, 0.061077, 0.061108, 0.061198, 0.061201, 0.061211, 0.061244, 0.061329, 0.061401, 0.061637, 0.061827, 0.06243, 0.062481, 0.062493, 0.062586, 0.062783, 0.063007, 0.063031, 0.063054, 0.063116, 0.063202, 0.063249, 0.063366, 0.06368, 0.063856, 0.06396, 0.064035, 0.064068, 0.064123, 0.064654, 0.064818, 0.064825, 0.065045, 0.065208, 0.065622, 0.065651, 0.065678, 0.065697, 0.06574, 0.065858, 0.066036, 0.066157, 0.066215, 0.066218, 0.066309, 0.066576, 0.06669, 0.066997, 0.067061, 0.067101, 0.067228, 0.067298, 0.067436, 0.067552, 0.06788, 0.068046, 0.06805, 0.068149, 0.068199, 0.068223, 0.068595, 0.068689, 0.068699, 0.068721, 0.068721, 0.068849, 0.068892, 0.069154, 0.069239, 0.069283, 0.069372, 0.069406, 0.069466, 0.06951, 0.069734, 0.069924, 0.070029, 0.070111, 0.070155, 0.070504, 0.070566, 0.07059, 0.070626, 0.070669, 0.070972, 0.07123, 0.071408, 0.071423, 0.071427, 0.071493, 0.071575, 0.07173, 0.071828, 0.071905, 0.072005, 0.072065, 0.072386, 0.072481, 0.072502, 0.07255, 0.072634, 0.072792, 0.07287, 0.072929, 0.072993, 0.073136, 0.073154, 0.073219, 0.073234, 0.073255, 0.073294, 0.073564, 0.073641, 0.073876, 0.074011, 0.074154, 0.074546, 0.07462, 0.074764, 0.074828, 0.07518, 0.075324, 0.07543, 0.075448, 0.075486, 0.075525, 0.075546, 0.075693, 0.075867, 0.075998, 0.076001, 0.076189, 0.076192, 0.076275, 0.076288, 0.076398, 0.07658, 0.076732, 0.076732, 0.076848, 0.076936, 0.077162, 0.077204, 0.077213, 0.077245, 0.077918, 0.077948, 0.07795, 0.077966, 0.078098, 0.078215, 0.078239, 0.078384, 0.078631, 0.078664, 0.078707, 0.078779, 0.078823, 0.078948, 0.079141, 0.079169, 0.079252, 0.079305, 0.079543, 0.079692, 0.079793, 0.079855, 0.080037, 0.08009, 0.080114, 0.08035, 0.080386, 0.080434, 0.080493, 0.080594, 0.080652, 0.080821, 0.080913, 0.080982, 0.081111, 0.081163, 0.081192, 0.081206, 0.081505, 0.081698, 0.081823, 0.082082, 0.082187, 0.082198, 0.082408, 0.082637, 0.082897, 0.082988, 0.082991, 0.083372, 0.08349, 0.083519, 0.083523, 0.084006, 0.084049, 0.084105, 