{"sigma_r": null, "sigma_i": 0.5349, "m": 1, "seed": 2808831217, "n_k": {"1": 3780, "2": 919, "3": 274, "4": 62, "5": 13, "6+": 2}, "dlogr": [0.000196, 0.000208, 0.000228, 0.001052, 0.001248, 0.001614, 0.002096, 0.002296, 0.002499, 0.002543, 0.002571, 0.002606, 0.002918, 0.003034, 0.003304, 0.003425, 0.003625, 0.00428, 0.004391, 0.004446, 0.004711, 0.004798, 0.004924, 0.005373, 0.00567, 0.006087, 0.006333, 0.006499, 0.00652, 0.00688, 0.007425, 0.007595, 0.007715, 0.007997, 0.008037, 0.008132, 0.008148, 0.008233, 0.008647, 0.008734, 0.008899, 0.009179, 0.009202, 0.009358, 0.009411, 0.00951, 0.009626, 0.009652, 0.009712, 0.009772, 0.0099, 0.010037, 0.010822, 0.010888, 0.010945, 0.011075, 0.011282, 0.011312, 0.011345, 0.01142, 0.011724, 0.012869, 0.012929, 0.013298, 0.014216, 0.014226, 0.014237, 0.014475, 0.015123, 0.015621, 0.015754, 0.015878, 0.015936, 0.015937, 0.015959, 0.01618, 0.016336, 0.016811, 0.016875, 0.016971, 0.017017, 0.017358, 0.01769, 0.018071, 0.018149, 0.018247, 0.018415, 0.018506, 0.018601, 0.018999, 0.01914, 0.019297, 0.019374, 0.019376, 0.019756, 0.019763, 0.020035, 0.020254, 0.020506, 0.020641, 0.021067, 0.021468, 0.021869, 0.021886, 0.021983, 0.022093, 0.022267, 0.022317, 0.022375, 0.022615, 0.022768, 0.02306, 0.023136, 0.023185, 0.023428, 0.023587, 0.023651, 0.023751, 0.024096, 0.024118, 0.024366, 0.024465, 0.024643, 0.024669, 0.024711, 0.025371, 0.025747, 0.025818, 0.025904, 0.02641, 0.026765, 0.027009, 0.027017, 0.027882, 0.028004, 0.028632, 0.028811, 0.028819, 0.028854, 0.028874, 0.029074, 0.029224, 0.029243, 0.029563, 0.029589, 0.0298, 0.030587, 0.030751, 0.031252, 0.031261, 0.031318, 0.031491, 0.031538, 0.031582, 0.031636, 0.031745, 0.031782, 0.032019, 0.032177, 0.032253, 0.032385, 0.032394, 0.032587, 0.032619, 0.03267, 0.032834, 0.033089, 0.033287, 0.03335, 0.03346, 0.033786, 0.033986, 0.034061, 0.034102, 0.034133, 0.034473, 0.034555, 0.034722, 0.034909, 0.034911, 0.035086, 0.035233, 0.035442, 0.035647, 0.035664, 0.035872, 0.03588, 0.036304, 0.036503, 0.036514, 0.03652, 0.036621, 0.036632, 0.036901, 0.037021, 0.037324, 0.037601, 0.037763, 0.038263, 0.038284, 0.038426, 0.0385, 0.038703, 0.038722, 0.038815, 0.038849, 0.038916, 0.038986, 0.039317, 0.039384, 0.039394, 0.03981, 0.03992, 0.04004, 0.040224, 0.040306, 0.040424, 0.040752, 0.040778, 0.041333, 0.041633, 0.042035, 0.042162, 0.042302, 0.04238, 0.042542, 0.042548, 0.042659, 0.042772, 0.042831, 0.042849, 0.042918, 0.042992, 0.043111, 0.043135, 0.043247, 0.043348, 0.043515, 0.043688, 0.043756, 0.043927, 0.043963, 0.044021, 0.044574, 0.044759, 0.044798, 0.045267, 0.045566, 0.045977, 0.046007, 0.046247, 0.046547, 0.046708, 0.046842, 0.046884, 0.046907, 0.046939, 0.04706, 0.047194, 0.047258, 0.047457, 0.04746, 0.047588, 0.047952, 0.047965, 0.04833, 0.048629, 0.048655, 0.048723, 0.049097, 0.04933, 0.050084, 0.050354, 0.050728, 0.051178, 0.051197, 0.051221, 0.051276, 0.05136, 0.05159, 0.051722, 0.052481, 0.053743, 0.05406, 0.054133, 0.054637, 0.054831, 0.05548, 0.05585, 0.055902, 0.056174, 0.056475, 0.056711, 0.056756, 0.057296, 0.057437, 0.057449, 0.057479, 0.057496, 0.057506, 0.057589, 0.057874, 0.058185, 0.058517, 0.059163, 0.059217, 0.059359, 0.059385, 0.05976, 0.05981, 0.060726, 0.06074, 0.061077, 0.061249, 0.061254, 0.061587, 0.061623, 0.061651, 0.061967, 0.06216, 0.062174, 0.062258, 0.062339, 0.062556, 0.062578, 0.062783, 0.062784, 0.062931, 0.062997, 0.063217, 0.063233, 0.06327, 0.063289, 0.063312, 0.063388, 0.063515, 0.063647, 0.063904, 0.063957, 0.064383, 0.064471, 0.064814, 0.065235, 0.065369, 0.065469, 0.065509, 0.065597, 0.065749, 0.065773, 0.065857, 0.066117, 0.066186, 0.066428, 0.066593, 0.066863, 0.066872, 0.0669, 0.066987, 0.06717, 0.067175, 0.067247, 0.067328, 0.067741, 0.067812, 0.068009, 0.068067, 0.068471, 0.069408, 0.069617, 0.069719, 0.069789, 0.069792, 0.069976, 0.069991, 0.070279, 0.07028, 0.070601, 0.070631, 0.070788, 0.07087, 0.071174, 0.07139, 0.07149, 0.071939, 0.072024, 0.072798, 0.072985, 0.073191, 0.073304, 0.073536, 0.07355, 0.073824, 0.073924, 0.074052, 0.074282, 0.074338, 0.074437, 0.074911, 0.075295, 0.0754, 0.075438, 0.075443, 0.075695, 0.075776, 0.07585, 0.075899, 0.075958, 0.076015, 0.076022, 0.076086, 0.076388, 0.076698, 0.077482, 0.077737, 0.077747, 0.077761, 0.077879, 0.078044, 0.078457, 0.078621, 0.078989, 0.078994, 0.079373, 0.079449, 0.07962, 0.079764, 0.079956, 0.080064, 0.080213, 0.080315, 0.080496, 0.080812, 0.080892, 0.0813, 0.08144, 0.08162, 0.082103, 0.082185, 0.082252, 0.082633, 0.082646, 0.082803, 0.083014, 0.083168, 0.083313, 0.083412, 0.083456, 0.083817, 0.083958, 0.08408, 0.084097, 0.084933, 0.085044, 0.085055, 0.085148, 0.086006, 0.086282, 0.086592, 0.086726, 0.086755, 0.087098, 0.087426, 0.087429, 0.087546, 0.087655, 0.087889, 0.088256, 0.088442, 0.088521, 0.088585, 0.089426, 0.08962, 0.089909, 0.089993, 0.090277, 0.090277, 0.090511, 0.090831, 0.090851, 0.091168, 0.091562, 0.091788, 0.091898, 0.091945, 0.091964, 0.092277, 0.092574, 0.092652, 0.092697, 0.092815, 0.092858, 0.092923, 0.093002, 0.093057, 0.093227, 0.093427, 0.094008, 0.094082, 0.09411, 0.094383, 0.094481, 0.094521, 0.094554, 0.094616, 0.095235, 0.096245, 0.096561, 0.096605, 0.096621, 0.096835, 0.097271, 0.097499, 0.097633, 0.097699, 0.097919, 0.098019, 0.098044, 0.098181, 0.098407, 0.098415, 0.098521, 0.098652, 0.098827, 0.098937, 0.099017, 0.099652, 0.099765, 0.100123, 0.100165, 0.100246, 0.100274, 0.10063, 0.100681, 0.100743, 0.100976, 0.100985, 0.101226, 0.101272, 0.10145, 0.101755, 0.102296, 0.102406, 0.10246, 0.102494, 0.103148, 0.103395, 0.103803, 0.103904, 0.104667, 0.104735, 0.10477, 0.105071, 0.105547, 0.106033, 0.106056, 0.106077, 0.106139, 0.106264, 0.106671, 0.107116, 0.107178, 0.107363, 0.107392, 0.107985, 0.108209, 0.108802, 0.108933, 0.10906, 0.109115, 0.109271, 0.109277, 0.109382, 0.1094, 0.109872, 0.109951, 0.110081, 0.110126, 0.110146, 0.110555, 0.110791, 0.11087, 0.111415, 0.111871, 0.112259, 0.112456, 0.112713, 0.112788, 0.112872, 0.113093, 0.113268, 0.113302, 0.113435, 0.113529, 0.114186, 0.114202, 0.114377, 0.114427, 0.114483, 0.114879, 0.116147, 0.116466, 0.116644, 0.117003, 0.117342, 0.117571, 0.11766, 0.118026, 0.118211, 0.118243, 0.118296, 0.118819, 0.119033, 0.119045, 0.119266, 0.119455, 0.11946, 0.119503, 0.11966, 0.120052, 0.120078, 0.120127, 0.12064, 0.120889, 0.121192, 0.12134, 0.121367, 0.12159, 0.121637, 0.12286, 0.123115, 0.123964, 0.124112, 0.124312, 0.124475, 0.124617, 0.124989, 0.125128, 0.125221, 0.125245, 0.12529, 0.125398, 0.125548, 0.125775, 0.125818, 0.125837, 0.126116, 0.126182, 0.126724, 0.126754, 0.126975, 0.127137, 0.128054, 0.128124, 0.128218, 0.128254, 0.128381, 0.128483, 0.128496, 0.128596, 0.128793, 0.129028, 0.129286, 0.131192, 0.131367, 0.13196, 0.132067, 0.132158, 0.132245, 0.132445, 0.132547, 0.132596, 0.132962, 0.133055, 0.133089, 0.133274, 0.13364, 0.133862, 0.133875, 0.133887, 0.134342, 0.134449, 0.134872, 0.134875, 0.135149, 0.135898, 0.135975, 0.136912, 0.136999, 0.13722, 0.13784, 0.138193, 0.138785, 0.138958, 0.139312, 0.139572, 0.139671, 0.139737, 0.139821, 0.140082, 0.140133, 0.140404, 0.140628, 0.140628, 0.140892, 0.14129, 0.141561, 0.142284, 0.1423, 0.142641, 0.142692, 0.142909, 0.143164, 0.143676, 0.143944, 0.144188, 0.144918, 0.144935, 0.145792, 0.145881, 0.145973, 0.146537, 0.146576, 0.146808, 0.146944, 0.147027, 0.147288, 0.147376, 0.147435, 0.147628, 0.147836, 0.147967, 0.148026, 0.148298, 0.148596, 0.149057, 0.149545, 0.149724, 0.14978, 0.14998, 0.150122, 0.150236, 0.150631, 0.150753, 0.150784, 0.150855, 0.15089, 0.15108, 0.151209, 0.151313, 0.151401, 0.152214, 0.152507, 0.152818, 0.152868, 0.153418, 0.153614, 0.153623, 0.153648, 0.153652, 0.154183, 0.154473, 0.15458, 0.15462, 0.154677, 0.154906, 0.155233, 0.15559, 0.155614, 0.155973, 0.155994, 0.156015, 0.156018, 0.156157, 0.156364, 0.156727, 0.157111, 0.157297, 0.157483, 0.157544, 0.15758, 0.158602, 0.159662, 0.16038, 0.160424, 0.160841, 0.160909, 0.161032, 0.161797, 0.162681, 0.162855, 0.163134, 0.163409, 0.163646, 0.163991, 0.16469, 