{"sigma_r": 0.6181, "sigma_i": 8.0, "m": 0, "seed": 1174362777, "n_k": {"1": 5687, "2": 512, "3": 31, "4": 5, "5": 0, "6+": 0}, "dlogr": [0.0, 0.0, 0.0, 0.0, 0.000269, 0.00091, 0.000949, 0.001175, 0.001363, 0.001604, 0.001658, 0.002706, 0.003134, 0.003337, 0.004259, 0.004432, 0.004574, 0.005143, 0.005507, 0.005612, 0.005993, 0.006773, 0.00743, 0.008232, 0.008436, 0.008492, 0.008787, 0.009164, 0.009265, 0.009702, 0.010352, 0.010381, 0.010601, 0.010873, 0.01128, 0.011591, 0.011687, 0.01171, 0.012206, 0.012719, 0.012738, 0.012756, 0.013064, 0.013981, 0.014425, 0.015281, 0.015422, 0.015443, 0.015526, 0.016483, 0.016629, 0.016897, 0.017225, 0.017439, 0.017517, 0.017595, 0.017723, 0.018002, 0.018244, 0.018566, 0.018776, 0.01885, 0.019043, 0.019084, 0.019628, 0.019841, 0.020055, 0.020147, 0.02084, 0.021826, 0.022385, 0.023237, 0.023487, 0.023667, 0.023841, 0.024168, 0.024498, 0.024685, 0.025656, 0.025667, 0.02589, 0.026295, 0.026347, 0.027111, 0.027601, 0.027831, 0.027867, 0.027987, 0.028566, 0.029041, 0.029576, 0.02982, 0.030597, 0.030615, 0.03093, 0.031454, 0.0317, 0.03197, 0.032297, 0.032748, 0.033142, 0.033647, 0.034097, 0.034156, 0.034192, 0.035037, 0.035722, 0.035726, 0.036661, 0.037036, 0.037046, 0.037274, 0.037607, 0.037743, 0.038057, 0.038515, 0.038696, 0.038857, 0.038935, 0.039373, 0.039382, 0.039683, 0.040182, 0.04035, 0.04063, 0.041105, 0.041436, 0.041601, 0.041621, 0.043046, 0.043239, 0.043268, 0.044608, 0.044702, 0.044705, 0.04473, 0.044965, 0.045753, 0.0459, 0.046443, 0.046455, 0.047376, 0.048877, 0.049023, 0.049075, 0.049531, 0.049942, 0.050008, 0.050479, 0.050507, 0.05076, 0.050836, 0.050871, 0.051232, 0.051454, 0.052233, 0.052471, 0.052634, 0.052688, 0.052726, 0.052769, 0.052915, 0.053277, 0.053319, 0.053538, 0.053929, 0.054425, 0.055125, 0.055261, 0.055737, 0.056109, 0.056221, 0.05647, 0.05666, 0.057135, 0.057236, 0.057571, 0.057782, 0.057991, 0.058051, 0.058059, 0.058564, 0.058785, 0.058787, 0.059286, 0.060206, 0.060251, 0.060404, 0.060753, 0.060964, 0.060998, 0.061033, 0.061182, 0.061605, 0.061745, 0.061806, 0.0622, 0.062424, 0.062464, 0.062534, 0.063092, 0.063107, 0.063392, 0.063884, 0.063939, 0.064098, 0.065566, 0.06564, 0.065836, 0.06639, 0.066429, 0.066932, 0.068393, 0.068534, 0.068584, 0.068821, 0.070056, 0.070291, 0.070502, 0.07073, 0.07099, 0.071349, 0.072412, 0.072431, 0.07265, 0.072735, 0.073011, 0.073024, 0.073228, 0.073675, 0.073731, 0.073991, 0.074056, 0.074179, 0.074663, 0.075196, 0.075208, 0.076335, 0.07704, 0.07719, 0.077265, 0.077511, 0.077711, 0.077957, 0.078483, 0.079228, 0.079334, 0.079468, 0.079587, 0.079682, 0.080359, 0.080525, 0.080675, 0.080735, 0.081254, 0.081347, 0.082313, 0.082558, 0.083061, 0.083276, 0.083352, 0.083688, 0.083694, 0.083786, 0.084022, 0.084059, 0.084534, 0.084752, 0.085626, 0.085752, 0.085966, 0.08653, 0.086581, 0.087253, 0.087348, 0.08776, 0.087973, 0.088876, 0.08921, 0.090078, 0.090112, 0.090261, 0.090546, 0.091012, 0.091041, 0.091364, 0.091837, 0.092087, 0.093176, 0.093293, 0.093499, 0.094409, 0.09451, 0.094574, 0.095026, 0.097226, 0.097466, 0.097698, 0.097832, 0.097971, 0.098217, 0.098911, 0.099463, 0.100951, 0.101173, 0.101346, 0.101455, 0.101694, 0.102862, 0.102918, 0.102954, 0.103439, 0.10345, 0.104155, 0.104455, 0.104848, 0.105, 0.105274, 0.105657, 0.10579, 0.106049, 0.108399, 0.1087, 0.10895, 0.109873, 0.110362, 0.110379, 0.111259, 0.111484, 0.111878, 0.111885, 0.111979, 0.111989, 0.113227, 0.113332, 0.11361, 0.113999, 0.114395, 0.115328, 0.115671, 0.116293, 0.116382, 0.116474, 0.117464, 0.117606, 0.117718, 0.117742, 0.118807, 0.122187, 0.122315, 0.122353, 0.122764, 0.122966, 0.123141, 0.124412, 0.125655, 0.126202, 0.126859, 0.127004, 0.127398, 0.127618, 0.12848, 0.130085, 0.130277, 0.131713, 0.132113, 0.132214, 0.133071, 0.134296, 0.135448, 0.135893, 0.136056, 0.136613, 0.136833, 0.136875, 0.137214, 0.137604, 0.138141, 0.138403, 0.138669, 0.139354, 0.139693, 0.141202, 0.142359, 0.142889, 0.142918, 0.143597, 0.143822, 0.145065, 0.145405, 0.145459, 0.146662, 0.147241, 0.148396, 0.149874, 0.151035, 0.153389, 0.157939, 0.158157, 0.158258, 0.158264, 0.158802, 0.158964, 0.159508, 0.160154, 0.160284, 0.161, 0.162665, 0.163307, 0.163542, 0.163655, 0.16428, 0.164608, 0.166148, 0.166322, 0.166536, 0.166765, 0.167315, 0.167806, 0.17008, 0.170085, 0.172311, 0.175569, 0.175691, 0.176547, 0.177672, 0.178024, 0.17807, 0.179905, 0.181542, 0.181668, 0.182685, 0.183247, 0.186417, 0.186535, 0.186579, 0.186906, 0.187519, 0.188726, 0.18975, 0.190323, 0.191034, 0.192311, 0.193604, 0.194908, 0.195318, 0.196939, 0.197745, 0.198653, 0.199088, 0.199318, 0.200294, 0.200711, 0.20242, 0.204477, 0.204732, 0.205835, 0.205955, 0.205999, 0.206629, 0.207543, 0.212905, 0.213258, 0.215118, 0.216325, 0.220966, 0.221419, 0.221843, 0.224108, 0.224226, 0.226385, 0.227081, 0.227668, 0.229041, 0.234409, 0.235425, 0.242161, 0.242212, 0.243001, 0.246802, 0.248199, 0.249223, 0.252564, 0.252578, 0.25316, 0.255122, 0.257977, 0.262004, 0.266042, 0.268933, 0.26959, 0.270794, 0.274555, 0.28314, 0.286578, 0.287252, 0.288666, 0.291273, 0.296373, 0.296541, 0.305276, 0.34268, 0.380049, 0.436578, 0.473404, 0.48041, 0.483856, 0.487917, 0.488121, 0.505644, 0.507511, 0.519769, 0.522196, 0.540442, 0.541766, 0.551356, 0.553338, 0.563165, 0.572228, 0.573557, 0.579397, 0.608402, 0.608807, 0.609925, 0.613636, 0.620132, 0.636029, 0.636452, 0.637547, 0.638117, 0.641846, 0.649704, 0.654143, 0.666492, 0.680062, 0.681779, 0.687323, 0.691953, 0.692403, 0.714722, 0.715142, 0.729506, 0.731621, 0.731815, 0.734214, 0.757998, 0.763813, 0.76474, 0.768292, 0.771158, 0.782434, 0.793433, 0.794526, 0.796506, 0.801462, 0.817018, 0.8257, 0.826298, 0.833907, 0.837477, 0.84218, 0.8496, 0.853163, 0.85694, 0.857594, 0.860346, 0.868068, 0.868076, 0.871171, 0.879941, 0.882367, 0.891022, 0.909237, 0.911514, 0.924505, 0.925925, 0.928825, 0.930159, 0.930736, 0.93565, 0.940008, 0.958552, 1.00507, 1.017717, 1.020139, 1.028177, 1.06791, 1.123916, 1.209888], "monotonicity": 0.07683403899401219, "n_systems": 6235, "n_planets": 6824, "n_targets": 137493}