{"sigma_r": 0.2506, "sigma_i": 0.4183, "m": 7, "seed": 2300726503, "n_k": {"1": 3605, "2": 933, "3": 274, "4": 68, "5": 18, "6+": 5}, "dlogr": [0.0, 0.0, 0.0, 0.0, 0.0, 0.0, 0.0, 0.0, 0.0, 0.0, 0.0, 0.0, 0.0, 0.0, 0.0, 0.0, 0.0, 0.0, 0.0, 0.000106, 0.00014, 0.000148, 0.000209, 0.000224, 0.000274, 0.00035, 0.000359, 0.000396, 0.000487, 0.000609, 0.000627, 0.000868, 0.000967, 0.000993, 0.001035, 0.00106, 0.001157, 0.001206, 0.001214, 0.001265, 0.001306, 0.001319, 0.001321, 0.001363, 0.001367, 0.001397, 0.00152, 0.001573, 0.00171, 0.001764, 0.001798, 0.001902, 0.001921, 0.001954, 0.001957, 0.001961, 0.001978, 0.002008, 0.002017, 0.002187, 0.002197, 0.002268, 0.002306, 0.002322, 0.002401, 0.002463, 0.002484, 0.002486, 0.002521, 0.002539, 0.002617, 0.002754, 0.002852, 0.002858, 0.002893, 0.002963, 0.002969, 0.00297, 0.003064, 0.003082, 0.003112, 0.003124, 0.003158, 0.003319, 0.003337, 0.003369, 0.003417, 0.003471, 0.003611, 0.003678, 0.003741, 0.003791, 0.00391, 0.003926, 0.003995, 0.003996, 0.003998, 0.004029, 0.004053, 0.004094, 0.004162, 0.004214, 0.00424, 0.004269, 0.004282, 0.004438, 0.004454, 0.004459, 0.004488, 0.00451, 0.004576, 0.004691, 0.00478, 0.004863, 0.004887, 0.004907, 0.004986, 0.005085, 0.005091, 0.005181, 0.00521, 0.005247, 0.005294, 0.005366, 0.005373, 0.005375, 0.005449, 0.005559, 0.005561, 0.005567, 0.005576, 0.0058, 0.005814, 0.00582, 0.005843, 0.00595, 0.005976, 0.006, 0.006072, 0.006149, 0.006175, 0.006195, 0.006196, 0.006209, 0.006219, 0.006224, 0.006228, 0.006231, 0.00629, 0.006291, 0.006356, 0.006466, 0.006478, 0.00649, 0.006633, 0.006771, 0.006845, 0.006857, 0.006928, 0.00693, 0.006934, 0.006952, 0.0072, 0.007274, 0.007465, 0.007637, 0.00764, 0.007657, 0.007807, 0.007845, 0.007936, 0.007999, 0.008007, 0.008115, 0.008159, 0.008248, 0.008296, 0.008358, 0.008383, 0.008408, 0.008548, 0.008561, 0.008633, 0.008677, 0.008686, 0.008716, 0.008829, 0.008843, 0.008861, 0.00899, 0.009009, 0.009048, 0.00935, 0.009423, 0.009452, 0.009524, 0.009556, 0.009654, 0.009681, 0.009688, 0.009701, 0.009704, 0.009795, 0.009931, 0.010005, 0.010014, 0.01005, 0.010074, 0.010164, 0.010191, 0.010204, 0.010405, 0.010416, 0.010552, 0.010561, 0.010611, 0.010728, 0.010745, 0.01081, 0.010883, 0.011097, 0.011258, 0.011271, 0.011438, 0.011525, 0.011542, 0.011605, 0.011738, 0.011777, 0.011793, 0.011826, 0.012003, 0.012014, 0.012033, 0.012043, 0.012062, 0.012065, 0.012108, 0.012117, 0.012264, 0.01232, 0.012351, 0.012433, 0.012463, 0.012465, 0.012639, 0.012669, 0.012711, 0.01279, 0.01283, 0.01286, 0.012873, 0.012956, 0.013095, 0.013291, 0.013329, 0.013377, 0.013389, 0.013403, 0.013425, 0.013494, 0.013586, 0.013686, 0.013765, 0.01377, 0.013883, 0.013929, 0.014014, 0.014106, 0.014131, 0.01433, 0.014432, 0.014502, 0.014561, 0.014579, 0.014586, 0.014606, 0.014615, 0.014644, 0.014677, 0.014706, 0.014715, 0.014717, 0.014744, 0.014802, 0.014843, 0.014886, 0.014923, 0.014944, 0.015019, 0.015059, 0.015193, 0.015218, 0.015263, 0.015335, 0.015367, 0.015422, 0.015533, 0.015546, 0.01557, 0.015589, 0.015591, 0.015647, 0.01565, 0.015704, 0.015748, 0.015825, 0.015828, 0.01587, 0.015954, 0.016002, 0.016045, 0.016049, 0.016068, 0.016081, 0.016126, 0.016188, 0.016246, 0.016269, 0.016298, 0.016313, 0.016319, 0.016342, 0.016539, 0.01665, 0.016776, 0.01678, 0.016815, 0.016831, 0.016877, 0.016921, 0.016964, 0.017033, 0.017044, 0.017211, 0.017232, 0.017277, 0.017306, 0.017313, 0.017324, 0.017377, 0.017391, 0.017395, 0.017396, 0.017459, 0.017464, 0.017485, 0.017627, 0.01764, 0.017807, 0.01787, 0.017873, 0.017888, 0.017969, 0.017969, 0.017981, 0.017986, 0.018065, 0.018127, 0.018128, 0.01833, 0.018358, 0.018408, 0.01843, 0.018439, 0.018447, 0.018483, 0.018502, 0.018503, 0.018598, 0.01862, 0.018625, 0.018631, 0.018649, 0.018713, 0.018724, 0.018856, 0.018874, 0.018938, 0.018952, 0.018955, 0.019053, 0.019083, 0.019085, 0.019109, 0.01917, 0.019194, 0.019272, 0.019334, 0.019369, 0.019388, 0.019389, 0.019483, 0.019581, 0.01962, 0.019637, 0.019637, 0.019713, 0.01976, 0.019773, 0.019969, 0.019969, 0.020078, 0.020166, 0.02017, 0.020176, 0.020198, 0.020298, 0.020339, 0.020339, 0.020432, 0.020482, 0.020495, 0.02051, 0.020513, 0.020614, 0.020643, 0.020659, 0.0207, 0.020729, 0.020749, 0.020797, 0.020863, 0.020957, 0.021143, 0.021188, 0.021215, 0.021256, 0.021262, 0.021286, 0.021317, 0.021369, 0.021378, 0.021414, 0.021518, 0.021521, 0.021541, 0.021599, 0.021772, 0.02186, 0.021969, 0.022073, 0.022121, 0.022166, 0.022183, 0.022185, 0.022192, 0.022205, 0.022271, 0.022395, 0.022423, 0.022503, 0.022563, 0.022581, 0.022704, 0.022731, 0.022789, 0.022858, 0.023027, 0.023118, 0.023172, 0.023357, 0.023614, 0.023648, 0.023707, 0.023732, 0.023769, 0.023861, 0.023868, 0.023904, 0.023982, 0.024007, 0.024019, 0.024093, 0.024161, 0.024217, 0.024232, 0.024281, 0.02453, 0.024673, 0.024718, 0.02473, 0.024759, 0.024824, 0.024949, 0.02513, 0.025205, 0.025218, 0.025336, 0.025381, 0.025473, 0.025523, 0.025577, 0.025627, 0.025671, 0.0257, 0.02572, 0.025767, 0.025785, 0.02579, 0.025876, 0.025882, 0.025979, 0.025996, 0.026004, 0.026151, 0.02618, 0.026194, 0.026438, 0.026559, 0.026657, 0.026679, 0.026797, 0.026817, 0.026818, 0.02684, 0.026861, 0.026885, 0.026944, 0.027009, 0.02702, 0.027035, 0.027051, 0.02721, 0.027362, 0.027494, 0.027622, 0.027798, 0.027858, 0.027962, 0.028028, 0.02806, 0.028074, 0.028152, 0.028179, 0.028218, 0.028235, 0.028299, 0.028432, 0.028493, 0.028503, 0.028513, 0.028522, 0.028575, 0.028609, 0.028701, 0.028735, 0.028833, 0.028898, 0.029115, 0.02912, 0.029133, 0.029144, 0.029162, 0.029167, 0.029343, 0.029362, 0.029454, 0.029535, 0.029604, 0.029712, 0.029824, 0.029845, 0.029964, 0.029983, 0.030082, 0.030128, 0.030165, 0.030193, 0.030323, 0.03034, 0.030385, 0.03041, 0.030439, 0.030446, 0.030463, 0.030522, 0.030569, 0.030591, 0.030595, 0.030635, 0.030637, 0.03067, 0.030733, 0.030756, 0.030774, 0.030819, 0.030831, 0.030835, 0.030865, 0.03099, 0.031009, 0.031014, 0.031021, 0.031063, 0.031097, 0.031128, 0.031323, 0.031374, 0.031426, 0.031453, 0.031476, 0.031478, 0.031523, 0.031602, 0.031656, 0.031696, 0.031698, 0.031782, 0.031808, 0.031813, 0.031915, 0.031948, 0.031957, 0.032086, 0.03215, 0.032198, 0.032611, 0.032648, 0.03267, 0.032671, 0.032699, 0.032737, 0.032779, 0.03291, 0.032939, 0.033021, 0.033116, 0.03318, 0.033187, 0.033223, 0.033256, 0.033258, 0.033288, 0.033367, 0.033367, 0.033405, 0.033427, 0.033459, 0.033543, 0.033577, 0.033618, 0.033638, 0.033657, 0.033677, 0.033727, 0.033772, 0.033854, 0.033908, 0.033972, 0.034011, 0.034112, 0.034199, 0.034344, 0.034348, 0.034426, 0.034447, 0.034492, 0.034541, 0.034618, 0.034656, 0.034668, 0.034672, 0.034721, 0.034846, 0.034895, 0.034918, 0.035155, 0.03521, 0.035367, 0.0354, 0.035488, 0.035494, 0.035522, 0.035581, 0.035632, 0.035838, 0.035841, 0.035879, 0.035889, 0.03601, 0.036111, 0.036133, 0.036185, 0.036269, 0.036284, 0.036325, 0.0364, 0.036418, 0.036458, 0.036694, 0.036775, 0.036777, 0.036848, 0.036985, 0.037003, 0.037107, 0.037208, 0.037261, 0.037276, 0.037376, 0.037421, 0.037466, 0.037472, 0.037554, 0.037575, 0.037579, 0.037679, 0.037722, 0.037781, 0.037858, 0.037925, 0.037928, 0.038019, 0.038326, 0.038351, 0.03846, 0.038564, 0.038567, 0.038628, 0.038737, 0.039148, 0.0392, 0.039293, 0.039302, 0.039444, 0.039452, 0.039537, 0.039559, 0.039686, 0.039733, 0.039808, 0.039883, 0.03993, 0.040113, 0.040115, 0.040181, 0.040229, 0.040252, 0.040302, 0.040308, 0.040399, 0.040437, 0.040511, 0.040622, 0.040675, 0.040676, 0.040685, 0.040723, 0.040774, 0.04084, 0.040919, 0.040989, 0.041101, 0.041136, 0.041254, 0.041271, 0.041375, 0.04139, 0.04162, 0.041642, 0.041648, 0.041867, 0.041973, 0.041985, 0.042023, 0.042186, 0.042313, 0.042471, 0.042529, 0.042894, 0.042915, 0.042926, 0.042998, 0.043001, 0.04318, 0.043191, 0.043328, 0.043456, 0.043483, 0.043503, 0.043714, 0.04377, 0.043793, 0.043956, 0.043996, 0.044026, 0.044062, 0.044135, 0.044213, 0.044234, 0.044273, 0.044405, 0.044443, 0.044548, 0.044686, 0.04469, 0.044766, 0.044766, 0.044781, 0.044868, 0.044942, 0.044963, 0.044964, 