{"sigma_r": 2.3939, "sigma_i": 0.2558, "m": 9, "seed": 2207807513, "n_k": {"1": 3659, "2": 987, "3": 282, "4": 68, "5": 16, "6+": 3}, "dlogr": [9.8e-05, 0.000237, 0.000522, 0.000812, 0.000932, 0.001026, 0.00113, 0.001299, 0.001335, 0.001429, 0.00165, 0.001785, 0.00188, 0.001956, 0.002241, 0.002266, 0.002323, 0.002587, 0.002753, 0.002798, 0.002809, 0.002897, 0.003059, 0.003104, 0.003147, 0.003217, 0.003249, 0.00328, 0.003813, 0.004373, 0.004586, 0.00464, 0.004691, 0.004743, 0.005238, 0.005288, 0.005313, 0.005424, 0.005431, 0.005682, 0.005825, 0.005883, 0.005933, 0.006029, 0.006263, 0.006503, 0.006526, 0.006636, 0.007236, 0.007246, 0.007279, 0.007341, 0.007342, 0.007649, 0.007866, 0.00791, 0.007951, 0.008257, 0.008313, 0.008448, 0.008547, 0.008563, 0.008592, 0.008956, 0.008972, 0.00899, 0.009006, 0.009052, 0.009168, 0.009279, 0.009437, 0.009521, 0.010081, 0.010109, 0.010187, 0.01038, 0.010501, 0.01068, 0.011129, 0.011192, 0.011238, 0.011292, 0.011376, 0.011664, 0.01169, 0.011715, 0.011737, 0.011774, 0.01183, 0.011841, 0.012131, 0.012466, 0.012628, 0.012709, 0.012861, 0.012916, 0.012961, 0.01321, 0.013265, 0.013283, 0.013385, 0.013455, 0.013509, 0.013579, 0.013685, 0.013831, 0.014062, 0.014303, 0.014396, 0.014682, 0.014779, 0.014903, 0.014982, 0.015405, 0.015434, 0.015904, 0.01595, 0.016067, 0.016449, 0.016559, 0.016819, 0.01684, 0.016906, 0.01695, 0.016968, 0.017105, 0.017244, 0.017619, 0.017831, 0.018023, 0.018693, 0.018748, 0.018949, 0.019165, 0.01927, 0.019342, 0.019399, 0.019429, 0.019639, 0.019673, 0.020427, 0.020542, 0.020783, 0.020784, 0.020927, 0.021124, 0.021202, 0.021229, 0.021296, 0.021381, 0.021683, 0.021729, 0.02184, 0.022255, 0.022296, 0.02241, 0.022671, 0.022918, 0.023511, 0.023794, 0.024087, 0.024147, 0.024737, 0.024929, 0.024935, 0.025684, 0.026081, 0.026369, 0.026441, 0.026582, 0.026717, 0.026965, 0.027157, 0.027175, 0.027201, 0.027248, 0.02736, 0.027548, 0.027764, 0.027806, 0.028053, 0.028056, 0.028205, 0.028206, 0.028273, 0.028382, 0.029015, 0.029108, 0.02922, 0.029365, 0.029785, 0.029849, 0.029999, 0.030133, 0.030176, 0.030452, 0.03069, 0.030743, 0.030811, 0.030943, 0.031097, 0.031343, 0.031502, 0.031519, 0.031609, 0.031998, 0.032065, 0.032091, 0.032197, 0.032363, 0.032574, 0.032626, 0.032694, 0.032841, 0.032967, 0.032969, 0.033393, 0.033414, 0.0337, 0.033796, 0.033871, 0.03429, 0.034428, 0.03443, 0.034493, 0.034707, 0.034832, 0.035334, 0.03537, 0.035412, 0.035586, 0.035616, 0.036235, 0.036385, 0.037028, 0.037052, 0.037053, 0.037235, 0.03748, 0.037897, 0.038176, 0.038324, 0.038442, 0.038721, 0.038937, 0.038963, 0.039018, 0.039101, 0.039213, 0.039318, 0.039374, 0.039842, 0.040119, 0.040621, 0.040681, 0.040699, 0.040855, 0.040935, 0.041064, 0.04115, 0.041184, 0.041535, 0.04188, 0.042044, 0.042191, 0.042785, 0.042864, 0.042867, 0.042868, 0.043031, 0.043057, 0.043316, 0.04339, 0.043455, 0.043506, 0.043546, 0.043547, 0.0437, 0.043705, 0.043786, 0.044125, 0.044219, 0.044233, 0.044498, 0.04454, 0.044833, 0.044854, 0.045516, 0.045729, 0.045832, 0.046172, 0.04619, 0.046284, 0.046449, 0.046684, 0.046914, 0.047292, 0.047703, 0.048016, 0.048121, 0.048204, 0.048253, 0.048496, 0.048699, 0.048921, 0.04903, 0.049269, 0.049327, 0.049415, 0.049479, 0.049706, 0.049755, 0.049789, 0.049828, 0.049989, 0.050126, 0.050188, 0.0502, 0.050789, 0.050995, 0.051237, 0.051412, 0.051478, 0.051497, 0.051516, 0.051579, 0.051725, 0.051797, 0.052049, 0.052359, 0.052365, 0.052829, 0.052927, 0.052995, 0.053003, 0.053231, 0.053368, 0.053705, 0.05375, 0.053936, 0.053949, 0.054055, 0.054183, 0.054486, 0.05454, 0.054923, 0.054929, 0.055118, 0.055184, 0.055631, 0.055647, 0.055865, 0.056036, 0.056401, 0.056491, 0.056553, 0.056611, 0.057118, 0.057242, 0.057632, 0.057857, 0.058049, 0.058196, 0.058228, 0.058521, 0.05874, 0.059095, 0.059196, 0.059934, 0.060088, 0.060342, 0.060797, 0.060938, 0.061199, 0.061242, 0.061253, 0.061259, 0.061542, 0.061542, 0.061587, 0.062053, 0.06207, 0.062118, 0.063007, 0.063057, 0.063092, 0.063183, 0.063186, 0.063862, 0.063897, 0.063985, 0.064033, 0.064075, 0.064454, 0.065158, 0.065234, 0.065296, 0.0657, 0.065979, 0.066162, 0.066289, 0.066671, 0.066795, 0.066828, 0.066899, 0.066971, 0.067133, 0.067176, 0.067272, 0.067354, 0.067396, 0.067649, 0.067678, 0.067701, 0.067715, 0.068387, 0.068572, 0.06859, 0.068757, 0.069022, 0.069455, 0.069739, 0.069872, 0.069986, 0.070073, 0.070285, 0.070424, 0.070468, 0.070601, 0.070856, 0.071272, 0.071305, 0.071466, 0.071666, 0.071881, 0.072042, 0.072095, 0.072206, 0.072375, 0.07251, 0.072513, 0.072519, 0.072583, 0.072658, 0.07272, 0.07333, 0.073341, 0.073709, 0.073895, 0.074177, 0.074264, 0.074497, 0.074693, 0.074852, 0.074874, 0.074993, 0.075347, 0.075383, 0.075848, 0.075976, 0.076194, 0.07643, 0.076586, 0.076683, 0.076793, 0.076906, 0.077137, 0.077361, 0.077493, 0.077783, 0.077823, 0.077909, 0.078092, 0.078315, 0.078396, 0.078676, 0.078931, 0.079078, 0.079207, 0.079335, 0.079451, 0.079482, 0.079486, 0.080111, 0.080448, 0.080472, 0.080534, 0.080622, 0.080719, 0.080987, 0.081261, 0.081262, 0.081334, 0.081365, 0.08165, 0.081817, 0.081987, 0.081996, 0.08211, 0.082324, 0.082377, 0.082586, 0.082753, 0.08308, 0.083197, 0.083363, 0.083389, 0.083416, 0.08347, 0.083789, 0.083843, 0.084015, 0.084122, 0.084123, 0.084129, 0.084562, 0.084662, 0.084855, 0.085166, 0.086013, 0.08608, 0.086173, 0.086195, 0.086421, 0.086993, 0.087141, 0.087317, 0.088023, 0.088409, 0.088624, 0.088663, 0.088751, 0.088935, 0.089625, 0.08971, 0.089799, 0.089871, 0.089986, 0.090616, 0.090752, 0.090887, 0.090945, 0.091168, 0.091206, 0.09124, 0.09124, 0.091324, 0.091332, 0.091505, 0.091521, 0.091724, 0.091808, 0.091997, 0.092035, 0.092218, 0.092322, 0.09246, 0.092489, 0.09265, 0.092936, 0.092964, 0.092979, 0.0931, 0.093578, 0.09373, 0.093746, 0.094241, 0.094269, 0.094637, 0.094712, 0.094862, 0.095019, 0.095082, 0.095269, 0.095347, 0.095445, 0.095488, 0.096003, 0.096555, 0.097215, 0.097278, 0.097292, 0.097419, 0.097489, 0.097514, 0.097653, 0.097752, 0.097942, 0.098246, 0.098426, 0.098535, 0.098681, 0.098731, 0.098817, 0.099062, 0.099062, 0.099145, 0.099152, 0.099336, 0.099337, 0.099392, 0.099423, 0.099554, 0.099732, 0.099807, 0.100018, 0.100122, 0.100145, 0.100329, 0.100337, 0.100469, 0.100602, 0.100941, 0.100968, 0.101147, 0.101479, 0.101617, 0.101757, 0.101823, 0.10189, 0.101916, 0.102251, 0.102439, 0.1025, 0.102804, 0.103055, 0.103317, 0.103336, 0.103465, 0.103538, 0.103632, 0.10364, 0.103824, 0.104388, 0.104615, 0.104802, 0.104805, 0.105103, 0.105304, 0.105632, 0.105749, 0.106169, 0.106477, 0.106602, 0.106613, 0.106686, 0.106696, 0.106922, 0.107923, 0.108047, 0.108099, 0.108582, 0.108645, 0.109265, 0.109601, 0.109747, 0.110168, 0.110233, 0.110244, 0.110393, 0.110541, 0.110742, 0.110899, 0.111104, 0.111332, 0.111449, 0.111539, 0.111633, 0.111728, 0.1118, 0.111808, 0.111855, 0.11216, 0.112221, 0.112464, 0.112582, 0.112642, 0.112747, 0.112994, 0.113198, 0.113498, 0.113851, 0.113943, 0.114076, 0.114299, 0.11441, 0.114839, 0.114895, 0.114907, 0.115272, 0.115504, 0.115616, 0.115696, 0.116361, 0.11639, 0.116576, 0.116766, 0.117209, 0.11792, 0.117949, 0.118166, 0.11853, 0.118745, 0.118853, 0.118881, 0.119013, 0.11915, 0.119192, 0.119371, 0.119494, 0.119587, 0.119674, 0.119902, 0.119988, 0.120222, 0.120751, 0.121766, 0.121775, 0.1225, 0.122565, 0.122728, 0.122783, 0.12281, 0.122885, 0.1231, 0.123175, 0.123491, 0.123526, 0.123567, 0.12379, 0.123855, 0.123914, 0.124168, 0.124404, 0.124461, 0.124747, 0.124793, 0.124963, 0.125026, 0.125102, 0.125362, 0.125375, 0.125599, 0.125602, 0.125641, 0.125848, 0.125891, 0.125967, 0.126125, 0.126645, 0.126875, 0.127061, 0.127542, 0.127739, 0.127788, 0.128134, 0.128498, 0.129126, 0.129991, 0.13009, 0.130167, 0.130238, 0.130423, 0.130569, 0.130897, 0.130924, 0.130985, 0.130986, 0.13108, 0.13128, 0.13135, 0.13158, 0.131782, 0.131832, 0.132138, 0.132192, 0.132411, 0.132572, 0.133699, 0.133782, 0.133954, 0.133992, 0.134063, 0.134802, 0.134832, 0.134859, 0.135308, 0.135573, 0.135898, 0.136245, 0.1363, 0.136422, 0.136423, 0.136649, 