{"sigma_r": 2.3939, "sigma_i": 2.3392, "m": 10, "seed": 3711141378, "n_k": {"1": 4518, "2": 877, "3": 146, "4": 23, "5": 2, "6+": 0}, "dlogr": [0.0, 0.000344, 0.000832, 0.000915, 0.001159, 0.001161, 0.001244, 0.001528, 0.001575, 0.001608, 0.001685, 0.002024, 0.002027, 0.002399, 0.002918, 0.002977, 0.003227, 0.004432, 0.004522, 0.004894, 0.005055, 0.005275, 0.005604, 0.005985, 0.006228, 0.006581, 0.006584, 0.006725, 0.006825, 0.00713, 0.007375, 0.007476, 0.007589, 0.007765, 0.007793, 0.007866, 0.007934, 0.008403, 0.008427, 0.008542, 0.008879, 0.009348, 0.009419, 0.009737, 0.009858, 0.010139, 0.010159, 0.010344, 0.010413, 0.010691, 0.010833, 0.010959, 0.011032, 0.011091, 0.011669, 0.012002, 0.012122, 0.012132, 0.012422, 0.012847, 0.013527, 0.013536, 0.013619, 0.013661, 0.013727, 0.014135, 0.014246, 0.014312, 0.014477, 0.014986, 0.015029, 0.015451, 0.015577, 0.01598, 0.016148, 0.016816, 0.016908, 0.01693, 0.017841, 0.017899, 0.018239, 0.018283, 0.018562, 0.018713, 0.018728, 0.018834, 0.019045, 0.019347, 0.019428, 0.019613, 0.019797, 0.019887, 0.019971, 0.020336, 0.020716, 0.020911, 0.021014, 0.021401, 0.021746, 0.022209, 0.023104, 0.023149, 0.023209, 0.023214, 0.023369, 0.023613, 0.023632, 0.023877, 0.023962, 0.02441, 0.024595, 0.024639, 0.024852, 0.024918, 0.024929, 0.025077, 0.025355, 0.025537, 0.025821, 0.025903, 0.026033, 0.026098, 0.026269, 0.026292, 0.026362, 0.026624, 0.026675, 0.026763, 0.026992, 0.026999, 0.027487, 0.027665, 0.028279, 0.028333, 0.028656, 0.028955, 0.029403, 0.029487, 0.029523, 0.029581, 0.029839, 0.030282, 0.030345, 0.030815, 0.031136, 0.031806, 0.031864, 0.031894, 0.032011, 0.032018, 0.032385, 0.032494, 0.032634, 0.033385, 0.033951, 0.034026, 0.034056, 0.035011, 0.035314, 0.035506, 0.035636, 0.035821, 0.035945, 0.036528, 0.036628, 0.036963, 0.037082, 0.037118, 0.037513, 0.037518, 0.037935, 0.038171, 0.038548, 0.03855, 0.038641, 0.038956, 0.039065, 0.039362, 0.039397, 0.039446, 0.039542, 0.039589, 0.039635, 0.039822, 0.040136, 0.040334, 0.040966, 0.041167, 0.041186, 0.042103, 0.042637, 0.042642, 0.042933, 0.042952, 0.043395, 0.043785, 0.043875, 0.044335, 0.044599, 0.045835, 0.045965, 0.046287, 0.046512, 0.046527, 0.047241, 0.047245, 0.047913, 0.049002, 0.049936, 0.050012, 0.050068, 0.050079, 0.050739, 0.050863, 0.050944, 0.051028, 0.051343, 0.051741, 0.05194, 0.051977, 0.051987, 0.052338, 0.05237, 0.052411, 0.052629, 0.053407, 0.053921, 0.0545, 0.054636, 0.054643, 0.054876, 0.05556, 0.055583, 0.056178, 0.056451, 0.056567, 0.056664, 0.056761, 0.056835, 0.057505, 0.057717, 0.057866, 0.057979, 0.058272, 0.058287, 0.058697, 0.058917, 0.059083, 0.059407, 0.059796, 0.060225, 0.060667, 0.060694, 0.060788, 0.061068, 0.06141, 0.06188, 0.062126, 0.062616, 0.062624, 0.063575, 0.063702, 0.063788, 0.063804, 0.063941, 0.06397, 0.064313, 0.06468, 0.064711, 0.065283, 0.065778, 0.06606, 0.066135, 0.06633, 0.066867, 0.067396, 0.067591, 0.067712, 0.068524, 0.068741, 0.068921, 0.069043, 0.069208, 0.06922, 0.069806, 0.069856, 0.070001, 0.07057, 0.070665, 0.070768, 0.070784, 0.070828, 0.070989, 0.071295, 0.071817, 0.071873, 0.072344, 0.072405, 0.072672, 0.072741, 0.072906, 0.073089, 0.074331, 0.074565, 0.074926, 0.075247, 0.075288, 0.07544, 0.075688, 0.076606, 0.076688, 0.078011, 0.078405, 0.078427, 0.078605, 0.07879, 0.078859, 0.078974, 0.07898, 0.079498, 0.079836, 0.080227, 0.080781, 0.080958, 0.080971, 0.08102, 0.08159, 0.081709, 0.082275, 0.082529, 0.08263, 0.083464, 0.0837, 0.083894, 0.08412, 0.084387, 0.084437, 0.084608, 0.084721, 0.085175, 0.085327, 0.085983, 0.086503, 0.086589, 0.086591, 0.086599, 0.086653, 0.087526, 0.087748, 0.08806, 0.08896, 0.089266, 0.08929, 0.089593, 0.089754, 0.090034, 0.090485, 0.091099, 0.091129, 0.091342, 0.091475, 0.091571, 0.091902, 0.092048, 0.092164, 0.092234, 0.092366, 0.092822, 0.092891, 0.093761, 0.094646, 0.095276, 0.095391, 0.095475, 0.095486, 0.095579, 0.095596, 0.095783, 0.09613, 0.096186, 0.096187, 0.09628, 0.096499, 0.096955, 0.096977, 0.097268, 0.097314, 0.097423, 0.097442, 0.09746, 0.097477, 0.097484, 0.097572, 0.097826, 0.098101, 0.098157, 0.098212, 0.098462, 0.098718, 0.098957, 0.099535, 0.099956, 0.099997, 0.100131, 0.100176, 0.100623, 0.102083, 0.102123, 0.102283, 0.102443, 0.102605, 0.102847, 0.103052, 0.103839, 0.103979, 0.104873, 0.104907, 0.105088, 0.105204, 0.105224, 0.105967, 0.106317, 0.10635, 0.106643, 0.107273, 0.107493, 0.107553, 0.10792, 0.108994, 0.109381, 0.10948, 0.109933, 0.110225, 0.110295, 0.111104, 0.111175, 0.111266, 0.111717, 0.112681, 0.112918, 0.113132, 0.113272, 0.113287, 0.113387, 0.113786, 0.113909, 0.113946, 0.114182, 0.11428, 0.114327, 0.114868, 0.114907, 0.115168, 0.115564, 0.115981, 0.116103, 0.116537, 0.117044, 0.117795, 0.11791, 0.117964, 0.118314, 0.118325, 0.119289, 0.119687, 0.119738, 0.120092, 0.120301, 0.120795, 0.121095, 0.121233, 0.121522, 0.121631, 0.122049, 0.122123, 0.122275, 0.122502, 0.122618, 0.122661, 0.122801, 0.12301, 0.12341, 0.12364, 0.123724, 0.124523, 0.124635, 0.124908, 0.124951, 0.125052, 0.125348, 0.125752, 0.126425, 0.126519, 0.126611, 0.126618, 0.127197, 0.127249, 0.127965, 0.128064, 0.12811, 0.128292, 0.128521, 0.128847, 0.128975, 0.129384, 0.129494, 0.129766, 0.130159, 0.130221, 0.130514, 0.130693, 0.130708, 0.132228, 0.132833, 0.132972, 0.133034, 0.133315, 0.13342, 0.133693, 0.134163, 0.134204, 0.134722, 0.134856, 0.135616, 0.135661, 0.135824, 0.135887, 0.136078, 0.136086, 0.136395, 0.136664, 0.136847, 0.136951, 0.137345, 0.137582, 0.137684, 0.138307, 0.139076, 0.139122, 0.139367, 0.140001, 0.140095, 0.140191, 0.140678, 0.140774, 0.14124, 0.141567, 0.142269, 0.142539, 0.142783, 0.142997, 0.14307, 0.143203, 0.143349, 0.143694, 0.144234, 0.144236, 0.144364, 0.144385, 0.14439, 0.145044, 0.145211, 0.145299, 0.145553, 0.145571, 0.145947, 0.146658, 0.147697, 0.147724, 0.148274, 0.149596, 0.150149, 0.150275, 0.15043, 0.150665, 0.151864, 0.152075, 0.152227, 0.152232, 0.152598, 0.152669, 0.153212, 0.153437, 0.15346, 0.153495, 0.155049, 0.155119, 0.155188, 0.155716, 0.155918, 0.156005, 0.156203, 0.15693, 0.157693, 0.158067, 0.159179, 0.159442, 0.159792, 0.159829, 0.16213, 0.162362, 0.162443, 0.162705, 0.163034, 0.16345, 0.163657, 0.163767, 0.163802, 0.163909, 0.16412, 0.164488, 0.164743, 0.165387, 0.165414, 0.165418, 0.16569, 0.165939, 0.166064, 0.166265, 0.166719, 0.167065, 0.167081, 0.16749, 0.167726, 0.167947, 0.168021, 0.168489, 0.168621, 0.168932, 0.169117, 0.169231, 0.169595, 0.169598, 0.169723, 0.169882, 0.170201, 0.170812, 0.171038, 0.171198, 0.171297, 0.171368, 0.171729, 0.172034, 0.172127, 0.17284, 0.173052, 0.173157, 0.173694, 0.173989, 0.17456, 0.17477, 0.174781, 0.174786, 0.174927, 0.175063, 0.175137, 0.175259, 0.176137, 0.177535, 0.177942, 0.178414, 0.178539, 0.180252, 0.180931, 0.181531, 0.182239, 0.182655, 0.182938, 0.183119, 0.183273, 0.183387, 0.184024, 0.184916, 0.185489, 0.18552, 0.186088, 0.186184, 0.186499, 0.187585, 0.187595, 0.187667, 0.187927, 0.188401, 0.188684, 0.188691, 0.188926, 0.189089, 0.18913, 0.189226, 0.189437, 0.190634, 0.190961, 0.191243, 0.191282, 0.191751, 0.191779, 0.192175, 0.192314, 0.192494, 0.192528, 0.192604, 0.192732, 0.19294, 0.193385, 0.193711, 0.195052, 0.195408, 0.195653, 0.195888, 0.195958, 0.19673, 0.196843, 0.198381, 0.198471, 0.198602, 0.198734, 0.19913, 0.199582, 0.199755, 0.20034, 0.20066, 0.201382, 0.201387, 0.20186, 0.203795, 0.204411, 0.204419, 0.204583, 0.205038, 0.205063, 0.205115, 0.205322, 0.20647, 0.207336, 0.207345, 0.207734, 0.20818, 0.208761, 0.208771, 0.209225, 0.209453, 0.209457, 0.209787, 0.21015, 0.210351, 0.210494, 0.211015, 0.211285, 0.212001, 0.212522, 0.212564, 0.213125, 0.213311, 0.213904, 0.214684, 0.215135, 0.215433, 0.215786, 0.217073, 0.217132, 0.217273, 0.218694, 0.220337, 0.220953, 0.221067, 0.221083, 0.221773, 0.221896, 0.222169, 0.222399, 0.222516, 0.224389, 0.224617, 0.225185, 0.225245, 0.225403, 0.225692, 0.226371, 0.226812, 0.227094, 0.227459, 0.227468, 0.227621, 0.227983, 0.228892, 0.229033, 0.229343, 0.229629, 0.229765, 0.231521, 0.233172, 0.233297, 0.23345, 