{"sigma_r": null, "sigma_i": 1.8292, "m": 4, "seed": 2175245859, "n_k": {"1": 4263, "2": 916, "3": 161, "4": 22, "5": 6, "6+": 0}, "dlogr": [0.00036, 0.000588, 0.000735, 0.000794, 0.001303, 0.001303, 0.001427, 0.001864, 0.001882, 0.001933, 0.002188, 0.002449, 0.002469, 0.002666, 0.002891, 0.003495, 0.003528, 0.003995, 0.004023, 0.004395, 0.004533, 0.004639, 0.004752, 0.005283, 0.005406, 0.005424, 0.005446, 0.005507, 0.005594, 0.0058, 0.0064, 0.006428, 0.006589, 0.006888, 0.007041, 0.007407, 0.008316, 0.008324, 0.008342, 0.008394, 0.008536, 0.008683, 0.008808, 0.009132, 0.009428, 0.009507, 0.00958, 0.009685, 0.009753, 0.009765, 0.009789, 0.010267, 0.01061, 0.010775, 0.011365, 0.011603, 0.011766, 0.011848, 0.011996, 0.012035, 0.012156, 0.012245, 0.012299, 0.012487, 0.012625, 0.01265, 0.012793, 0.013134, 0.014458, 0.014689, 0.014793, 0.014802, 0.015253, 0.015519, 0.015523, 0.015646, 0.015749, 0.015881, 0.015963, 0.016202, 0.016403, 0.01645, 0.016989, 0.017273, 0.017669, 0.017889, 0.0181, 0.018447, 0.018496, 0.019398, 0.020649, 0.020678, 0.02098, 0.021059, 0.022049, 0.023077, 0.023122, 0.023406, 0.024277, 0.025258, 0.026151, 0.027059, 0.027383, 0.027453, 0.027947, 0.028673, 0.028773, 0.028951, 0.029253, 0.029563, 0.029795, 0.030467, 0.030703, 0.031023, 0.031131, 0.031183, 0.031413, 0.031689, 0.03174, 0.032822, 0.03285, 0.032987, 0.033236, 0.033919, 0.034835, 0.0349, 0.034903, 0.036007, 0.036048, 0.036284, 0.036299, 0.03631, 0.036322, 0.036502, 0.036647, 0.036694, 0.03731, 0.037713, 0.038181, 0.038437, 0.038507, 0.038516, 0.03866, 0.038715, 0.039068, 0.039129, 0.039152, 0.039619, 0.039808, 0.039927, 0.040096, 0.040524, 0.040651, 0.040831, 0.041211, 0.041472, 0.041763, 0.041828, 0.042242, 0.042387, 0.043134, 0.043303, 0.043534, 0.043793, 0.043955, 0.044197, 0.044239, 0.044332, 0.044657, 0.044758, 0.0452, 0.045305, 0.045311, 0.045451, 0.045783, 0.045788, 0.045875, 0.045981, 0.046108, 0.046826, 0.046838, 0.046904, 0.047307, 0.04738, 0.047517, 0.047752, 0.04778, 0.048949, 0.049019, 0.049128, 0.049352, 0.04961, 0.049654, 0.049825, 0.050087, 0.05017, 0.050343, 0.050528, 0.050587, 0.050799, 0.051341, 0.051505, 0.051582, 0.051671, 0.051911, 0.052034, 0.052332, 0.052439, 0.052967, 0.053245, 0.053356, 0.053807, 0.054274, 0.054512, 0.054626, 0.055163, 0.055562, 0.056124, 0.056265, 0.056271, 0.056313, 0.056411, 0.056424, 0.056783, 0.056945, 0.057413, 0.057469, 0.057593, 0.057662, 0.057727, 0.058003, 0.058224, 0.058274, 0.058288, 0.058397, 0.058481, 0.058559, 0.058847, 0.059118, 0.059182, 0.059283, 0.059329, 0.059561, 0.059735, 0.059863, 0.060282, 0.060312, 0.060346, 0.060381, 0.060484, 0.060768, 0.06111, 0.061302, 0.061595, 0.061774, 0.062291, 0.062735, 0.063169, 0.063235, 0.063278, 0.063543, 0.063558, 0.063596, 0.063692, 0.063937, 0.064017, 0.064415, 0.064507, 0.064613, 0.064701, 0.064991, 0.065007, 0.065027, 0.065214, 0.065935, 0.065973, 0.066223, 0.066319, 0.066445, 0.066601, 0.06667, 0.067805, 0.068361, 0.068896, 0.06892, 0.069116, 0.06932, 0.069716, 0.070753, 0.071347, 0.071351, 0.071502, 0.071584, 0.071676, 0.071847, 0.071907, 0.072067, 0.07209, 0.072245, 0.072603, 0.07385, 0.074564, 0.074759, 0.075429, 0.075467, 0.076059, 0.076227, 0.076236, 0.076294, 0.076336, 0.076881, 0.077262, 0.077535, 0.077696, 0.07846, 0.078494, 0.078828, 0.078918, 0.079039, 0.079271, 0.0799, 0.079983, 0.079993, 0.08014, 0.080203, 0.080307, 0.080448, 0.080645, 0.080857, 0.081125, 0.081194, 0.081298, 0.081316, 0.081526, 0.08154, 0.081652, 0.081667, 0.081801, 0.081813, 0.081819, 0.082101, 0.082136, 0.082496, 0.082647, 0.082662, 0.082905, 0.083063, 0.083163, 0.083527, 0.083583, 0.083655, 0.083997, 0.08406, 0.0844, 0.084468, 0.084923, 0.085743, 0.085986, 0.086342, 0.086828, 0.086978, 0.087047, 0.087119, 0.088049, 0.088049, 0.088158, 0.088366, 0.088391, 0.088421, 0.088748, 0.088754, 0.08916, 0.090252, 0.090295, 0.090407, 0.090576, 0.091698, 0.091741, 0.092004, 0.092249, 0.093647, 0.093798, 0.093918, 0.094112, 0.094463, 0.094645, 0.095005, 0.095232, 0.095694, 0.096788, 0.097175, 0.097204, 0.09723, 0.097238, 0.097671, 0.098213, 0.098292, 0.098452, 0.09862, 0.099118, 0.099307, 0.099452, 0.099636, 0.099724, 0.099963, 0.100078, 0.100136, 0.100244, 0.100275, 0.100312, 0.100575, 0.10084, 0.10086, 0.100905, 0.100934, 0.101704, 0.102692, 0.103256, 0.103277, 0.103626, 0.104039, 0.104243, 0.10497, 0.105, 0.105005, 0.105427, 0.106716, 0.106794, 0.106927, 0.107078, 0.10725, 0.107409, 0.108078, 0.108114, 0.108774, 0.109144, 0.109637, 0.11054, 0.110727, 0.111207, 0.111292, 0.111516, 0.111743, 0.111942, 0.112009, 0.112177, 0.112488, 0.112964, 0.113206, 0.114365, 0.114905, 0.114934, 0.115816, 0.116642, 0.118067, 0.118272, 0.118445, 0.118476, 0.118902, 0.119042, 0.119922, 0.12034, 0.120645, 0.120825, 0.120996, 0.122007, 0.122102, 0.122144, 0.122732, 0.123123, 0.123162, 0.12341, 0.123687, 0.123717, 0.123717, 0.124426, 0.125645, 0.125975, 0.12669, 0.126983, 0.127208, 0.127259, 0.127512, 0.127708, 0.128144, 0.128239, 0.128649, 0.128831, 0.128972, 0.129042, 0.12906, 0.129242, 0.129573, 0.129727, 0.129759, 0.130057, 0.130137, 0.130611, 0.13119, 0.131305, 0.131601, 0.131729, 0.131875, 0.13194, 0.132157, 0.132349, 0.132558, 0.132646, 0.13272, 0.132896, 0.1332, 0.134021, 0.134155, 0.13418, 0.134513, 0.134853, 0.135038, 0.13611, 0.136356, 0.136662, 0.136881, 0.137037, 0.137277, 0.137707, 0.13785, 0.13839, 0.138623, 0.138692, 0.138802, 0.139031, 0.139437, 0.139473, 0.139565, 0.13979, 0.139895, 0.139923, 0.140712, 0.140763, 0.140887, 0.14196, 0.142028, 0.142345, 0.142371, 0.14256, 0.143939, 0.14416, 0.144329, 0.144348, 0.144357, 0.144452, 0.145106, 0.145561, 0.145584, 0.145792, 0.146405, 0.146442, 0.147491, 0.147797, 0.147937, 0.148114, 0.148185, 0.148445, 0.148685, 0.148741, 0.149144, 0.149256, 0.14958, 0.149642, 0.149833, 0.149856, 0.150065, 0.150254, 0.150435, 0.150635, 0.150896, 0.150936, 0.151133, 0.152281, 0.152666, 0.152944, 0.153189, 0.153223, 0.153769, 0.154404, 0.154522, 0.154688, 0.155049, 0.155287, 0.155288, 0.155372, 0.155446, 0.156517, 0.156818, 0.157244, 0.157293, 0.157784, 0.157939, 0.158207, 0.158278, 0.158366, 0.159246, 0.159328, 0.159977, 0.160348, 0.160866, 0.160881, 0.16107, 0.161321, 0.161393, 0.161581, 0.162199, 0.162294, 0.162577, 0.163279, 0.164099, 0.164297, 0.164643, 0.164935, 0.165597, 0.165844, 0.166317, 0.166712, 0.166787, 0.166855, 0.16785, 0.168553, 0.168772, 0.1689, 0.169274, 0.169387, 0.169418, 0.170116, 0.17014, 0.170194, 0.170935, 0.171073, 0.171156, 0.172296, 0.172384, 0.172557, 0.17276, 0.173639, 0.173882, 0.174002, 0.174329, 0.175024, 0.17541, 0.175725, 0.17615, 0.176427, 0.177626, 0.177929, 0.178136, 0.178171, 0.178273, 0.179496, 0.179717, 0.179726, 0.179727, 0.17978, 0.180316, 0.180567, 0.180829, 0.181503, 0.181978, 0.182554, 0.183129, 0.183168, 0.183282, 0.183369, 0.184064, 0.184105, 0.18423, 0.184468, 0.185416, 0.185941, 0.185972, 0.18648, 0.186564, 0.188454, 0.18908, 0.189201, 0.189378, 0.19046, 0.190794, 0.191112, 0.191631, 0.191957, 0.192077, 0.192386, 0.192794, 0.193071, 0.194769, 0.194957, 0.19595, 0.196153, 0.196314, 0.196749, 0.197555, 0.199197, 0.199369, 0.200104, 0.200217, 0.20126, 0.20152, 0.201619, 0.202222, 0.202668, 0.202757, 0.202909, 0.203065, 0.20415, 0.204373, 0.205288, 0.205617, 0.205894, 0.206102, 0.206501, 0.2066, 0.20713, 0.207882, 0.208548, 0.209058, 0.209362, 0.209521, 0.209788, 0.210177, 0.210806, 0.211285, 0.211867, 0.21191, 0.213389, 0.213482, 0.213672, 0.214243, 0.215113, 0.215273, 0.21592, 0.215928, 0.216491, 0.216649, 0.216962, 0.217035, 0.21718, 0.217342, 0.217431, 0.217899, 0.218776, 0.218882, 0.218997, 0.219253, 0.21998, 0.220041, 0.221182, 0.221822, 0.222498, 0.222657, 0.222727, 0.222872, 0.223462, 0.224245, 0.22447, 0.225071, 0.225983, 0.226047, 0.226727, 0.226894, 0.227134, 0.227138, 0.227508, 0.22769, 0.228157, 0.228181, 0.228356, 0.228385, 0.229206, 0.229687, 0.229924, 0.230349, 0.230361, 0.230793, 0.23083, 0.231061, 0.231353, 0.231378, 0.23291, 0.233305, 0.233438, 0.234124, 0.235236, 0.235409, 0.236143, 0.236625, 0.236657, 0.236673, 