{"sigma_r": 0.32, "sigma_i": 7.9, "m": 2, "seed": 2013412179, "n_k": {"1": 5731, "2": 551, "3": 45, "4": 1, "5": 0, "6+": 0}, "dlogr": [0.0, 0.0, 0.0, 0.0, 0.0, 0.0, 0.0, 0.0, 0.0, 0.0003, 0.0003, 0.000421, 0.000452, 0.000822, 0.001018, 0.001192, 0.001322, 0.001358, 0.001445, 0.00149, 0.001741, 0.001764, 0.001919, 0.00201, 0.002457, 0.002594, 0.002628, 0.00273, 0.002958, 0.003067, 0.003368, 0.003532, 0.003741, 0.004023, 0.004034, 0.004416, 0.004528, 0.005114, 0.005193, 0.005745, 0.005796, 0.005859, 0.006515, 0.006581, 0.006917, 0.007091, 0.007208, 0.007251, 0.007359, 0.007488, 0.007619, 0.007657, 0.00768, 0.007823, 0.00795, 0.008285, 0.008383, 0.00844, 0.008579, 0.008816, 0.009101, 0.009228, 0.009309, 0.009406, 0.009692, 0.009708, 0.009788, 0.009898, 0.010181, 0.010242, 0.010348, 0.01081, 0.010956, 0.010979, 0.010997, 0.010999, 0.011054, 0.011284, 0.011581, 0.011681, 0.011699, 0.011727, 0.011888, 0.01191, 0.011913, 0.012114, 0.012222, 0.012402, 0.012559, 0.013066, 0.013352, 0.013355, 0.01337, 0.013529, 0.013657, 0.013751, 0.013902, 0.014052, 0.01452, 0.014844, 0.014913, 0.015708, 0.015887, 0.01596, 0.016003, 0.016294, 0.01655, 0.016784, 0.016974, 0.017076, 0.01714, 0.017337, 0.017689, 0.017923, 0.018024, 0.018156, 0.018461, 0.01853, 0.018679, 0.018697, 0.019041, 0.019064, 0.019192, 0.019421, 0.019648, 0.020214, 0.020218, 0.020309, 0.020321, 0.020479, 0.020608, 0.0213, 0.0214, 0.021907, 0.022009, 0.022027, 0.022034, 0.022038, 0.022297, 0.022345, 0.022556, 0.022687, 0.022804, 0.022909, 0.023, 0.023275, 0.023342, 0.023739, 0.023847, 0.024157, 0.02449, 0.024567, 0.024607, 0.025189, 0.0252, 0.025392, 0.025584, 0.025696, 0.026138, 0.026358, 0.026362, 0.026428, 0.026687, 0.026998, 0.027147, 0.027316, 0.027323, 0.027579, 0.027609, 0.027703, 0.027854, 0.028052, 0.028129, 0.028277, 0.028315, 0.028828, 0.029065, 0.029108, 0.029357, 0.029474, 0.029736, 0.030027, 0.030155, 0.030254, 0.030803, 0.030841, 0.031023, 0.031164, 0.031328, 0.031334, 0.031638, 0.031647, 0.031938, 0.032619, 0.033083, 0.033247, 0.033332, 0.033893, 0.033969, 0.034073, 0.034168, 0.034231, 0.034585, 0.034664, 0.034887, 0.035149, 0.035161, 0.035184, 0.035664, 0.035705, 0.036117, 0.036186, 0.036258, 0.036334, 0.036495, 0.036919, 0.036942, 0.036963, 0.03716, 0.037536, 0.037731, 0.03785, 0.037879, 0.038089, 0.03833, 0.038622, 0.038974, 0.0391, 0.039358, 0.039631, 0.039829, 0.039839, 0.040335, 0.040342, 0.040355, 0.040512, 0.040882, 0.040943, 0.04123, 0.041325, 0.04152, 0.041621, 0.042459, 0.042792, 0.042821, 0.043196, 0.04375, 0.044043, 0.044061, 0.044986, 0.045086, 0.045225, 0.045483, 0.046043, 0.046111, 0.046374, 0.04662, 0.046671, 0.046748, 0.046764, 0.046934, 0.046982, 0.047033, 0.047122, 0.047323, 0.0475, 0.047976, 0.048336, 0.048722, 0.048947, 0.050029, 0.050041, 0.050098, 0.050407, 0.050636, 0.050679, 0.050966, 0.05106, 0.051148, 0.051327, 0.051565, 0.051604, 0.051687, 0.05234, 0.052554, 0.053144, 0.053445, 0.053642, 0.053708, 0.053764, 0.053907, 0.053932, 0.054119, 0.054279, 0.054713, 0.054842, 0.054931, 0.055097, 0.055434, 0.055552, 0.0559, 0.056035, 0.056293, 0.056314, 0.056543, 0.056678, 0.056705, 0.057044, 0.057101, 0.057237, 0.057351, 0.05744, 0.057519, 0.057606, 0.057784, 0.057836, 0.057986, 0.058146, 0.058294, 0.058357, 0.058776, 0.060314, 0.06035, 0.060745, 0.06168, 0.061696, 0.062318, 0.062392, 0.063052, 0.063163, 0.063243, 0.06355, 0.063863, 0.064698, 0.064973, 0.065071, 0.066356, 0.066525, 0.066538, 0.066574, 0.066595, 0.066672, 0.0669, 0.067412, 0.067912, 0.068453, 0.069088, 0.069211, 0.069875, 0.070468, 0.07067, 0.070801, 0.071167, 0.071173, 0.071621, 0.071645, 0.071828, 0.071939, 0.072052, 0.072253, 0.072603, 0.072704, 0.072715, 0.073483, 0.073518, 0.07388, 0.074804, 0.074863, 0.07549, 0.075701, 0.075864, 0.07609, 0.07636, 0.077252, 0.077308, 0.077359, 0.078128, 0.078588, 0.079165, 0.080111, 0.080879, 0.081009, 0.081178, 0.081184, 0.082205, 0.082437, 0.082763, 0.083037, 0.083229, 0.083811, 0.084737, 0.086257, 0.086277, 0.087133, 0.087234, 0.087307, 0.087416, 0.088485, 0.088683, 0.088796, 0.089437, 0.08968, 0.089733, 0.090279, 0.090739, 0.091017, 0.091583, 0.091674, 0.091695, 0.091863, 0.09239, 0.092993, 0.093767, 0.094213, 0.094817, 0.094829, 0.094941, 0.095036, 0.095235, 0.095599, 0.095799, 0.095878, 0.09592, 0.09622, 0.096413, 0.096419, 0.096534, 0.09655, 0.096756, 0.09678, 0.097306, 0.097863, 0.098342, 0.099065, 0.099341, 0.101013, 0.101876, 0.102052, 0.102608, 0.103079, 0.103348, 0.103444, 0.103577, 0.104336, 0.105073, 0.105661, 0.105748, 0.106386, 0.107271, 0.107346, 0.107527, 0.107993, 0.109815, 0.110105, 0.110291, 0.111219, 0.111497, 0.111708, 0.111991, 0.11281, 0.113185, 0.113965, 0.115351, 0.115522, 0.115609, 0.11588, 0.116185, 0.116716, 0.1184, 0.11923, 0.119849, 0.119979, 0.121189, 0.121684, 0.122898, 0.124562, 0.125479, 0.126341, 0.127443, 0.128229, 0.129471, 0.131308, 0.131748, 0.132366, 0.132863, 0.133708, 0.135329, 0.137162, 0.139534, 0.140774, 0.141529, 0.141656, 0.141914, 0.142507, 0.142517, 0.14254, 0.142852, 0.143188, 0.145229, 0.145869, 0.146725, 0.147769, 0.148355, 0.150283, 0.150672, 0.151559, 0.153006, 0.153498, 0.155238, 0.155487, 0.155987, 0.156924, 0.1596, 0.159722, 0.164799, 0.164857, 0.165903, 0.167164, 0.167577, 0.16776, 0.168332, 0.168554, 0.169105, 0.171669, 0.17199, 0.176826, 0.176975, 0.177258, 0.181639, 0.18457, 0.193241, 0.194474, 0.197249, 0.197783, 0.198361, 0.201844, 0.211532, 0.214338, 0.214646, 0.216886, 0.221874, 0.224312, 0.230397, 0.236065, 0.24991, 0.258827, 0.260402, 0.264689, 0.323684, 0.351873, 0.447102, 0.46432, 0.468481, 0.485369, 0.507154, 0.521674, 0.560632, 0.564653, 0.564775, 0.575405, 0.577281, 0.578788, 0.581372, 0.59222, 0.609188, 0.626964, 0.627872, 0.628839, 0.630425, 0.63643, 0.638308, 0.638403, 0.639927, 0.654782, 0.665793, 0.680135, 0.680387, 0.680552, 0.684084, 0.685029, 0.687841, 0.695174, 0.698092, 0.706163, 0.707934, 0.710991, 0.715803, 0.716624, 0.717775, 0.718283, 0.721401, 0.724445, 0.744379, 0.754167, 0.758232, 0.759176, 0.76403, 0.765299, 0.765427, 0.775097, 0.776822, 0.776968, 0.783215, 0.787084, 0.800765, 0.804184, 0.806861, 0.809988, 0.810169, 0.829743, 0.832406, 0.836274, 0.838933, 0.849653, 0.85275, 0.85302, 0.855824, 0.862926, 0.872446, 0.873129, 0.881094, 0.890387, 0.893308, 0.896212, 0.896593, 0.908804, 0.921514, 0.927454, 0.933908, 0.936503, 0.937026, 0.93816, 0.953811, 0.957455, 0.966639, 0.975361, 0.9834, 0.983476, 0.986872, 1.038185, 1.059736, 1.085112, 1.132611, 1.143718], "monotonicity": -0.5288888888888889, "n_systems": 6328, "n_planets": 6972, "n_targets": 137493}