{"sigma_r": 0.2506, "sigma_i": 2.9914, "m": 2, "seed": 4060928180, "n_k": {"1": 4585, "2": 834, "3": 146, "4": 16, "5": 2, "6+": 0}, "dlogr": [0.0, 0.0, 0.0, 0.0, 0.0, 0.0, 0.0, 0.0, 0.0, 0.0, 8.4e-05, 0.000185, 0.000265, 0.000349, 0.000351, 0.000544, 0.000668, 0.000783, 0.000804, 0.000809, 0.001043, 0.001073, 0.001107, 0.001218, 0.001241, 0.001487, 0.001659, 0.001669, 0.001808, 0.001856, 0.001901, 0.002088, 0.00211, 0.002158, 0.002171, 0.002367, 0.002479, 0.002567, 0.002656, 0.002676, 0.003046, 0.00312, 0.003176, 0.003229, 0.003283, 0.003302, 0.00341, 0.003452, 0.003511, 0.003517, 0.003573, 0.003598, 0.003639, 0.003645, 0.003711, 0.003771, 0.003795, 0.004031, 0.00424, 0.004274, 0.004394, 0.004428, 0.004488, 0.004605, 0.004609, 0.004657, 0.00489, 0.00489, 0.00495, 0.005024, 0.005073, 0.005105, 0.005154, 0.005191, 0.005195, 0.00539, 0.005406, 0.005465, 0.005483, 0.005688, 0.005819, 0.0059, 0.005983, 0.006059, 0.006109, 0.006274, 0.006287, 0.006322, 0.006372, 0.006376, 0.006385, 0.006462, 0.006761, 0.006784, 0.006794, 0.007099, 0.007109, 0.007137, 0.007139, 0.007186, 0.007187, 0.007222, 0.007228, 0.007228, 0.007516, 0.007528, 0.007652, 0.007654, 0.007812, 0.007863, 0.007905, 0.007932, 0.007967, 0.008203, 0.008214, 0.008214, 0.008363, 0.008466, 0.00862, 0.00862, 0.008636, 0.008656, 0.008743, 0.008783, 0.008809, 0.008819, 0.00896, 0.008968, 0.009129, 0.009172, 0.009223, 0.009484, 0.009501, 0.009502, 0.009531, 0.009572, 0.009589, 0.009689, 0.009736, 0.009981, 0.01002, 0.010073, 0.010157, 0.01021, 0.010261, 0.010364, 0.010474, 0.010478, 0.010522, 0.010552, 0.010583, 0.010659, 0.010709, 0.010729, 0.010768, 0.010808, 0.010933, 0.01095, 0.010962, 0.011007, 0.011096, 0.011154, 0.011159, 0.011213, 0.0113, 0.01136, 0.011511, 0.011653, 0.011718, 0.011829, 0.011867, 0.011892, 0.012164, 0.012309, 0.012402, 0.012411, 0.012433, 0.012442, 0.012502, 0.012644, 0.013023, 0.013079, 0.013153, 0.013488, 0.01363, 0.013787, 0.013834, 0.013839, 0.013914, 0.014124, 0.014124, 0.014129, 0.014305, 0.014333, 0.014372, 0.014558, 0.014591, 0.014598, 0.014661, 0.014873, 0.014945, 0.015143, 0.015211, 0.015255, 0.015264, 0.0153, 0.015383, 0.015515, 0.015699, 0.015778, 0.015779, 0.015788, 0.015812, 0.015844, 0.015851, 0.015994, 0.016176, 0.016212, 0.016364, 0.016449, 0.016502, 0.016533, 0.016753, 0.016833, 0.016966, 0.016967, 0.017001, 0.017146, 0.017234, 0.017237, 0.017249, 0.017395, 0.017558, 0.017656, 0.017674, 0.017754, 0.017929, 0.01805, 0.018114, 0.018134, 0.018356, 0.018436, 0.018468, 0.018513, 0.018721, 0.01878, 0.018823, 0.018935, 0.018941, 0.018942, 0.018943, 0.018953, 0.018994, 0.019265, 0.019277, 0.019345, 0.019462, 0.019606, 0.019612, 0.019644, 0.019676, 0.019773, 0.0198, 0.019931, 0.019936, 0.019965, 0.020086, 0.020116, 0.020257, 0.020282, 0.020323, 0.020429, 0.020593, 0.020867, 0.020874, 0.020902, 0.020903, 0.020931, 0.021011, 0.021052, 0.021102, 0.021106, 0.021182, 0.021327, 0.02136, 0.021435, 0.021469, 0.021519, 0.021631, 0.021677, 0.021692, 0.021852, 0.022057, 0.022091, 0.022168, 0.022172, 0.0222, 0.022247, 0.022407, 0.02257, 0.022681, 0.022692, 0.022705, 0.022817, 0.02291, 0.023014, 0.023054, 0.023141, 0.023278, 0.023336, 0.023349, 0.023376, 0.023459, 0.023549, 0.023567, 0.023654, 0.023731, 0.023761, 0.023773, 0.023893, 0.023994, 0.024093, 0.024138, 0.024173, 0.024308, 0.024403, 0.024464, 0.024472, 0.024616, 0.024668, 0.0247, 0.024707, 0.024727, 0.024791, 0.024831, 0.024846, 0.024971, 0.025009, 0.025159, 0.025271, 0.025365, 0.025683, 0.025917, 0.025956, 0.025981, 0.026231, 0.026319, 0.026339, 0.026416, 0.026419, 0.026623, 0.026758, 0.026834, 0.026925, 0.026994, 0.027087, 0.027179, 0.027344, 0.027401, 0.027461, 0.027544, 0.027703, 0.027777, 0.027912, 0.027923, 0.027963, 0.028005, 0.02804, 0.028221, 0.028297, 0.0283, 0.028311, 0.028334, 0.028351, 0.028384, 0.028396, 0.028598, 0.028644, 0.028872, 0.028905, 0.029235, 0.029283, 0.029488, 0.0296, 0.029609, 0.029944, 0.030044, 0.030045, 0.030123, 0.030246, 0.030257, 0.030307, 0.030331, 0.030358, 0.030363, 0.030447, 0.030451, 0.030563, 0.030598, 0.030598, 0.030614, 0.030768, 0.030827, 0.030929, 0.030946, 0.030992, 0.031011, 0.031152, 0.031243, 0.031267, 0.031321, 0.031346, 0.031354, 0.031481, 0.031524, 0.031867, 0.031882, 0.03189, 0.031991, 0.032057, 0.032085, 0.03214, 0.032379, 0.032415, 0.032508, 0.032583, 0.03275, 0.032874, 0.032953, 0.033042, 0.033051, 0.033069, 0.033262, 0.033355, 0.033541, 0.033568, 0.033656, 0.033662, 0.033829, 0.033852, 0.034153, 0.034275, 0.034307, 0.034335, 0.034373, 0.034482, 0.034817, 0.034867, 0.035047, 0.035095, 0.035242, 0.035315, 0.035361, 0.035553, 0.035582, 0.035693, 0.035724, 0.035893, 0.036434, 0.036459, 0.036488, 0.036647, 0.036769, 0.036917, 0.037072, 0.037126, 0.037169, 0.037298, 0.037489, 0.037572, 0.037621, 0.037691, 0.037733, 0.037742, 0.037835, 0.037836, 0.037996, 0.038357, 0.038424, 0.038429, 0.038818, 0.038855, 0.038879, 0.038984, 0.039039, 0.03909, 0.039132, 0.039153, 0.039608, 0.039615, 0.039628, 0.039629, 0.039676, 0.039726, 0.039735, 0.039904, 0.040016, 0.040134, 0.04029, 0.040405, 0.040439, 0.040485, 0.040535, 0.040549, 0.040702, 0.041066, 0.041155, 0.041216, 0.041315, 0.041416, 0.041634, 0.041725, 0.041766, 0.042109, 0.042142, 0.042248, 0.042414, 0.042419, 0.042926, 0.042964, 0.043287, 0.043452, 0.043588, 0.043606, 0.043651, 0.043679, 0.04373, 0.04378, 0.043817, 0.043956, 0.043968, 0.044101, 0.04434, 0.044398, 0.044634, 0.044664, 0.044686, 0.044715, 0.044841, 0.045157, 0.045209, 0.045214, 0.045295, 0.045327, 0.045405, 0.045498, 0.045525, 0.04563, 0.04593, 0.04599, 0.046088, 0.046156, 0.046258, 0.046898, 0.047007, 0.047072, 0.04722, 0.047582, 0.047677, 0.047769, 0.047794, 0.047893, 0.047914, 0.047992, 0.048018, 0.048215, 0.048286, 0.048476, 0.048552, 0.048799, 0.049058, 0.049067, 0.049133, 0.049263, 0.049285, 0.04939, 0.049415, 0.049491, 0.049821, 0.049861, 0.049915, 0.049967, 0.050011, 0.050041, 0.05012, 0.050281, 0.050292, 0.050386, 0.050449, 0.050569, 0.050619, 0.050663, 0.050839, 0.050918, 0.051134, 0.051142, 0.051278, 0.051342, 0.051419, 0.051454, 0.051496, 0.051669, 0.051808, 0.05186, 0.051906, 0.051977, 0.05207, 0.052165, 0.052191, 0.052244, 0.052442, 0.052546, 0.052575, 0.052675, 0.052712, 0.052717, 0.05274, 0.052758, 0.05291, 0.053365, 0.053402, 0.053512, 0.053537, 0.053599, 0.053698, 0.053811, 0.053837, 0.053983, 0.054429, 0.054674, 0.054841, 0.055037, 0.05515, 0.055182, 0.05557, 0.05577, 0.056073, 0.056092, 0.056494, 0.056636, 0.056872, 0.05696, 0.057008, 0.057347, 0.057394, 0.057415, 0.057468, 0.057503, 0.057633, 0.057633, 0.057898, 0.057977, 0.057991, 0.058015, 0.058093, 0.058149, 0.058411, 0.058839, 0.058868, 0.059021, 0.059325, 0.059519, 0.059583, 0.060057, 0.060069, 0.060239, 0.060591, 0.060818, 0.061057, 0.061249, 0.061406, 0.061414, 0.061475, 0.061662, 0.061812, 0.061821, 0.061996, 0.061996, 0.062196, 0.06259, 0.062655, 0.062709, 0.063006, 0.063301, 0.063446, 0.063457, 0.063574, 0.063615, 0.06374, 0.063741, 0.063923, 0.064047, 0.064074, 0.064203, 0.064209, 0.064229, 0.064419, 0.064606, 0.064999, 0.065928, 0.066202, 0.066372, 0.066411, 0.066621, 0.067052, 0.067438, 0.067446, 0.067596, 0.067602, 0.067616, 0.067651, 0.067667, 0.067699, 0.068085, 0.068105, 0.068198, 0.068326, 0.06837, 0.068485, 0.068774, 0.068801, 0.068804, 0.069092, 0.069144, 0.069185, 0.069953, 0.070016, 0.070342, 0.070377, 0.0704, 0.07042, 0.07051, 0.070538, 0.070567, 0.071097, 0.071143, 0.071384, 0.071737, 0.071846, 0.071878, 0.07192, 0.072178, 0.072446, 0.072568, 0.072782, 0.072912, 0.073298, 0.073405, 0.073532, 0.073542, 0.073987, 0.074, 0.074165, 0.074219, 0.074431, 0.074465, 0.074551, 0.074582, 0.074808, 0.074861, 0.07521, 0.075371, 0.075426, 0.075444, 0.075461, 0.075489, 0.075495, 0.075736, 0.076246, 0.076382, 0.076643, 0.076818, 0.077129, 0.077434, 0.07744, 0.077513, 0.077544, 0.077956, 0.078088, 0.078217, 0.078228, 0.078541, 0.079201, 0.079654, 0.079702, 0.079759, 0.079922, 0.080096, 0.080101, 0.080186, 0.080222, 0.080251, 0.080263, 0.080403, 0.080435, 0.080507, 0.080563, 0.080713, 