{"sigma_r": 2.3939, "sigma_i": 8.0, "m": 6, "seed": 591953316, "n_k": {"1": 5535, "2": 529, "3": 29, "4": 1, "5": 0, "6+": 0}, "dlogr": [0.000204, 0.000472, 0.000925, 0.002202, 0.002326, 0.002466, 0.002873, 0.002883, 0.0029, 0.002979, 0.003084, 0.00359, 0.004141, 0.004694, 0.004699, 0.005076, 0.005928, 0.006073, 0.006358, 0.007386, 0.007486, 0.007648, 0.007699, 0.00869, 0.008817, 0.009035, 0.009155, 0.009696, 0.010574, 0.010912, 0.010967, 0.011769, 0.012255, 0.012509, 0.013763, 0.014628, 0.014692, 0.016057, 0.016737, 0.01756, 0.017626, 0.017697, 0.017776, 0.018488, 0.01894, 0.019344, 0.020057, 0.020588, 0.020598, 0.020643, 0.020718, 0.020723, 0.021264, 0.021643, 0.023043, 0.023345, 0.023915, 0.02486, 0.025026, 0.025272, 0.026135, 0.026916, 0.02765, 0.028145, 0.029671, 0.030686, 0.03072, 0.031006, 0.031804, 0.032378, 0.03309, 0.033644, 0.034523, 0.034552, 0.035217, 0.035361, 0.036432, 0.036894, 0.036961, 0.037272, 0.038129, 0.03852, 0.03864, 0.038994, 0.039209, 0.03955, 0.040357, 0.041126, 0.041526, 0.041852, 0.042095, 0.042748, 0.042832, 0.044839, 0.04493, 0.046156, 0.046198, 0.04633, 0.046682, 0.046729, 0.047995, 0.048313, 0.048374, 0.04918, 0.049213, 0.051481, 0.051873, 0.051945, 0.054053, 0.054152, 0.054542, 0.055043, 0.055183, 0.055574, 0.055835, 0.05634, 0.056748, 0.057244, 0.057641, 0.057938, 0.058325, 0.05861, 0.060204, 0.060409, 0.061026, 0.061306, 0.061481, 0.062964, 0.06317, 0.064352, 0.0644, 0.065635, 0.067206, 0.067349, 0.067447, 0.069079, 0.069209, 0.070011, 0.071012, 0.071215, 0.071217, 0.07135, 0.071831, 0.072449, 0.073169, 0.073409, 0.073607, 0.073622, 0.073794, 0.074092, 0.074633, 0.075621, 0.075776, 0.076042, 0.076296, 0.077223, 0.077315, 0.077323, 0.077407, 0.078475, 0.078863, 0.079034, 0.081445, 0.081963, 0.082449, 0.082931, 0.082951, 0.083131, 0.08365, 0.08474, 0.086139, 0.086403, 0.08699, 0.087708, 0.087874, 0.088073, 0.088608, 0.088865, 0.089539, 0.08989, 0.090992, 0.091798, 0.092984, 0.093667, 0.094881, 0.09499, 0.095883, 0.09718, 0.099487, 0.099527, 0.100335, 0.100714, 0.101217, 0.101316, 0.102206, 0.103236, 0.103539, 0.104342, 0.104828, 0.105924, 0.106309, 0.108214, 0.10953, 0.110068, 0.110146, 0.110489, 0.110509, 0.110703, 0.111257, 0.111513, 0.112722, 0.112902, 0.113873, 0.114271, 0.114536, 0.115144, 0.115415, 0.115912, 0.117583, 0.119127, 0.120532, 0.121722, 0.122381, 0.122679, 0.123307, 0.12369, 0.12508, 0.125885, 0.126067, 0.126175, 0.126841, 0.12698, 0.12775, 0.128337, 0.128658, 0.130205, 0.132401, 0.134119, 0.134348, 0.13549, 0.13586, 0.136682, 0.137845, 0.140441, 0.140914, 0.141701, 0.1434, 0.145701, 0.146091, 0.146466, 0.147008, 0.147529, 0.147868, 0.148948, 0.148971, 0.149128, 0.149491, 0.149989, 0.151017, 0.151595, 0.152324, 0.152689, 0.153268, 0.153404, 0.153746, 0.155582, 0.157964, 0.158168, 0.158181, 0.159009, 0.15922, 0.159583, 0.159723, 0.160177, 0.160256, 0.160973, 0.161705, 0.162315, 0.162357, 0.164113, 0.16485, 0.165151, 0.16605, 0.166214, 0.167318, 0.167959, 0.168078, 0.168947, 0.169154, 0.169493, 0.170322, 0.17046, 0.171993, 0.172261, 0.173851, 0.174535, 0.175977, 0.17609, 0.176149, 0.17666, 0.177542, 0.177617, 0.177802, 0.177916, 0.182019, 0.185457, 0.186036, 0.186137, 0.186368, 0.186661, 0.187431, 0.189179, 0.189486, 0.190751, 0.191482, 0.192403, 0.19444, 0.194873, 0.196941, 0.197091, 0.197702, 0.198024, 0.200142, 0.200401, 0.200583, 0.201092, 0.201283, 0.201706, 0.202042, 0.202086, 0.202088, 0.202458, 0.202544, 0.203581, 0.205292, 0.206382, 0.206671, 0.20733, 0.207486, 0.208633, 0.209235, 0.210086, 0.210574, 0.211205, 0.211439, 0.21195, 0.212486, 0.21286, 0.212886, 0.214165, 0.214775, 0.215047, 0.215084, 0.215452, 0.215512, 0.216115, 0.216154, 0.217026, 0.21749, 0.217709, 0.219822, 0.219834, 0.219888, 0.220268, 0.222077, 0.223452, 0.223511, 0.225056, 0.228576, 0.22904, 0.230479, 0.230576, 0.231227, 0.232409, 0.232599, 0.233605, 0.234933, 0.236023, 0.237179, 0.238543, 0.240406, 0.243588, 0.245238, 0.245918, 0.250454, 0.25125, 0.251497, 0.251753, 0.252643, 0.253366, 0.253383, 0.25366, 0.255711, 0.256237, 0.257396, 0.257567, 0.25942, 0.260177, 0.261776, 0.262366, 0.262831, 0.264453, 0.264648, 0.264679, 0.265267, 0.26639, 0.266428, 0.267138, 0.268282, 0.268318, 0.269672, 0.269984, 0.272006, 0.272356, 0.27424, 0.275017, 0.275652, 0.276185, 0.277103, 0.278186, 0.278395, 0.279073, 0.2804, 0.286394, 0.286624, 0.286768, 0.290403, 0.290525, 0.2907, 0.290813, 0.291141, 0.292142, 0.29463, 0.294929, 0.296234, 0.297172, 0.300735, 0.301052, 0.301325, 0.301856, 0.302949, 0.303672, 0.304985, 0.305504, 0.30685, 0.308211, 0.311867, 0.313282, 0.317881, 0.318945, 0.319318, 0.319889, 0.320282, 0.321154, 0.322768, 0.323392, 0.323791, 0.327739, 0.328251, 0.332798, 0.339178, 0.33988, 0.340797, 0.344012, 0.347008, 0.348745, 0.349837, 0.352364, 0.355489, 0.356391, 0.35803, 0.35804, 0.35834, 0.367709, 0.370594, 0.373755, 0.375195, 0.375319, 0.379277, 0.381202, 0.383073, 0.387022, 0.397264, 0.397599, 0.398608, 0.401407, 0.405611, 0.41266, 0.416676, 0.419758, 0.421182, 0.421219, 0.423587, 0.425447, 0.426115, 0.432841, 0.433145, 0.434253, 0.438289, 0.450694, 0.453152, 0.453182, 0.461863, 0.462567, 0.469801, 0.472576, 0.475789, 0.480647, 0.482584, 0.485783, 0.491618, 0.496193, 0.497889, 0.502844, 0.502867, 0.509592, 0.523662, 0.533329, 0.54633, 0.546439, 0.584262, 0.586676, 0.591981, 0.602374, 0.610127, 0.618148, 0.622826, 0.627112, 0.630097, 0.651183, 0.652336, 0.656283, 0.658907, 0.665045, 0.679909, 0.682594, 0.68588, 0.696941, 0.701047, 0.706501, 0.710548, 0.712561, 0.71285, 0.732537, 0.736409, 0.740046, 0.745217, 0.752671, 0.756899, 0.759914, 0.760353, 0.762661, 0.76764, 0.775308, 0.781413, 0.783823, 0.790699, 0.792736, 0.794285, 0.796623, 0.798345, 0.803043, 0.81609, 0.81839, 0.820314, 0.824684, 0.842548, 0.846794, 0.846926, 0.850166, 0.854065, 0.855371, 0.85695, 0.861113, 0.863531, 0.877188, 0.878106, 0.908024, 0.918196, 0.92598, 0.927437, 0.953585, 0.955314, 0.966551, 0.970617, 0.981181, 0.987698, 1.039747, 1.098079, 1.174508], "monotonicity": 0.36333333333333334, "n_systems": 6094, "n_planets": 6684, "n_targets": 137493}