{"sigma_r": 0.7746, "sigma_i": 0.684, "m": 15, "seed": 3555748597, "n_k": {"1": 3776, "2": 927, "3": 254, "4": 59, "5": 11, "6+": 1}, "dlogr": [0.0, 0.0, 0.0, 0.0, 0.000259, 0.000264, 0.000279, 0.000339, 0.000375, 0.000399, 0.000421, 0.000439, 0.000577, 0.000578, 0.000689, 0.000867, 0.000914, 0.00094, 0.001176, 0.001355, 0.001415, 0.001605, 0.001664, 0.001665, 0.001718, 0.001735, 0.001739, 0.001819, 0.001839, 0.001982, 0.001995, 0.002235, 0.002371, 0.002542, 0.002571, 0.002939, 0.003121, 0.00332, 0.00335, 0.003371, 0.00377, 0.003813, 0.003925, 0.004051, 0.004168, 0.004312, 0.004421, 0.004482, 0.004884, 0.004908, 0.004956, 0.005032, 0.005044, 0.005071, 0.005137, 0.005146, 0.00517, 0.005326, 0.005337, 0.005365, 0.005675, 0.005752, 0.005891, 0.005921, 0.006226, 0.00674, 0.006807, 0.006893, 0.006927, 0.006961, 0.006985, 0.007305, 0.007407, 0.00743, 0.007644, 0.007696, 0.007809, 0.008396, 0.008411, 0.008511, 0.008535, 0.00887, 0.008976, 0.009034, 0.009058, 0.009062, 0.009223, 0.009241, 0.009252, 0.009336, 0.010011, 0.010094, 0.010423, 0.010574, 0.010782, 0.01096, 0.011082, 0.011096, 0.011664, 0.011779, 0.011902, 0.011915, 0.012152, 0.012163, 0.012229, 0.012247, 0.012249, 0.012376, 0.012483, 0.012486, 0.012531, 0.012549, 0.012752, 0.013004, 0.01318, 0.013306, 0.013307, 0.01331, 0.013328, 0.013434, 0.013508, 0.01374, 0.013887, 0.013925, 0.014003, 0.014042, 0.014062, 0.014101, 0.014648, 0.014705, 0.014999, 0.015233, 0.015299, 0.015314, 0.015374, 0.015561, 0.015618, 0.015648, 0.0157, 0.015702, 0.015732, 0.015842, 0.015849, 0.016014, 0.016088, 0.016204, 0.016312, 0.016443, 0.016518, 0.016542, 0.016706, 0.016794, 0.017114, 0.017169, 0.017184, 0.01732, 0.017358, 0.01745, 0.017452, 0.017554, 0.017736, 0.017748, 0.017838, 0.017838, 0.017864, 0.018199, 0.018332, 0.018377, 0.018597, 0.018923, 0.018923, 0.01925, 0.019273, 0.019508, 0.019612, 0.019687, 0.019959, 0.020003, 0.020195, 0.020253, 0.020296, 0.020404, 0.02045, 0.020501, 0.020515, 0.020685, 0.020736, 0.020787, 0.020788, 0.020951, 0.021042, 0.021217, 0.021225, 0.021229, 0.02128, 0.021355, 0.021593, 0.021641, 0.021674, 0.021691, 0.021902, 0.022317, 0.022888, 0.023114, 0.02312, 0.023163, 0.023535, 0.023671, 0.024073, 0.024096, 0.024102, 0.0242, 0.024305, 0.024311, 0.02434, 0.024941, 0.025226, 0.025472, 0.025726, 0.025753, 0.026022, 0.026485, 0.02654, 0.026742, 0.027691, 0.027916, 0.027994, 0.028007, 0.028314, 0.028652, 0.028663, 0.028803, 0.028899, 0.028929, 0.028995, 0.029041, 0.029149, 0.029233, 0.029799, 0.029809, 0.029821, 0.029828, 0.030154, 0.030163, 0.030179, 0.030331, 0.030497, 0.030559, 0.030564, 0.030599, 0.030606, 0.030733, 0.031047, 0.031049, 0.031177, 0.031359, 0.03142, 0.031431, 0.031587, 0.031591, 0.031651, 0.031811, 0.031833, 0.031835, 0.031847, 0.032162, 0.032181, 0.032521, 0.03262, 0.032712, 0.032825, 0.03283, 0.032912, 0.033043, 0.03307, 0.03327, 0.033304, 0.033358, 0.033459, 0.033612, 0.033704, 0.033735, 0.03386, 0.034007, 0.034134, 0.034238, 0.03427, 0.034343, 0.03444, 0.034482, 0.034641, 0.034726, 0.034955, 0.035038, 0.03506, 0.035153, 0.035188, 0.035255, 0.035517, 0.035637, 0.03577, 0.03586, 0.036075, 0.036172, 0.036421, 0.036462, 0.036555, 0.036573, 0.036603, 0.036709, 0.036731, 0.036739, 0.036771, 0.036838, 0.037153, 0.037243, 0.037344, 0.037682, 0.037869, 0.037917, 0.038006, 0.038026, 0.038123, 0.038292, 0.038454, 0.038504, 0.038532, 0.038662, 0.038686, 0.038694, 0.038851, 0.039025, 0.039255, 0.039323, 0.03941, 0.039605, 0.039606, 0.039684, 0.03974, 0.03984, 0.039884, 0.04005, 0.040062, 0.040658, 0.040716, 0.040802, 0.040861, 0.040907, 0.040925, 0.040929, 0.040941, 0.041086, 0.041312, 0.041444, 0.041763, 0.041839, 0.041922, 0.042019, 0.042075, 0.042098, 0.042228, 0.042277, 0.042462, 0.042467, 0.042505, 0.042534, 0.04257, 0.042672, 0.043052, 0.043098, 0.043158, 0.043225, 0.043382, 0.043408, 0.043412, 0.043545, 0.043593, 0.043823, 0.043937, 0.044011, 0.044201, 0.044272, 0.04434, 0.044871, 0.04492, 0.044946, 0.045138, 0.045387, 0.045415, 0.045442, 0.045486, 0.045503, 0.045558, 0.046015, 0.046145, 0.046238, 0.046321, 0.04645, 0.046575, 0.046587, 0.046632, 0.04664, 0.046768, 0.046939, 0.046987, 0.047502, 0.047691, 0.047703, 0.047865, 0.04809, 0.04817, 0.048372, 0.048526, 0.048681, 0.04878, 0.048834, 0.048907, 0.048973, 0.048975, 0.048985, 0.049086, 0.04947, 0.0497, 0.049727, 0.049758, 0.049892, 0.049904, 0.05008, 0.050151, 0.050171, 0.050375, 0.050389, 0.050453, 0.05055, 0.05057, 0.050601, 0.050613, 0.050691, 0.05077, 0.050797, 0.050925, 0.050956, 0.051139, 0.051158, 0.051211, 0.051522, 0.05158, 0.051639, 0.051717, 0.051724, 0.05174, 0.051861, 0.051911, 0.052223, 0.052478, 0.052579, 0.052923, 0.053141, 0.0533, 0.053568, 0.053798, 0.053851, 0.054114, 0.05416, 0.054268, 0.054504, 0.054581, 0.054685, 0.055191, 0.055454, 0.055456, 0.055901, 0.056036, 0.056286, 0.056693, 0.056705, 0.056852, 0.056866, 0.056866, 0.056932, 0.056977, 0.057106, 0.057197, 0.057267, 0.057665, 0.057709, 0.058001, 0.058514, 0.059039, 0.059113, 0.059126, 0.059264, 0.059326, 0.059508, 0.059532, 0.0597, 0.059724, 0.059846, 0.05995, 0.059966, 0.059998, 0.060328, 0.060351, 0.060599, 0.061218, 0.06125, 0.061307, 0.061481, 0.061543, 0.061692, 0.061744, 0.061758, 0.062, 0.062351, 0.062417, 0.062864, 0.062867, 0.062943, 0.06319, 0.063647, 0.064057, 0.064087, 0.064232, 0.064495, 0.064666, 0.064688, 0.064836, 0.065095, 0.065227, 0.065317, 0.065398, 0.065465, 0.065611, 0.065845, 0.065938, 0.065967, 0.066073, 0.066172, 0.06621, 0.06623, 0.066308, 0.066415, 0.06647, 0.066471, 0.066623, 0.066731, 0.066752, 0.066776, 0.066925, 0.067049, 0.06714, 0.067354, 0.067468, 0.067557, 0.06788, 0.068293, 0.068638, 0.069274, 0.069281, 0.069633, 0.06973, 0.070102, 0.070287, 0.071217, 0.071288, 0.071337, 0.071433, 0.071504, 0.071799, 0.071827, 0.071839, 0.071893, 0.072221, 0.072336, 0.072393, 0.072787, 0.072844, 0.072986, 0.073072, 0.073148, 0.073393, 0.073609, 0.073613, 0.073619, 0.073984, 0.074023, 0.074118, 0.074176, 0.074427, 0.074988, 0.075115, 0.075235, 0.075404, 0.075408, 0.075593, 0.075597, 0.075955, 0.076126, 0.076291, 0.076386, 0.076739, 0.076809, 0.077181, 0.077559, 0.077761, 0.077953, 0.078026, 0.078059, 0.078389, 0.078431, 0.078548, 0.07873, 0.078805, 0.078827, 0.078868, 0.078881, 0.078918, 0.079358, 0.07943, 0.079751, 0.079826, 0.07994, 0.080147, 0.080482, 0.080576, 0.080703, 0.080789, 0.080978, 0.081424, 0.081663, 0.081835, 0.081878, 0.082082, 0.082097, 0.082168, 0.082317, 0.082373, 0.08244, 0.082557, 0.082594, 0.082768, 0.082972, 0.083059, 0.083151, 0.083241, 0.083389, 0.0834, 0.083551, 0.083589, 0.083677, 0.083725, 0.083781, 0.083992, 0.084016, 0.084045, 0.084101, 0.084103, 0.084145, 0.084316, 0.084416, 0.084773, 0.085115, 0.085271, 0.085317, 0.08537, 0.085394, 0.085873, 0.085884, 0.086348, 0.086349, 0.086421, 0.08643, 0.086592, 0.086705, 0.086736, 0.086893, 0.086944, 0.086987, 0.087195, 0.087361, 0.087531, 0.087531, 0.087542, 0.087923, 0.087943, 0.088217, 0.08837, 0.088421, 0.088858, 0.089103, 0.089113, 0.089235, 0.089465, 0.089537, 0.089789, 0.08984, 0.090042, 0.090108, 0.090189, 0.090891, 0.090945, 0.090965, 0.091003, 0.091046, 0.091201, 0.091201, 0.091765, 0.091851, 0.091931, 0.092006, 0.092421, 0.092695, 0.092923, 0.093072, 0.093099, 0.093211, 0.093502, 0.093562, 0.093606, 0.093708, 0.093729, 0.094025, 0.094298, 0.094353, 0.094838, 0.094967, 0.095219, 0.095246, 0.095274, 0.09529, 0.095521, 0.095849, 0.095899, 0.096114, 0.096301, 0.096316, 0.096366, 0.096574, 0.096863, 0.097095, 0.097113, 0.097161, 0.097167, 0.097185, 0.097571, 0.097732, 0.097888, 0.098141, 0.098164, 0.098483, 0.09854, 0.098669, 0.098679, 0.098958, 0.099057, 0.099189, 0.099263, 0.099495, 0.099765, 0.100155, 0.100334, 0.100585, 0.100786, 0.10101, 0.10104, 0.101056, 0.101283, 0.101391, 0.101425, 0.101581, 0.101853, 0.101969, 0.102115, 0.102128, 0.102399, 0.10263, 0.102679, 0.102869, 0.102879, 0.102999, 0.103199, 0.103581, 0.103666, 0.103674, 0.103724, 0.103858, 0.103999, 0.104014, 0.104031, 0.104064, 0.104258, 0.104263, 0.104493, 0.104525, 0.104567, 0.104635, 