{"sigma_r": null, "sigma_i": 0.684, "m": 5, "seed": 3403175345, "n_k": {"1": 3767, "2": 895, "3": 231, "4": 56, "5": 7, "6+": 1}, "dlogr": [9.2e-05, 0.000297, 0.000356, 0.00037, 0.000479, 0.000699, 0.000729, 0.001066, 0.001511, 0.001532, 0.001651, 0.001962, 0.002289, 0.002309, 0.002446, 0.002477, 0.003089, 0.003113, 0.003449, 0.003685, 0.003735, 0.003875, 0.004249, 0.004531, 0.004732, 0.004781, 0.00479, 0.005563, 0.005684, 0.005807, 0.00612, 0.006174, 0.006248, 0.006382, 0.006382, 0.006436, 0.006951, 0.00708, 0.007094, 0.007285, 0.007698, 0.007752, 0.0083, 0.008641, 0.009228, 0.009731, 0.0104, 0.010588, 0.010599, 0.010647, 0.010767, 0.011029, 0.011235, 0.011302, 0.011362, 0.011395, 0.011677, 0.011762, 0.01201, 0.012077, 0.012198, 0.012236, 0.012832, 0.012845, 0.012891, 0.013063, 0.013359, 0.013669, 0.013742, 0.013885, 0.013969, 0.013989, 0.014652, 0.015121, 0.01521, 0.015324, 0.015586, 0.015615, 0.015909, 0.01631, 0.016418, 0.016814, 0.016971, 0.017087, 0.01734, 0.017426, 0.017568, 0.017635, 0.018004, 0.018051, 0.018813, 0.019218, 0.019504, 0.019676, 0.01983, 0.019932, 0.020133, 0.020217, 0.020255, 0.020413, 0.020491, 0.020726, 0.020881, 0.021207, 0.021456, 0.021476, 0.021908, 0.021999, 0.022, 0.022203, 0.02246, 0.022553, 0.022609, 0.022645, 0.022691, 0.022905, 0.022936, 0.022989, 0.022998, 0.0231, 0.023166, 0.023493, 0.023611, 0.023706, 0.023787, 0.024129, 0.024703, 0.02507, 0.025344, 0.025355, 0.02572, 0.025829, 0.02666, 0.026703, 0.027398, 0.027865, 0.028256, 0.028623, 0.028654, 0.028746, 0.028961, 0.029251, 0.029296, 0.030087, 0.030278, 0.03056, 0.030591, 0.030737, 0.030802, 0.030827, 0.030924, 0.030947, 0.031136, 0.03145, 0.031457, 0.031569, 0.03169, 0.031746, 0.031851, 0.031962, 0.03208, 0.032237, 0.032306, 0.032516, 0.03293, 0.032994, 0.033206, 0.033293, 0.033365, 0.033523, 0.03384, 0.033849, 0.034013, 0.034462, 0.034499, 0.034767, 0.034899, 0.034931, 0.03504, 0.035081, 0.035229, 0.035482, 0.035851, 0.036405, 0.036557, 0.036563, 0.036611, 0.037302, 0.03771, 0.03812, 0.038165, 0.03829, 0.038475, 0.038544, 0.038587, 0.038726, 0.040348, 0.040684, 0.040927, 0.040988, 0.041032, 0.041386, 0.041645, 0.042123, 0.042467, 0.043015, 0.04308, 0.043403, 0.043665, 0.04435, 0.044505, 0.045002, 0.045191, 0.04526, 0.045483, 0.046098, 0.046637, 0.04667, 0.046955, 0.047435, 0.047511, 0.047562, 0.04786, 0.048298, 0.048547, 0.048586, 0.048653, 0.049038, 0.049388, 0.049558, 0.049934, 0.050092, 0.050619, 0.051879, 0.052345, 0.052759, 0.052791, 0.05284, 0.052887, 0.053291, 0.053323, 0.053398, 0.053685, 0.053789, 0.053977, 0.054199, 0.054393, 0.054557, 0.054578, 0.055045, 0.05525, 0.055561, 0.056002, 0.056584, 0.056604, 0.056632, 0.056695, 0.056943, 0.057023, 0.057415, 0.057733, 0.058112, 0.058349, 0.058467, 0.058698, 0.059256, 0.059688, 0.060019, 0.060275, 0.060481, 0.061093, 0.061422, 0.06166, 0.061684, 0.061782, 0.061878, 0.062289, 0.062645, 0.062684, 0.063277, 0.063704, 0.063865, 0.064105, 0.064124, 0.064314, 0.064818, 0.064932, 0.064993, 0.065198, 0.065295, 0.065365, 0.065387, 0.065998, 0.066266, 0.066533, 0.066763, 0.066808, 0.067023, 0.067347, 0.067651, 0.067762, 0.067957, 0.068173, 0.068476, 0.068503, 0.068591, 0.068774, 0.068905, 0.069142, 0.069227, 0.070303, 0.07039, 0.070393, 0.070777, 0.070797, 0.071279, 0.071638, 0.0718, 0.072078, 0.072468, 0.073117, 0.073435, 0.073528, 0.07374, 0.073877, 0.074085, 0.074183, 0.074562, 0.074857, 0.07493, 0.074966, 0.07504, 0.075078, 0.075358, 0.075518, 0.075547, 0.075816, 0.076054, 0.076344, 0.076677, 0.076685, 0.076786, 0.077303, 0.077475, 0.077846, 0.077885, 0.078105, 0.078148, 0.078369, 0.078373, 0.078399, 0.07868, 0.07913, 0.079668, 0.079727, 0.080529, 0.080641, 0.080689, 0.080734, 0.08077, 0.080934, 0.08094, 0.081127, 0.081245, 0.081356, 0.081413, 0.081832, 0.081841, 0.082035, 0.082511, 0.083102, 0.084267, 0.084396, 0.084629, 0.08465, 0.084772, 0.08491, 0.085267, 0.085288, 0.085622, 0.08563, 0.085858, 0.085905, 0.086008, 0.086106, 0.086733, 0.086967, 0.087219, 0.08734, 0.087414, 0.087615, 0.087881, 0.088128, 0.08814, 0.08816, 0.088373, 0.088826, 0.089114, 0.089158, 0.089314, 0.089374, 0.089492, 0.089739, 0.090207, 0.090407, 0.090782, 0.090845, 0.091366, 0.091394, 0.091431, 0.091507, 0.091527, 0.092142, 0.092198, 0.092214, 0.092452, 0.092756, 0.093209, 0.093234, 0.093392, 0.093433, 0.093583, 0.093705, 0.093736, 0.093863, 0.093982, 0.0943, 0.094344, 0.094407, 0.09453, 0.094658, 0.094846, 0.094913, 0.095035, 0.095167, 0.095195, 0.095324, 0.095857, 0.095948, 0.096013, 0.096254, 0.09637, 0.096929, 0.097109, 0.097315, 0.097542, 0.09761, 0.097631, 0.09773, 0.097898, 0.098144, 0.098457, 0.098671, 0.098984, 0.099049, 0.099138, 0.099994, 0.100033, 0.100034, 0.10011, 0.100342, 0.100449, 0.100493, 0.100543, 0.100587, 0.100913, 0.101209, 0.101435, 0.101468, 0.101479, 0.101801, 0.101858, 0.102025, 0.102155, 0.102361, 0.102361, 0.102521, 0.103253, 0.103546, 0.103574, 0.103753, 0.104443, 0.104477, 0.104627, 0.104909, 0.105137, 0.105389, 0.105398, 0.105593, 0.10589, 0.105905, 0.105983, 0.106431, 0.106437, 0.106504, 0.106608, 0.106664, 0.106865, 0.107046, 0.107315, 0.107537, 0.107569, 0.107649, 0.107781, 0.108058, 0.108213, 0.108693, 0.1089, 0.108973, 0.109398, 0.110318, 0.110408, 0.110525, 0.110586, 0.110695, 0.110727, 0.110767, 0.111093, 0.11111, 0.111545, 0.111579, 0.111977, 0.112854, 0.113531, 0.113782, 0.113964, 0.114023, 0.114982, 0.115243, 0.115297, 0.115307, 0.115778, 0.115881, 0.115959, 0.116133, 0.116352, 0.116357, 0.116487, 0.116641, 0.116846, 0.116887, 0.117042, 0.117043, 0.117116, 0.117931, 0.118039, 0.118163, 0.11834, 0.118378, 0.118462, 0.118506, 0.118809, 0.11889, 0.119073, 0.119544, 0.119773, 0.119971, 0.120879, 0.121009, 0.121483, 0.121795, 0.121909, 0.122644, 0.122663, 0.122895, 0.122974, 0.123154, 0.123203, 0.123652, 0.123702, 0.124375, 0.12439, 0.124427, 0.124535, 0.12522, 0.125523, 0.12578, 0.125895, 0.127799, 0.127891, 0.127971, 0.128, 0.128164, 0.128363, 0.128761, 0.129115, 0.129289, 0.129461, 0.129553, 0.129721, 0.12974, 0.129756, 0.12982, 0.130545, 0.131045, 0.131119, 0.13117, 0.131213, 0.131785, 0.131874, 0.132071, 0.13238, 0.132769, 0.132815, 0.13305, 0.133092, 0.133199, 0.134177, 0.134404, 0.134866, 0.135665, 0.136, 0.136295, 0.136327, 0.13668, 0.137239, 0.137347, 0.137587, 0.138035, 0.138145, 0.138379, 0.13889, 0.138968, 0.139034, 0.139663, 0.139758, 0.140049, 0.140383, 0.140977, 0.141158, 0.141225, 0.141784, 0.141822, 0.142396, 0.142822, 0.143002, 0.143364, 0.143394, 0.143614, 0.143806, 0.143866, 0.144572, 0.144757, 0.145164, 0.145252, 0.14607, 0.146401, 0.146671, 0.147935, 0.148098, 0.14813, 0.148321, 0.148518, 0.148773, 0.148812, 0.149054, 0.149234, 0.149806, 0.149907, 0.15015, 0.150518, 0.15089, 0.150957, 0.151592, 0.151737, 0.152618, 0.152709, 0.153566, 0.153578, 0.15425, 0.154483, 0.154549, 0.154888, 0.155337, 0.155598, 0.155632, 0.155675, 0.155697, 0.156033, 0.156208, 0.157762, 0.157764, 0.158093, 0.158253, 0.158576, 0.158764, 0.158853, 0.158957, 0.159023, 0.159143, 0.159566, 0.160041, 0.161035, 0.161106, 0.161155, 0.161505, 0.161813, 0.16186, 0.162333, 0.163269, 0.163332, 0.163382, 0.163397, 0.16425, 0.164451, 0.164959, 0.165032, 0.165285, 0.165297, 0.165745, 0.165866, 0.165972, 0.166962, 0.167018, 0.167418, 0.167683, 0.167808, 0.167822, 0.167978, 0.16847, 0.168634, 0.168963, 0.169112, 0.1695, 0.169583, 0.169985, 0.170053, 0.170077, 0.170275, 0.170441, 0.17058, 0.170905, 0.170986, 0.171082, 0.171356, 0.171434, 0.171531, 0.171976, 0.172342, 0.172665, 0.173256, 0.173604, 0.174098, 0.174591, 0.175427, 0.17563, 0.175701, 0.175754, 0.175762, 0.175764, 0.176087, 0.176232, 0.176975, 0.177034, 0.17725, 0.177324, 0.1774, 0.177634, 0.177766, 0.177805, 0.177907, 0.178044, 0.17832, 0.178448, 0.178728, 0.179224, 0.179338, 0.17935, 0.179389, 0.179793, 0.179853, 0.179972, 0.179973, 0.180002, 0.180219, 0.180318, 0.181007, 0.181054, 0.181692, 0.181963, 0.182002, 0.182246, 0.182432, 0.182478, 0.182616, 0.183074, 0.183731, 0.184019, 0.184204, 0.18596, 0.186227, 0.186265, 0.186531, 0.186878, 0.187017, 0.18794, 