{"sigma_r": 1.9103, "sigma_i": 4.8919, "m": 2, "seed": 3475659512, "n_k": {"1": 5164, "2": 666, "3": 62, "4": 3, "5": 1, "6+": 0}, "dlogr": [0.000116, 0.000264, 0.000266, 0.000556, 0.000848, 0.001095, 0.002431, 0.003531, 0.003738, 0.004067, 0.004921, 0.00525, 0.005255, 0.005557, 0.005976, 0.00639, 0.007653, 0.008053, 0.008426, 0.008958, 0.009193, 0.009288, 0.009357, 0.009489, 0.010105, 0.010249, 0.010686, 0.011812, 0.012054, 0.012142, 0.012731, 0.012815, 0.012866, 0.013225, 0.013352, 0.013409, 0.014835, 0.015174, 0.015421, 0.015867, 0.016874, 0.016918, 0.017005, 0.017082, 0.017337, 0.017636, 0.017906, 0.018063, 0.018295, 0.018551, 0.018592, 0.018817, 0.018937, 0.019106, 0.019791, 0.020243, 0.021315, 0.021543, 0.021615, 0.02213, 0.023311, 0.023319, 0.023509, 0.023675, 0.024791, 0.025039, 0.02535, 0.025389, 0.025525, 0.025628, 0.02697, 0.02717, 0.027722, 0.028421, 0.028491, 0.029642, 0.03021, 0.030403, 0.030505, 0.030852, 0.030955, 0.031234, 0.031779, 0.031828, 0.032709, 0.03278, 0.03311, 0.033391, 0.0339, 0.034016, 0.034093, 0.034223, 0.034775, 0.035365, 0.036647, 0.036932, 0.037003, 0.037006, 0.037177, 0.037573, 0.037981, 0.038058, 0.038427, 0.038937, 0.039034, 0.039484, 0.03952, 0.040024, 0.040771, 0.040788, 0.040825, 0.041488, 0.041617, 0.042611, 0.042671, 0.043638, 0.043825, 0.044026, 0.044619, 0.044836, 0.045063, 0.045594, 0.045678, 0.045848, 0.046332, 0.046526, 0.046853, 0.047392, 0.047501, 0.04773, 0.04806, 0.049537, 0.049853, 0.049884, 0.050261, 0.050334, 0.050724, 0.050901, 0.051112, 0.051235, 0.052016, 0.052293, 0.052409, 0.053122, 0.053632, 0.053891, 0.05473, 0.055238, 0.055263, 0.055544, 0.055767, 0.055887, 0.056766, 0.056806, 0.057569, 0.057828, 0.058195, 0.058721, 0.058769, 0.058939, 0.059664, 0.059828, 0.05988, 0.060336, 0.061179, 0.061406, 0.061489, 0.061911, 0.061998, 0.062232, 0.063193, 0.063529, 0.063977, 0.064292, 0.065997, 0.066982, 0.067467, 0.067835, 0.068527, 0.069104, 0.069358, 0.069422, 0.069751, 0.070064, 0.07027, 0.070321, 0.07068, 0.071107, 0.07111, 0.071551, 0.071634, 0.072187, 0.073869, 0.073941, 0.074026, 0.074589, 0.07468, 0.075281, 0.076498, 0.076781, 0.077076, 0.07712, 0.077266, 0.07742, 0.07757, 0.077693, 0.078007, 0.078365, 0.078384, 0.078503, 0.078988, 0.078997, 0.079014, 0.079384, 0.079431, 0.079612, 0.080183, 0.08045, 0.080647, 0.081682, 0.082343, 0.082573, 0.082761, 0.082828, 0.082861, 0.082888, 0.082991, 0.083081, 0.083208, 0.083418, 0.084097, 0.084249, 0.084904, 0.085134, 0.085747, 0.085913, 0.086348, 0.086483, 0.086651, 0.086899, 0.087085, 0.08799, 0.087997, 0.088224, 0.088637, 0.088642, 0.089182, 0.089241, 0.089315, 0.089993, 0.090161, 0.090873, 0.090881, 0.091153, 0.091162, 0.091261, 0.091339, 0.091462, 0.091729, 0.09189, 0.092109, 0.092615, 0.093944, 0.094077, 0.094302, 0.09541, 0.095577, 0.096511, 0.096767, 0.096813, 0.097098, 0.09786, 0.09824, 0.098589, 0.099247, 0.10023, 0.100342, 0.100706, 0.101044, 0.101144, 0.101366, 0.101943, 0.102615, 0.102684, 0.103178, 0.104, 0.104607, 0.105072, 0.105695, 0.105825, 0.106692, 0.107663, 0.10783, 0.107969, 0.108157, 0.108684, 0.109064, 0.109512, 0.110682, 0.110815, 0.110912, 0.111055, 0.112299, 0.11249, 0.112743, 0.114408, 0.115074, 0.115355, 0.116192, 0.116367, 0.11646, 0.116685, 0.116757, 0.116798, 0.116991, 0.117216, 0.117349, 0.11739, 0.117792, 0.117978, 0.118336, 0.118657, 0.118925, 0.119792, 0.119832, 0.119974, 0.121421, 0.122333, 0.123359, 0.123461, 0.125002, 0.125073, 0.12508, 0.125251, 0.125658, 0.126204, 0.12664, 0.126699, 0.127517, 0.128131, 0.129253, 0.129264, 0.129344, 0.129668, 0.129681, 0.129915, 0.130559, 0.130938, 0.131288, 0.131539, 0.13283, 0.132877, 0.133508, 0.13528, 0.135399, 0.135815, 0.137638, 0.137678, 0.138289, 0.138293, 0.13894, 0.138969, 0.139903, 0.139947, 0.140735, 0.141086, 0.141302, 0.141479, 0.141559, 0.141943, 0.142066, 0.142089, 0.14324, 0.143788, 0.14576, 0.146235, 0.146365, 0.147156, 0.147752, 0.148035, 0.148532, 0.149131, 0.149912, 0.150019, 0.151365, 0.152479, 0.153199, 0.153595, 0.153666, 0.154083, 0.154712, 0.154741, 0.154746, 0.154863, 0.155124, 0.155324, 0.156123, 0.156518, 0.157524, 0.158381, 0.15932, 0.160988, 0.161744, 0.162097, 0.162127, 0.162287, 0.1624, 0.162484, 0.162733, 0.162745, 0.162856, 0.163091, 0.163247, 0.16357, 0.164342, 0.165737, 0.166008, 0.166028, 0.166069, 0.166183, 0.16652, 0.166946, 0.167142, 0.167998, 0.168094, 0.168505, 0.169672, 0.170009, 0.170086, 0.170504, 0.170822, 0.170886, 0.171109, 0.17163, 0.171997, 0.17425, 0.174777, 0.17557, 0.176623, 0.176889, 0.177792, 0.178579, 0.178761, 0.179147, 0.179268, 0.179409, 0.179565, 0.181039, 0.181725, 0.181828, 0.181923, 0.18211, 0.182124, 0.183007, 0.183962, 0.184097, 0.184901, 0.186952, 0.187097, 0.188325, 0.188368, 0.189005, 0.189299, 0.190864, 0.191769, 0.191942, 0.192223, 0.192517, 0.193287, 0.193692, 0.195297, 0.195737, 0.196913, 0.198385, 0.198749, 0.200038, 0.200165, 0.200294, 0.200306, 0.200727, 0.200902, 0.201094, 0.201174, 0.20209, 0.202628, 0.205025, 0.206861, 0.20694, 0.207121, 0.208378, 0.208544, 0.208664, 0.211801, 0.21202, 0.212096, 0.212298, 0.212381, 0.21247, 0.212555, 0.213104, 0.214327, 0.215681, 0.215967, 0.216099, 0.216308, 0.216671, 0.217461, 0.219093, 0.219326, 0.220721, 0.221427, 0.221997, 0.22223, 0.222939, 0.223405, 0.223584, 0.224282, 0.224454, 0.224732, 0.224789, 0.225031, 0.22524, 0.226089, 0.226228, 0.226446, 0.226796, 0.226816, 0.227968, 0.228042, 0.228713, 0.230148, 0.232947, 0.233532, 0.233893, 0.233993, 0.236371, 0.237799, 0.238546, 0.240532, 0.240877, 0.241609, 0.242612, 0.244114, 0.24472, 0.24564, 0.245643, 0.24588, 0.247022, 0.24853, 0.248734, 0.249355, 0.25205, 0.252223, 0.253665, 0.254199, 0.254587, 0.255218, 0.255608, 0.2559, 0.255926, 0.256948, 0.257742, 0.258372, 0.259119, 0.260927, 0.261341, 0.263385, 0.263484, 0.264772, 0.26691, 0.267435, 0.267628, 0.268652, 0.27246, 0.272927, 0.273763, 0.275018, 0.275537, 0.275639, 0.275699, 0.278164, 0.279104, 0.279522, 0.282068, 0.283245, 0.283406, 0.28403, 0.284711, 0.284998, 0.285154, 0.285429, 0.286607, 0.287435, 0.288288, 0.289263, 0.289807, 0.293112, 0.294597, 0.296727, 0.297805, 0.299357, 0.299778, 0.300836, 0.302078, 0.302953, 0.303168, 0.304494, 0.305086, 0.305771, 0.3073, 0.309482, 0.312367, 0.312678, 0.313385, 0.313831, 0.31445, 0.317358, 0.317764, 0.318997, 0.319381, 0.319606, 0.321494, 0.322581, 0.323746, 0.324357, 0.324624, 0.32471, 0.326984, 0.330627, 0.338636, 0.340075, 0.340269, 0.340821, 0.341391, 0.34142, 0.341481, 0.341908, 0.349177, 0.351971, 0.352557, 0.354308, 0.356387, 0.356766, 0.356875, 0.361513, 0.361981, 0.36553, 0.36882, 0.370366, 0.371557, 0.371952, 0.372039, 0.372242, 0.374155, 0.376858, 0.377786, 0.381414, 0.387745, 0.389473, 0.390077, 0.392709, 0.392974, 0.394173, 0.395834, 0.396034, 0.400372, 0.402001, 0.404515, 0.405602, 0.406611, 0.412231, 0.414239, 0.415057, 0.415296, 0.425282, 0.433433, 0.433587, 0.442114, 0.442861, 0.444211, 0.445832, 0.44654, 0.447019, 0.448388, 0.449215, 0.459224, 0.460589, 0.46134, 0.481086, 0.481136, 0.482953, 0.484974, 0.486366, 0.48681, 0.496843, 0.511846, 0.516477, 0.527815, 0.531135, 0.541086, 0.547685, 0.557181, 0.560021, 0.566528, 0.571473, 0.580683, 0.582636, 0.58281, 0.584638, 0.58904, 0.591783, 0.594501, 0.596703, 0.596903, 0.599831, 0.600077, 0.60602, 0.610023, 0.610421, 0.616227, 0.638251, 0.638456, 0.640109, 0.649823, 0.650345, 0.652123, 0.652236, 0.652288, 0.653601, 0.665835, 0.669934, 0.670725, 0.677225, 0.679285, 0.686385, 0.687295, 0.687789, 0.688618, 0.69122, 0.695285, 0.696995, 0.701095, 0.714026, 0.719316, 0.722018, 0.725303, 0.725665, 0.726974, 0.728117, 0.73159, 0.74232, 0.744769, 0.75153, 0.751868, 0.757144, 0.761284, 0.774295, 0.774458, 0.788054, 0.790122, 0.795613, 0.801564, 0.801725, 0.802186, 0.819954, 0.820994, 0.822825, 0.830153, 0.831195, 0.842502, 0.844882, 0.850765, 0.871278, 0.877702, 0.884276, 0.887751, 0.88877, 0.89864, 0.903005, 0.906736, 0.913548, 0.930348, 0.931267, 0.931818, 0.933542, 0.937048, 0.939354, 0.94147, 0.949093, 0.954648, 0.959597, 0.961358, 0.966702, 0.96828, 0.974538,