{"sigma_r": 3.0, "sigma_i": 1.1186, "m": 11, "seed": 47333189, "n_k": {"1": 3953, "2": 951, "3": 230, "4": 39, "5": 4, "6+": 0}, "dlogr": [0.0, 0.0, 2.4e-05, 0.000219, 0.000264, 0.000315, 0.000426, 0.000597, 0.000708, 0.000881, 0.000908, 0.000939, 0.000983, 0.001079, 0.001393, 0.001412, 0.001438, 0.002324, 0.002422, 0.002635, 0.002665, 0.002787, 0.00283, 0.00289, 0.002969, 0.003063, 0.003312, 0.003375, 0.003443, 0.003686, 0.00373, 0.003804, 0.00423, 0.004727, 0.005258, 0.005479, 0.005591, 0.005625, 0.005963, 0.006208, 0.006631, 0.006849, 0.007421, 0.007447, 0.007456, 0.008294, 0.008336, 0.008393, 0.008665, 0.008821, 0.008843, 0.008863, 0.00891, 0.009014, 0.009512, 0.009513, 0.00963, 0.009863, 0.009967, 0.010316, 0.010433, 0.010447, 0.010712, 0.01072, 0.010795, 0.011125, 0.011166, 0.011686, 0.01201, 0.01207, 0.012368, 0.012396, 0.012592, 0.012729, 0.012731, 0.01274, 0.012899, 0.013006, 0.013089, 0.013176, 0.013205, 0.013377, 0.013396, 0.013439, 0.013718, 0.013964, 0.013993, 0.014391, 0.014397, 0.014588, 0.014769, 0.014837, 0.014902, 0.01497, 0.014978, 0.015446, 0.015746, 0.015824, 0.016168, 0.016213, 0.016356, 0.016444, 0.016464, 0.016532, 0.016927, 0.017025, 0.017425, 0.017528, 0.017853, 0.01797, 0.018581, 0.018606, 0.018743, 0.018934, 0.018975, 0.019568, 0.02017, 0.020325, 0.020546, 0.02058, 0.0206, 0.020612, 0.02064, 0.020727, 0.021159, 0.021287, 0.021848, 0.022037, 0.022472, 0.022716, 0.022953, 0.023023, 0.023288, 0.023459, 0.02375, 0.024179, 0.024256, 0.024305, 0.024757, 0.0249, 0.024985, 0.024985, 0.025247, 0.025369, 0.025383, 0.025471, 0.025578, 0.025688, 0.025821, 0.026035, 0.026069, 0.026173, 0.026286, 0.026513, 0.027148, 0.027284, 0.027436, 0.027618, 0.028037, 0.028079, 0.028813, 0.028838, 0.0291, 0.029145, 0.029224, 0.029414, 0.029853, 0.029916, 0.029971, 0.030118, 0.030768, 0.030976, 0.031048, 0.031376, 0.031453, 0.031458, 0.031573, 0.031626, 0.031796, 0.031856, 0.031877, 0.032284, 0.032448, 0.033323, 0.033339, 0.033429, 0.033458, 0.033512, 0.033811, 0.033914, 0.034205, 0.034447, 0.034465, 0.034573, 0.034613, 0.034655, 0.034709, 0.035073, 0.03529, 0.035509, 0.036045, 0.036481, 0.036552, 0.03661, 0.036873, 0.036937, 0.037004, 0.037239, 0.037279, 0.037438, 0.037637, 0.037658, 0.037683, 0.038033, 0.038101, 0.038131, 0.03815, 0.038379, 0.038678, 0.039089, 0.039146, 0.039182, 0.039325, 0.039394, 0.039501, 0.039822, 0.039871, 0.039922, 0.04053, 0.041677, 0.041691, 0.041718, 0.042128, 0.042189, 0.042246, 0.042272, 0.0423, 0.042324, 0.042565, 0.04284, 0.043107, 0.043448, 0.043658, 0.043745, 0.04379, 0.043899, 0.043911, 0.044102, 0.04411, 0.044393, 0.0445, 0.044536, 0.04458, 0.044817, 0.044857, 0.044889, 0.045125, 0.045446, 0.04555, 0.045625, 0.045886, 0.046034, 0.046034, 0.046167, 0.046294, 0.046576, 0.046627, 0.046797, 0.046798, 0.047312, 0.0477, 0.048322, 0.048331, 0.048357, 0.048886, 0.049041, 0.049264, 0.049603, 0.049931, 0.050148, 0.050193, 0.050231, 0.050419, 0.050536, 0.050591, 0.050636, 0.050883, 0.050903, 0.051612, 0.051872, 0.051933, 0.052168, 0.052318, 0.052371, 0.052416, 0.052434, 0.052649, 0.052914, 0.053003, 0.05302, 0.053109, 0.05337, 0.053512, 0.053811, 0.05408, 0.054168, 0.054253, 0.054512, 0.05497, 0.055222, 0.055312, 0.055523, 0.05584, 0.055908, 0.056102, 0.05679, 0.057062, 0.05722, 0.057311, 0.057375, 0.058045, 0.058177, 0.058667, 0.058689, 0.0587, 0.059451, 0.05962, 0.059869, 0.060263, 0.060422, 0.060436, 0.060635, 0.060909, 0.06124, 0.061333, 0.061364, 0.061583, 0.061735, 0.061772, 0.061976, 0.062024, 0.062059, 0.062503, 0.063083, 0.063183, 0.063252, 0.063343, 0.063552, 0.06362, 0.063623, 0.063769, 0.064097, 0.064224, 0.06435, 0.064381, 0.064407, 0.064631, 0.064881, 0.065223, 0.065234, 0.065256, 0.065298, 0.065351, 0.065393, 0.06555, 0.065624, 0.065808, 0.065809, 0.066136, 0.066236, 0.066238, 0.06646, 0.066577, 0.066609, 0.066685, 0.066952, 0.067262, 0.067305, 0.067347, 0.067354, 0.067538, 0.067707, 0.067755, 0.067817, 0.067839, 0.06797, 0.06808, 0.068291, 0.068421, 0.068486, 0.068887, 0.068923, 0.069047, 0.069207, 0.069306, 0.069326, 0.069442, 0.069473, 0.069709, 0.069716, 0.069882, 0.069942, 0.070166, 0.071071, 0.071308, 0.07134, 0.071701, 0.072572, 0.072631, 0.072888, 0.073303, 0.073429, 0.073484, 0.073736, 0.074125, 0.074182, 0.074714, 0.074794, 0.075006, 0.075033, 0.075276, 0.075462, 0.076655, 0.076667, 0.076691, 0.076961, 0.077855, 0.0783, 0.078303, 0.078306, 0.078388, 0.078406, 0.07848, 0.078501, 0.078627, 0.078638, 0.078765, 0.078999, 0.079004, 0.079505, 0.079507, 0.079953, 0.079974, 0.080194, 0.080383, 0.080791, 0.080798, 0.081508, 0.082032, 0.082308, 0.082314, 0.082478, 0.083307, 0.084055, 0.084263, 0.084389, 0.08441, 0.08447, 0.084493, 0.084725, 0.08482, 0.084869, 0.08527, 0.085678, 0.086112, 0.086165, 0.086978, 0.08714, 0.087572, 0.087721, 0.087827, 0.088008, 0.088214, 0.08835, 0.088384, 0.088503, 0.088693, 0.0887, 0.089061, 0.08907, 0.089207, 0.089425, 0.089585, 0.089602, 0.089669, 0.089859, 0.090428, 0.090907, 0.091072, 0.09118, 0.091599, 0.091935, 0.09251, 0.092524, 0.092559, 0.09257, 0.092707, 0.092853, 0.093096, 0.093376, 0.093646, 0.094214, 0.09444, 0.09463, 0.094878, 0.095609, 0.095689, 0.095707, 0.0959, 0.096111, 0.096807, 0.09683, 0.097245, 0.097438, 0.097488, 0.097549, 0.097664, 0.097886, 0.098105, 0.098304, 0.098395, 0.098565, 0.099345, 0.100246, 0.100415, 0.100592, 0.10116, 0.101478, 0.101876, 0.101894, 0.102393, 0.102501, 0.102697, 0.103088, 0.103283, 0.10378, 0.103874, 0.104027, 0.104259, 0.104401, 0.104521, 0.105105, 0.105442, 0.105597, 0.105897, 0.10595, 0.10621, 0.10636, 0.106536, 0.106699, 0.106744, 0.106841, 0.107201, 0.107426, 0.107626, 0.107697, 0.108064, 0.108166, 0.108792, 0.109042, 0.109851, 0.110021, 0.110121, 0.110285, 0.1104, 0.111487, 0.111641, 0.111666, 0.111681, 0.111795, 0.112081, 0.112151, 0.112247, 0.112409, 0.112448, 0.112555, 0.112558, 0.112902, 0.112939, 0.112984, 0.113138, 0.113184, 0.113498, 0.113791, 0.113851, 0.114357, 0.114452, 0.114636, 0.115256, 0.115503, 0.115666, 0.115857, 0.116139, 0.116264, 0.116392, 0.116617, 0.116974, 0.117049, 0.117194, 0.11737, 0.117411, 0.117473, 0.117958, 0.118159, 0.118218, 0.118267, 0.118305, 0.118676, 0.118914, 0.118988, 0.119135, 0.119526, 0.11967, 0.119705, 0.119756, 0.119876, 0.12013, 0.12022, 0.120425, 0.120552, 0.120717, 0.120867, 0.121074, 0.121536, 0.121828, 0.121936, 0.121959, 0.122017, 0.122243, 0.12256, 0.122582, 0.122731, 0.122773, 0.12278, 0.123099, 0.123112, 0.123519, 0.123951, 0.124072, 0.124098, 0.124287, 0.124357, 0.124542, 0.124647, 0.125386, 0.125522, 0.125661, 0.125958, 0.126364, 0.126727, 0.127143, 0.128158, 0.128172, 0.12821, 0.128214, 0.12831, 0.128385, 0.128621, 0.129356, 0.129385, 0.129501, 0.129681, 0.129824, 0.129928, 0.129965, 0.130217, 0.130262, 0.130445, 0.130757, 0.131518, 0.131706, 0.132016, 0.132998, 0.133016, 0.133226, 0.133361, 0.133541, 0.134022, 0.134339, 0.134415, 0.134866, 0.13512, 0.135432, 0.135538, 0.13568, 0.135773, 0.135812, 0.135883, 0.135985, 0.136064, 0.136248, 0.136614, 0.136793, 0.13697, 0.137148, 0.137154, 0.137565, 0.138055, 0.138089, 0.138479, 0.138593, 0.138647, 0.138829, 0.138841, 0.138876, 0.138881, 0.139163, 0.139882, 0.140318, 0.140554, 0.140609, 0.141093, 0.141718, 0.142014, 0.142342, 0.142546, 0.144124, 0.144578, 0.145167, 0.1454, 0.145687, 0.145911, 0.14607, 0.146155, 0.1462, 0.146332, 0.147243, 0.147303, 0.147329, 0.147329, 0.147417, 0.148173, 0.148243, 0.148266, 0.148566, 0.149257, 0.149365, 0.149369, 0.149736, 0.149955, 0.15065, 0.151174, 0.151444, 0.151845, 0.15198, 0.152583, 0.152588, 0.152645, 0.152743, 0.153284, 0.153368, 0.153725, 0.154113, 0.154343, 0.154359, 0.154651, 0.154717, 0.154762, 0.154892, 0.155175, 0.155537, 0.155612, 0.156344, 0.156385, 0.156456, 0.156618, 0.156842, 0.157308, 0.157703, 0.15787, 0.158088, 0.158191, 0.158853, 0.159043, 0.159134, 0.159162, 0.159182, 0.159383, 0.159814, 0.160176, 0.160286, 0.16087, 0.16122, 0.161328, 0.161468, 0.162273, 0.162712, 0.162888, 0.162992, 0.163379, 0.163448, 0.16392, 0.163985, 0.164259, 0.164773, 0.165091, 0.165113, 