{"sigma_r": 0.7746, "sigma_i": 0.5349, "m": 5, "seed": 1877622740, "n_k": {"1": 3693, "2": 979, "3": 272, "4": 60, "5": 18, "6+": 4}, "dlogr": [0.0, 0.0, 0.0, 0.000168, 0.000193, 0.000321, 0.000382, 0.000457, 0.000527, 0.000559, 0.000593, 0.000622, 0.001085, 0.001128, 0.001178, 0.001297, 0.001382, 0.001532, 0.00154, 0.001598, 0.002006, 0.002039, 0.002044, 0.002122, 0.002285, 0.002295, 0.002574, 0.002653, 0.002669, 0.002677, 0.002778, 0.002924, 0.003033, 0.003048, 0.00323, 0.003502, 0.003837, 0.003962, 0.00404, 0.004069, 0.00413, 0.004198, 0.004293, 0.004917, 0.005262, 0.00545, 0.005703, 0.00576, 0.005919, 0.006074, 0.00621, 0.006296, 0.006312, 0.006396, 0.006452, 0.006557, 0.006579, 0.006729, 0.006895, 0.006958, 0.006984, 0.007153, 0.007301, 0.007307, 0.007356, 0.007428, 0.007477, 0.007964, 0.007985, 0.008095, 0.008636, 0.008757, 0.008893, 0.008907, 0.008914, 0.009058, 0.009254, 0.009281, 0.00936, 0.009363, 0.009364, 0.009617, 0.009874, 0.00994, 0.010025, 0.010112, 0.010114, 0.010236, 0.01026, 0.01032, 0.010351, 0.010444, 0.010474, 0.01075, 0.010849, 0.010875, 0.010901, 0.011008, 0.011223, 0.011233, 0.011237, 0.011282, 0.011356, 0.011466, 0.011469, 0.011526, 0.01153, 0.011707, 0.011934, 0.011944, 0.012071, 0.012129, 0.012143, 0.012145, 0.012167, 0.01217, 0.012272, 0.012346, 0.012371, 0.012474, 0.012644, 0.012654, 0.012743, 0.012799, 0.01283, 0.012897, 0.012928, 0.013061, 0.013088, 0.013138, 0.013227, 0.013243, 0.013349, 0.013385, 0.013411, 0.013549, 0.013694, 0.013895, 0.013925, 0.014075, 0.014214, 0.014327, 0.014404, 0.01442, 0.01467, 0.015041, 0.015048, 0.015062, 0.015556, 0.015578, 0.015647, 0.015709, 0.015776, 0.015991, 0.01606, 0.01608, 0.016229, 0.016351, 0.016476, 0.016662, 0.016676, 0.016929, 0.017325, 0.017329, 0.017445, 0.01751, 0.017645, 0.017722, 0.0178, 0.017962, 0.018377, 0.0187, 0.018814, 0.018949, 0.019034, 0.019251, 0.019283, 0.019326, 0.019352, 0.019361, 0.019449, 0.01952, 0.019531, 0.019576, 0.019633, 0.019897, 0.019916, 0.020105, 0.020157, 0.020846, 0.020916, 0.020993, 0.021033, 0.021141, 0.021281, 0.021337, 0.021437, 0.021484, 0.021701, 0.021714, 0.021744, 0.021748, 0.021773, 0.021974, 0.022089, 0.022142, 0.022408, 0.022544, 0.022592, 0.022636, 0.022707, 0.02272, 0.022864, 0.023009, 0.023256, 0.023262, 0.02333, 0.023379, 0.023475, 0.023482, 0.0235, 0.023898, 0.023996, 0.024092, 0.024302, 0.024669, 0.02481, 0.024861, 0.024862, 0.024944, 0.025397, 0.025472, 0.02552, 0.025679, 0.025733, 0.026412, 0.027051, 0.0271, 0.0274, 0.027543, 0.027548, 0.027551, 0.027554, 0.02758, 0.028328, 0.028348, 0.028432, 0.028477, 0.028493, 0.028536, 0.028832, 0.029083, 0.029179, 0.029224, 0.029323, 0.029491, 0.029528, 0.029738, 0.029775, 0.0299, 0.029982, 0.030023, 0.030344, 0.030387, 0.030539, 0.030597, 0.030693, 0.030827, 0.030938, 0.030968, 0.031006, 0.031277, 0.031442, 0.031445, 0.031665, 0.031725, 0.031828, 0.032021, 0.032204, 0.032223, 0.032223, 0.032278, 0.032292, 0.032589, 0.032605, 0.032753, 0.032766, 0.03278, 0.032917, 0.033029, 0.033076, 0.033231, 0.033446, 0.033731, 0.033751, 0.033925, 0.033997, 0.034136, 0.034141, 0.034145, 0.034332, 0.034346, 0.034633, 0.034713, 0.034773, 0.034775, 0.034848, 0.035426, 0.035625, 0.035681, 0.035744, 0.03598, 0.035986, 0.036138, 0.036233, 0.03632, 0.036414, 0.0365, 0.036513, 0.036556, 0.036716, 0.036848, 0.036966, 0.037, 0.037085, 0.037093, 0.037133, 0.037134, 0.037302, 0.037406, 0.037427, 0.037433, 0.037434, 0.037653, 0.037655, 0.037797, 0.037871, 0.03798, 0.038063, 0.038222, 0.038232, 0.038301, 0.038442, 0.038513, 0.038609, 0.038657, 0.038701, 0.038771, 0.038789, 0.038876, 0.038888, 0.039024, 0.039071, 0.039087, 0.039206, 0.039229, 0.039393, 0.039533, 0.039831, 0.040011, 0.040153, 0.040236, 0.040305, 0.040309, 0.040518, 0.040609, 0.040671, 0.040778, 0.04094, 0.041205, 0.041269, 0.041297, 0.041432, 0.041463, 0.041485, 0.041645, 0.041739, 0.042037, 0.042088, 0.042429, 0.042461, 0.042666, 0.042711, 0.042726, 0.04293, 0.042982, 0.043074, 0.043136, 0.043308, 0.043351, 0.043393, 0.043413, 0.04348, 0.043536, 0.04372, 0.043765, 0.044634, 0.044647, 0.044721, 0.044798, 0.044812, 0.045381, 0.045407, 0.045605, 0.045656, 0.045985, 0.046084, 0.046099, 0.04622, 0.046413, 0.046833, 0.046836, 0.046847, 0.047019, 0.047069, 0.047194, 0.047194, 0.047247, 0.047655, 0.047742, 0.047852, 0.047957, 0.047967, 0.04804, 0.048152, 0.048224, 0.048248, 0.048504, 0.048517, 0.048563, 0.048634, 0.048687, 0.049089, 0.049211, 0.049397, 0.04946, 0.049756, 0.049794, 0.049794, 0.049862, 0.049882, 0.049936, 0.050008, 0.05001, 0.050142, 0.050265, 0.050403, 0.050422, 0.050518, 0.050922, 0.050958, 0.051004, 0.051134, 0.051154, 0.051169, 0.05127, 0.051339, 0.051444, 0.05153, 0.051548, 0.051556, 0.051743, 0.052022, 0.052274, 0.052285, 0.0523, 0.052452, 0.052454, 0.052529, 0.052533, 0.052543, 0.052559, 0.05258, 0.052658, 0.052825, 0.052836, 0.052871, 0.052901, 0.053033, 0.053097, 0.053158, 0.053635, 0.053705, 0.053735, 0.053781, 0.053965, 0.054006, 0.054118, 0.054366, 0.054436, 0.054473, 0.054477, 0.054644, 0.054651, 0.054699, 0.054789, 0.054841, 0.055065, 0.055096, 0.055402, 0.055403, 0.055444, 0.055466, 0.055497, 0.055632, 0.055663, 0.055783, 0.055851, 0.056009, 0.056032, 0.056086, 0.056115, 0.056251, 0.056417, 0.056433, 0.056573, 0.05666, 0.056704, 0.056757, 0.05712, 0.057149, 0.057179, 0.057216, 0.057224, 0.057242, 0.057529, 0.057545, 0.057836, 0.057951, 0.058089, 0.058172, 0.05819, 0.058279, 0.058353, 0.058359, 0.058529, 0.058912, 0.059043, 0.059317, 0.059414, 0.059529, 0.05954, 0.059717, 0.059725, 0.059904, 0.060061, 0.060188, 0.060314, 0.060326, 0.060389, 0.060624, 0.060626, 0.06071, 0.06075, 0.060825, 0.060825, 0.060837, 0.060863, 0.061078, 0.061187, 0.061897, 0.061979, 0.061979, 0.062065, 0.062108, 0.062182, 0.062364, 0.062404, 0.062417, 0.062485, 0.063038, 0.063107, 0.063217, 0.063288, 0.063517, 0.063585, 0.063589, 0.063599, 0.063895, 0.064061, 0.064297, 0.06439, 0.064456, 0.064517, 0.064606, 0.064929, 0.064959, 0.06499, 0.065088, 0.06515, 0.065531, 0.06562, 0.065676, 0.06576, 0.065823, 0.065845, 0.065875, 0.066078, 0.066394, 0.066455, 0.066487, 0.066581, 0.06675, 0.066919, 0.067183, 0.06734, 0.067463, 0.067786, 0.067792, 0.067821, 0.068065, 0.068162, 0.068268, 0.06867, 0.068795, 0.068931, 0.068953, 0.069068, 0.069256, 0.0694, 0.069549, 0.069569, 0.069602, 0.070012, 0.07013, 0.070196, 0.070357, 0.070548, 0.071001, 0.071192, 0.071697, 0.072008, 0.072013, 0.072188, 0.072202, 0.072494, 0.072565, 0.07261, 0.072679, 0.072709, 0.072773, 0.072821, 0.072898, 0.072959, 0.073098, 0.073111, 0.073224, 0.07363, 0.073753, 0.073917, 0.074167, 0.07441, 0.074424, 0.074429, 0.074435, 0.074499, 0.07455, 0.07461, 0.07471, 0.074864, 0.074937, 0.075066, 0.075086, 0.075708, 0.076273, 0.076369, 0.076423, 0.076652, 0.076677, 0.076997, 0.077264, 0.077388, 0.07743, 0.077764, 0.078009, 0.078382, 0.078442, 0.078803, 0.079144, 0.079159, 0.079227, 0.079379, 0.079416, 0.080046, 0.080215, 0.080338, 0.08044, 0.080475, 0.080712, 0.080965, 0.080989, 0.081062, 0.081191, 0.081244, 0.081276, 0.081319, 0.081512, 0.081827, 0.081898, 0.082246, 0.082265, 0.082456, 0.082734, 0.083025, 0.083237, 0.08329, 0.083604, 0.08361, 0.083657, 0.083818, 0.083926, 0.083945, 0.083974, 0.083984, 0.084116, 0.084278, 0.084297, 0.084309, 0.084698, 0.084991, 0.085109, 0.085176, 0.085189, 0.085629, 0.085727, 0.085811, 0.086089, 0.086396, 0.086413, 0.086491, 0.086517, 0.086779, 0.086828, 0.086852, 0.086942, 0.087154, 0.087446, 0.0875, 0.087714, 0.087938, 0.087951, 0.087998, 0.088051, 0.088326, 0.088498, 0.088528, 0.088739, 0.088913, 0.089141, 0.089188, 0.08928, 0.0893, 0.089302, 0.089494, 0.089512, 0.089584, 0.089668, 0.089715, 0.089815, 0.089975, 0.090067, 0.090211, 0.090229, 0.090424, 0.090506, 0.09075, 0.090775, 0.090794, 0.090974, 0.091029, 0.09117, 0.091513, 0.091513, 0.091599, 0.091642, 0.091778, 0.091917, 0.091961, 0.091966, 0.092104, 0.092191, 0.092344, 0.092502, 0.092536, 0.092604, 0.092838, 0.092903, 0.093113, 0.093195, 0.093283, 0.093369, 0.093496, 0.093853, 0.093893, 0.093901, 0.094146, 