{"sigma_r": 0.4932, "sigma_i": 1.4304, "m": 3, "seed": 1321100754, "n_k": {"1": 4022, "2": 904, "3": 209, "4": 28, "5": 1, "6+": 1}, "dlogr": [0.0, 0.0, 0.0, 0.0, 0.0, 0.0, 0.000195, 0.000301, 0.000361, 0.000387, 0.000568, 0.000893, 0.000912, 0.000936, 0.001035, 0.001081, 0.001082, 0.001091, 0.001151, 0.001208, 0.001223, 0.001264, 0.001277, 0.001361, 0.001395, 0.001532, 0.001618, 0.001735, 0.001747, 0.001797, 0.001859, 0.001912, 0.002076, 0.002147, 0.002402, 0.002448, 0.00246, 0.002531, 0.002534, 0.002545, 0.002625, 0.002681, 0.002843, 0.002964, 0.002971, 0.003032, 0.003184, 0.003226, 0.003322, 0.00336, 0.003429, 0.003467, 0.003478, 0.003767, 0.003817, 0.003911, 0.004027, 0.004078, 0.004296, 0.004357, 0.004391, 0.004456, 0.004461, 0.004498, 0.004573, 0.004617, 0.004661, 0.004764, 0.005111, 0.005347, 0.005385, 0.005771, 0.005784, 0.006044, 0.006413, 0.006456, 0.006557, 0.006661, 0.006755, 0.006969, 0.007392, 0.007491, 0.007559, 0.00772, 0.007784, 0.00817, 0.008291, 0.008716, 0.008822, 0.009001, 0.00906, 0.009217, 0.009304, 0.00931, 0.009317, 0.00937, 0.00946, 0.009765, 0.009876, 0.009904, 0.009948, 0.010036, 0.010067, 0.010084, 0.010105, 0.010298, 0.010349, 0.010478, 0.010591, 0.01073, 0.010771, 0.01082, 0.010886, 0.011085, 0.011198, 0.011249, 0.011258, 0.011308, 0.011404, 0.011796, 0.011798, 0.012104, 0.01214, 0.012342, 0.012537, 0.012556, 0.012725, 0.012828, 0.012964, 0.013001, 0.013002, 0.013025, 0.013114, 0.013138, 0.013663, 0.013666, 0.01378, 0.013832, 0.014022, 0.014053, 0.014058, 0.014258, 0.014326, 0.014822, 0.014904, 0.015285, 0.015291, 0.015477, 0.015762, 0.015981, 0.016044, 0.016066, 0.016067, 0.016175, 0.016177, 0.016205, 0.01628, 0.016407, 0.016465, 0.016955, 0.017068, 0.017168, 0.017368, 0.017466, 0.017514, 0.017672, 0.017968, 0.017969, 0.018075, 0.018162, 0.018261, 0.018327, 0.018615, 0.018692, 0.018763, 0.019041, 0.019075, 0.019415, 0.019609, 0.019634, 0.019732, 0.019861, 0.019878, 0.019944, 0.020233, 0.020292, 0.020397, 0.020467, 0.020541, 0.020583, 0.020637, 0.020733, 0.020788, 0.021055, 0.021102, 0.021139, 0.021344, 0.021633, 0.02167, 0.021691, 0.02171, 0.021785, 0.021858, 0.02195, 0.022222, 0.022272, 0.022322, 0.022394, 0.022399, 0.022467, 0.022721, 0.022811, 0.022958, 0.023374, 0.023804, 0.023994, 0.0245, 0.02451, 0.024547, 0.024554, 0.024678, 0.024859, 0.025297, 0.025439, 0.025529, 0.025539, 0.025593, 0.025676, 0.025694, 0.025788, 0.026006, 0.026079, 0.026116, 0.026192, 0.026355, 0.026412, 0.026422, 0.026436, 0.026489, 0.026561, 0.026684, 0.026846, 0.026891, 0.027019, 0.027694, 0.027758, 0.027765, 0.027778, 0.028179, 0.028465, 0.028484, 0.028672, 0.028688, 0.028741, 0.028796, 0.0288, 0.028954, 0.029009, 0.029081, 0.029147, 0.029151, 0.029394, 0.029404, 0.029449, 0.029553, 0.029634, 0.029858, 0.029941, 0.029977, 0.029979, 0.030228, 0.030251, 0.03036, 0.030421, 0.030774, 0.030846, 0.030975, 0.031011, 0.031124, 0.031129, 0.031284, 0.031322, 0.031332, 0.031353, 0.031408, 0.031603, 0.031626, 0.031808, 0.031995, 0.032235, 0.03234, 0.032419, 0.032433, 0.032706, 0.032915, 0.032932, 0.033466, 0.033583, 0.033651, 0.033953, 0.03398, 0.033987, 0.034072, 0.034149, 0.034185, 0.034315, 0.034316, 0.034398, 0.034401, 0.034506, 0.034763, 0.034886, 0.034892, 0.034927, 0.035057, 0.03517, 0.035226, 0.035302, 0.035324, 0.035456, 0.035541, 0.035541, 0.035577, 0.035616, 0.036163, 0.036455, 0.036548, 0.036792, 0.03691, 0.036915, 0.037154, 0.037161, 0.037273, 0.037317, 0.037449, 0.037616, 0.037761, 0.037774, 0.037924, 0.038086, 0.038102, 0.038479, 0.038562, 0.038699, 0.039, 0.039018, 0.039093, 0.039342, 0.03945, 0.039543, 0.039721, 0.039895, 0.040021, 0.040033, 0.04004, 0.040084, 0.040134, 0.040161, 0.040323, 0.040348, 0.040387, 0.04044, 0.0405, 0.04059, 0.040593, 0.040712, 0.040934, 0.041052, 0.041077, 0.041186, 0.041394, 0.041466, 0.041473, 0.041525, 0.041586, 0.041633, 0.041757, 0.042124, 0.042182, 0.042213, 0.042266, 0.042497, 0.042596, 0.042726, 0.042788, 0.04281, 0.0429, 0.043155, 0.043248, 0.043514, 0.043633, 0.043709, 0.043751, 0.043902, 0.04427, 0.044318, 0.044396, 0.044496, 0.044712, 0.044801, 0.044827, 0.04497, 0.045115, 0.045147, 0.045158, 0.04546, 0.045968, 0.046052, 0.046252, 0.046264, 0.046461, 0.046461, 0.046535, 0.046755, 0.046775, 0.046805, 0.046825, 0.047279, 0.0473, 0.047447, 0.047448, 0.047491, 0.047756, 0.047901, 0.0486, 0.048667, 0.048706, 0.048917, 0.049321, 0.049394, 0.049475, 0.049787, 0.049793, 0.049829, 0.049917, 0.050011, 0.050116, 0.050173, 0.050407, 0.050568, 0.050594, 0.0506, 0.050654, 0.050698, 0.050784, 0.050821, 0.050827, 0.050845, 0.050879, 0.051068, 0.051133, 0.051279, 0.051316, 0.05139, 0.051498, 0.051508, 0.051621, 0.051701, 0.052047, 0.05215, 0.052321, 0.052415, 0.052433, 0.05254, 0.053004, 0.053059, 0.053083, 0.053097, 0.05315, 0.053208, 0.053261, 0.053385, 0.053528, 0.053537, 0.053606, 0.053679, 0.053863, 0.054159, 0.054261, 0.054438, 0.054594, 0.054786, 0.054963, 0.054971, 0.05504, 0.055288, 0.055412, 0.055423, 0.05543, 0.05555, 0.055665, 0.055717, 0.055761, 0.056031, 0.056049, 0.056092, 0.056179, 0.05691, 0.057069, 0.057077, 0.057174, 0.057239, 0.057407, 0.057477, 0.057516, 0.057751, 0.05797, 0.058015, 0.058184, 0.058789, 0.058838, 0.058866, 0.05893, 0.058988, 0.059102, 0.059313, 0.059409, 0.059493, 0.059555, 0.05965, 0.059706, 0.059772, 0.059789, 0.05979, 0.05992, 0.060096, 0.060119, 0.060309, 0.060546, 0.06064, 0.060687, 0.061104, 0.061199, 0.061376, 0.06153, 0.061561, 0.061951, 0.062014, 0.062131, 0.062182, 0.062186, 0.062355, 0.062397, 0.062699, 0.062934, 0.062985, 0.063206, 0.063333, 0.063379, 0.064014, 0.064514, 0.064532, 0.064536, 0.064549, 0.064665, 0.064715, 0.064757, 0.065161, 0.065198, 0.06542, 0.065578, 0.065629, 0.065706, 0.065927, 0.065953, 0.065993, 0.066097, 0.066175, 0.066409, 0.066548, 0.066564, 0.066638, 0.066753, 0.067192, 0.067274, 0.067358, 0.067368, 0.068093, 0.068201, 0.06842, 0.068422, 0.068431, 0.068531, 0.068566, 0.068593, 0.068893, 0.068947, 0.068957, 0.069054, 0.069061, 0.069154, 0.06976, 0.069969, 0.070008, 0.070231, 0.07039, 0.070404, 0.070467, 0.070708, 0.070778, 0.070978, 0.070994, 0.071318, 0.071493, 0.071506, 0.071581, 0.071607, 0.07164, 0.07191, 0.072107, 0.072178, 0.07234, 0.072455, 0.072613, 0.07329, 0.073397, 0.073467, 0.073685, 0.073747, 0.07378, 0.073843, 0.073931, 0.074109, 0.074128, 0.074213, 0.074331, 0.074403, 0.074494, 0.07453, 0.074634, 0.07466, 0.074683, 0.07478, 0.074801, 0.074879, 0.074952, 0.075019, 0.075285, 0.075365, 0.075515, 0.075607, 0.075776, 0.075776, 0.075809, 0.075948, 0.076129, 0.076154, 0.07624, 0.076264, 0.076274, 0.07642, 0.076454, 0.076594, 0.076727, 0.076729, 0.076977, 0.077214, 0.077484, 0.077522, 0.077645, 0.077837, 0.077966, 0.077998, 0.078036, 0.078248, 0.078602, 0.078664, 0.078746, 0.078793, 0.078923, 0.079004, 0.079235, 0.079511, 0.079656, 0.079675, 0.079804, 0.07996, 0.080082, 0.080236, 0.08024, 0.0805, 0.080575, 0.080623, 0.081191, 0.081225, 0.081275, 0.081276, 0.081763, 0.082006, 0.082166, 0.082216, 0.082832, 0.082852, 0.082864, 0.083038, 0.083038, 0.083123, 0.083153, 0.083378, 0.08347, 0.08355, 0.083558, 0.083668, 0.083671, 0.083755, 0.083878, 0.084055, 0.084362, 0.084417, 0.084519, 0.08478, 0.085157, 0.085236, 0.08527, 0.085381, 0.085389, 0.085444, 0.085474, 0.085583, 0.085763, 0.085826, 0.085897, 0.085914, 0.086078, 0.086133, 0.086369, 0.086469, 0.086588, 0.086618, 0.086799, 0.086844, 0.087842, 0.087855, 0.088089, 0.088331, 0.088652, 0.088949, 0.089398, 0.089497, 0.090079, 0.0901, 0.090152, 0.0904, 0.090556, 0.090859, 0.090923, 0.091121, 0.091542, 0.091738, 0.091923, 0.092101, 0.092447, 0.092494, 0.092599, 0.09271, 0.092747, 0.09276, 0.092828, 0.092883, 0.092928, 0.093147, 0.093196, 0.093643, 0.093813, 0.093888, 0.093997, 0.094545, 0.094612, 0.094696, 0.095045, 0.095098, 0.09544, 0.095628, 0.096002, 0.09617, 0.096362, 0.096395, 0.096945, 0.097135, 0.097818, 0.098193, 0.098433, 0.098729, 0.098794, 0.098834, 0.099056, 0.099203, 0.099473, 0.099507, 0.099534, 0.099657, 0.100019, 0.10019, 0.100448, 0.100744, 0.100806, 0.100809, 0.101156, 