{"sigma_r": 0.2506, "sigma_i": 0.684, "m": 7, "seed": 3286983990, "n_k": {"1": 3779, "2": 994, "3": 275, "4": 60, "5": 16, "6+": 3}, "dlogr": [0.0, 0.0, 0.0, 0.0, 0.0, 0.0, 0.0, 0.0, 0.0, 0.0, 3.1e-05, 4e-05, 7.5e-05, 0.000116, 0.000297, 0.000322, 0.000411, 0.000418, 0.000432, 0.000457, 0.00047, 0.00091, 0.000914, 0.001024, 0.001054, 0.001074, 0.001091, 0.001106, 0.001122, 0.001158, 0.001168, 0.001314, 0.00134, 0.001367, 0.001566, 0.001582, 0.001634, 0.001766, 0.001884, 0.001944, 0.002019, 0.002039, 0.002115, 0.002126, 0.002158, 0.002182, 0.002199, 0.002256, 0.002297, 0.00232, 0.002408, 0.002485, 0.002529, 0.002587, 0.002596, 0.002597, 0.002676, 0.002697, 0.00277, 0.002786, 0.002792, 0.002806, 0.002856, 0.002921, 0.002961, 0.003005, 0.003085, 0.003151, 0.003298, 0.00338, 0.003384, 0.003431, 0.003433, 0.003467, 0.003566, 0.003623, 0.003634, 0.003695, 0.003696, 0.003724, 0.003736, 0.003829, 0.00384, 0.003952, 0.003973, 0.004041, 0.004044, 0.004068, 0.004069, 0.004086, 0.004144, 0.004199, 0.004231, 0.004287, 0.00429, 0.004314, 0.00438, 0.004432, 0.004485, 0.004559, 0.004605, 0.004606, 0.004755, 0.004852, 0.004893, 0.004895, 0.004937, 0.00505, 0.005065, 0.005126, 0.005126, 0.005138, 0.005271, 0.005326, 0.005335, 0.005345, 0.005437, 0.005467, 0.005515, 0.005561, 0.005608, 0.005746, 0.005757, 0.005771, 0.005805, 0.005808, 0.00585, 0.006001, 0.006004, 0.006018, 0.006135, 0.006142, 0.006147, 0.00619, 0.006402, 0.006421, 0.00645, 0.006463, 0.006495, 0.006535, 0.00658, 0.006585, 0.00674, 0.006747, 0.006748, 0.006762, 0.006795, 0.006795, 0.006821, 0.006861, 0.006893, 0.006948, 0.006963, 0.007036, 0.00705, 0.007085, 0.007144, 0.007178, 0.007344, 0.007563, 0.007579, 0.007624, 0.007724, 0.007756, 0.007764, 0.007781, 0.007788, 0.007846, 0.007864, 0.008073, 0.008077, 0.008084, 0.00812, 0.008159, 0.008289, 0.008302, 0.008316, 0.008317, 0.008401, 0.008455, 0.008498, 0.008685, 0.008685, 0.008686, 0.008808, 0.008868, 0.009063, 0.009143, 0.009268, 0.009277, 0.009314, 0.009428, 0.009452, 0.009511, 0.00952, 0.009525, 0.009541, 0.009552, 0.00956, 0.009606, 0.009709, 0.009948, 0.010029, 0.010073, 0.010135, 0.010506, 0.010526, 0.010581, 0.010653, 0.010701, 0.010703, 0.010792, 0.01084, 0.010994, 0.011069, 0.011093, 0.011137, 0.011176, 0.011195, 0.011207, 0.01131, 0.011366, 0.011384, 0.011476, 0.011502, 0.01152, 0.011535, 0.011537, 0.01157, 0.01166, 0.011678, 0.011696, 0.011701, 0.011724, 0.011745, 0.011761, 0.011767, 0.011816, 0.011873, 0.011889, 0.011927, 0.011956, 0.012003, 0.012017, 0.0123, 0.012363, 0.012527, 0.012554, 0.012751, 0.012751, 0.012759, 0.012766, 0.012792, 0.012847, 0.01287, 0.012903, 0.012914, 0.012958, 0.01298, 0.012983, 0.012983, 0.01302, 0.013054, 0.013058, 0.013099, 0.013104, 0.01319, 0.013223, 0.013227, 0.013258, 0.013333, 0.013377, 0.013384, 0.013463, 0.013473, 0.013628, 0.013636, 0.013755, 0.013768, 0.01377, 0.013824, 0.013871, 0.013941, 0.013983, 0.014072, 0.014124, 0.014139, 0.014205, 0.014215, 0.014272, 0.014369, 0.014392, 0.014447, 0.014468, 0.014468, 0.014613, 0.014678, 0.014699, 0.01477, 0.014846, 0.015031, 0.015048, 0.015061, 0.015073, 0.015102, 0.015181, 0.015182, 0.015222, 0.015315, 0.015421, 0.01543, 0.015485, 0.01551, 0.015522, 0.015529, 0.015536, 0.015623, 0.015705, 0.015714, 0.015748, 0.015754, 0.015756, 0.015757, 0.01584, 0.015855, 0.015893, 0.015897, 0.015942, 0.016009, 0.016033, 0.016068, 0.016068, 0.016123, 0.016167, 0.016279, 0.016289, 0.016411, 0.016461, 0.016484, 0.016554, 0.016593, 0.016594, 0.016599, 0.016666, 0.016678, 0.0167, 0.016742, 0.016866, 0.016886, 0.017002, 0.017066, 0.017224, 0.017234, 0.017275, 0.017317, 0.017542, 0.017577, 0.017615, 0.017668, 0.017816, 0.017995, 0.017996, 0.018004, 0.018005, 0.018233, 0.018255, 0.018272, 0.018368, 0.01848, 0.018508, 0.018589, 0.018618, 0.018653, 0.018669, 0.01874, 0.018996, 0.019068, 0.019176, 0.019226, 0.019489, 0.019491, 0.019527, 0.019531, 0.019586, 0.019676, 0.019708, 0.019746, 0.019751, 0.019812, 0.019873, 0.019946, 0.019992, 0.02001, 0.020041, 0.020088, 0.020133, 0.020167, 0.020304, 0.020395, 0.020404, 0.020434, 0.020451, 0.020482, 0.020631, 0.020633, 0.020658, 0.020686, 0.020692, 0.020692, 0.020723, 0.020813, 0.020914, 0.020943, 0.020945, 0.020996, 0.021051, 0.021055, 0.021085, 0.021177, 0.021228, 0.02127, 0.021273, 0.021361, 0.021396, 0.02152, 0.021584, 0.021643, 0.021648, 0.021668, 0.021668, 0.021796, 0.021837, 0.021875, 0.021912, 0.022037, 0.022047, 0.022108, 0.022129, 0.022252, 0.022301, 0.022379, 0.022414, 0.022432, 0.022492, 0.022493, 0.022503, 0.022537, 0.022555, 0.022639, 0.022663, 0.022676, 0.022698, 0.022745, 0.022758, 0.022834, 0.022846, 0.022849, 0.022868, 0.022908, 0.022927, 0.022938, 0.022959, 0.022972, 0.023071, 0.023097, 0.023185, 0.023251, 0.02326, 0.02354, 0.023542, 0.023557, 0.023595, 0.023789, 0.023884, 0.024072, 0.024096, 0.024111, 0.024151, 0.024179, 0.024243, 0.024244, 0.024258, 0.024327, 0.024375, 0.02441, 0.024527, 0.024655, 0.024678, 0.024774, 0.02479, 0.024806, 0.024909, 0.025022, 0.025137, 0.025146, 0.025273, 0.025373, 0.025441, 0.025465, 0.025551, 0.025554, 0.025637, 0.025693, 0.025716, 0.025733, 0.025795, 0.025804, 0.025821, 0.02596, 0.026071, 0.026166, 0.02628, 0.026452, 0.02647, 0.026488, 0.026493, 0.026533, 0.026533, 0.02658, 0.026593, 0.026728, 0.026781, 0.026877, 0.026897, 0.026933, 0.026946, 0.027014, 0.027063, 0.027227, 0.027246, 0.027331, 0.027363, 0.027404, 0.027409, 0.027457, 0.027524, 0.027546, 0.02757, 0.02759, 0.027606, 0.027713, 0.027745, 0.027755, 0.027875, 0.028, 0.028002, 0.028005, 0.028009, 0.028013, 0.028103, 0.028304, 0.028345, 0.028366, 0.028377, 0.028384, 0.028482, 0.028555, 0.028588, 0.028596, 0.02876, 0.028778, 0.028829, 0.028836, 0.028995, 0.029027, 0.029253, 0.029314, 0.029317, 0.029483, 0.029583, 0.029687, 0.029687, 0.029877, 0.029906, 0.030004, 0.030145, 0.030145, 0.030159, 0.030182, 0.030198, 0.030222, 0.030226, 0.030286, 0.030361, 0.030482, 0.030486, 0.030529, 0.030539, 0.03055, 0.030566, 0.030588, 0.030623, 0.030628, 0.030673, 0.030675, 0.030723, 0.030749, 0.03076, 0.030763, 0.030793, 0.030899, 0.030909, 0.03096, 0.030998, 0.03106, 0.031137, 0.031145, 0.031193, 0.031234, 0.031238, 0.031332, 0.03143, 0.031434, 0.031586, 0.031596, 0.031604, 0.031768, 0.031841, 0.031845, 0.031909, 0.031932, 0.03197, 0.032049, 0.032051, 0.03216, 0.032197, 0.03233, 0.032385, 0.032541, 0.032564, 0.032596, 0.032795, 0.032829, 0.03285, 0.032879, 0.03292, 0.032934, 0.032996, 0.033002, 0.033063, 0.033091, 0.033111, 0.033255, 0.033372, 0.033407, 0.033438, 0.033598, 0.033624, 0.033701, 0.033755, 0.033788, 0.033793, 0.033798, 0.033862, 0.033873, 0.033935, 0.034095, 0.034153, 0.034193, 0.034201, 0.034356, 0.034363, 0.03438, 0.034399, 0.03461, 0.03466, 0.034721, 0.034737, 0.034789, 0.0348, 0.034899, 0.034938, 0.034966, 0.035256, 0.035344, 0.035353, 0.035429, 0.035431, 0.035523, 0.035608, 0.035734, 0.035804, 0.0359, 0.035922, 0.035925, 0.035947, 0.036053, 0.036137, 0.036181, 0.036192, 0.036224, 0.03624, 0.03626, 0.03633, 0.036366, 0.036508, 0.036544, 0.03658, 0.036583, 0.036583, 0.036654, 0.036669, 0.0368, 0.036864, 0.036981, 0.037113, 0.037227, 0.03724, 0.037364, 0.037419, 0.037431, 0.037478, 0.037622, 0.037717, 0.037786, 0.037791, 0.037945, 0.038141, 0.038143, 0.03818, 0.038302, 0.038347, 0.038397, 0.038407, 0.038495, 0.038662, 0.038953, 0.039001, 0.039086, 0.039166, 0.039258, 0.039329, 0.039354, 0.039359, 0.03936, 0.039362, 0.039515, 0.039515, 0.039524, 0.039531, 0.039593, 0.039664, 0.039764, 0.039774, 0.039784, 0.03987, 0.039926, 0.039982, 0.04012, 0.04021, 0.040258, 0.040389, 0.040476, 0.040537, 0.040555, 0.040614, 0.04072, 0.040883, 0.040926, 0.040953, 0.040979, 0.041013, 0.041036, 0.041117, 0.041167, 0.041197, 0.041315, 0.041354, 0.041433, 0.041557, 0.04186, 0.041955, 0.041986, 0.041988, 0.042219, 0.042237, 0.042342, 0.042379, 0.04244, 0.042516, 0.04266, 0.042684, 0.042767, 0.042787, 0.042805, 0.04292, 0.042976, 0.043049, 0.043072, 0.043078, 0.043088, 0.043203, 0.043289, 0.043296, 0.043296, 0.043388, 0.043393, 0.043436, 0.043453, 0.043524, 