{"sigma_r": 0.6181, "sigma_i": 0.4183, "m": 7, "seed": 1107321727, "n_k": {"1": 3674, "2": 922, "3": 270, "4": 63, "5": 17, "6+": 1}, "dlogr": [0.0, 0.0, 0.0, 3.3e-05, 5.5e-05, 7.8e-05, 8e-05, 0.000263, 0.000317, 0.000351, 0.000506, 0.000734, 0.000809, 0.000845, 0.001016, 0.00103, 0.001053, 0.001088, 0.001169, 0.001281, 0.001293, 0.001323, 0.001624, 0.001735, 0.001801, 0.002032, 0.002041, 0.002054, 0.002355, 0.002409, 0.002413, 0.002608, 0.002743, 0.002912, 0.002975, 0.003006, 0.003182, 0.003478, 0.003589, 0.003664, 0.003711, 0.003852, 0.003883, 0.003894, 0.004139, 0.004169, 0.004325, 0.004339, 0.004343, 0.004386, 0.004415, 0.004439, 0.004593, 0.004657, 0.004658, 0.004678, 0.004724, 0.004754, 0.004806, 0.004884, 0.004926, 0.00496, 0.005034, 0.005394, 0.005397, 0.005473, 0.005612, 0.005615, 0.005653, 0.005664, 0.005775, 0.005777, 0.005789, 0.005844, 0.005853, 0.006132, 0.006356, 0.006485, 0.006629, 0.006823, 0.006842, 0.006883, 0.006947, 0.006948, 0.006964, 0.007172, 0.007443, 0.007483, 0.007822, 0.008028, 0.008127, 0.00814, 0.008448, 0.008469, 0.008625, 0.008729, 0.008821, 0.008871, 0.009036, 0.009043, 0.00908, 0.009445, 0.009579, 0.009775, 0.010222, 0.010267, 0.010485, 0.010852, 0.010957, 0.011082, 0.01126, 0.011375, 0.011421, 0.01188, 0.011953, 0.012015, 0.012022, 0.012039, 0.012185, 0.012228, 0.012272, 0.012534, 0.012588, 0.012696, 0.012863, 0.01288, 0.012893, 0.012961, 0.013034, 0.013132, 0.013208, 0.013242, 0.013287, 0.01334, 0.013459, 0.013463, 0.013532, 0.013664, 0.013698, 0.013787, 0.01402, 0.014155, 0.014352, 0.014625, 0.014758, 0.01483, 0.014949, 0.015069, 0.01509, 0.015138, 0.015139, 0.015142, 0.015298, 0.015354, 0.015356, 0.015476, 0.015542, 0.01556, 0.015571, 0.015612, 0.015615, 0.015647, 0.015663, 0.015895, 0.016031, 0.016051, 0.016131, 0.01615, 0.016254, 0.016368, 0.016496, 0.016617, 0.017266, 0.017452, 0.017516, 0.017558, 0.017606, 0.017708, 0.017735, 0.017777, 0.017802, 0.017808, 0.017846, 0.017947, 0.017979, 0.018053, 0.018058, 0.018092, 0.018117, 0.018165, 0.018203, 0.018301, 0.018404, 0.018596, 0.018606, 0.018706, 0.018807, 0.01883, 0.018987, 0.019018, 0.019286, 0.019465, 0.019572, 0.019675, 0.019745, 0.019922, 0.019948, 0.02009, 0.020096, 0.020283, 0.020611, 0.020628, 0.020851, 0.020902, 0.021008, 0.02119, 0.021427, 0.021516, 0.021927, 0.021977, 0.022435, 0.022576, 0.022587, 0.022699, 0.022708, 0.022764, 0.02282, 0.023115, 0.023185, 0.023402, 0.023438, 0.023474, 0.023761, 0.023772, 0.02385, 0.023906, 0.024005, 0.024077, 0.024145, 0.024287, 0.024438, 0.024781, 0.0248, 0.025034, 0.025516, 0.025656, 0.025736, 0.025776, 0.025816, 0.025846, 0.026271, 0.026291, 0.026535, 0.02659, 0.026763, 0.027051, 0.027173, 0.027197, 0.027466, 0.027507, 0.027548, 0.027572, 0.027582, 0.027603, 0.027681, 0.028408, 0.028426, 0.02867, 0.028725, 0.028763, 0.028824, 0.028854, 0.029015, 0.02913, 0.029192, 0.029262, 0.029269, 0.029498, 0.02959, 0.029597, 0.029701, 0.029701, 0.029836, 0.029877, 0.029987, 0.030174, 0.030355, 0.030403, 0.030535, 0.030642, 0.030739, 0.031083, 0.031302, 0.031521, 0.031872, 0.031878, 0.031908, 0.031922, 0.031924, 0.031936, 0.031954, 0.032047, 0.032062, 0.032285, 0.03231, 0.032366, 0.032424, 0.032456, 0.032491, 0.032544, 0.0326, 0.032673, 0.032875, 0.032948, 0.03295, 0.033026, 0.033057, 0.033148, 0.033187, 0.03339, 0.033434, 0.033441, 0.033522, 0.033598, 0.033692, 0.034136, 0.034138, 0.034235, 0.034244, 0.034244, 0.034322, 0.034388, 0.034389, 0.034427, 0.03464, 0.034895, 0.03506, 0.035102, 0.035185, 0.035497, 0.035545, 0.035592, 0.035644, 0.035654, 0.035738, 0.035826, 0.036023, 0.036106, 0.036115, 0.036248, 0.036469, 0.036508, 0.036559, 0.03663, 0.036714, 0.036795, 0.036925, 0.037382, 0.03753, 0.037617, 0.037631, 0.037701, 0.037786, 0.037901, 0.037902, 0.037987, 0.03802, 0.038153, 0.038231, 0.038238, 0.03825, 0.038255, 0.038334, 0.038538, 0.038593, 0.038762, 0.038859, 0.039416, 0.039662, 0.039678, 0.039688, 0.039702, 0.039936, 0.039941, 0.039968, 0.040046, 0.040115, 0.040164, 0.040265, 0.040522, 0.040794, 0.04097, 0.041032, 0.041219, 0.04134, 0.041463, 0.041518, 0.041651, 0.041721, 0.042039, 0.04237, 0.042792, 0.042883, 0.043494, 0.043666, 0.043713, 0.043762, 0.043863, 0.043872, 0.043882, 0.043937, 0.044002, 0.0441, 0.044117, 0.044125, 0.04458, 0.044707, 0.044728, 0.044827, 0.044838, 0.044852, 0.045021, 0.045326, 0.045338, 0.045379, 0.045399, 0.045584, 0.045687, 0.045737, 0.045738, 0.04578, 0.045851, 0.04592, 0.045983, 0.04612, 0.046222, 0.046282, 0.046361, 0.046415, 0.046585, 0.047024, 0.047087, 0.047096, 0.047157, 0.047348, 0.047396, 0.047425, 0.047496, 0.04751, 0.047524, 0.047733, 0.048054, 0.048062, 0.048279, 0.048525, 0.048596, 0.048792, 0.049124, 0.049211, 0.049357, 0.049465, 0.049662, 0.049669, 0.049729, 0.04981, 0.049942, 0.050162, 0.050205, 0.050279, 0.050367, 0.050391, 0.050505, 0.050534, 0.05059, 0.050598, 0.050685, 0.050747, 0.050877, 0.050924, 0.051002, 0.05104, 0.051052, 0.051239, 0.051275, 0.051349, 0.051423, 0.051517, 0.051596, 0.051616, 0.051676, 0.051851, 0.051937, 0.052034, 0.052049, 0.052062, 0.052094, 0.052223, 0.052229, 0.05223, 0.052318, 0.052439, 0.052462, 0.052515, 0.052585, 0.05296, 0.053051, 0.053103, 0.053125, 0.053164, 0.053253, 0.053261, 0.053369, 0.053386, 0.05342, 0.053475, 0.053641, 0.053661, 0.05368, 0.053767, 0.053854, 0.053859, 0.053961, 0.053992, 0.053997, 0.054142, 0.054299, 0.054315, 0.0545, 0.054725, 0.054749, 0.054775, 0.055088, 0.055202, 0.055213, 0.05522, 0.055384, 0.055537, 0.055613, 0.055637, 0.055984, 0.055987, 0.056039, 0.056257, 0.056277, 0.056352, 0.056877, 0.057052, 0.057109, 0.057156, 0.057235, 0.05729, 0.057308, 0.057424, 0.057533, 0.057763, 0.057841, 0.058443, 0.058606, 0.058744, 0.05917, 0.059516, 0.059587, 0.059881, 0.060155, 0.060318, 0.060326, 0.060696, 0.060698, 0.060769, 0.060896, 0.060942, 0.060958, 0.06099, 0.061056, 0.06112, 0.061257, 0.061311, 0.061459, 0.061798, 0.06215, 0.062639, 0.062641, 0.062765, 0.063012, 0.063047, 0.063277, 0.063376, 0.063395, 0.063435, 0.063577, 0.063775, 0.063783, 0.0638, 0.063903, 0.063938, 0.063942, 0.064093, 0.064141, 0.064178, 0.064257, 0.064307, 0.064332, 0.064434, 0.064441, 0.064663, 0.064726, 0.064782, 0.064824, 0.064824, 0.064892, 0.064911, 0.064961, 0.064962, 0.065244, 0.065251, 0.065292, 0.065318, 0.065321, 0.06541, 0.065465, 0.06556, 0.065808, 0.065868, 0.066162, 0.066209, 0.066333, 0.066416, 0.066505, 0.066553, 0.066596, 0.066905, 0.067019, 0.067132, 0.067234, 0.067303, 0.067507, 0.067587, 0.067622, 0.067844, 0.067961, 0.068059, 0.068144, 0.068385, 0.068439, 0.068444, 0.06845, 0.068568, 0.068578, 0.068696, 0.068806, 0.06889, 0.068901, 0.069485, 0.069587, 0.0696, 0.069652, 0.069695, 0.069709, 0.069728, 0.06984, 0.070227, 0.070258, 0.070271, 0.070286, 0.070811, 0.070851, 0.07091, 0.070993, 0.071066, 0.071158, 0.071212, 0.071543, 0.071566, 0.071604, 0.07188, 0.072021, 0.072115, 0.072138, 0.072328, 0.072585, 0.073328, 0.073729, 0.073974, 0.074078, 0.074185, 0.074185, 0.074384, 0.074531, 0.074992, 0.075039, 0.075067, 0.07513, 0.075259, 0.075518, 0.075547, 0.075559, 0.075638, 0.075655, 0.075664, 0.075709, 0.075801, 0.075883, 0.076001, 0.076057, 0.076108, 0.076184, 0.076277, 0.076336, 0.076342, 0.076465, 0.076509, 0.076643, 0.076882, 0.077015, 0.077023, 0.0774, 0.077465, 0.077526, 0.077759, 0.077811, 0.077912, 0.078086, 0.078117, 0.078141, 0.078153, 0.078249, 0.078305, 0.078574, 0.078586, 0.078874, 0.078886, 0.07913, 0.079261, 0.079305, 0.079494, 0.079868, 0.079956, 0.080171, 0.080327, 0.080404, 0.080648, 0.080704, 0.081019, 0.081143, 0.081279, 0.081339, 0.081561, 0.081571, 0.081578, 0.081658, 0.081821, 0.081871, 0.081898, 0.082023, 0.082074, 0.082203, 0.082232, 0.082499, 0.082591, 0.082745, 0.08283, 0.082877, 0.082886, 0.082991, 0.083021, 0.083081, 0.083364, 0.083383, 0.083428, 0.083544, 0.083811, 0.084232, 0.084245, 0.084432, 0.084437, 0.084566, 0.085009, 0.08527, 0.085272, 0.085371, 0.085582, 0.085731, 0.085927, 0.085988, 0.086043, 0.086584, 0.086662, 0.086742, 0.086988, 0.087196, 0.087464, 0.087555, 0.087711, 0.087757, 0.087771, 