{"sigma_r": 1.5244, "sigma_i": 0.8747, "m": 4, "seed": 1648522614, "n_k": {"1": 3919, "2": 937, "3": 248, "4": 44, "5": 6, "6+": 0}, "dlogr": [9e-06, 0.000472, 0.000526, 0.000784, 0.001098, 0.001884, 0.001974, 0.001975, 0.00212, 0.00215, 0.002181, 0.002242, 0.002519, 0.002663, 0.002774, 0.00297, 0.003023, 0.003037, 0.003079, 0.003167, 0.003307, 0.003979, 0.004309, 0.004438, 0.004518, 0.005062, 0.005386, 0.005391, 0.005699, 0.005946, 0.006003, 0.006083, 0.006554, 0.006657, 0.006821, 0.00699, 0.00713, 0.007132, 0.00717, 0.007195, 0.007604, 0.007687, 0.007744, 0.007796, 0.008074, 0.008086, 0.008203, 0.008294, 0.008579, 0.008579, 0.008636, 0.008696, 0.008754, 0.008821, 0.008828, 0.008934, 0.008999, 0.009133, 0.009196, 0.009341, 0.009344, 0.009471, 0.009721, 0.009782, 0.009817, 0.00986, 0.009941, 0.010059, 0.01012, 0.01013, 0.010152, 0.010183, 0.010321, 0.010371, 0.010542, 0.010839, 0.01105, 0.01109, 0.011311, 0.011494, 0.012119, 0.012146, 0.012373, 0.012448, 0.012473, 0.012491, 0.012568, 0.01265, 0.012813, 0.012837, 0.012902, 0.013018, 0.013067, 0.013466, 0.013631, 0.01395, 0.014098, 0.014304, 0.014658, 0.014879, 0.014918, 0.014947, 0.015207, 0.015261, 0.015572, 0.015594, 0.016047, 0.016198, 0.01621, 0.016212, 0.01667, 0.016684, 0.016783, 0.016908, 0.01709, 0.01715, 0.017425, 0.017483, 0.017519, 0.017604, 0.017913, 0.018154, 0.01833, 0.018375, 0.018609, 0.018953, 0.018979, 0.019143, 0.019349, 0.019366, 0.019506, 0.020188, 0.02027, 0.020302, 0.020419, 0.020464, 0.02074, 0.020846, 0.020916, 0.021098, 0.021115, 0.021181, 0.021553, 0.021582, 0.02168, 0.021942, 0.022245, 0.02248, 0.022655, 0.022664, 0.022775, 0.023047, 0.023093, 0.023655, 0.023827, 0.023887, 0.024082, 0.024157, 0.024247, 0.024378, 0.024398, 0.024481, 0.024689, 0.025249, 0.02535, 0.025389, 0.025871, 0.026016, 0.026077, 0.026098, 0.026184, 0.026359, 0.026598, 0.026711, 0.026736, 0.027485, 0.027527, 0.027665, 0.027819, 0.027933, 0.028092, 0.028364, 0.028648, 0.028667, 0.02896, 0.02941, 0.02972, 0.030032, 0.030195, 0.030379, 0.030514, 0.030945, 0.031105, 0.031112, 0.031119, 0.031154, 0.031897, 0.031974, 0.032598, 0.032851, 0.032991, 0.033084, 0.033348, 0.033403, 0.033684, 0.033935, 0.034013, 0.034218, 0.034328, 0.034544, 0.034825, 0.034886, 0.035472, 0.035515, 0.035714, 0.035747, 0.035756, 0.03579, 0.035909, 0.035915, 0.03593, 0.036345, 0.036802, 0.036881, 0.036964, 0.037274, 0.037441, 0.037761, 0.037811, 0.038061, 0.038072, 0.038119, 0.0383, 0.0384, 0.038498, 0.03851, 0.038587, 0.038596, 0.038645, 0.038709, 0.038737, 0.038829, 0.038887, 0.038902, 0.03897, 0.039145, 0.03918, 0.039348, 0.039429, 0.039462, 0.039486, 0.039568, 0.039599, 0.039607, 0.039856, 0.040034, 0.040545, 0.040616, 0.04069, 0.040724, 0.041101, 0.041172, 0.041188, 0.041238, 0.041294, 0.041588, 0.041669, 0.041675, 0.041714, 0.041847, 0.042213, 0.042223, 0.04233, 0.042356, 0.04243, 0.042713, 0.042924, 0.042985, 0.043256, 0.0435, 0.043739, 0.043938, 0.044059, 0.044131, 0.044163, 0.044809, 0.044971, 0.045259, 0.045356, 0.045485, 0.045497, 0.045507, 0.045553, 0.046501, 0.046567, 0.046622, 0.046669, 0.046947, 0.047209, 0.047271, 0.04732, 0.047391, 0.047404, 0.04751, 0.047677, 0.047994, 0.048867, 0.048893, 0.049072, 0.049115, 0.049674, 0.049814, 0.050126, 0.05042, 0.05046, 0.051447, 0.05155, 0.051763, 0.051882, 0.052019, 0.052044, 0.052241, 0.052681, 0.052769, 0.053027, 0.053166, 0.053223, 0.053604, 0.053639, 0.053665, 0.053943, 0.054036, 0.054148, 0.054218, 0.054228, 0.054231, 0.054658, 0.054848, 0.05502, 0.055162, 0.055444, 0.055891, 0.056144, 0.056157, 0.056781, 0.056875, 0.057167, 0.057774, 0.057842, 0.058233, 0.058488, 0.058577, 0.058623, 0.05866, 0.058666, 0.058884, 0.059233, 0.059341, 0.059422, 0.059468, 0.059869, 0.059896, 0.060281, 0.060331, 0.060769, 0.06101, 0.061058, 0.061218, 0.061442, 0.061465, 0.06177, 0.061798, 0.061904, 0.062227, 0.062266, 0.063136, 0.06323, 0.063679, 0.063703, 0.064139, 0.064277, 0.064348, 0.064735, 0.065154, 0.065259, 0.065432, 0.065491, 0.065607, 0.065621, 0.065721, 0.065791, 0.066066, 0.066195, 0.066495, 0.066562, 0.066723, 0.066926, 0.06713, 0.067184, 0.067609, 0.0677, 0.067818, 0.067854, 0.067865, 0.068071, 0.06811, 0.068121, 0.068166, 0.068378, 0.068567, 0.068928, 0.068999, 0.069094, 0.069761, 0.069901, 0.069936, 0.070269, 0.070353, 0.070643, 0.070676, 0.07145, 0.071475, 0.071556, 0.071597, 0.07162, 0.071692, 0.071782, 0.072035, 0.07209, 0.072096, 0.072185, 0.072199, 0.072468, 0.072597, 0.073022, 0.073091, 0.073132, 0.07347, 0.073551, 0.073664, 0.073802, 0.07435, 0.074503, 0.074714, 0.074935, 0.075029, 0.075078, 0.075118, 0.075198, 0.075272, 0.075365, 0.075382, 0.075911, 0.075968, 0.076454, 0.076558, 0.076632, 0.076743, 0.076837, 0.076895, 0.077208, 0.077639, 0.077666, 0.077706, 0.077889, 0.077997, 0.078022, 0.078036, 0.078151, 0.078301, 0.078437, 0.078541, 0.078568, 0.078814, 0.078854, 0.079034, 0.079308, 0.079586, 0.079627, 0.079679, 0.07972, 0.080556, 0.080751, 0.081011, 0.081072, 0.081095, 0.08111, 0.081281, 0.081315, 0.081455, 0.081714, 0.081756, 0.082053, 0.082117, 0.082184, 0.082304, 0.08244, 0.082689, 0.083015, 0.083197, 0.083323, 0.083629, 0.08376, 0.083845, 0.084224, 0.08455, 0.08467, 0.084748, 0.085058, 0.085084, 0.085663, 0.085902, 0.086145, 0.086194, 0.086343, 0.086517, 0.086704, 0.08687, 0.086948, 0.086977, 0.087261, 0.087386, 0.087927, 0.087932, 0.088305, 0.088437, 0.088858, 0.088987, 0.089179, 0.089479, 0.089669, 0.089735, 0.090245, 0.090295, 0.090588, 0.090848, 0.090954, 0.091319, 0.091881, 0.091954, 0.09197, 0.09207, 0.092503, 0.093088, 0.093328, 0.093668, 0.093682, 0.093703, 0.093731, 0.093816, 0.093818, 0.094144, 0.094446, 0.094795, 0.095032, 0.095163, 0.095545, 0.095635, 0.095641, 0.095739, 0.095821, 0.095992, 0.096239, 0.09632, 0.096325, 0.096547, 0.097003, 0.097066, 0.0977, 0.097864, 0.097898, 0.098201, 0.098701, 0.098735, 0.098742, 0.098757, 0.098916, 0.098922, 0.098944, 0.099057, 0.099336, 0.099537, 0.09967, 0.100054, 0.1005, 0.100761, 0.100904, 0.101196, 0.101253, 0.101292, 0.101404, 0.1015, 0.101846, 0.102027, 0.102037, 0.102449, 0.102513, 0.102643, 0.102694, 0.102966, 0.103308, 0.103435, 0.103788, 0.103795, 0.103891, 0.104203, 0.10434, 0.104582, 0.104584, 0.104692, 0.104906, 0.104912, 0.104931, 0.105271, 0.105356, 0.105378, 0.105439, 0.105514, 0.105747, 0.105803, 0.106101, 0.10616, 0.106279, 0.106474, 0.106762, 0.106871, 0.106887, 0.106911, 0.107159, 0.107315, 0.107827, 0.107925, 0.107986, 0.108706, 0.108797, 0.108882, 0.109129, 0.10928, 0.109716, 0.109738, 0.109939, 0.110368, 0.11055, 0.110697, 0.110792, 0.111064, 0.111331, 0.111856, 0.112108, 0.112151, 0.112341, 0.112447, 0.112567, 0.112628, 0.112731, 0.114017, 0.114023, 0.11416, 0.114243, 0.114878, 0.11526, 0.115493, 0.115568, 0.115837, 0.116636, 0.116841, 0.116864, 0.116911, 0.117061, 0.117377, 0.117675, 0.117677, 0.118505, 0.119327, 0.119375, 0.119982, 0.12003, 0.120147, 0.120224, 0.120242, 0.121156, 0.1212, 0.121423, 0.12147, 0.121567, 0.12208, 0.122261, 0.122274, 0.122447, 0.122879, 0.123237, 0.123237, 0.123516, 0.123536, 0.123537, 0.123833, 0.123877, 0.124075, 0.124243, 0.124346, 0.124508, 0.124549, 0.124667, 0.125072, 0.125419, 0.125941, 0.126034, 0.126172, 0.126197, 0.126345, 0.126537, 0.127154, 0.127497, 0.127606, 0.127736, 0.127891, 0.128459, 0.128511, 0.12854, 0.129021, 0.129215, 0.129274, 0.129353, 0.130392, 0.130594, 0.131138, 0.131269, 0.131305, 0.131779, 0.133427, 0.134038, 0.134925, 0.13499, 0.135082, 0.135667, 0.135936, 0.13597, 0.136284, 0.136613, 0.136702, 0.136792, 0.137907, 0.138204, 0.138567, 0.138616, 0.138719, 0.138744, 0.13981, 0.140186, 0.140265, 0.140732, 0.140747, 0.140784, 0.141032, 0.141211, 0.141344, 0.141358, 0.141593, 0.141663, 0.141821, 0.141967, 0.14205, 0.14252, 0.142892, 0.143199, 0.143675, 0.143701, 0.143824, 0.143836, 0.144241, 0.144336, 0.144766, 0.144859, 0.145111, 0.145235, 0.145433, 0.1458, 0.14598, 0.146001, 0.146347, 0.146378, 0.14643, 0.146793, 0.147331, 0.147612, 0.148162, 0.14863, 0.148722, 0.148809, 0.149019, 0.149185, 0.149364, 0.14992, 0.150056, 0.150749, 0.1514, 