{"sigma_r": 0.17, "sigma_i": 0.87, "m": 1, "seed": 4224676842, "n_k": {"1": 3780, "2": 905, "3": 232, "4": 53, "5": 16, "6+": 4}, "dlogr": [0.0, 0.0, 0.0, 0.0, 0.0, 0.0, 0.0, 0.0, 0.0, 0.0, 0.0, 0.0, 0.0, 0.0, 0.0, 8.9e-05, 9.9e-05, 0.000252, 0.000311, 0.000359, 0.000389, 0.000479, 0.000527, 0.000573, 0.000578, 0.000628, 0.000642, 0.0007, 0.000799, 0.000807, 0.000832, 0.001042, 0.001059, 0.001109, 0.00115, 0.001184, 0.001294, 0.001427, 0.001462, 0.001532, 0.001592, 0.001609, 0.001732, 0.001782, 0.001833, 0.001882, 0.001896, 0.00196, 0.001967, 0.001994, 0.002017, 0.002028, 0.002063, 0.002093, 0.00215, 0.002164, 0.002182, 0.002245, 0.002283, 0.002284, 0.002455, 0.002484, 0.002537, 0.002662, 0.002682, 0.002729, 0.002776, 0.002831, 0.002843, 0.002926, 0.002944, 0.002987, 0.002988, 0.002992, 0.003015, 0.003117, 0.003178, 0.003181, 0.003192, 0.003254, 0.003353, 0.003358, 0.003436, 0.00349, 0.003633, 0.003684, 0.003757, 0.00382, 0.003867, 0.003991, 0.004072, 0.004085, 0.004169, 0.004204, 0.004268, 0.004269, 0.004383, 0.004388, 0.004445, 0.004458, 0.004468, 0.004516, 0.004561, 0.004565, 0.004593, 0.004643, 0.00467, 0.004692, 0.004697, 0.004711, 0.004771, 0.004825, 0.004873, 0.004941, 0.004979, 0.005009, 0.005054, 0.005056, 0.005112, 0.005148, 0.005165, 0.005215, 0.005349, 0.005354, 0.005357, 0.005455, 0.005541, 0.005559, 0.005586, 0.005642, 0.005643, 0.005691, 0.005738, 0.005779, 0.005793, 0.005845, 0.005899, 0.006005, 0.006025, 0.006042, 0.006044, 0.006078, 0.00608, 0.006107, 0.006227, 0.006267, 0.006268, 0.006326, 0.006339, 0.006402, 0.006446, 0.006487, 0.006491, 0.006546, 0.006607, 0.006633, 0.006637, 0.006706, 0.006714, 0.006726, 0.006787, 0.006811, 0.006819, 0.007033, 0.007195, 0.007258, 0.00733, 0.007355, 0.007358, 0.007482, 0.007516, 0.007518, 0.007524, 0.007569, 0.007581, 0.007597, 0.007648, 0.007659, 0.007703, 0.007749, 0.007785, 0.007795, 0.007822, 0.007871, 0.007877, 0.007914, 0.007938, 0.007989, 0.008072, 0.008158, 0.008202, 0.008225, 0.008232, 0.008248, 0.008251, 0.008442, 0.008494, 0.008633, 0.008649, 0.008673, 0.008687, 0.008793, 0.008848, 0.008848, 0.008857, 0.008941, 0.008951, 0.00901, 0.009019, 0.009021, 0.009082, 0.009089, 0.009096, 0.00915, 0.009156, 0.009181, 0.009192, 0.009239, 0.009242, 0.009267, 0.009287, 0.009297, 0.009305, 0.009373, 0.009385, 0.009408, 0.009418, 0.009444, 0.009479, 0.009512, 0.009592, 0.009615, 0.009632, 0.009727, 0.009731, 0.0098, 0.0098, 0.009944, 0.009992, 0.010049, 0.010195, 0.010255, 0.010331, 0.010348, 0.010354, 0.010377, 0.010459, 0.010505, 0.010531, 0.010534, 0.010572, 0.010591, 0.010591, 0.010605, 0.010649, 0.010667, 0.010694, 0.010761, 0.010791, 0.010926, 0.01093, 0.010953, 0.011026, 0.011027, 0.01106, 0.011073, 0.011106, 0.011421, 0.011487, 0.011542, 0.011621, 0.011767, 0.011777, 0.011871, 0.011949, 0.011982, 0.012014, 0.012017, 0.012092, 0.012123, 0.012143, 0.012221, 0.012234, 0.012272, 0.012285, 0.012293, 0.012353, 0.012432, 0.01244, 0.01246, 0.012471, 0.012527, 0.012549, 0.01256, 0.01261, 0.01264, 0.012679, 0.012736, 0.012813, 0.01308, 0.013086, 0.013123, 0.013172, 0.013192, 0.013244, 0.013356, 0.0135, 0.013543, 0.013545, 0.013571, 0.01362, 0.013633, 0.013685, 0.013701, 0.013714, 0.013766, 0.013889, 0.014064, 0.014092, 0.014136, 0.014211, 0.014217, 0.014295, 0.014313, 0.014349, 0.01436, 0.014372, 0.014396, 0.014434, 0.014439, 0.014442, 0.0145, 0.01454, 0.014632, 0.014681, 0.014721, 0.014755, 0.014832, 0.014851, 0.014897, 0.014924, 0.01497, 0.015014, 0.015051, 0.015057, 0.015075, 0.015087, 0.015119, 0.015142, 0.015152, 0.015185, 0.015211, 0.015243, 0.015294, 0.015318, 0.015361, 0.01541, 0.015443, 0.01545, 0.015478, 0.015486, 0.015537, 0.015568, 0.015584, 0.015587, 0.015628, 0.015631, 0.015655, 0.015659, 0.015704, 0.01572, 0.015754, 0.015882, 0.015919, 0.01599, 0.016008, 0.016029, 0.016092, 0.0161, 0.016111, 0.016186, 0.016207, 0.016262, 0.01628, 0.01636, 0.016375, 0.016489, 0.016563, 0.016566, 0.016586, 0.016606, 0.016665, 0.016673, 0.016675, 0.016744, 0.016798, 0.01686, 0.016921, 0.016957, 0.016983, 0.017053, 0.017068, 0.017101, 0.017123, 0.017155, 0.017171, 0.017185, 0.017193, 0.017218, 0.017251, 0.017302, 0.01732, 0.017391, 0.017447, 0.017503, 0.017574, 0.017621, 0.017628, 0.017659, 0.017737, 0.017772, 0.017882, 0.018004, 0.018053, 0.018065, 0.018066, 0.018096, 0.018144, 0.018151, 0.018214, 0.018236, 0.018242, 0.018247, 0.018259, 0.018427, 0.018456, 0.018526, 0.01853, 0.018615, 0.018694, 0.018799, 0.018883, 0.018928, 0.019, 0.019005, 0.019013, 0.019081, 0.019124, 0.01919, 0.019207, 0.01932, 0.01937, 0.019377, 0.019415, 0.019448, 0.019452, 0.01949, 0.019542, 0.019591, 0.019633, 0.019702, 0.01974, 0.019761, 0.019811, 0.019813, 0.019888, 0.019904, 0.019904, 0.019943, 0.019947, 0.019993, 0.020049, 0.020083, 0.020144, 0.020181, 0.020204, 0.020254, 0.020366, 0.020395, 0.020458, 0.020537, 0.020582, 0.020585, 0.020595, 0.02067, 0.020817, 0.020868, 0.020951, 0.020978, 0.021051, 0.021055, 0.021066, 0.021096, 0.021113, 0.021168, 0.021203, 0.021258, 0.021277, 0.021284, 0.021326, 0.021364, 0.021507, 0.021511, 0.021555, 0.021624, 0.021647, 0.021691, 0.021731, 0.021739, 0.02175, 0.022041, 0.022061, 0.022079, 0.022334, 0.02245, 0.022572, 0.022574, 0.02262, 0.022664, 0.022685, 0.022696, 0.022744, 0.022762, 0.022808, 0.022828, 0.022918, 0.022951, 0.022961, 0.022997, 0.023093, 0.023146, 0.023217, 0.023219, 0.023228, 0.023251, 0.023329, 0.023356, 0.023364, 0.023442, 0.023453, 0.02349, 0.023509, 0.023514, 0.02373, 0.023775, 0.023789, 0.023808, 0.023819, 0.023844, 0.023885, 0.02396, 0.024109, 0.024115, 0.024132, 0.024144, 0.024153, 0.024301, 0.02432, 0.024363, 0.02438, 0.024381, 0.024394, 0.02445, 0.024497, 0.0248, 0.024818, 0.024962, 0.025012, 0.025059, 0.025071, 0.025153, 0.025167, 0.025206, 0.025232, 0.025295, 0.025335, 0.025381, 0.025414, 0.025427, 0.025477, 0.025493, 0.025497, 0.025532, 0.02556, 0.025595, 0.025618, 0.025699, 0.025704, 0.025706, 0.025706, 0.02585, 0.025939, 0.02594, 0.026031, 0.026061, 0.026064, 0.026141, 0.026203, 0.026251, 0.02627, 0.026299, 0.026468, 0.026477, 0.026569, 0.026622, 0.026659, 0.026721, 0.026733, 0.026753, 0.026761, 0.02677, 0.026779, 0.026801, 0.026829, 0.026864, 0.026953, 0.026963, 0.02699, 0.027012, 0.027014, 0.027024, 0.027036, 0.027038, 0.027081, 0.027204, 0.027228, 0.027233, 0.027286, 0.027287, 0.027317, 0.027348, 0.027383, 0.027415, 0.027517, 0.027536, 0.027549, 0.02757, 0.027683, 0.027701, 0.027824, 0.027838, 0.028111, 0.028124, 0.028303, 0.028314, 0.028353, 0.028376, 0.028469, 0.02866, 0.02874, 0.028743, 0.028746, 0.028778, 0.028793, 0.028839, 0.028932, 0.028935, 0.029265, 0.029412, 0.029455, 0.029484, 0.029496, 0.0295, 0.029532, 0.029579, 0.029587, 0.029608, 0.029716, 0.029851, 0.029891, 0.029902, 0.029964, 0.030062, 0.030092, 0.030117, 0.0302, 0.03023, 0.030231, 0.030292, 0.030366, 0.030483, 0.030539, 0.03066, 0.030678, 0.030685, 0.030801, 0.03082, 0.031072, 0.031096, 0.031137, 0.0312, 0.031203, 0.031225, 0.031291, 0.031392, 0.031398, 0.031429, 0.0315, 0.031515, 0.031593, 0.031645, 0.031704, 0.031916, 0.031972, 0.032017, 0.032036, 0.032133, 0.032148, 0.032171, 0.032207, 0.03222, 0.032378, 0.032429, 0.032434, 0.032486, 0.032489, 0.032512, 0.032534, 0.032556, 0.032692, 0.032877, 0.032995, 0.03304, 0.033141, 0.033168, 0.033207, 0.033388, 0.033401, 0.033428, 0.033596, 0.033612, 0.033645, 0.03366, 0.033668, 0.033695, 0.033718, 0.033793, 0.033844, 0.033865, 0.033914, 0.034069, 0.034092, 0.03417, 0.034313, 0.034348, 0.034373, 0.034375, 0.034393, 0.034429, 0.034444, 0.034608, 0.034683, 0.034731, 0.034846, 0.034859, 0.034994, 0.035003, 0.035016, 0.03505, 0.035055, 0.035089, 0.035145, 0.035282, 0.035468, 0.035556, 0.035581, 0.035616, 0.035731, 0.035972, 0.036056, 0.036078, 0.036109, 0.036215, 0.036219, 0.036235, 0.036244, 0.036334, 0.036357, 0.036515, 0.036554, 0.036585, 0.036691, 0.036742, 0.036791, 0.036815, 0.037033, 0.037085, 0.037107, 0.037147, 0.037194, 0.037237, 0.037308, 0.037335, 0.037393, 0.037477, 0.037506, 0.037534, 0.037549, 0.037576, 0.03762, 0.037639, 0.03781, 