{"sigma_r": 3.0, "sigma_i": 3.8254, "m": 3, "seed": 697888566, "n_k": {"1": 5051, "2": 717, "3": 101, "4": 8, "5": 0, "6+": 0}, "dlogr": [2.2e-05, 0.000209, 0.000739, 0.000779, 0.000984, 0.001012, 0.001481, 0.002934, 0.003709, 0.00467, 0.005032, 0.005283, 0.005505, 0.005599, 0.005633, 0.005926, 0.006088, 0.006643, 0.00674, 0.007295, 0.007646, 0.00791, 0.008044, 0.008763, 0.009518, 0.009549, 0.009774, 0.010371, 0.010574, 0.011213, 0.011398, 0.011599, 0.011832, 0.012491, 0.013073, 0.013263, 0.013434, 0.013558, 0.014568, 0.014973, 0.0166, 0.016601, 0.016694, 0.017339, 0.01763, 0.01768, 0.017682, 0.017977, 0.01798, 0.018227, 0.018326, 0.018406, 0.018663, 0.01893, 0.019521, 0.01972, 0.019786, 0.019952, 0.020064, 0.020804, 0.020819, 0.020845, 0.02116, 0.021429, 0.021815, 0.021855, 0.022427, 0.022724, 0.022875, 0.023643, 0.024102, 0.024389, 0.024452, 0.024601, 0.024861, 0.02488, 0.024981, 0.024996, 0.025285, 0.025466, 0.02552, 0.025529, 0.026395, 0.027229, 0.027315, 0.027357, 0.0275, 0.027813, 0.027979, 0.028121, 0.028319, 0.028617, 0.028883, 0.029166, 0.029636, 0.03005, 0.030248, 0.030663, 0.031378, 0.031736, 0.032033, 0.033266, 0.033444, 0.033463, 0.033753, 0.033946, 0.033968, 0.034242, 0.034598, 0.035371, 0.035591, 0.036084, 0.037219, 0.037616, 0.038834, 0.038913, 0.038915, 0.039021, 0.039925, 0.040001, 0.04025, 0.0404, 0.04104, 0.041361, 0.041474, 0.041586, 0.042322, 0.042731, 0.042967, 0.043074, 0.043671, 0.043915, 0.043925, 0.044137, 0.044211, 0.044842, 0.045248, 0.045379, 0.045635, 0.045975, 0.046657, 0.047238, 0.047688, 0.048159, 0.04823, 0.048281, 0.049114, 0.049182, 0.04942, 0.050261, 0.050781, 0.05083, 0.051102, 0.051941, 0.052013, 0.052859, 0.052991, 0.053849, 0.053946, 0.054169, 0.054207, 0.054317, 0.055438, 0.055687, 0.055738, 0.055741, 0.056503, 0.056639, 0.056685, 0.056904, 0.057304, 0.05761, 0.057647, 0.057741, 0.058154, 0.058301, 0.058808, 0.059197, 0.059294, 0.059344, 0.059561, 0.059895, 0.060738, 0.060824, 0.061099, 0.061492, 0.062113, 0.062236, 0.063379, 0.063502, 0.063606, 0.063734, 0.064003, 0.064594, 0.065192, 0.065493, 0.065853, 0.066182, 0.067019, 0.06771, 0.068306, 0.068863, 0.068975, 0.069518, 0.069631, 0.069855, 0.070004, 0.070297, 0.07037, 0.07079, 0.071207, 0.0713, 0.071679, 0.072144, 0.072425, 0.072573, 0.073704, 0.073794, 0.074257, 0.074765, 0.074977, 0.075012, 0.075276, 0.075636, 0.075753, 0.075841, 0.07672, 0.077418, 0.078294, 0.07853, 0.078887, 0.079346, 0.080377, 0.08121, 0.081618, 0.081923, 0.082343, 0.083131, 0.083194, 0.08352, 0.083916, 0.083924, 0.084136, 0.084262, 0.085008, 0.085294, 0.086333, 0.086952, 0.086972, 0.087747, 0.087792, 0.088246, 0.088441, 0.089105, 0.089304, 0.089597, 0.090113, 0.090349, 0.090507, 0.090861, 0.091016, 0.09134, 0.092458, 0.092523, 0.092649, 0.093145, 0.093518, 0.094094, 0.09425, 0.094331, 0.094673, 0.095037, 0.096037, 0.096153, 0.096167, 0.096493, 0.096714, 0.09686, 0.097084, 0.098134, 0.098719, 0.099366, 0.099473, 0.099951, 0.100111, 0.100134, 0.10036, 0.100491, 0.101218, 0.101322, 0.10155, 0.101552, 0.102167, 0.102201, 0.1026, 0.102943, 0.103236, 0.103258, 0.104147, 0.107061, 0.107164, 0.107364, 0.107375, 0.107805, 0.107971, 0.109835, 0.110298, 0.11111, 0.111163, 0.111468, 0.111605, 0.111735, 0.11184, 0.11271, 0.112805, 0.113017, 0.11307, 0.113456, 0.113727, 0.113784, 0.114075, 0.114247, 0.114248, 0.115146, 0.115382, 0.115636, 0.115792, 0.116014, 0.116525, 0.117229, 0.117736, 0.117883, 0.117972, 0.118318, 0.119002, 0.11903, 0.11921, 0.119502, 0.120299, 0.120374, 0.120637, 0.121578, 0.121867, 0.122435, 0.12271, 0.122713, 0.122996, 0.123453, 0.124433, 0.124744, 0.125793, 0.126178, 0.126803, 0.127274, 0.127327, 0.127488, 0.127492, 0.127639, 0.12822, 0.128424, 0.128652, 0.12921, 0.129638, 0.129643, 0.129731, 0.130059, 0.130073, 0.131431, 0.131435, 0.131653, 0.131869, 0.132383, 0.132555, 0.133088, 0.133474, 0.133979, 0.134626, 0.134743, 0.134867, 0.135015, 0.135425, 0.136185, 0.136247, 0.136295, 0.136587, 0.136806, 0.13681, 0.138387, 0.138805, 0.139052, 0.139203, 0.140362, 0.140598, 0.140941, 0.141082, 0.141142, 0.142413, 0.142415, 0.142646, 0.143082, 0.143162, 0.14343, 0.143948, 0.144676, 0.144782, 0.14537, 0.145863, 0.146341, 0.14687, 0.147035, 0.147448, 0.147483, 0.147485, 0.14769, 0.147949, 0.148289, 0.14851, 0.148698, 0.14909, 0.149382, 0.149635, 0.150185, 0.150346, 0.150994, 0.151243, 0.151996, 0.152243, 0.152261, 0.152464, 0.152947, 0.153359, 0.153984, 0.154198, 0.155353, 0.155476, 0.155703, 0.155773, 0.155805, 0.156437, 0.156881, 0.156964, 0.157227, 0.158049, 0.158413, 0.158614, 0.1599, 0.160184, 0.160541, 0.161174, 0.163003, 0.163777, 0.164198, 0.164773, 0.165003, 0.165029, 0.165162, 0.165513, 0.166859, 0.167628, 0.168638, 0.168813, 0.168966, 0.169104, 0.169257, 0.169646, 0.171508, 0.171656, 0.171734, 0.171876, 0.172254, 0.172304, 0.172622, 0.172969, 0.17315, 0.173503, 0.174039, 0.174053, 0.174481, 0.175265, 0.17608, 0.176864, 0.177172, 0.177249, 0.178367, 0.178699, 0.179355, 0.179756, 0.18017, 0.18146, 0.18195, 0.182332, 0.182526, 0.182866, 0.183272, 0.183461, 0.183544, 0.184002, 0.184088, 0.184831, 0.185184, 0.185392, 0.185717, 0.185997, 0.186304, 0.186607, 0.187326, 0.187388, 0.187436, 0.187689, 0.188609, 0.188905, 0.188918, 0.190665, 0.191447, 0.192238, 0.19307, 0.19334, 0.193596, 0.193665, 0.194364, 0.194379, 0.194787, 0.194945, 0.19566, 0.195666, 0.195962, 0.197597, 0.197645, 0.198342, 0.198387, 0.199165, 0.199447, 0.199757, 0.200539, 0.202861, 0.204898, 0.205829, 0.205991, 0.206703, 0.207402, 0.208284, 0.208714, 0.209044, 0.210373, 0.211036, 0.211505, 0.212083, 0.212128, 0.212476, 0.214804, 0.216089, 0.216607, 0.216868, 0.217011, 0.217747, 0.218037, 0.218397, 0.21884, 0.219337, 0.219558, 0.219743, 0.219791, 0.22006, 0.220368, 0.222347, 0.222437, 0.222548, 0.222768, 0.222902, 0.22445, 0.225573, 0.225641, 0.225844, 0.226309, 0.227298, 0.227512, 0.22869, 0.228737, 0.228921, 0.229538, 0.229717, 0.230954, 0.231586, 0.232141, 0.232459, 0.23318, 0.234235, 0.234737, 0.235546, 0.236519, 0.23814, 0.23816, 0.238554, 0.238603, 0.238673, 0.238907, 0.240337, 0.240443, 0.241072, 0.24211, 0.24284, 0.243868, 0.243895, 0.244026, 0.244232, 0.244559, 0.245561, 0.247969, 0.249282, 0.249462, 0.249598, 0.249923, 0.250596, 0.250789, 0.252035, 0.252924, 0.25345, 0.253756, 0.254531, 0.255589, 0.256185, 0.25632, 0.257514, 0.257796, 0.257906, 0.258994, 0.260054, 0.260697, 0.261504, 0.261582, 0.261627, 0.261774, 0.261811, 0.262527, 0.262973, 0.263445, 0.264796, 0.265417, 0.266254, 0.266849, 0.267179, 0.267338, 0.267442, 0.267561, 0.268251, 0.26926, 0.269678, 0.269804, 0.270648, 0.271126, 0.271173, 0.271597, 0.271727, 0.27177, 0.272084, 0.272656, 0.273104, 0.273488, 0.273601, 0.273678, 0.274286, 0.276975, 0.277008, 0.27716, 0.277863, 0.278471, 0.28063, 0.281163, 0.282627, 0.283892, 0.285534, 0.285872, 0.286006, 0.287239, 0.287331, 0.288019, 0.288506, 0.289434, 0.289509, 0.295577, 0.296063, 0.296359, 0.296957, 0.297195, 0.297361, 0.298002, 0.300028, 0.301916, 0.303477, 0.303879, 0.304262, 0.304286, 0.304361, 0.307021, 0.307919, 0.30836, 0.308645, 0.309236, 0.309772, 0.310736, 0.310836, 0.311955, 0.312182, 0.313495, 0.313515, 0.317003, 0.317252, 0.317365, 0.321033, 0.321311, 0.326195, 0.326633, 0.326693, 0.328432, 0.33036, 0.331228, 0.331421, 0.335975, 0.336131, 0.337236, 0.338555, 0.340086, 0.340459, 0.341967, 0.342859, 0.343116, 0.345839, 0.34597, 0.346335, 0.349171, 0.350836, 0.350929, 0.35136, 0.353048, 0.353155, 0.354846, 0.355729, 0.355947, 0.357517, 0.357669, 0.358768, 0.362194, 0.362222, 0.362703, 0.364893, 0.366404, 0.367462, 0.367484, 0.367552, 0.36831, 0.370479, 0.373708, 0.374635, 0.375707, 0.375754, 0.379356, 0.380371, 0.383663, 0.384787, 0.385768, 0.388387, 0.390229, 0.391116, 0.396217, 0.40402, 0.412681, 0.420618, 0.420806, 0.421103, 0.421417, 0.42178, 0.422235, 0.423209, 0.424617, 0.431268, 0.432591, 0.434746, 0.434873, 0.436061, 0.436076, 0.436755, 0.440078, 0.440758, 0.444718, 0.445659, 0.446063, 0.450064, 0.453329, 0.458924, 0.459317, 0.460821, 0.462875, 0.463837, 0.463845, 0.474765, 