{"sigma_r": 0.6181, "sigma_i": 0.3271, "m": 3, "seed": 1194309200, "n_k": {"1": 3660, "2": 941, "3": 253, "4": 61, "5": 21, "6+": 2}, "dlogr": [0.0, 0.0, 0.0, 0.0, 4.3e-05, 0.000224, 0.000271, 0.000504, 0.000831, 0.001104, 0.001149, 0.001192, 0.001288, 0.001348, 0.001492, 0.001561, 0.001593, 0.001618, 0.001631, 0.001643, 0.001985, 0.00216, 0.002201, 0.002454, 0.002551, 0.002715, 0.002725, 0.002754, 0.002799, 0.002829, 0.002861, 0.002922, 0.002934, 0.002945, 0.002951, 0.003085, 0.003204, 0.003324, 0.003362, 0.003445, 0.003577, 0.00358, 0.003772, 0.003827, 0.004009, 0.004058, 0.004116, 0.004168, 0.004217, 0.004426, 0.004465, 0.004535, 0.004783, 0.004919, 0.004965, 0.005007, 0.00507, 0.005125, 0.005138, 0.005281, 0.005659, 0.005667, 0.005705, 0.005813, 0.005878, 0.006027, 0.006182, 0.006227, 0.006662, 0.006802, 0.007065, 0.007179, 0.007448, 0.007616, 0.007621, 0.007671, 0.008167, 0.00824, 0.008253, 0.008275, 0.008545, 0.008713, 0.008722, 0.008777, 0.009183, 0.009249, 0.009358, 0.009585, 0.009949, 0.009999, 0.010085, 0.010141, 0.010205, 0.010395, 0.010442, 0.010659, 0.011155, 0.011187, 0.011248, 0.011276, 0.011416, 0.011441, 0.011446, 0.01151, 0.011586, 0.011688, 0.011756, 0.011978, 0.012052, 0.012073, 0.012107, 0.012226, 0.012501, 0.012634, 0.012652, 0.012653, 0.012656, 0.012674, 0.012769, 0.012824, 0.012833, 0.012891, 0.012933, 0.013201, 0.013324, 0.013518, 0.013583, 0.013683, 0.013691, 0.013743, 0.013811, 0.013815, 0.013898, 0.013968, 0.013986, 0.014103, 0.014192, 0.01423, 0.014268, 0.014291, 0.014388, 0.014409, 0.014578, 0.014593, 0.014639, 0.014671, 0.014712, 0.014777, 0.014823, 0.015092, 0.015227, 0.015455, 0.01547, 0.015503, 0.01568, 0.015691, 0.015789, 0.015954, 0.016211, 0.016453, 0.016552, 0.016608, 0.016715, 0.016778, 0.016918, 0.017003, 0.017028, 0.01725, 0.017284, 0.017288, 0.017476, 0.01753, 0.017538, 0.017604, 0.017645, 0.017709, 0.01772, 0.017739, 0.017806, 0.017917, 0.018011, 0.018183, 0.018284, 0.018681, 0.018694, 0.018864, 0.018907, 0.018921, 0.018972, 0.019237, 0.01926, 0.019391, 0.019396, 0.019556, 0.019676, 0.019719, 0.019721, 0.019952, 0.020196, 0.020247, 0.020449, 0.020478, 0.020496, 0.020627, 0.020669, 0.020736, 0.020763, 0.020897, 0.020912, 0.020956, 0.021061, 0.021183, 0.021398, 0.021495, 0.021554, 0.021581, 0.021586, 0.021667, 0.021707, 0.021794, 0.021853, 0.021855, 0.022001, 0.022332, 0.02244, 0.022475, 0.022501, 0.022553, 0.022635, 0.022704, 0.022782, 0.022888, 0.022955, 0.023147, 0.023253, 0.023421, 0.02343, 0.023502, 0.023535, 0.023574, 0.023843, 0.023949, 0.024012, 0.024035, 0.024101, 0.024121, 0.024307, 0.024367, 0.024401, 0.024454, 0.024483, 0.024542, 0.02463, 0.024674, 0.024681, 0.024769, 0.024901, 0.025015, 0.025155, 0.025319, 0.025357, 0.025584, 0.025611, 0.025656, 0.025808, 0.026121, 0.026313, 0.026354, 0.026388, 0.02639, 0.026595, 0.026655, 0.026719, 0.02689, 0.02704, 0.027141, 0.027294, 0.02756, 0.027592, 0.027631, 0.027693, 0.027719, 0.027774, 0.027777, 0.027837, 0.027934, 0.028082, 0.02822, 0.028337, 0.028402, 0.028452, 0.028466, 0.02854, 0.028604, 0.028617, 0.028709, 0.028793, 0.028851, 0.028925, 0.028975, 0.029006, 0.029122, 0.029161, 0.02921, 0.029231, 0.029265, 0.029287, 0.029447, 0.029516, 0.029571, 0.029589, 0.029646, 0.029681, 0.029703, 0.02975, 0.029927, 0.02994, 0.030041, 0.030127, 0.03016, 0.030463, 0.030513, 0.030704, 0.030776, 0.030989, 0.031157, 0.031165, 0.031233, 0.031243, 0.031255, 0.031341, 0.031353, 0.031434, 0.031442, 0.031742, 0.031764, 0.031824, 0.032122, 0.03221, 0.032225, 0.032275, 0.032401, 0.032503, 0.032691, 0.032792, 0.032959, 0.032995, 0.033036, 0.033154, 0.033174, 0.033251, 0.033288, 0.033298, 0.033315, 0.033352, 0.033605, 0.033648, 0.033691, 0.033789, 0.034007, 0.034182, 0.0342, 0.034286, 0.034633, 0.034697, 0.034703, 0.034717, 0.034731, 0.034758, 0.034763, 0.034857, 0.034901, 0.035081, 0.035219, 0.035253, 0.035359, 0.035558, 0.035685, 0.035762, 0.035837, 0.035969, 0.0362, 0.036239, 0.036288, 0.036336, 0.036578, 0.036644, 0.03677, 0.036811, 0.036882, 0.036894, 0.036975, 0.036998, 0.037092, 0.037264, 0.037343, 0.037374, 0.037988, 0.038137, 0.038176, 0.038191, 0.038269, 0.038306, 0.038326, 0.038342, 0.038354, 0.038365, 0.03838, 0.038407, 0.038505, 0.038555, 0.038627, 0.038675, 0.038776, 0.03904, 0.039129, 0.039153, 0.039175, 0.039309, 0.03933, 0.039554, 0.039582, 0.039857, 0.039862, 0.039904, 0.040052, 0.040069, 0.040092, 0.04011, 0.040254, 0.040507, 0.04054, 0.040582, 0.040617, 0.040677, 0.040716, 0.040934, 0.041015, 0.041105, 0.041332, 0.041415, 0.041459, 0.041487, 0.041696, 0.041812, 0.041857, 0.042058, 0.042072, 0.042206, 0.042311, 0.042327, 0.042634, 0.042745, 0.042827, 0.042888, 0.042915, 0.042964, 0.043097, 0.043513, 0.043561, 0.043821, 0.043881, 0.043902, 0.04392, 0.044177, 0.044266, 0.04427, 0.044357, 0.04437, 0.044482, 0.044551, 0.044567, 0.044706, 0.044931, 0.044983, 0.045033, 0.045059, 0.045309, 0.04566, 0.045692, 0.045705, 0.045774, 0.045889, 0.045934, 0.046023, 0.046094, 0.046261, 0.046311, 0.046355, 0.0464, 0.046444, 0.046557, 0.046604, 0.04669, 0.047236, 0.047286, 0.047329, 0.047426, 0.047475, 0.04766, 0.047735, 0.047891, 0.047937, 0.04803, 0.048455, 0.048551, 0.048624, 0.048715, 0.048718, 0.048813, 0.048861, 0.048928, 0.048941, 0.049135, 0.049217, 0.049438, 0.049717, 0.049941, 0.050015, 0.050249, 0.050328, 0.050357, 0.050588, 0.050617, 0.050765, 0.0508, 0.050834, 0.050983, 0.051184, 0.051951, 0.05215, 0.052195, 0.05221, 0.05229, 0.052299, 0.052318, 0.052364, 0.052497, 0.052513, 0.052565, 0.052724, 0.052815, 0.05284, 0.052863, 0.052884, 0.052973, 0.053078, 0.053257, 0.053401, 0.053485, 0.053488, 0.053538, 0.05404, 0.054082, 0.054082, 0.054114, 0.054208, 0.054401, 0.05446, 0.054501, 0.054602, 0.054696, 0.054753, 0.054861, 0.054874, 0.055071, 0.055219, 0.055266, 0.055417, 0.055758, 0.05593, 0.056241, 0.056501, 0.056589, 0.056594, 0.056624, 0.05671, 0.056766, 0.056937, 0.057254, 0.057385, 0.057391, 0.057415, 0.057474, 0.057591, 0.057648, 0.057733, 0.058043, 0.058171, 0.058317, 0.058522, 0.058642, 0.058872, 0.059331, 0.059341, 0.059491, 0.059547, 0.059594, 0.059733, 0.059929, 0.059994, 0.060029, 0.060367, 0.06042, 0.060895, 0.061033, 0.061103, 0.061315, 0.061371, 0.061483, 0.061565, 0.06162, 0.061872, 0.061881, 0.061977, 0.062006, 0.062122, 0.062232, 0.062514, 0.062729, 0.062994, 0.063293, 0.063328, 0.063363, 0.063373, 0.063404, 0.0635, 0.063547, 0.063655, 0.063668, 0.063686, 0.063872, 0.064017, 0.064134, 0.064286, 0.064429, 0.064625, 0.064739, 0.064763, 0.065297, 0.065449, 0.0655, 0.065925, 0.066069, 0.066084, 0.066741, 0.066938, 0.066986, 0.067024, 0.067337, 0.067365, 0.06764, 0.06787, 0.067911, 0.067965, 0.06797, 0.068022, 0.06845, 0.068475, 0.068487, 0.068787, 0.06886, 0.068911, 0.069232, 0.069347, 0.069384, 0.069668, 0.069736, 0.069744, 0.069829, 0.070139, 0.070326, 0.070342, 0.070382, 0.070527, 0.070617, 0.070866, 0.070873, 0.070901, 0.071026, 0.071045, 0.07106, 0.07108, 0.071416, 0.071518, 0.071667, 0.071892, 0.072153, 0.072303, 0.072626, 0.072637, 0.072731, 0.07276, 0.072873, 0.072893, 0.073039, 0.073044, 0.073046, 0.073079, 0.073103, 0.073263, 0.073308, 0.073329, 0.073391, 0.073837, 0.073916, 0.074138, 0.074279, 0.074363, 0.074427, 0.074563, 0.074669, 0.074807, 0.07491, 0.075134, 0.075147, 0.075321, 0.075507, 0.075507, 0.07569, 0.07575, 0.075796, 0.07585, 0.075852, 0.075901, 0.076042, 0.076134, 0.076168, 0.076419, 0.076543, 0.07659, 0.076693, 0.077378, 0.077455, 0.0775, 0.077513, 0.077542, 0.077556, 0.07757, 0.077607, 0.077706, 0.077744, 0.077778, 0.078105, 0.079135, 0.079475, 0.079584, 0.079734, 0.080119, 0.080196, 0.080225, 0.080465, 0.080693, 0.080852, 0.080881, 0.081063, 0.081073, 0.081169, 0.081349, 0.081431, 0.08144, 0.081453, 0.081692, 0.0817, 0.081751, 0.08189, 0.081892, 0.082001, 0.082047, 0.082252, 0.082364, 0.082609, 0.082655, 0.082675, 0.08272, 0.082776, 0.082788, 0.082879, 0.083123, 0.083173, 0.083244, 0.08343, 0.083536, 0.083589, 0.083613, 0.083815, 0.083839, 0.083911, 0.084123, 0.084402, 0.084567, 0.084653, 0.084736, 0.084745, 0.084847, 0.085022, 