{"sigma_r": 1.5244, "sigma_i": 2.3392, "m": 1, "seed": 3540174052, "n_k": {"1": 4436, "2": 862, "3": 156, "4": 20, "5": 4, "6+": 0}, "dlogr": [0.0, 2.9e-05, 0.000126, 0.001383, 0.001452, 0.001502, 0.001593, 0.00202, 0.002065, 0.002226, 0.002324, 0.002704, 0.003365, 0.003403, 0.004108, 0.00411, 0.00424, 0.004332, 0.004623, 0.004634, 0.004706, 0.004798, 0.004815, 0.004919, 0.005115, 0.005388, 0.005593, 0.005609, 0.005645, 0.005739, 0.005756, 0.005912, 0.006104, 0.006234, 0.006335, 0.006509, 0.006525, 0.006548, 0.00667, 0.006798, 0.007344, 0.007859, 0.008103, 0.008313, 0.008486, 0.008501, 0.008555, 0.00859, 0.008647, 0.008852, 0.009325, 0.009559, 0.009782, 0.00987, 0.010197, 0.010352, 0.01065, 0.011202, 0.011455, 0.011643, 0.011644, 0.011986, 0.012473, 0.012545, 0.012768, 0.012789, 0.013038, 0.013107, 0.013245, 0.013266, 0.013325, 0.013489, 0.013863, 0.014087, 0.014742, 0.01487, 0.015294, 0.01531, 0.01554, 0.015579, 0.015664, 0.016056, 0.016171, 0.016504, 0.016751, 0.016753, 0.016789, 0.016917, 0.016932, 0.016991, 0.017049, 0.01706, 0.0172, 0.017454, 0.017569, 0.0176, 0.017729, 0.017793, 0.018237, 0.018498, 0.018834, 0.019052, 0.019313, 0.019343, 0.019424, 0.019702, 0.020335, 0.020422, 0.020727, 0.020795, 0.020862, 0.020897, 0.020897, 0.0209, 0.02111, 0.021184, 0.021189, 0.021297, 0.021585, 0.021606, 0.021712, 0.021956, 0.022113, 0.022495, 0.022601, 0.022991, 0.023012, 0.02309, 0.023458, 0.023918, 0.02404, 0.024695, 0.025014, 0.025116, 0.025185, 0.025372, 0.025744, 0.02605, 0.026189, 0.026222, 0.026228, 0.026449, 0.026512, 0.026525, 0.026769, 0.027182, 0.027558, 0.027645, 0.027937, 0.028315, 0.028504, 0.028668, 0.028867, 0.028932, 0.029426, 0.029458, 0.029541, 0.029946, 0.030002, 0.030295, 0.030344, 0.030497, 0.030693, 0.030731, 0.030747, 0.030787, 0.031065, 0.031137, 0.031203, 0.031252, 0.031485, 0.03168, 0.031861, 0.032041, 0.032252, 0.033194, 0.033365, 0.033698, 0.034074, 0.034157, 0.034172, 0.034454, 0.034517, 0.034909, 0.035512, 0.036033, 0.036199, 0.036385, 0.036987, 0.037071, 0.037086, 0.037599, 0.037687, 0.038096, 0.038235, 0.039174, 0.03927, 0.039417, 0.039522, 0.039631, 0.039651, 0.039807, 0.03982, 0.04031, 0.040677, 0.041142, 0.041442, 0.041807, 0.04208, 0.042262, 0.042412, 0.042425, 0.042735, 0.042787, 0.042906, 0.043101, 0.043124, 0.043258, 0.043326, 0.043506, 0.0439, 0.04391, 0.043979, 0.04414, 0.044416, 0.044815, 0.045006, 0.045147, 0.045564, 0.045673, 0.045761, 0.045869, 0.045982, 0.046085, 0.046179, 0.046233, 0.04656, 0.046971, 0.047244, 0.047505, 0.047918, 0.047927, 0.047945, 0.048114, 0.048128, 0.048461, 0.048497, 0.048746, 0.048806, 0.048992, 0.049204, 0.049602, 0.049625, 0.049662, 0.049716, 0.04979, 0.049964, 0.050608, 0.050788, 0.050827, 0.050856, 0.0509, 0.051035, 0.051952, 0.052113, 0.052249, 0.052474, 0.053013, 0.053183, 0.053338, 0.053686, 0.053932, 0.054319, 0.054527, 0.054748, 0.054799, 0.054992, 0.055201, 0.055297, 0.055801, 0.056012, 0.056242, 0.056403, 0.056753, 0.056782, 0.056876, 0.057037, 0.057437, 0.057652, 0.05781, 0.058028, 0.058157, 0.058173, 0.058603, 0.058857, 0.059058, 0.059454, 0.060089, 0.060096, 0.060119, 0.060228, 0.060267, 0.060547, 0.060646, 0.060686, 0.060728, 0.061406, 0.061466, 0.061882, 0.061898, 0.062139, 0.062225, 0.062697, 0.062749, 0.062953, 0.063226, 0.063309, 0.064302, 0.064531, 0.064955, 0.064999, 0.06506, 0.065273, 0.065325, 0.065353, 0.065578, 0.065687, 0.065748, 0.065752, 0.066456, 0.066643, 0.066802, 0.067329, 0.068215, 0.06829, 0.068434, 0.068906, 0.069021, 0.069694, 0.069763, 0.069854, 0.069963, 0.070033, 0.070173, 0.070289, 0.071141, 0.07118, 0.0715, 0.071691, 0.071828, 0.072269, 0.072631, 0.072788, 0.072901, 0.073043, 0.073075, 0.073089, 0.073244, 0.073374, 0.073578, 0.073612, 0.073934, 0.074214, 0.074484, 0.07463, 0.0747, 0.074821, 0.074867, 0.074894, 0.074981, 0.075006, 0.07506, 0.075505, 0.075569, 0.075612, 0.075639, 0.076123, 0.076734, 0.076865, 0.077259, 0.07735, 0.077487, 0.077909, 0.078125, 0.078284, 0.078556, 0.078607, 0.078751, 0.078877, 0.079462, 0.079702, 0.080088, 0.080217, 0.08071, 0.080783, 0.081035, 0.081239, 0.081503, 0.081598, 0.081796, 0.082478, 0.082606, 0.082622, 0.083488, 0.083823, 0.083854, 0.083935, 0.084134, 0.084549, 0.084604, 0.084882, 0.084892, 0.08532, 0.085394, 0.085523, 0.085551, 0.085572, 0.085718, 0.086027, 0.08645, 0.086703, 0.086828, 0.087073, 0.087141, 0.087175, 0.087514, 0.087675, 0.088179, 0.08827, 0.088302, 0.088344, 0.088357, 0.088537, 0.088597, 0.088666, 0.088885, 0.089538, 0.089587, 0.090086, 0.090157, 0.090298, 0.090389, 0.09078, 0.090782, 0.090802, 0.090963, 0.091246, 0.09135, 0.09152, 0.091904, 0.092096, 0.092382, 0.092386, 0.092457, 0.092777, 0.092895, 0.093002, 0.093102, 0.093683, 0.093773, 0.093954, 0.094325, 0.095774, 0.095846, 0.095875, 0.095974, 0.096164, 0.096492, 0.096672, 0.096763, 0.096957, 0.097042, 0.098771, 0.098815, 0.099028, 0.099191, 0.099205, 0.099379, 0.099488, 0.099503, 0.099834, 0.099865, 0.100001, 0.100884, 0.10093, 0.101021, 0.101028, 0.101477, 0.101578, 0.101792, 0.101884, 0.102649, 0.103108, 0.10323, 0.10401, 0.104131, 0.10421, 0.104532, 0.10487, 0.104893, 0.104968, 0.105233, 0.105297, 0.105373, 0.105709, 0.106308, 0.106336, 0.107041, 0.107247, 0.10738, 0.107719, 0.108059, 0.10819, 0.108335, 0.109028, 0.109245, 0.109677, 0.109699, 0.11002, 0.110176, 0.110205, 0.110302, 0.110351, 0.110671, 0.11081, 0.111014, 0.111276, 0.111895, 0.11249, 0.112514, 0.112562, 0.112604, 0.112706, 0.113037, 0.113131, 0.113614, 0.114902, 0.11526, 0.116136, 0.116267, 0.117368, 0.117594, 0.117808, 0.118288, 0.11834, 0.118346, 0.118597, 0.119142, 0.120291, 0.120587, 0.120625, 0.120826, 0.121179, 0.121815, 0.121846, 0.121874, 0.122865, 0.123053, 0.123174, 0.123332, 0.123387, 0.123903, 0.124678, 0.124876, 0.125004, 0.125773, 0.126359, 0.127474, 0.12751, 0.127826, 0.127845, 0.129066, 0.129643, 0.129801, 0.130202, 0.130807, 0.131084, 0.131106, 0.13256, 0.132686, 0.132735, 0.132899, 0.134073, 0.134528, 0.134635, 0.134825, 0.135032, 0.135419, 0.1362, 0.136307, 0.136803, 0.136844, 0.136904, 0.137111, 0.137333, 0.137377, 0.138056, 0.138058, 0.138115, 0.138157, 0.138262, 0.139229, 0.13938, 0.139703, 0.140004, 0.140205, 0.14044, 0.141262, 0.141355, 0.142067, 0.142299, 0.142556, 0.142689, 0.142714, 0.142806, 0.142986, 0.143551, 0.143641, 0.143916, 0.144607, 0.144612, 0.144933, 0.145584, 0.146263, 0.146544, 0.146823, 0.147381, 0.147399, 0.147406, 0.147422, 0.147463, 0.147497, 0.148086, 0.148649, 0.14885, 0.149349, 0.149357, 0.149379, 0.149388, 0.149389, 0.149802, 0.150073, 0.150144, 0.150687, 0.150766, 0.151644, 0.151817, 0.152509, 0.152536, 0.152713, 0.15295, 0.153016, 0.153162, 0.153312, 0.153636, 0.15391, 0.153925, 0.154188, 0.154371, 0.154511, 0.154574, 0.154641, 0.154852, 0.155255, 0.155292, 0.155298, 0.155532, 0.156022, 0.156099, 0.156539, 0.157015, 0.157629, 0.157762, 0.158127, 0.158176, 0.158648, 0.158841, 0.158878, 0.159601, 0.160516, 0.161356, 0.16141, 0.161483, 0.161786, 0.161947, 0.161996, 0.162263, 0.162422, 0.162532, 0.162989, 0.162994, 0.163207, 0.163317, 0.163582, 0.164123, 0.164484, 0.165695, 0.166416, 0.16676, 0.167453, 0.167549, 0.168085, 0.168659, 0.16898, 0.169771, 0.170868, 0.171339, 0.171393, 0.1715, 0.171594, 0.17255, 0.172664, 0.173361, 0.173524, 0.173633, 0.1741, 0.174316, 0.174597, 0.175055, 0.175551, 0.176451, 0.176622, 0.176741, 0.177342, 0.177542, 0.177957, 0.178707, 0.178745, 0.178886, 0.178931, 0.182738, 0.183342, 0.18336, 0.183941, 0.184044, 0.18494, 0.185752, 0.18616, 0.186494, 0.186998, 0.187088, 0.187127, 0.187539, 0.188959, 0.189588, 0.189691, 0.190566, 0.190979, 0.191297, 0.192543, 0.193029, 0.193865, 0.193916, 0.19514, 0.195165, 0.19541, 0.196183, 0.196323, 0.196574, 0.19721, 0.197235, 0.197354, 0.197717, 0.199339, 0.199352, 0.201256, 0.202003, 0.202485, 0.20273, 0.202923, 0.203805, 0.204142, 0.204425, 0.204674, 0.204793, 0.205424, 0.206234, 0.20637, 0.206783, 0.207243, 0.208763, 0.209342, 0.209504, 0.209736, 0.209742, 0.209761, 0.20985, 0.209983, 0.210549, 0.210851, 0.211669, 0.212331, 0.2125, 0.21277, 0.213072, 