{"sigma_r": 0.3141, "sigma_i": 0.2, "m": 1, "seed": 1083953388, "n_k": {"1": 3703, "2": 896, "3": 285, "4": 85, "5": 16, "6+": 5}, "dlogr": [0.0, 0.0, 0.0, 0.0, 0.0, 0.0, 0.0, 0.0, 2e-06, 9.2e-05, 0.00014, 0.000207, 0.000223, 0.000305, 0.000379, 0.000384, 0.000421, 0.00043, 0.000519, 0.000566, 0.00058, 0.00071, 0.000745, 0.000748, 0.000783, 0.000878, 0.000891, 0.0009, 0.000903, 0.000922, 0.001005, 0.001101, 0.001104, 0.001214, 0.001215, 0.001227, 0.001235, 0.001383, 0.001388, 0.001405, 0.001455, 0.001633, 0.001702, 0.001723, 0.001782, 0.001784, 0.001832, 0.001833, 0.001945, 0.001969, 0.001983, 0.002109, 0.002147, 0.002163, 0.002242, 0.002284, 0.002337, 0.002348, 0.002492, 0.002505, 0.002518, 0.002532, 0.002573, 0.002611, 0.002613, 0.002617, 0.002767, 0.002899, 0.002934, 0.002944, 0.002947, 0.00295, 0.002983, 0.00302, 0.003046, 0.003206, 0.003212, 0.00322, 0.003258, 0.003299, 0.003318, 0.003479, 0.003489, 0.003648, 0.003778, 0.003915, 0.003977, 0.004024, 0.004041, 0.00414, 0.004242, 0.004271, 0.004305, 0.004387, 0.00442, 0.004443, 0.00447, 0.004513, 0.00463, 0.004677, 0.004712, 0.004743, 0.004837, 0.00492, 0.00496, 0.005076, 0.005134, 0.005145, 0.005166, 0.005213, 0.005282, 0.005305, 0.005447, 0.005457, 0.005507, 0.005514, 0.005636, 0.005667, 0.005675, 0.005691, 0.005699, 0.005715, 0.005779, 0.005826, 0.005875, 0.006002, 0.006004, 0.006041, 0.006047, 0.006112, 0.00644, 0.006522, 0.006551, 0.006698, 0.006779, 0.006795, 0.006798, 0.007037, 0.007068, 0.007116, 0.007236, 0.007245, 0.007375, 0.007386, 0.007422, 0.007472, 0.007594, 0.007602, 0.007655, 0.007857, 0.007907, 0.007972, 0.008267, 0.008294, 0.008298, 0.008363, 0.008428, 0.008437, 0.008438, 0.008519, 0.00855, 0.008579, 0.00865, 0.008653, 0.008665, 0.008689, 0.008738, 0.008853, 0.008888, 0.009064, 0.009255, 0.009315, 0.009373, 0.009397, 0.009399, 0.009424, 0.009439, 0.009476, 0.009497, 0.0095, 0.009604, 0.009645, 0.009696, 0.009845, 0.009871, 0.009911, 0.009986, 0.01029, 0.010296, 0.01039, 0.010395, 0.010403, 0.010455, 0.010461, 0.010491, 0.010506, 0.010543, 0.010556, 0.010754, 0.010804, 0.010907, 0.011079, 0.01108, 0.011152, 0.011172, 0.011231, 0.011247, 0.011256, 0.011261, 0.011291, 0.011308, 0.011343, 0.011404, 0.011503, 0.011565, 0.011613, 0.011619, 0.01164, 0.011773, 0.011782, 0.011821, 0.011942, 0.011946, 0.011955, 0.011962, 0.011965, 0.012056, 0.012058, 0.012235, 0.012266, 0.012304, 0.012364, 0.012387, 0.012558, 0.012839, 0.012839, 0.01288, 0.012901, 0.012904, 0.012923, 0.013005, 0.013005, 0.013015, 0.013179, 0.013184, 0.013194, 0.013298, 0.013361, 0.013362, 0.013382, 0.013388, 0.013391, 0.013414, 0.013416, 0.013541, 0.01367, 0.013679, 0.013717, 0.013857, 0.013986, 0.014025, 0.014064, 0.01408, 0.014157, 0.014158, 0.01418, 0.014203, 0.014208, 0.014225, 0.014253, 0.014255, 0.014271, 0.014323, 0.014358, 0.014429, 0.014441, 0.014451, 0.014486, 0.014493, 0.014548, 0.014639, 0.01465, 0.014664, 0.014672, 0.014842, 0.01489, 0.014939, 0.014979, 0.015008, 0.015029, 0.015098, 0.015115, 0.015203, 0.01521, 0.015502, 0.015523, 0.015568, 0.015599, 0.015606, 0.015849, 0.015852, 0.015899, 0.015956, 0.016019, 0.016179, 0.016191, 0.016202, 0.0164, 0.016432, 0.016512, 0.016622, 0.016655, 0.016661, 0.016687, 0.016787, 0.016808, 0.016884, 0.016938, 0.016973, 0.017013, 0.017074, 0.017218, 0.01729, 0.017349, 0.017459, 0.017486, 0.017495, 0.017505, 0.017577, 0.017594, 0.017659, 0.017777, 0.01779, 0.01786, 0.017894, 0.017994, 0.018041, 0.018051, 0.018054, 0.018291, 0.018441, 0.018528, 0.018535, 0.018603, 0.018606, 0.018748, 0.018825, 0.019018, 0.019147, 0.019155, 0.019202, 0.019222, 0.019331, 0.019336, 0.019472, 0.019495, 0.019544, 0.019794, 0.019815, 0.019859, 0.019907, 0.019964, 0.020189, 0.020215, 0.020237, 0.020304, 0.020312, 0.020408, 0.020417, 0.020494, 0.020587, 0.020625, 0.020731, 0.020821, 0.020905, 0.020924, 0.020946, 0.021014, 0.021016, 0.021051, 0.021142, 0.021202, 0.021216, 0.021414, 0.021449, 0.021523, 0.021569, 0.021618, 0.02169, 0.021731, 0.02176, 0.021777, 0.021781, 0.021938, 0.021955, 0.022004, 0.022099, 0.022165, 0.022242, 0.022259, 0.022383, 0.022455, 0.022543, 0.022567, 0.022583, 0.022615, 0.022699, 0.022737, 0.022804, 0.022825, 0.022835, 0.022934, 0.02295, 0.023035, 0.023049, 0.023049, 0.023074, 0.0231, 0.023101, 0.023214, 0.02336, 0.023393, 0.023473, 0.023685, 0.023694, 0.023818, 0.023871, 0.024042, 0.02421, 0.024358, 0.024426, 0.024482, 0.024484, 0.024549, 0.024769, 0.024853, 0.024883, 0.024936, 0.024948, 0.024989, 0.025, 0.025145, 0.025177, 0.025283, 0.025428, 0.025429, 0.025552, 0.025785, 0.025791, 0.02583, 0.025857, 0.025875, 0.026025, 0.026044, 0.02606, 0.026128, 0.026141, 0.026262, 0.026324, 0.02636, 0.026374, 0.026384, 0.026501, 0.02653, 0.026575, 0.026593, 0.026674, 0.026713, 0.026809, 0.026826, 0.026839, 0.02687, 0.026932, 0.027045, 0.02709, 0.027117, 0.027128, 0.027203, 0.027263, 0.027284, 0.027295, 0.027433, 0.027574, 0.027627, 0.027632, 0.027634, 0.027693, 0.027706, 0.027784, 0.027915, 0.028029, 0.028148, 0.028162, 0.028185, 0.028224, 0.028293, 0.028421, 0.028436, 0.028452, 0.02846, 0.028505, 0.028521, 0.028589, 0.028608, 0.028644, 0.028654, 0.028664, 0.028701, 0.028703, 0.028871, 0.028949, 0.028959, 0.029058, 0.029108, 0.029176, 0.029228, 0.029229, 0.0293, 0.029346, 0.029433, 0.029505, 0.029521, 0.029575, 0.029853, 0.029857, 0.02986, 0.029882, 0.029969, 0.02997, 0.030057, 0.03015, 0.030203, 0.030205, 0.030207, 0.030291, 0.030411, 0.030457, 0.030462, 0.030655, 0.030667, 0.030694, 0.030705, 0.030754, 0.030788, 0.031268, 0.031291, 0.031306, 0.031502, 0.031518, 0.031598, 0.031612, 0.031667, 0.031731, 0.03179, 0.031855, 0.031942, 0.031954, 0.032067, 0.032082, 0.032146, 0.032335, 0.032367, 0.032462, 0.032512, 0.032575, 0.032606, 0.03271, 0.032788, 0.032788, 0.032853, 0.032874, 0.032905, 0.032936, 0.03298, 0.03303, 0.03306, 0.033066, 0.033107, 0.033173, 0.033222, 0.033287, 0.033753, 0.033782, 0.033854, 0.034086, 0.034169, 0.034187, 0.034323, 0.034399, 0.034458, 0.034498, 0.034699, 0.034775, 0.034824, 0.034908, 0.034924, 0.034944, 0.035037, 0.03504, 0.035139, 0.035216, 0.035389, 0.035465, 0.035467, 0.035469, 0.035522, 0.035545, 0.035547, 0.035573, 0.035659, 0.035668, 0.035874, 0.035886, 0.03595, 0.035961, 0.036021, 0.03603, 0.036221, 0.036254, 0.036366, 0.036387, 0.036419, 0.036435, 0.036447, 0.0365, 0.03653, 0.036603, 0.036605, 0.036607, 0.036658, 0.036696, 0.036726, 0.036732, 0.036791, 0.03681, 0.036838, 0.03692, 0.036961, 0.036971, 0.037026, 0.037081, 0.037219, 0.037264, 0.037268, 0.037514, 0.037607, 0.037732, 0.037768, 0.037854, 0.038193, 0.038196, 0.038249, 0.038335, 0.038364, 0.038435, 0.038436, 0.038544, 0.038571, 0.03885, 0.038856, 0.039082, 0.039097, 0.039156, 0.039461, 0.039485, 0.039513, 0.039587, 0.039621, 0.039753, 0.039764, 0.039841, 0.039885, 0.039942, 0.040009, 0.040024, 0.040082, 0.040204, 0.040207, 0.040273, 0.04036, 0.040405, 0.040609, 0.04066, 0.040704, 0.040744, 0.040764, 0.040765, 0.040769, 0.040809, 0.040865, 0.041001, 0.041003, 0.041017, 0.041037, 0.041438, 0.041475, 0.041573, 0.041594, 0.041616, 0.041768, 0.041838, 0.041864, 0.041917, 0.042006, 0.04204, 0.042067, 0.042119, 0.042208, 0.042341, 0.042482, 0.042506, 0.042616, 0.042617, 0.042689, 0.042767, 0.042903, 0.042965, 0.04307, 0.043107, 0.043159, 0.043215, 0.043259, 0.043322, 0.043344, 0.043352, 0.043367, 0.043546, 0.043619, 0.04367, 0.043781, 0.043814, 0.043877, 0.043978, 0.044218, 0.044244, 0.044252, 0.04433, 0.044362, 0.044386, 0.044653, 0.044887, 0.044953, 0.045126, 0.045206, 0.045209, 0.045221, 0.045297, 0.045436, 0.045478, 0.045517, 0.045631, 0.045682, 0.045739, 0.046051, 0.046082, 0.046226, 0.046319, 0.046356, 0.046475, 0.046535, 0.046579, 0.046925, 0.047071, 0.047108, 0.047172, 0.047212, 0.04725, 0.047412, 0.047448, 0.047465, 0.047476, 0.047553, 0.047569, 0.047618, 0.047715, 0.04772, 0.047782, 0.047872, 0.047936, 0.047972, 0.048015, 0.048074, 0.048269, 0.048304, 0.048373, 0.048697, 0.0487, 0.048712, 0.048733, 0.048769, 0.04878, 0.048813, 0.049062, 0.049299, 0.049304, 0.049413, 0.049536, 0.049605, 