{"sigma_r": 0.6181, "sigma_i": 0.5349, "m": 5, "seed": 4143490423, "n_k": {"1": 3765, "2": 937, "3": 240, "4": 53, "5": 13, "6+": 0}, "dlogr": [0.0, 0.0, 0.0, 1.7e-05, 0.000133, 0.000218, 0.000259, 0.00036, 0.000363, 0.000476, 0.000539, 0.000758, 0.000818, 0.000834, 0.000837, 0.000961, 0.001092, 0.001247, 0.001252, 0.001309, 0.001521, 0.001572, 0.001579, 0.002029, 0.002192, 0.002372, 0.002493, 0.002565, 0.002595, 0.002714, 0.002741, 0.002831, 0.002838, 0.002983, 0.00302, 0.003109, 0.003121, 0.003131, 0.003241, 0.003262, 0.003407, 0.00343, 0.003538, 0.003627, 0.003691, 0.003936, 0.003998, 0.004058, 0.004223, 0.004312, 0.004377, 0.004492, 0.004503, 0.004619, 0.004697, 0.004717, 0.004958, 0.005001, 0.005001, 0.005061, 0.005094, 0.005094, 0.005242, 0.005491, 0.005492, 0.005511, 0.005548, 0.005548, 0.005552, 0.005654, 0.005674, 0.005702, 0.005709, 0.005809, 0.006261, 0.006554, 0.006664, 0.006708, 0.006735, 0.006802, 0.007508, 0.007878, 0.008023, 0.0082, 0.008236, 0.008262, 0.008323, 0.008348, 0.008564, 0.008571, 0.00862, 0.008706, 0.008719, 0.00879, 0.009152, 0.009192, 0.009385, 0.009568, 0.009597, 0.009605, 0.009638, 0.009641, 0.00978, 0.009885, 0.009964, 0.010214, 0.010316, 0.010361, 0.010451, 0.010611, 0.01064, 0.010731, 0.010742, 0.010815, 0.010958, 0.010995, 0.011027, 0.011202, 0.011341, 0.011602, 0.011702, 0.011707, 0.011892, 0.011981, 0.012194, 0.012201, 0.012448, 0.01254, 0.012628, 0.012657, 0.012672, 0.012745, 0.012746, 0.012853, 0.012933, 0.012992, 0.013389, 0.013966, 0.013976, 0.014178, 0.0142, 0.014212, 0.014276, 0.014456, 0.014585, 0.014663, 0.014707, 0.014822, 0.014905, 0.014912, 0.014946, 0.014978, 0.015027, 0.015057, 0.015087, 0.015192, 0.015249, 0.015571, 0.015594, 0.015612, 0.015735, 0.01587, 0.015899, 0.016087, 0.016172, 0.016291, 0.016294, 0.016324, 0.016452, 0.016519, 0.016645, 0.016724, 0.016771, 0.016784, 0.016785, 0.016941, 0.017074, 0.0171, 0.017192, 0.017582, 0.017771, 0.018043, 0.0181, 0.018167, 0.018284, 0.018359, 0.018496, 0.018811, 0.018889, 0.019069, 0.01911, 0.019218, 0.019234, 0.019314, 0.019482, 0.019687, 0.019727, 0.019776, 0.019776, 0.019808, 0.019821, 0.01998, 0.020029, 0.02025, 0.020594, 0.020661, 0.020892, 0.021052, 0.021177, 0.021376, 0.021835, 0.021847, 0.021876, 0.022038, 0.022042, 0.022204, 0.022337, 0.022365, 0.022424, 0.022641, 0.023083, 0.023126, 0.023194, 0.023327, 0.023427, 0.023493, 0.023517, 0.023711, 0.02375, 0.023755, 0.023837, 0.023918, 0.024108, 0.024157, 0.024438, 0.024463, 0.024497, 0.024582, 0.024599, 0.024652, 0.024747, 0.024751, 0.024775, 0.024915, 0.025025, 0.025206, 0.025266, 0.025522, 0.025526, 0.025598, 0.025674, 0.025758, 0.025762, 0.025806, 0.025888, 0.026085, 0.026111, 0.026307, 0.026655, 0.026688, 0.026794, 0.0268, 0.026827, 0.026868, 0.027028, 0.027042, 0.027186, 0.027215, 0.027453, 0.027671, 0.027869, 0.027989, 0.028086, 0.028261, 0.028291, 0.028329, 0.028417, 0.028699, 0.0287, 0.028819, 0.028828, 0.029183, 0.029332, 0.029486, 0.029729, 0.029878, 0.029885, 0.0299, 0.029939, 0.029975, 0.030146, 0.030147, 0.030166, 0.030208, 0.030438, 0.030479, 0.030506, 0.030624, 0.03068, 0.030761, 0.030816, 0.030961, 0.030967, 0.031112, 0.031509, 0.031809, 0.0319, 0.032001, 0.032005, 0.032083, 0.032103, 0.032244, 0.032363, 0.032469, 0.032621, 0.032887, 0.03292, 0.032983, 0.033529, 0.033649, 0.033885, 0.033936, 0.034164, 0.034222, 0.034309, 0.034367, 0.03439, 0.034443, 0.034549, 0.034575, 0.034678, 0.034748, 0.034789, 0.034859, 0.03487, 0.034889, 0.035039, 0.035158, 0.0353, 0.03532, 0.03545, 0.035624, 0.035939, 0.035963, 0.036211, 0.036249, 0.036336, 0.036366, 0.036386, 0.036446, 0.036572, 0.036663, 0.03698, 0.037027, 0.03711, 0.037124, 0.037265, 0.037294, 0.037397, 0.037754, 0.037929, 0.03807, 0.038424, 0.03855, 0.038575, 0.038588, 0.038728, 0.038928, 0.038954, 0.039143, 0.039383, 0.039441, 0.039568, 0.039573, 0.039606, 0.039948, 0.04018, 0.040265, 0.04031, 0.040362, 0.040395, 0.040403, 0.040476, 0.04054, 0.040607, 0.040654, 0.040696, 0.040711, 0.040799, 0.041018, 0.041148, 0.041164, 0.041229, 0.041326, 0.04134, 0.041465, 0.041515, 0.041721, 0.041788, 0.04186, 0.041928, 0.042064, 0.042064, 0.042205, 0.042358, 0.04285, 0.042853, 0.042918, 0.042956, 0.043085, 0.043267, 0.043516, 0.043551, 0.043617, 0.043665, 0.043833, 0.043893, 0.043943, 0.044103, 0.044524, 0.044565, 0.044818, 0.044971, 0.045017, 0.045042, 0.045095, 0.045112, 0.04526, 0.045339, 0.045385, 0.045634, 0.045637, 0.045766, 0.045771, 0.045833, 0.045902, 0.04615, 0.04655, 0.046616, 0.046666, 0.046761, 0.046799, 0.046823, 0.046942, 0.047102, 0.047299, 0.0473, 0.047406, 0.047523, 0.047547, 0.047595, 0.047683, 0.047785, 0.047894, 0.04794, 0.048113, 0.048463, 0.048709, 0.048748, 0.048778, 0.048835, 0.048882, 0.048938, 0.049015, 0.049047, 0.049063, 0.049181, 0.049196, 0.049237, 0.049645, 0.049663, 0.049782, 0.049986, 0.050262, 0.050282, 0.050394, 0.050441, 0.050506, 0.050545, 0.050687, 0.050691, 0.051103, 0.051386, 0.05163, 0.051807, 0.052247, 0.052277, 0.05236, 0.052444, 0.052652, 0.052678, 0.052683, 0.052826, 0.052847, 0.052997, 0.053136, 0.053163, 0.05326, 0.053611, 0.0538, 0.053976, 0.053987, 0.054065, 0.054329, 0.05434, 0.054453, 0.054515, 0.054535, 0.054848, 0.05492, 0.055001, 0.055066, 0.055099, 0.055173, 0.055177, 0.055185, 0.055227, 0.055333, 0.055673, 0.055868, 0.055868, 0.056247, 0.056273, 0.056275, 0.056364, 0.056482, 0.056577, 0.056856, 0.056954, 0.056961, 0.056962, 0.057228, 0.057465, 0.057981, 0.058236, 0.058398, 0.058456, 0.058555, 0.058768, 0.058793, 0.058985, 0.059101, 0.05914, 0.059189, 0.059217, 0.059233, 0.059321, 0.059386, 0.059414, 0.059435, 0.059549, 0.059607, 0.059633, 0.059864, 0.060066, 0.060162, 0.060371, 0.060979, 0.061104, 0.061109, 0.061178, 0.061467, 0.061506, 0.061632, 0.061809, 0.061876, 0.062043, 0.062446, 0.062468, 0.062565, 0.062681, 0.06279, 0.062828, 0.063155, 0.063157, 0.063238, 0.063273, 0.063375, 0.063593, 0.063713, 0.064078, 0.064291, 0.064303, 0.064736, 0.064988, 0.065041, 0.065077, 0.065168, 0.065205, 0.065367, 0.065453, 0.06546, 0.065536, 0.065545, 0.06562, 0.065672, 0.065762, 0.065763, 0.065849, 0.066094, 0.066107, 0.066164, 0.066187, 0.066466, 0.066576, 0.066834, 0.066958, 0.067085, 0.067119, 0.067272, 0.067341, 0.067435, 0.067475, 0.067572, 0.067879, 0.067921, 0.067954, 0.068019, 0.068141, 0.068229, 0.068332, 0.068689, 0.068702, 0.068829, 0.069079, 0.069107, 0.069197, 0.069199, 0.069286, 0.069309, 0.069333, 0.06942, 0.069647, 0.069732, 0.069753, 0.069855, 0.069857, 0.069869, 0.069882, 0.069909, 0.069919, 0.070025, 0.070082, 0.070137, 0.070392, 0.070401, 0.07045, 0.070595, 0.070758, 0.070782, 0.070889, 0.070959, 0.071073, 0.071451, 0.071712, 0.071718, 0.071786, 0.071997, 0.072026, 0.072035, 0.072063, 0.072182, 0.072343, 0.072785, 0.072829, 0.07304, 0.073158, 0.073502, 0.073503, 0.073558, 0.073651, 0.073836, 0.073881, 0.074085, 0.074178, 0.0742, 0.07429, 0.074519, 0.074549, 0.074845, 0.074848, 0.074972, 0.075131, 0.075408, 0.075615, 0.075617, 0.075779, 0.075855, 0.075913, 0.075964, 0.076014, 0.076193, 0.076335, 0.076495, 0.076524, 0.076867, 0.076926, 0.077009, 0.077044, 0.077282, 0.077726, 0.07774, 0.077773, 0.077909, 0.078022, 0.078028, 0.078175, 0.078649, 0.078702, 0.078746, 0.07886, 0.079104, 0.079146, 0.079209, 0.079434, 0.079504, 0.079505, 0.079675, 0.079855, 0.079861, 0.079972, 0.080122, 0.08017, 0.080408, 0.080413, 0.080425, 0.08043, 0.080597, 0.080662, 0.080719, 0.080814, 0.080903, 0.081042, 0.081153, 0.081227, 0.081361, 0.081419, 0.081513, 0.082064, 0.082209, 0.082557, 0.082598, 0.082635, 0.082792, 0.082963, 0.083082, 0.08312, 0.083269, 0.083657, 0.08368, 0.083838, 0.083989, 0.084456, 0.084524, 0.084582, 0.084619, 0.085316, 0.085559, 0.085581, 0.085767, 0.085773, 0.086034, 0.086219, 0.086276, 0.086351, 0.086354, 0.086681, 0.086915, 0.087257, 0.087287, 0.087551, 0.087953, 0.087963, 0.087971, 0.088094, 0.088179, 0.088273, 0.088772, 0.088955, 0.088961, 0.089225, 0.08935, 0.089371, 0.089392, 0.089486, 0.089537, 0.089765, 0.089807, 0.090341, 0.090359, 0.090614, 0.090634, 0.090728, 0.090808, 0.091351,