{"sigma_r": 0.2506, "sigma_i": 6.2558, "m": 6, "seed": 2969051897, "n_k": {"1": 5335, "2": 566, "3": 58, "4": 2, "5": 0, "6+": 0}, "dlogr": [0.0, 0.0, 0.0, 0.0, 0.0, 0.0, 0.0, 3.1e-05, 8.9e-05, 0.000734, 0.001078, 0.001094, 0.001174, 0.001312, 0.001512, 0.001605, 0.001671, 0.001673, 0.002016, 0.002155, 0.002178, 0.00242, 0.002539, 0.002576, 0.002796, 0.002843, 0.002848, 0.002961, 0.003038, 0.003047, 0.003377, 0.003383, 0.003497, 0.003542, 0.003649, 0.004284, 0.004372, 0.004697, 0.00486, 0.00523, 0.005692, 0.005714, 0.005853, 0.005871, 0.005953, 0.005962, 0.006046, 0.006168, 0.006272, 0.006275, 0.006405, 0.006567, 0.00666, 0.006738, 0.006953, 0.007007, 0.007044, 0.00725, 0.007357, 0.007357, 0.007451, 0.007506, 0.007518, 0.008038, 0.0087, 0.008801, 0.008866, 0.008867, 0.008888, 0.008893, 0.008989, 0.009014, 0.00916, 0.009558, 0.009634, 0.009686, 0.009816, 0.010399, 0.010785, 0.01079, 0.010856, 0.011089, 0.011297, 0.011596, 0.011647, 0.011686, 0.011942, 0.01198, 0.012014, 0.012081, 0.012268, 0.012527, 0.012617, 0.012723, 0.012753, 0.012842, 0.012875, 0.013085, 0.013258, 0.013269, 0.013746, 0.013957, 0.01404, 0.014448, 0.014491, 0.014547, 0.014804, 0.015199, 0.01525, 0.015377, 0.015407, 0.015418, 0.015509, 0.015596, 0.015904, 0.016128, 0.016157, 0.016182, 0.016218, 0.016265, 0.016632, 0.016843, 0.016992, 0.017089, 0.017469, 0.017623, 0.017788, 0.01789, 0.018011, 0.018015, 0.018115, 0.018912, 0.018979, 0.019131, 0.019189, 0.019363, 0.019422, 0.019518, 0.019677, 0.01975, 0.019785, 0.019958, 0.020028, 0.02004, 0.020062, 0.020105, 0.020282, 0.020316, 0.020319, 0.020509, 0.020591, 0.02079, 0.020955, 0.021071, 0.02115, 0.02123, 0.021478, 0.021493, 0.021926, 0.022035, 0.022137, 0.022173, 0.022268, 0.022438, 0.022684, 0.022978, 0.02309, 0.023378, 0.023632, 0.023639, 0.023676, 0.02382, 0.023844, 0.024316, 0.024397, 0.024435, 0.024522, 0.024574, 0.024612, 0.024806, 0.025143, 0.02518, 0.025304, 0.02533, 0.025547, 0.025593, 0.025605, 0.025619, 0.025839, 0.025911, 0.025958, 0.02624, 0.026298, 0.026341, 0.026436, 0.026493, 0.026594, 0.026641, 0.026658, 0.026884, 0.026918, 0.02696, 0.027302, 0.027408, 0.027766, 0.027939, 0.028298, 0.02831, 0.028467, 0.028549, 0.028734, 0.028841, 0.029087, 0.029259, 0.029484, 0.029611, 0.029724, 0.029911, 0.029943, 0.03037, 0.030646, 0.030704, 0.030847, 0.030869, 0.030919, 0.031312, 0.031387, 0.031484, 0.031968, 0.032021, 0.032204, 0.032315, 0.032386, 0.032554, 0.032632, 0.032678, 0.032743, 0.032967, 0.033136, 0.033201, 0.033203, 0.033329, 0.033426, 0.033466, 0.033473, 0.033551, 0.033557, 0.033671, 0.033946, 0.033995, 0.034137, 0.03421, 0.034459, 0.034481, 0.034507, 0.034714, 0.034722, 0.034883, 0.03493, 0.035134, 0.035393, 0.035465, 0.035791, 0.035956, 0.036012, 0.0364, 0.036472, 0.037, 0.037167, 0.037218, 0.037232, 0.037254, 0.037455, 0.037505, 0.037576, 0.037984, 0.038146, 0.038241, 0.038514, 0.038686, 0.038698, 0.038748, 0.039068, 0.039299, 0.039367, 0.039982, 0.040011, 0.04033, 0.040556, 0.040894, 0.041039, 0.04107, 0.041305, 0.041314, 0.041581, 0.041909, 0.041991, 0.042019, 0.042132, 0.042282, 0.042699, 0.043418, 0.043852, 0.044161, 0.044414, 0.044423, 0.044562, 0.044599, 0.044925, 0.045381, 0.045427, 0.045488, 0.04561, 0.045753, 0.046042, 0.046254, 0.04647, 0.046801, 0.046955, 0.047065, 0.047363, 0.047886, 0.047939, 0.047944, 0.048156, 0.048175, 0.048358, 0.048378, 0.04861, 0.048624, 0.048782, 0.048837, 0.048933, 0.049025, 0.049065, 0.049224, 0.049233, 0.049269, 0.049309, 0.049382, 0.049714, 0.049722, 0.049855, 0.05061, 0.050811, 0.051195, 0.051378, 0.051402, 0.05198, 0.052082, 0.052119, 0.052165, 0.052283, 0.052773, 0.052807, 0.052941, 0.053303, 0.053303, 0.053604, 0.053909, 0.054189, 0.054484, 0.054788, 0.054843, 0.055372, 0.055462, 0.055507, 0.055588, 0.055602, 0.055927, 0.056136, 0.056504, 0.056922, 0.057064, 0.057145, 0.057159, 0.0572, 0.058136, 0.058518, 0.058586, 0.058651, 0.058845, 0.058881, 0.05894, 0.058986, 0.059039, 0.059872, 0.059894, 0.060074, 0.06036, 0.060464, 0.06061, 0.061605, 0.061712, 0.061717, 0.061844, 0.062095, 0.062303, 0.062316, 0.062422, 0.062472, 0.062516, 0.062722, 0.063081, 0.063285, 0.063562, 0.063938, 0.064434, 0.064653, 0.065108, 0.065768, 0.066117, 0.066819, 0.066912, 0.067093, 0.06722, 0.067335, 0.067508, 0.067717, 0.067905, 0.067936, 0.06866, 0.069405, 0.069714, 0.069908, 0.069921, 0.070244, 0.070456, 0.070793, 0.071849, 0.072222, 0.072498, 0.072718, 0.072737, 0.072965, 0.073036, 0.073066, 0.073409, 0.073579, 0.073642, 0.074373, 0.075093, 0.076331, 0.076739, 0.076821, 0.077547, 0.077634, 0.077866, 0.078045, 0.078082, 0.078403, 0.078651, 0.078736, 0.07886, 0.078924, 0.079235, 0.07927, 0.080285, 0.080918, 0.080996, 0.081032, 0.081459, 0.081573, 0.081653, 0.081813, 0.082217, 0.082277, 0.082319, 0.082582, 0.083405, 0.083799, 0.084943, 0.08652, 0.086722, 0.086861, 0.086881, 0.086956, 0.088326, 0.089293, 0.08975, 0.089773, 0.090839, 0.091882, 0.09255, 0.092576, 0.09294, 0.094804, 0.094969, 0.095018, 0.095573, 0.095644, 0.095913, 0.096349, 0.096441, 0.097484, 0.097825, 0.098725, 0.099303, 0.099456, 0.101023, 0.101122, 0.101684, 0.102602, 0.10297, 0.103011, 0.103454, 0.103573, 0.103892, 0.104188, 0.105727, 0.106304, 0.10679, 0.106823, 0.107087, 0.108811, 0.109357, 0.1114, 0.111463, 0.113434, 0.113706, 0.113952, 0.115869, 0.117025, 0.11791, 0.118291, 0.119191, 0.119721, 0.120341, 0.120601, 0.12079, 0.12147, 0.121538, 0.12231, 0.122493, 0.12305, 0.124688, 0.124809, 0.125581, 0.126245, 0.126936, 0.127818, 0.127857, 0.127868, 0.128775, 0.130227, 0.133258, 0.133752, 0.135637, 0.135877, 0.1366, 0.137625, 0.141347, 0.142899, 0.14354, 0.143713, 0.144414, 0.144622, 0.145281, 0.146222, 0.146516, 0.147437, 0.149958, 0.152011, 0.155106, 0.156138, 0.160992, 0.161215, 0.161256, 0.16645, 0.174924, 0.176199, 0.178755, 0.180721, 0.193351, 0.203809, 0.203996, 0.272185, 0.369249, 0.45794, 0.47856, 0.499591, 0.507013, 0.519492, 0.520126, 0.522711, 0.525038, 0.526961, 0.536109, 0.543513, 0.544635, 0.551024, 0.558454, 0.57089, 0.592209, 0.599185, 0.602648, 0.604491, 0.609387, 0.613972, 0.614486, 0.621213, 0.624372, 0.626281, 0.630771, 0.632597, 0.638477, 0.638828, 0.640106, 0.644445, 0.649127, 0.649354, 0.654326, 0.659688, 0.66142, 0.663019, 0.663412, 0.665843, 0.671227, 0.674918, 0.684224, 0.68552, 0.685809, 0.68585, 0.694858, 0.695915, 0.700293, 0.702631, 0.706588, 0.706619, 0.707956, 0.722369, 0.724097, 0.730536, 0.731201, 0.735681, 0.740159, 0.740833, 0.742836, 0.758365, 0.760109, 0.764498, 0.764824, 0.765715, 0.775525, 0.780609, 0.782159, 0.783339, 0.789324, 0.792356, 0.810633, 0.825975, 0.827925, 0.830607, 0.834448, 0.842163, 0.847991, 0.849759, 0.852182, 0.858782, 0.879123, 0.889204, 0.898726, 0.899708, 0.903408, 0.911215, 0.915647, 0.92119, 0.921347, 0.927112, 0.928259, 0.931524, 0.950218, 0.954477, 0.959923, 0.974703, 0.976199, 0.97774, 0.982155, 0.994823, 0.998575, 1.000666, 1.004008, 1.005433, 1.011517, 1.013558, 1.022153, 1.038044, 1.076326], "monotonicity": -0.3911004233964073, "n_systems": 5961, "n_planets": 6649, "n_targets": 137493}