{"sigma_r": 0.7746, "sigma_i": 2.3392, "m": 6, "seed": 326678321, "n_k": {"1": 4405, "2": 860, "3": 158, "4": 16, "5": 3, "6+": 0}, "dlogr": [0.0, 0.000197, 0.00054, 0.00074, 0.0008, 0.000834, 0.000947, 0.001006, 0.00108, 0.001175, 0.001433, 0.001711, 0.001898, 0.001908, 0.001986, 0.002149, 0.002422, 0.002429, 0.002497, 0.002842, 0.002936, 0.003049, 0.003334, 0.00351, 0.003513, 0.003519, 0.003644, 0.003881, 0.004179, 0.004197, 0.004287, 0.004511, 0.004552, 0.004559, 0.004559, 0.004573, 0.004922, 0.005007, 0.005197, 0.005245, 0.005338, 0.005434, 0.005871, 0.006015, 0.006027, 0.006245, 0.006272, 0.006757, 0.00676, 0.006866, 0.00719, 0.007202, 0.007247, 0.007436, 0.007587, 0.007653, 0.00768, 0.007885, 0.007898, 0.008, 0.008034, 0.0082, 0.008307, 0.008374, 0.008429, 0.008474, 0.008609, 0.008771, 0.0088, 0.008915, 0.009279, 0.009418, 0.00952, 0.009756, 0.009864, 0.010005, 0.010605, 0.011026, 0.011031, 0.01108, 0.011159, 0.011219, 0.011546, 0.011583, 0.011978, 0.012259, 0.012548, 0.012715, 0.012718, 0.012899, 0.013128, 0.013279, 0.013287, 0.013504, 0.013737, 0.013741, 0.013804, 0.013842, 0.014111, 0.014351, 0.01442, 0.014565, 0.015051, 0.015143, 0.01516, 0.015413, 0.015629, 0.015718, 0.015726, 0.015784, 0.015903, 0.015938, 0.015971, 0.016147, 0.016286, 0.016337, 0.016602, 0.016707, 0.016738, 0.01684, 0.017267, 0.017691, 0.018065, 0.018116, 0.018615, 0.018657, 0.018853, 0.01905, 0.019402, 0.019581, 0.019608, 0.020225, 0.020485, 0.020687, 0.020805, 0.020861, 0.020989, 0.0211, 0.021172, 0.021186, 0.02151, 0.021943, 0.022098, 0.022275, 0.022504, 0.022705, 0.02273, 0.022874, 0.023531, 0.023581, 0.023851, 0.023891, 0.024036, 0.024145, 0.024203, 0.024629, 0.024648, 0.024915, 0.025279, 0.02544, 0.025476, 0.025514, 0.025656, 0.025917, 0.026011, 0.026128, 0.026213, 0.026233, 0.026386, 0.026893, 0.026957, 0.027009, 0.027372, 0.027383, 0.027384, 0.027539, 0.027789, 0.027859, 0.027882, 0.027959, 0.028078, 0.028221, 0.028253, 0.028578, 0.028597, 0.028731, 0.029429, 0.029467, 0.029909, 0.030077, 0.030084, 0.030182, 0.030278, 0.030347, 0.030384, 0.030403, 0.030673, 0.031366, 0.031679, 0.03175, 0.032356, 0.03268, 0.032687, 0.032772, 0.032983, 0.033103, 0.033175, 0.033422, 0.033984, 0.034128, 0.034522, 0.034535, 0.034621, 0.03474, 0.034798, 0.034911, 0.035385, 0.035417, 0.035461, 0.035498, 0.035528, 0.035634, 0.035707, 0.035803, 0.035814, 0.036069, 0.036091, 0.0361, 0.036131, 0.036194, 0.036366, 0.036411, 0.036433, 0.036628, 0.036752, 0.036791, 0.036797, 0.037047, 0.03762, 0.037707, 0.037851, 0.038925, 0.039003, 0.039023, 0.039049, 0.039137, 0.039303, 0.039655, 0.039776, 0.039882, 0.040243, 0.040249, 0.040278, 0.04066, 0.040796, 0.040838, 0.041175, 0.041221, 0.041729, 0.041922, 0.041925, 0.042038, 0.042174, 0.042275, 0.042343, 0.042442, 0.042661, 0.043008, 0.043437, 0.043937, 0.044187, 0.044448, 0.044988, 0.045003, 0.045415, 0.045525, 0.04587, 0.046068, 0.04661, 0.046636, 0.046658, 0.046707, 0.046813, 0.046816, 0.047223, 0.047762, 0.047784, 0.047813, 0.047879, 0.047989, 0.048041, 0.04841, 0.048856, 0.048919, 0.049057, 0.049208, 0.049255, 0.049622, 0.049979, 0.04999, 0.050015, 0.05017, 0.050431, 0.050432, 0.050583, 0.050661, 0.0512, 0.051305, 0.051389, 0.051451, 0.051508, 0.051521, 0.052606, 0.052858, 0.052885, 0.053045, 0.053086, 0.053181, 0.053709, 0.054385, 0.054387, 0.054757, 0.05482, 0.055156, 0.055239, 0.055658, 0.055717, 0.056108, 0.056119, 0.056181, 0.056629, 0.056977, 0.05711, 0.057249, 0.057681, 0.057686, 0.057848, 0.057856, 0.057869, 0.058251, 0.058308, 0.058364, 0.058599, 0.058818, 0.059045, 0.059486, 0.059494, 0.059658, 0.059702, 0.059902, 0.059917, 0.060131, 0.060203, 0.060516, 0.0606, 0.060748, 0.061024, 0.061527, 0.061615, 0.061705, 0.062005, 0.062142, 0.062177, 0.062278, 0.06244, 0.062443, 0.06265, 0.06286, 0.06289, 0.063097, 0.063539, 0.063546, 0.063676, 0.063691, 0.063895, 0.064008, 0.064044, 0.064138, 0.064148, 0.064236, 0.064362, 0.064542, 0.064815, 0.064867, 0.065092, 0.065118, 0.065571, 0.065597, 0.06567, 0.06639, 0.066651, 0.066677, 0.06695, 0.066972, 0.066986, 0.066997, 0.067029, 0.067083, 0.06714, 0.067256, 0.06728, 0.067597, 0.067674, 0.067818, 0.068183, 0.068209, 0.068749, 0.068826, 0.069047, 0.069123, 0.069214, 0.069322, 0.069329, 0.070202, 0.070237, 0.070401, 0.070498, 0.070866, 0.071005, 0.071098, 0.071141, 0.071585, 0.071839, 0.071856, 0.07202, 0.072085, 0.072086, 0.072252, 0.072496, 0.072597, 0.072901, 0.072918, 0.07328, 0.073546, 0.07379, 0.073842, 0.074353, 0.074433, 0.074599, 0.074695, 0.074793, 0.075127, 0.075194, 0.075258, 0.075351, 0.075645, 0.075744, 0.075782, 0.075863, 0.076071, 0.076318, 0.076388, 0.076671, 0.076817, 0.077288, 0.077479, 0.07775, 0.077949, 0.078141, 0.078259, 0.078489, 0.078553, 0.078721, 0.07881, 0.079032, 0.079535, 0.079614, 0.07962, 0.079989, 0.079992, 0.080095, 0.080157, 0.080585, 0.080721, 0.080758, 0.080779, 0.081029, 0.081062, 0.081702, 0.081867, 0.082552, 0.08292, 0.083165, 0.083455, 0.08371, 0.083783, 0.08396, 0.083992, 0.084359, 0.084402, 0.084499, 0.084672, 0.084729, 0.08491, 0.08495, 0.084985, 0.084993, 0.085022, 0.085569, 0.085769, 0.086061, 0.086578, 0.086956, 0.087183, 0.087185, 0.087308, 0.087817, 0.088164, 0.088222, 0.088249, 0.088427, 0.08867, 0.088839, 0.089202, 0.089696, 0.089747, 0.089772, 0.089832, 0.090367, 0.090478, 0.090871, 0.091116, 0.091251, 0.091484, 0.091696, 0.091812, 0.09185, 0.092133, 0.092169, 0.092213, 0.092279, 0.092329, 0.093315, 0.093727, 0.093866, 0.094328, 0.094397, 0.094654, 0.094849, 0.094916, 0.095402, 0.0958, 0.095845, 0.095877, 0.096217, 0.096224, 0.096278, 0.09637, 0.096459, 0.096584, 0.096663, 0.096861, 0.096868, 0.096928, 0.097099, 0.097103, 0.09761, 0.097727, 0.097804, 0.098048, 0.098201, 0.099063, 0.099095, 0.099171, 0.099607, 0.099826, 0.100462, 0.101011, 0.101017, 0.101102, 0.101114, 0.101576, 0.101749, 0.101843, 0.101905, 0.102212, 0.102215, 0.102528, 0.102554, 0.102789, 0.103142, 0.103158, 0.103685, 0.103723, 0.103788, 0.103831, 0.103957, 0.104259, 0.10448, 0.10453, 0.104536, 0.104728, 0.104957, 0.104986, 0.105397, 0.105856, 0.106024, 0.106337, 0.106402, 0.106548, 0.106754, 0.106859, 0.106864, 0.107968, 0.10806, 0.108578, 0.108773, 0.109071, 0.109163, 0.109591, 0.109824, 0.110261, 0.11042, 0.110652, 0.111251, 0.111268, 0.1113, 0.112103, 0.112169, 0.112925, 0.113195, 0.113251, 0.113363, 0.113736, 0.114352, 0.114539, 0.114897, 0.11493, 0.115153, 0.115236, 0.115539, 0.1159, 0.11594, 0.116069, 0.116149, 0.116698, 0.116811, 0.116818, 0.116963, 0.117012, 0.117143, 0.117221, 0.117395, 0.117423, 0.117427, 0.117451, 0.11774, 0.118077, 0.118156, 0.11852, 0.118664, 0.119672, 0.119765, 0.119855, 0.120147, 0.120202, 0.12035, 0.120418, 0.12074, 0.120966, 0.121329, 0.121484, 0.121615, 0.121684, 0.122153, 0.122422, 0.122604, 0.123117, 0.124261, 0.124317, 0.124344, 0.12462, 0.125442, 0.125959, 0.126101, 0.126871, 0.127164, 0.127245, 0.127387, 0.127414, 0.127548, 0.127561, 0.127586, 0.127892, 0.12794, 0.127969, 0.128172, 0.12831, 0.12861, 0.128671, 0.128723, 0.130164, 0.130353, 0.130851, 0.130995, 0.13103, 0.131499, 0.133089, 0.133091, 0.133403, 0.133462, 0.133591, 0.133694, 0.13371, 0.133983, 0.134274, 0.134628, 0.13515, 0.135155, 0.135432, 0.135494, 0.135619, 0.135742, 0.136228, 0.136348, 0.136433, 0.13707, 0.137591, 0.137676, 0.138015, 0.13828, 0.138284, 0.138374, 0.138927, 0.139137, 0.139363, 0.139896, 0.140082, 0.1401, 0.140155, 0.140412, 0.140794, 0.140798, 0.141065, 0.141776, 0.142105, 0.142219, 0.142328, 0.142604, 0.142658, 0.143102, 0.143268, 0.143671, 0.144496, 0.144811, 0.144897, 0.144996, 0.145505, 0.14612, 0.146288, 0.146485, 0.14658, 0.147648, 0.147763, 0.147979, 0.147994, 0.148144, 0.14819, 0.148274, 0.148352, 0.148703, 0.149266, 0.150006, 0.150313, 0.150779, 0.151185, 0.151942, 0.151988, 0.152297, 0.152978, 0.153059, 0.153073, 0.153194, 0.153335, 0.153524, 0.154252, 0.154397, 0.15442, 0.154688, 0.154696, 0.155089, 0.155215, 0.155389, 0.155634, 0.155751, 0.156883, 0.156999, 0.158914, 0.159295, 0.159322, 0.159357, 0.16026, 0.160425, 0.161174, 0.161202, 0.161215, 