{"sigma_r": 2.3939, "sigma_i": 1.8292, "m": 1, "seed": 3887262660, "n_k": {"1": 4239, "2": 909, "3": 164, "4": 34, "5": 1, "6+": 0}, "dlogr": [0.0, 0.000309, 0.000347, 0.000395, 0.000684, 0.000819, 0.000846, 0.000969, 0.001179, 0.001482, 0.001578, 0.001656, 0.002154, 0.002294, 0.002507, 0.002582, 0.002666, 0.002905, 0.002928, 0.00295, 0.003114, 0.003235, 0.003475, 0.003534, 0.003558, 0.003592, 0.00363, 0.004524, 0.004711, 0.004868, 0.004943, 0.004969, 0.005469, 0.005483, 0.00621, 0.006237, 0.006591, 0.006609, 0.006642, 0.007068, 0.007088, 0.007196, 0.007215, 0.007226, 0.008511, 0.008576, 0.008598, 0.008641, 0.009139, 0.009634, 0.009958, 0.010054, 0.010187, 0.010197, 0.010345, 0.01082, 0.010872, 0.011145, 0.011197, 0.011254, 0.011477, 0.011572, 0.011579, 0.012034, 0.012035, 0.012064, 0.012233, 0.012559, 0.013225, 0.013483, 0.013734, 0.013771, 0.014151, 0.01418, 0.014323, 0.014328, 0.014395, 0.014595, 0.014864, 0.015388, 0.015539, 0.016281, 0.016608, 0.01679, 0.017043, 0.017193, 0.017303, 0.017403, 0.017513, 0.017729, 0.018044, 0.018468, 0.019026, 0.019125, 0.019195, 0.019741, 0.019817, 0.019967, 0.020221, 0.020465, 0.020507, 0.020866, 0.021005, 0.021103, 0.021138, 0.021144, 0.021382, 0.021941, 0.021942, 0.022293, 0.022352, 0.022701, 0.022992, 0.023119, 0.023149, 0.023155, 0.023942, 0.024423, 0.02447, 0.024533, 0.024574, 0.024645, 0.024691, 0.024711, 0.024993, 0.025108, 0.02542, 0.025464, 0.025763, 0.026083, 0.026759, 0.026791, 0.026901, 0.026957, 0.027947, 0.027964, 0.028014, 0.028602, 0.029033, 0.029347, 0.029697, 0.029771, 0.02984, 0.029921, 0.029951, 0.030194, 0.030405, 0.030454, 0.030482, 0.030675, 0.031079, 0.03135, 0.031505, 0.031594, 0.032352, 0.033781, 0.033918, 0.034719, 0.035155, 0.035169, 0.035324, 0.03546, 0.035464, 0.035712, 0.035887, 0.035903, 0.035997, 0.035997, 0.036097, 0.036109, 0.036472, 0.036596, 0.036695, 0.036929, 0.037026, 0.037235, 0.037282, 0.037546, 0.037651, 0.037729, 0.037796, 0.037854, 0.037885, 0.038512, 0.038726, 0.03908, 0.039084, 0.039201, 0.039258, 0.03931, 0.039863, 0.039882, 0.039984, 0.040016, 0.040097, 0.040177, 0.040541, 0.041194, 0.04159, 0.041689, 0.041694, 0.041761, 0.042015, 0.042143, 0.042263, 0.042275, 0.042626, 0.042934, 0.042935, 0.042943, 0.043165, 0.043494, 0.043685, 0.043811, 0.044017, 0.044273, 0.044393, 0.044609, 0.044623, 0.044806, 0.045024, 0.04506, 0.045083, 0.045334, 0.045512, 0.04599, 0.046128, 0.046482, 0.046556, 0.047312, 0.047481, 0.047544, 0.047557, 0.04761, 0.048456, 0.048876, 0.048996, 0.049391, 0.049676, 0.049795, 0.049896, 0.05007, 0.050462, 0.050641, 0.050701, 0.050719, 0.050737, 0.051141, 0.051327, 0.051429, 0.051545, 0.051562, 0.052108, 0.052376, 0.052505, 0.052516, 0.052661, 0.052746, 0.05295, 0.053057, 0.053367, 0.053721, 0.053812, 0.053929, 0.054136, 0.054207, 0.054454, 0.054535, 0.05458, 0.054912, 0.054942, 0.055325, 0.055333, 0.055535, 0.055615, 0.055904, 0.05593, 0.056134, 0.056527, 0.056784, 0.056816, 0.05692, 0.057015, 0.057966, 0.058357, 0.058816, 0.059438, 0.059606, 0.059686, 0.059982, 0.060125, 0.060339, 0.060877, 0.061016, 0.061263, 0.061566, 0.061751, 0.062635, 0.062842, 0.063209, 0.063355, 0.06381, 0.063903, 0.06395, 0.064021, 0.064034, 0.064152, 0.064235, 0.064321, 0.064441, 0.064697, 0.064797, 0.065118, 0.065187, 0.065223, 0.065338, 0.06589, 0.066153, 0.066167, 0.066597, 0.066612, 0.067064, 0.067663, 0.067679, 0.067745, 0.067769, 0.067799, 0.068192, 0.069787, 0.069939, 0.070185, 0.070659, 0.071205, 0.071603, 0.071917, 0.072859, 0.072975, 0.073002, 0.073051, 0.073378, 0.073498, 0.073637, 0.073693, 0.074289, 0.074383, 0.074555, 0.074661, 0.074671, 0.075028, 0.075127, 0.075149, 0.075547, 0.075586, 0.075624, 0.076141, 0.077034, 0.077035, 0.077105, 0.077292, 0.077294, 0.077319, 0.077776, 0.077877, 0.078087, 0.078132, 0.078644, 0.078698, 0.078728, 0.078823, 0.078922, 0.079016, 0.079267, 0.079298, 0.079442, 0.079825, 0.079899, 0.080009, 0.080128, 0.080519, 0.080788, 0.080793, 0.080798, 0.08126, 0.081283, 0.081647, 0.081942, 0.082391, 0.083267, 0.083416, 0.083416, 0.083483, 0.083759, 0.083834, 0.084214, 0.084236, 0.084587, 0.084835, 0.085114, 0.085271, 0.085535, 0.085646, 0.086301, 0.086372, 0.086394, 0.086407, 0.086859, 0.086868, 0.08692, 0.086944, 0.087086, 0.087332, 0.087415, 0.087512, 0.087717, 0.088082, 0.088206, 0.08822, 0.088286, 0.088488, 0.089047, 0.089178, 0.089427, 0.089628, 0.08978, 0.089791, 0.08981, 0.089934, 0.090244, 0.090309, 0.09043, 0.090712, 0.091211, 0.091223, 0.091312, 0.091592, 0.092081, 0.092512, 0.092772, 0.093238, 0.093251, 0.093983, 0.094102, 0.094177, 0.094385, 0.094414, 0.094934, 0.095654, 0.095847, 0.095928, 0.095989, 0.096044, 0.096678, 0.096812, 0.097241, 0.097482, 0.097565, 0.097779, 0.097966, 0.098292, 0.098357, 0.098359, 0.098588, 0.098784, 0.098845, 0.098849, 0.09885, 0.098888, 0.098911, 0.099504, 0.09988, 0.100041, 0.100387, 0.10147, 0.101494, 0.101562, 0.101641, 0.102258, 0.102458, 0.102958, 0.103218, 0.103319, 0.104077, 0.104784, 0.105133, 0.105996, 0.106186, 0.106266, 0.106272, 0.106662, 0.107265, 0.107676, 0.107857, 0.108952, 0.108983, 0.109141, 0.109173, 0.109384, 0.10995, 0.110402, 0.110621, 0.110667, 0.110694, 0.110877, 0.111229, 0.111572, 0.112042, 0.112232, 0.112323, 0.112351, 0.112629, 0.112954, 0.113266, 0.113756, 0.113901, 0.114495, 0.114856, 0.115043, 0.115077, 0.115136, 0.115342, 0.115404, 0.115914, 0.116721, 0.117016, 0.117445, 0.117828, 0.117942, 0.118687, 0.118721, 0.11901, 0.119904, 0.120087, 0.120152, 0.120693, 0.120782, 0.120975, 0.121183, 0.121302, 0.121664, 0.122612, 0.122881, 0.1229, 0.122933, 0.123332, 0.123661, 0.12388, 0.124162, 0.124946, 0.125302, 0.126081, 0.126765, 0.12711, 0.127157, 0.127297, 0.127624, 0.12775, 0.128055, 0.128511, 0.128667, 0.129011, 0.129269, 0.129562, 0.131158, 0.131203, 0.131488, 0.131958, 0.132709, 0.133029, 0.133521, 0.133857, 0.133871, 0.134394, 0.134919, 0.135231, 0.135907, 0.13594, 0.136006, 0.136173, 0.136409, 0.136664, 0.136769, 0.136787, 0.137836, 0.138019, 0.138792, 0.138812, 0.138831, 0.139106, 0.139146, 0.139216, 0.139373, 0.139608, 0.139758, 0.139901, 0.140233, 0.141255, 0.142012, 0.142728, 0.143183, 0.144161, 0.1448, 0.14499, 0.145006, 0.145048, 0.145298, 0.145887, 0.14589, 0.145959, 0.146457, 0.147615, 0.148644, 0.148778, 0.149016, 0.149547, 0.14978, 0.150682, 0.150797, 0.151044, 0.151561, 0.152362, 0.15252, 0.153232, 0.153377, 0.153395, 0.153475, 0.153867, 0.15409, 0.154795, 0.155014, 0.156049, 0.156258, 0.156354, 0.157038, 0.1572, 0.157257, 0.157587, 0.157812, 0.158126, 0.158297, 0.158659, 0.158881, 0.158931, 0.158945, 0.15899, 0.159223, 0.159574, 0.159769, 0.159941, 0.160291, 0.160454, 0.160731, 0.160818, 0.160968, 0.161653, 0.162109, 0.162963, 0.163015, 0.163694, 0.164288, 0.165067, 0.165171, 0.165902, 0.166988, 0.167411, 0.167572, 0.168256, 0.168337, 0.169494, 0.170189, 0.170551, 0.170713, 0.171058, 0.171066, 0.171103, 0.171995, 0.1723, 0.173287, 0.173319, 0.173957, 0.174101, 0.174475, 0.17499, 0.174998, 0.175456, 0.175553, 0.175554, 0.17567, 0.175739, 0.176537, 0.176545, 0.176804, 0.177063, 0.178156, 0.178211, 0.178717, 0.178737, 0.178952, 0.179589, 0.181412, 0.18195, 0.182525, 0.182767, 0.183093, 0.184281, 0.184947, 0.185785, 0.186101, 0.186239, 0.186257, 0.186274, 0.186282, 0.186364, 0.18761, 0.187731, 0.188316, 0.188883, 0.18905, 0.189387, 0.190046, 0.191352, 0.192038, 0.192495, 0.192531, 0.193712, 0.193981, 0.193992, 0.194054, 0.1941, 0.194133, 0.194136, 0.194452, 0.194661, 0.194667, 0.194807, 0.195089, 0.195997, 0.197153, 0.197773, 0.198177, 0.199205, 0.199674, 0.199874, 0.200033, 0.200232, 0.200237, 0.200264, 0.20047, 0.200936, 0.201266, 0.201872, 0.203194, 0.203584, 0.204775, 0.20529, 0.205463, 0.206152, 0.206311, 0.20634, 0.207012, 0.207057, 0.207074, 0.207313, 0.207373, 0.20738, 0.208106, 0.208891, 0.209091, 0.209351, 0.209413, 0.209637, 0.209967, 0.2103, 0.210354, 0.211036, 0.211069, 0.211399, 0.211815, 0.212531, 0.212999, 0.213097, 0.213117, 0.214499, 0.214825, 0.216383, 0.216514, 0.216814, 0.217407, 0.217659, 0.217761, 0.218428, 0.219185, 0.219571, 0.219695,