{"sigma_r": 0.6181, "sigma_i": 0.2, "m": 1, "seed": 1910429584, "n_k": {"1": 3637, "2": 900, "3": 239, "4": 80, "5": 22, "6+": 6}, "dlogr": [0.0, 0.0, 0.0, 0.0, 0.0, 0.0, 3.8e-05, 0.000172, 0.000184, 0.000228, 0.000281, 0.000474, 0.000494, 0.000526, 0.00067, 0.0007, 0.000864, 0.000864, 0.000976, 0.001089, 0.00109, 0.001429, 0.001496, 0.001513, 0.001597, 0.001758, 0.001917, 0.001974, 0.001997, 0.002181, 0.002275, 0.002291, 0.002546, 0.002574, 0.002594, 0.002606, 0.00275, 0.002767, 0.002906, 0.003187, 0.00319, 0.003238, 0.003389, 0.003394, 0.003497, 0.003507, 0.003721, 0.003985, 0.004045, 0.004207, 0.004482, 0.0047, 0.004719, 0.004739, 0.004819, 0.004994, 0.005039, 0.005053, 0.005133, 0.005166, 0.005206, 0.005336, 0.005438, 0.005525, 0.005647, 0.00577, 0.005797, 0.005799, 0.005942, 0.006002, 0.006105, 0.006177, 0.006479, 0.006732, 0.006913, 0.007225, 0.007258, 0.007419, 0.007526, 0.007539, 0.007554, 0.00769, 0.008021, 0.00811, 0.008164, 0.008186, 0.008417, 0.008434, 0.008746, 0.008777, 0.009002, 0.009086, 0.009143, 0.009469, 0.009552, 0.009656, 0.009689, 0.009726, 0.009782, 0.00982, 0.0099, 0.009942, 0.010241, 0.010277, 0.010295, 0.010316, 0.010354, 0.010372, 0.010438, 0.010551, 0.010566, 0.010614, 0.011129, 0.011338, 0.011433, 0.01147, 0.011486, 0.01149, 0.011569, 0.011843, 0.011853, 0.011936, 0.011946, 0.012028, 0.012068, 0.01218, 0.012226, 0.012255, 0.01267, 0.012874, 0.013016, 0.013091, 0.013129, 0.013217, 0.013267, 0.013344, 0.013384, 0.013395, 0.013439, 0.013543, 0.013628, 0.013729, 0.013861, 0.014017, 0.014089, 0.014681, 0.014845, 0.01491, 0.014936, 0.014959, 0.015009, 0.015317, 0.015347, 0.015497, 0.015537, 0.015616, 0.015726, 0.015779, 0.015906, 0.01599, 0.016046, 0.016093, 0.016265, 0.016321, 0.016334, 0.016396, 0.016444, 0.016537, 0.016558, 0.016581, 0.016626, 0.016639, 0.016649, 0.016677, 0.016678, 0.016748, 0.016792, 0.016802, 0.017059, 0.017089, 0.017181, 0.017198, 0.01724, 0.017312, 0.017321, 0.0175, 0.017516, 0.017597, 0.017703, 0.01791, 0.01823, 0.01829, 0.01834, 0.018366, 0.018521, 0.018591, 0.018611, 0.01873, 0.018772, 0.018825, 0.018869, 0.018967, 0.018969, 0.019021, 0.019052, 0.019096, 0.019199, 0.019207, 0.019513, 0.019848, 0.019876, 0.019892, 0.020041, 0.020058, 0.02006, 0.020084, 0.02024, 0.020254, 0.02031, 0.020367, 0.020414, 0.020416, 0.020587, 0.020765, 0.020803, 0.020945, 0.021039, 0.021226, 0.02137, 0.021536, 0.021687, 0.022016, 0.022032, 0.02216, 0.022198, 0.022232, 0.022334, 0.022511, 0.022592, 0.022643, 0.022723, 0.022882, 0.022906, 0.022965, 0.02301, 0.023137, 0.023138, 0.023262, 0.023325, 0.023365, 0.023624, 0.023844, 0.024247, 0.024339, 0.024416, 0.024574, 0.02461, 0.024619, 0.024684, 0.024718, 0.025133, 0.025218, 0.025224, 0.025243, 0.025258, 0.025349, 0.025396, 0.02548, 0.025529, 0.025749, 0.025829, 0.025872, 0.02606, 0.026301, 0.026359, 0.026619, 0.026668, 0.026919, 0.027202, 0.027411, 0.027502, 0.027612, 0.027616, 0.027691, 0.027909, 0.027947, 0.028064, 0.028102, 0.028281, 0.028291, 0.028386, 0.02842, 0.028463, 0.02871, 0.02872, 0.028725, 0.028767, 0.028821, 0.029097, 0.029097, 0.029169, 0.02924, 0.029251, 0.029268, 0.029378, 0.029387, 0.029391, 0.029418, 0.029454, 0.029459, 0.02967, 0.029865, 0.029915, 0.029989, 0.030044, 0.030133, 0.030158, 0.030191, 0.030205, 0.030206, 0.030412, 0.03043, 0.030534, 0.030656, 0.030673, 0.030709, 0.031004, 0.031037, 0.031155, 0.031274, 0.031311, 0.031448, 0.031455, 0.031809, 0.032202, 0.032258, 0.032285, 0.032291, 0.032513, 0.032572, 0.032676, 0.032679, 0.03293, 0.033149, 0.033318, 0.03339, 0.033475, 0.033577, 0.033647, 0.033822, 0.033896, 0.033924, 0.034036, 0.034482, 0.034494, 0.034495, 0.034594, 0.034644, 0.034693, 0.034859, 0.035132, 0.03521, 0.035296, 0.035322, 0.035371, 0.035459, 0.035535, 0.035592, 0.035595, 0.035658, 0.035777, 0.035887, 0.035977, 0.036013, 0.036073, 0.036192, 0.036214, 0.036264, 0.036343, 0.036376, 0.036475, 0.03658, 0.03665, 0.036802, 0.036854, 0.037047, 0.037134, 0.037139, 0.037217, 0.037241, 0.037339, 0.03744, 0.037475, 0.03752, 0.037524, 0.037532, 0.037535, 0.037566, 0.037624, 0.037675, 0.03769, 0.038013, 0.038029, 0.038051, 0.038142, 0.038299, 0.038354, 0.038421, 0.038517, 0.038709, 0.039139, 0.039344, 0.039693, 0.039747, 0.039784, 0.040009, 0.040075, 0.040306, 0.040465, 0.040499, 0.04054, 0.040554, 0.040617, 0.040765, 0.040817, 0.040904, 0.04137, 0.04144, 0.041533, 0.041534, 0.041608, 0.041609, 0.04197, 0.04203, 0.042043, 0.042144, 0.042241, 0.042396, 0.042436, 0.042526, 0.042916, 0.042965, 0.04304, 0.04318, 0.043492, 0.043519, 0.04368, 0.043948, 0.044072, 0.044465, 0.044543, 0.044604, 0.044832, 0.044875, 0.045163, 0.045239, 0.045307, 0.045455, 0.045573, 0.045881, 0.045981, 0.046004, 0.046055, 0.046204, 0.046369, 0.046378, 0.04656, 0.046622, 0.04668, 0.04669, 0.046877, 0.04706, 0.047125, 0.047391, 0.047549, 0.047671, 0.04771, 0.047996, 0.048023, 0.048064, 0.04816, 0.048189, 0.048366, 0.048378, 0.048435, 0.048472, 0.048473, 0.04857, 0.048692, 0.048719, 0.048802, 0.048809, 0.048815, 0.048819, 0.049165, 0.049187, 0.049302, 0.049326, 0.049432, 0.049453, 0.049456, 0.049457, 0.049534, 0.049739, 0.049779, 0.049783, 0.049851, 0.05002, 0.050124, 0.050249, 0.050299, 0.050306, 0.050427, 0.050468, 0.050563, 0.05101, 0.051051, 0.051219, 0.051289, 0.051314, 0.05135, 0.051366, 0.051378, 0.051473, 0.051564, 0.051747, 0.051755, 0.051981, 0.05225, 0.052254, 0.052461, 0.052502, 0.052505, 0.052558, 0.052615, 0.052769, 0.052837, 0.052878, 0.05288, 0.052909, 0.052951, 0.053078, 0.053256, 0.053275, 0.053332, 0.053338, 0.053533, 0.053936, 0.053948, 0.053957, 0.054343, 0.054358, 0.054484, 0.054595, 0.054627, 0.054657, 0.054713, 0.054776, 0.054932, 0.055057, 0.055571, 0.055689, 0.055737, 0.055741, 0.055778, 0.055831, 0.056067, 0.056069, 0.056484, 0.056491, 0.056741, 0.056763, 0.056879, 0.05714, 0.057178, 0.05722, 0.057328, 0.057604, 0.057618, 0.057655, 0.057659, 0.057666, 0.057741, 0.057886, 0.057923, 0.058018, 0.058081, 0.058089, 0.058101, 0.058103, 0.058314, 0.058436, 0.05864, 0.058696, 0.058733, 0.058759, 0.058813, 0.058879, 0.059142, 0.059205, 0.059239, 0.05925, 0.059403, 0.059486, 0.059495, 0.059527, 0.059593, 0.059621, 0.059795, 0.05981, 0.059895, 0.059953, 0.060189, 0.060243, 0.060383, 0.060466, 0.060493, 0.060496, 0.060559, 0.060717, 0.060787, 0.060805, 0.060831, 0.060852, 0.060994, 0.061016, 0.061056, 0.061061, 0.061083, 0.061147, 0.0613, 0.061473, 0.061544, 0.061908, 0.061916, 0.06207, 0.062072, 0.062092, 0.062578, 0.062687, 0.062727, 0.062813, 0.063113, 0.063174, 0.063304, 0.063438, 0.063595, 0.063668, 0.0637, 0.064094, 0.064238, 0.064266, 0.064466, 0.064466, 0.064556, 0.06462, 0.064624, 0.064651, 0.064796, 0.065174, 0.065204, 0.06524, 0.065559, 0.06556, 0.065911, 0.066138, 0.066198, 0.066258, 0.066282, 0.066363, 0.066437, 0.066463, 0.0671, 0.06754, 0.067628, 0.067642, 0.067744, 0.067864, 0.068041, 0.068044, 0.068084, 0.068479, 0.068695, 0.06873, 0.068844, 0.069051, 0.069307, 0.069555, 0.069663, 0.069793, 0.070082, 0.070119, 0.070322, 0.07045, 0.070678, 0.070851, 0.071035, 0.071196, 0.071231, 0.071368, 0.071757, 0.071998, 0.072301, 0.072305, 0.07249, 0.072501, 0.072586, 0.072894, 0.072988, 0.073195, 0.073385, 0.073687, 0.073751, 0.073786, 0.074017, 0.074221, 0.074281, 0.074442, 0.074554, 0.074856, 0.074908, 0.075193, 0.075225, 0.075295, 0.075431, 0.075433, 0.07555, 0.075768, 0.075811, 0.075848, 0.075932, 0.076094, 0.076249, 0.076599, 0.076634, 0.076725, 0.076771, 0.076908, 0.077423, 0.077714, 0.07837, 0.078391, 0.078419, 0.078628, 0.078642, 0.078953, 0.079252, 0.079375, 0.079563, 0.079674, 0.079678, 0.079687, 0.079972, 0.080071, 0.080171, 0.080264, 0.080442, 0.080873, 0.080964, 0.081032, 0.081099, 0.081289, 0.081307, 0.08132, 0.081367, 0.081397, 0.081476, 0.081489, 0.081526, 0.081537, 0.081611, 0.081724, 0.08173, 0.081905, 0.081915, 0.08208, 0.082233, 0.082443, 0.082584, 0.082722, 0.082769, 0.082834, 0.083229, 0.083507, 0.083539, 0.083781, 0.083905, 0.083938, 0.083955, 0.083966, 0.083998, 0.084032, 0.084124, 0.08473, 0.084866, 0.084883, 0.085296, 0.085493, 