{"sigma_r": 1.5244, "sigma_i": 8.0, "m": 5, "seed": 3989920789, "n_k": {"1": 5688, "2": 501, "3": 45, "4": 2, "5": 0, "6+": 0}, "dlogr": [0.000226, 0.000449, 0.000505, 0.000721, 0.001002, 0.001959, 0.00214, 0.002233, 0.002933, 0.003789, 0.003926, 0.004021, 0.0041, 0.004393, 0.004446, 0.005148, 0.005239, 0.005811, 0.006642, 0.007011, 0.007157, 0.00724, 0.008801, 0.009065, 0.009364, 0.009434, 0.009894, 0.010339, 0.010345, 0.011104, 0.011159, 0.011877, 0.012367, 0.012397, 0.012513, 0.012975, 0.013154, 0.013273, 0.013278, 0.01335, 0.014367, 0.01519, 0.015469, 0.015927, 0.016069, 0.016695, 0.017579, 0.01821, 0.018478, 0.019388, 0.019425, 0.019985, 0.020588, 0.021231, 0.021661, 0.022081, 0.022859, 0.023364, 0.023458, 0.025237, 0.02568, 0.025972, 0.026267, 0.026972, 0.027207, 0.02721, 0.027294, 0.027804, 0.027847, 0.029845, 0.030129, 0.030155, 0.030936, 0.031667, 0.032933, 0.03334, 0.033383, 0.033913, 0.034525, 0.034543, 0.035176, 0.035445, 0.035765, 0.036756, 0.036861, 0.037285, 0.03792, 0.038098, 0.038158, 0.038915, 0.03902, 0.039084, 0.039138, 0.03949, 0.039768, 0.039935, 0.041355, 0.042646, 0.042724, 0.042912, 0.043204, 0.043463, 0.043701, 0.043714, 0.044463, 0.045653, 0.045776, 0.046081, 0.046452, 0.046951, 0.048787, 0.048923, 0.049119, 0.049564, 0.049593, 0.05047, 0.050927, 0.051045, 0.051215, 0.051592, 0.052048, 0.0529, 0.053133, 0.053162, 0.053289, 0.053606, 0.053679, 0.05469, 0.054988, 0.058469, 0.058556, 0.058855, 0.059629, 0.060747, 0.061209, 0.061604, 0.061614, 0.062005, 0.06205, 0.062386, 0.062848, 0.063376, 0.063729, 0.064184, 0.064819, 0.065399, 0.065621, 0.065707, 0.066926, 0.067688, 0.068613, 0.068643, 0.068695, 0.07021, 0.071533, 0.07247, 0.072708, 0.072772, 0.073037, 0.073493, 0.073789, 0.074567, 0.074623, 0.074696, 0.074808, 0.074941, 0.074979, 0.076367, 0.076378, 0.076425, 0.076682, 0.077213, 0.077285, 0.07736, 0.077453, 0.077686, 0.077996, 0.078094, 0.078736, 0.07915, 0.079293, 0.079368, 0.080248, 0.081086, 0.0811, 0.081561, 0.081703, 0.082343, 0.083669, 0.083846, 0.083986, 0.084833, 0.085631, 0.085713, 0.08573, 0.086134, 0.086604, 0.086686, 0.087178, 0.087229, 0.087648, 0.087927, 0.088368, 0.088496, 0.089072, 0.090125, 0.091186, 0.092211, 0.092613, 0.094109, 0.094407, 0.096913, 0.097293, 0.100268, 0.100628, 0.100781, 0.100799, 0.101136, 0.10123, 0.101656, 0.10174, 0.102094, 0.102132, 0.102232, 0.102951, 0.102989, 0.103938, 0.104305, 0.104649, 0.104932, 0.106764, 0.10765, 0.107805, 0.107879, 0.108719, 0.108819, 0.109125, 0.109513, 0.113166, 0.113216, 0.113572, 0.113861, 0.114367, 0.115155, 0.117596, 0.117672, 0.117711, 0.11822, 0.11846, 0.118582, 0.119979, 0.120239, 0.12037, 0.121418, 0.122159, 0.122312, 0.12238, 0.122911, 0.123131, 0.123486, 0.124057, 0.124381, 0.124667, 0.125507, 0.126207, 0.1263, 0.126558, 0.127663, 0.128638, 0.129335, 0.129615, 0.130172, 0.130405, 0.130545, 0.130671, 0.13125, 0.131329, 0.132321, 0.132442, 0.133625, 0.134484, 0.135008, 0.13522, 0.135384, 0.13589, 0.135895, 0.136385, 0.137267, 0.137447, 0.138176, 0.138546, 0.139113, 0.139465, 0.139901, 0.140996, 0.141454, 0.141548, 0.14188, 0.143245, 0.143398, 0.143439, 0.143922, 0.144101, 0.144773, 0.144963, 0.145483, 0.145772, 0.14672, 0.147841, 0.147993, 0.149053, 0.150024, 0.150281, 0.150291, 0.150334, 0.151045, 0.151472, 0.151684, 0.152035, 0.152949, 0.153433, 0.153801, 0.153863, 0.15389, 0.154424, 0.154989, 0.155552, 0.157195, 0.157433, 0.157704, 0.158871, 0.160092, 0.161111, 0.161358, 0.161517, 0.161957, 0.162993, 0.163366, 0.163608, 0.163941, 0.16522, 0.165681, 0.165843, 0.165886, 0.165941, 0.167812, 0.167922, 0.168535, 0.170119, 0.170601, 0.17068, 0.171289, 0.171882, 0.173585, 0.175206, 0.175674, 0.176331, 0.178247, 0.178359, 0.179294, 0.179594, 0.179656, 0.180921, 0.181501, 0.185377, 0.186312, 0.187614, 0.192312, 0.193341, 0.196546, 0.197899, 0.198007, 0.198296, 0.198736, 0.198993, 0.199158, 0.199347, 0.199602, 0.199611, 0.200698, 0.200776, 0.201485, 0.203962, 0.204588, 0.204905, 0.205378, 0.205379, 0.205855, 0.209676, 0.210243, 0.21155, 0.213834, 0.214768, 0.217613, 0.217702, 0.21802, 0.218124, 0.219239, 0.220113, 0.220924, 0.220967, 0.221922, 0.222487, 0.222843, 0.224131, 0.225004, 0.225147, 0.227293, 0.227976, 0.231457, 0.231812, 0.232089, 0.233941, 0.235611, 0.239512, 0.23968, 0.242666, 0.242667, 0.243201, 0.247059, 0.247715, 0.247786, 0.250336, 0.251988, 0.253322, 0.256281, 0.256389, 0.257018, 0.259562, 0.259905, 0.261499, 0.2622, 0.263377, 0.265245, 0.265959, 0.267641, 0.268208, 0.271994, 0.27242, 0.274019, 0.274183, 0.274678, 0.276099, 0.277126, 0.278539, 0.279463, 0.28096, 0.282679, 0.282979, 0.283204, 0.28545, 0.285681, 0.285755, 0.286074, 0.2871, 0.287319, 0.29321, 0.296614, 0.299636, 0.30217, 0.303631, 0.305104, 0.306888, 0.307187, 0.308175, 0.308211, 0.308595, 0.309067, 0.31711, 0.321285, 0.321919, 0.32339, 0.331804, 0.333206, 0.338078, 0.338709, 0.33898, 0.343463, 0.347954, 0.348254, 0.348338, 0.359403, 0.360131, 0.365058, 0.370156, 0.372629, 0.373697, 0.387445, 0.389173, 0.392125, 0.392441, 0.402165, 0.403823, 0.40706, 0.419305, 0.421161, 0.421711, 0.423094, 0.425406, 0.425786, 0.426478, 0.431297, 0.433064, 0.445679, 0.462709, 0.476336, 0.479725, 0.480016, 0.501276, 0.519195, 0.529515, 0.546062, 0.547121, 0.549022, 0.549558, 0.550164, 0.563863, 0.56818, 0.594029, 0.6089, 0.611185, 0.613568, 0.617752, 0.620975, 0.622075, 0.624245, 0.627755, 0.634739, 0.635104, 0.653777, 0.656926, 0.669066, 0.673635, 0.676326, 0.679555, 0.690593, 0.690813, 0.696324, 0.698051, 0.71703, 0.719596, 0.731646, 0.734193, 0.751156, 0.757841, 0.758674, 0.764286, 0.768503, 0.774063, 0.776039, 0.782437, 0.784095, 0.784725, 0.793083, 0.797037, 0.797764, 0.812104, 0.816646, 0.822825, 0.824759, 0.829703, 0.836473, 0.841817, 0.848639, 0.85562, 0.856457, 0.861898, 0.864513, 0.872285, 0.878637, 0.884928, 0.887307, 0.893038, 0.897287, 0.902459, 0.907782, 0.914963, 0.930684, 0.931081, 0.93205, 0.932226, 0.945119, 0.949808, 0.955355, 0.956381, 0.957878, 0.98912, 0.990103, 0.990388, 0.992889, 1.005271, 1.006145, 1.015543, 1.015917, 1.020964, 1.054765, 1.098417], "monotonicity": -0.10212765957446808, "n_systems": 6236, "n_planets": 6833, "n_targets": 137493}