{"sigma_r": 3.0, "sigma_i": 0.684, "m": 7, "seed": 3121890200, "n_k": {"1": 3705, "2": 991, "3": 234, "4": 40, "5": 6, "6+": 3}, "dlogr": [0.000406, 0.000578, 0.000579, 0.000733, 0.000876, 0.001003, 0.001274, 0.001288, 0.002088, 0.002303, 0.002401, 0.002484, 0.002711, 0.002831, 0.003203, 0.003252, 0.003309, 0.003356, 0.003622, 0.003841, 0.003971, 0.004106, 0.004116, 0.004653, 0.004761, 0.00477, 0.004951, 0.005261, 0.005485, 0.005698, 0.005789, 0.005945, 0.006276, 0.006291, 0.006314, 0.006504, 0.006791, 0.007244, 0.007599, 0.007662, 0.008143, 0.008304, 0.008403, 0.008541, 0.008823, 0.008911, 0.009318, 0.010252, 0.010627, 0.010628, 0.010903, 0.010993, 0.011281, 0.011294, 0.011499, 0.011822, 0.01199, 0.01206, 0.012214, 0.012336, 0.012423, 0.012523, 0.012776, 0.012813, 0.012965, 0.012982, 0.013098, 0.013236, 0.013283, 0.013373, 0.013376, 0.01351, 0.013848, 0.014006, 0.014092, 0.014119, 0.014246, 0.01452, 0.014644, 0.014744, 0.014768, 0.014895, 0.015576, 0.015707, 0.016483, 0.016576, 0.016577, 0.016748, 0.016808, 0.01691, 0.016936, 0.017115, 0.017495, 0.017552, 0.017567, 0.017795, 0.018185, 0.018643, 0.018656, 0.019045, 0.019337, 0.019568, 0.019623, 0.019793, 0.019993, 0.020252, 0.020572, 0.020937, 0.021567, 0.021721, 0.021975, 0.022142, 0.022429, 0.022561, 0.022635, 0.022808, 0.022883, 0.023137, 0.023219, 0.023226, 0.023324, 0.023396, 0.023486, 0.023701, 0.02374, 0.024271, 0.024436, 0.024895, 0.024914, 0.024938, 0.025296, 0.025424, 0.025534, 0.025634, 0.02567, 0.025689, 0.025985, 0.026529, 0.026598, 0.026735, 0.026766, 0.026784, 0.026807, 0.027403, 0.027662, 0.028174, 0.028648, 0.028698, 0.028727, 0.029027, 0.029675, 0.030095, 0.030428, 0.030439, 0.030838, 0.030871, 0.032164, 0.032798, 0.033031, 0.033467, 0.03376, 0.03379, 0.033901, 0.033903, 0.03392, 0.033997, 0.034088, 0.034288, 0.034329, 0.034414, 0.034505, 0.034849, 0.035094, 0.035213, 0.03525, 0.035393, 0.035938, 0.036016, 0.036023, 0.03611, 0.036318, 0.036339, 0.036562, 0.037066, 0.037141, 0.037255, 0.037278, 0.037781, 0.037812, 0.037853, 0.03832, 0.038412, 0.03844, 0.038484, 0.038786, 0.038996, 0.03909, 0.039336, 0.039385, 0.039667, 0.03987, 0.039985, 0.040066, 0.040089, 0.040411, 0.040672, 0.040806, 0.040878, 0.041309, 0.041323, 0.041493, 0.041653, 0.041906, 0.041947, 0.042296, 0.042665, 0.042833, 0.043178, 0.043798, 0.043903, 0.043989, 0.044416, 0.044766, 0.044938, 0.045281, 0.045285, 0.045317, 0.045522, 0.045613, 0.045945, 0.046035, 0.04618, 0.046296, 0.046518, 0.046794, 0.047075, 0.047376, 0.047705, 0.047734, 0.047743, 0.047846, 0.048519, 0.048552, 0.048654, 0.04866, 0.048713, 0.048765, 0.048769, 0.04877, 0.048899, 0.049415, 0.049476, 0.049524, 0.049916, 0.049985, 0.049992, 0.050077, 0.050336, 0.050484, 0.050557, 0.051095, 0.051106, 0.051123, 0.051144, 0.05115, 0.051212, 0.051235, 0.051422, 0.05189, 0.051993, 0.052126, 0.052286, 0.052432, 0.052492, 0.05268, 0.053079, 0.053325, 0.053649, 0.053706, 0.053753, 0.053852, 0.05398, 0.054081, 0.054244, 0.054569, 0.05462, 0.055002, 0.055332, 0.055372, 0.055704, 0.055941, 0.056305, 0.056507, 0.056639, 0.056654, 0.056681, 0.057017, 0.057121, 0.057148, 0.057428, 0.057579, 0.057664, 0.057879, 0.057909, 0.058086, 0.058235, 0.058562, 0.05876, 0.058905, 0.058964, 0.059004, 0.059104, 0.060265, 0.060741, 0.060817, 0.060862, 0.061178, 0.061297, 0.061419, 0.061757, 0.062518, 0.062675, 0.062862, 0.063124, 0.06326, 0.063543, 0.063735, 0.06398, 0.064293, 0.064453, 0.06463, 0.064971, 0.065547, 0.065854, 0.065946, 0.066265, 0.066459, 0.066499, 0.06701, 0.067351, 0.068131, 0.068211, 0.068446, 0.06848, 0.06855, 0.068731, 0.069047, 0.069331, 0.069366, 0.069749, 0.069754, 0.069937, 0.070576, 0.070667, 0.070693, 0.071438, 0.0715, 0.071802, 0.071856, 0.072321, 0.072353, 0.072859, 0.073021, 0.073043, 0.073124, 0.073206, 0.073309, 0.073725, 0.073805, 0.074337, 0.074413, 0.074807, 0.074951, 0.07502, 0.075156, 0.075202, 0.075513, 0.075829, 0.075898, 0.076028, 0.07647, 0.07651, 0.076589, 0.076742, 0.07715, 0.077154, 0.077513, 0.078211, 0.078251, 0.078406, 0.07919, 0.079262, 0.079607, 0.079624, 0.079661, 0.079745, 0.080329, 0.081512, 0.081646, 0.081801, 0.081975, 0.082062, 0.082545, 0.082648, 0.082652, 0.082653, 0.082663, 0.082763, 0.082875, 0.082887, 0.083351, 0.083363, 0.083385, 0.083437, 0.083469, 0.083688, 0.083765, 0.083862, 0.083926, 0.08401, 0.084025, 0.084226, 0.084659, 0.08472, 0.084737, 0.084782, 0.08486, 0.085009, 0.085174, 0.085243, 0.085393, 0.085452, 0.085541, 0.085639, 0.085734, 0.085787, 0.086404, 0.086461, 0.086889, 0.086931, 0.08698, 0.087077, 0.087293, 0.087356, 0.087598, 0.087619, 0.087637, 0.087757, 0.08781, 0.088041, 0.088955, 0.088972, 0.089713, 0.090208, 0.090595, 0.090726, 0.090949, 0.091077, 0.091298, 0.091401, 0.091521, 0.091855, 0.091953, 0.09208, 0.092173, 0.092192, 0.092481, 0.0927, 0.092711, 0.092787, 0.09304, 0.093059, 0.093105, 0.093498, 0.093813, 0.094037, 0.094112, 0.094136, 0.094311, 0.094359, 0.094425, 0.094515, 0.095178, 0.095374, 0.095429, 0.095436, 0.095706, 0.095773, 0.095954, 0.095977, 0.096154, 0.096245, 0.096512, 0.096656, 0.096813, 0.09683, 0.096919, 0.096974, 0.097558, 0.098254, 0.098431, 0.098502, 0.098628, 0.098708, 0.09871, 0.099001, 0.09924, 0.099355, 0.099415, 0.09951, 0.099641, 0.099683, 0.099715, 0.099962, 0.100223, 0.100318, 0.100691, 0.100886, 0.101082, 0.101282, 0.101355, 0.101441, 0.101537, 0.101548, 0.101615, 0.101679, 0.10174, 0.102094, 0.102474, 0.10251, 0.103072, 0.103405, 0.103457, 0.103818, 0.103915, 0.10427, 0.104428, 0.10468, 0.104744, 0.104746, 0.105045, 0.105045, 0.105145, 0.105288, 0.105572, 0.106123, 0.106244, 0.106421, 0.106538, 0.106707, 0.106848, 0.107205, 0.107297, 0.107529, 0.107552, 0.107839, 0.107928, 0.108015, 0.10826, 0.108265, 0.108332, 0.108438, 0.10844, 0.108669, 0.108997, 0.109202, 0.109334, 0.109386, 0.10973, 0.110005, 0.110375, 0.110405, 0.110558, 0.110776, 0.110786, 0.112083, 0.11309, 0.113171, 0.113225, 0.113314, 0.113443, 0.113806, 0.113816, 0.114021, 0.114174, 0.114615, 0.115321, 0.115616, 0.115696, 0.115803, 0.116051, 0.116195, 0.116302, 0.116619, 0.116946, 0.117308, 0.117333, 0.117668, 0.118201, 0.118385, 0.118404, 0.118985, 0.119193, 0.119353, 0.119605, 0.119738, 0.120159, 0.120404, 0.120579, 0.121509, 0.121679, 0.121833, 0.122483, 0.122508, 0.123076, 0.123277, 0.123403, 0.12357, 0.123726, 0.123943, 0.124469, 0.124507, 0.124597, 0.124598, 0.124678, 0.124826, 0.124937, 0.125024, 0.125438, 0.125446, 0.126045, 0.126088, 0.126893, 0.127575, 0.127703, 0.128294, 0.128421, 0.128431, 0.128937, 0.128985, 0.129027, 0.129197, 0.129256, 0.129372, 0.129397, 0.129436, 0.129951, 0.130471, 0.130506, 0.13055, 0.130741, 0.130782, 0.131482, 0.131502, 0.131831, 0.13207, 0.13217, 0.132419, 0.132619, 0.132671, 0.133045, 0.133218, 0.133408, 0.133453, 0.133509, 0.133662, 0.134247, 0.134413, 0.134898, 0.135211, 0.1356, 0.135785, 0.13592, 0.136175, 0.136392, 0.136417, 0.136625, 0.13702, 0.137096, 0.138461, 0.139123, 0.139542, 0.139982, 0.140323, 0.140529, 0.140703, 0.141131, 0.141294, 0.141352, 0.141462, 0.142394, 0.142457, 0.142562, 0.142636, 0.143133, 0.143238, 0.143257, 0.143399, 0.143556, 0.14418, 0.144541, 0.14505, 0.145121, 0.145954, 0.14613, 0.146224, 0.146766, 0.147044, 0.147181, 0.147265, 0.147381, 0.147534, 0.147585, 0.147605, 0.148313, 0.148415, 0.148609, 0.1487, 0.148932, 0.14905, 0.149142, 0.149728, 0.149854, 0.150038, 0.150897, 0.150982, 0.15117, 0.151405, 0.151721, 0.151735, 0.151798, 0.152259, 0.153006, 0.153175, 0.153331, 0.153689, 0.153736, 0.154433, 0.155874, 0.15597, 0.156057, 0.156139, 0.156404, 0.156991, 0.157074, 0.157164, 0.157468, 0.157537, 0.15809, 0.158124, 0.158401, 0.158402, 0.158561, 0.15861, 0.158628, 0.158829, 0.158918, 0.159376, 0.159426, 0.159429, 0.159563, 0.159864, 0.16007, 0.160375, 0.160478, 0.16077, 0.161577, 0.161945, 0.162092, 0.16221, 0.162241, 0.162463, 0.162804, 0.162814, 0.16321, 0.16355, 0.16385, 0.163886, 0.163968, 0.164062, 0.164685, 0.164801, 0.164902, 0.165522, 0.165594, 0.165744, 0.165857, 0.165859, 0.16591, 0.166101, 0.166888, 0.166893, 0.167045, 0.167205, 