{"sigma_r": 1.5244, "sigma_i": 1.8292, "m": 9, "seed": 2354480580, "n_k": {"1": 4266, "2": 887, "3": 212, "4": 32, "5": 4, "6+": 0}, "dlogr": [0.0, 0.0, 0.000299, 0.000386, 0.000571, 0.000691, 0.000791, 0.000866, 0.001357, 0.001497, 0.002272, 0.002305, 0.002444, 0.002561, 0.002601, 0.002613, 0.002645, 0.002654, 0.002706, 0.002852, 0.003019, 0.003129, 0.003165, 0.00339, 0.003694, 0.004053, 0.004462, 0.004474, 0.005041, 0.00622, 0.006326, 0.006413, 0.006451, 0.006617, 0.007297, 0.00732, 0.007453, 0.007538, 0.007959, 0.008222, 0.008541, 0.008972, 0.009097, 0.009557, 0.009706, 0.009777, 0.010275, 0.010493, 0.010527, 0.010559, 0.010703, 0.010722, 0.011003, 0.011243, 0.011608, 0.011722, 0.011723, 0.011973, 0.012372, 0.012426, 0.012705, 0.012758, 0.012833, 0.013019, 0.01311, 0.01335, 0.013553, 0.013563, 0.01386, 0.014456, 0.014704, 0.014904, 0.015021, 0.01518, 0.015349, 0.015386, 0.015571, 0.015663, 0.015725, 0.016137, 0.016279, 0.016398, 0.016547, 0.016637, 0.016682, 0.016856, 0.016903, 0.016939, 0.016949, 0.017492, 0.017539, 0.017603, 0.017822, 0.017839, 0.017923, 0.017948, 0.017968, 0.018023, 0.018061, 0.018828, 0.018947, 0.019203, 0.019227, 0.01931, 0.019717, 0.019771, 0.019856, 0.020003, 0.020135, 0.020403, 0.020504, 0.020545, 0.020868, 0.020871, 0.020982, 0.021045, 0.021387, 0.021727, 0.021935, 0.022037, 0.022216, 0.022342, 0.022401, 0.022692, 0.022873, 0.022873, 0.022942, 0.022973, 0.023027, 0.02323, 0.023298, 0.023489, 0.023674, 0.023924, 0.024244, 0.024317, 0.024354, 0.024448, 0.024498, 0.024517, 0.02467, 0.024698, 0.025006, 0.025047, 0.025322, 0.025332, 0.025494, 0.025587, 0.025868, 0.026096, 0.026245, 0.026571, 0.026608, 0.026769, 0.027078, 0.027864, 0.027933, 0.02802, 0.028411, 0.028632, 0.028817, 0.029237, 0.03021, 0.030521, 0.030774, 0.030909, 0.031141, 0.031187, 0.031291, 0.031374, 0.031565, 0.031682, 0.032147, 0.032155, 0.032202, 0.032677, 0.032739, 0.033146, 0.033251, 0.033524, 0.033647, 0.033727, 0.034145, 0.034452, 0.034489, 0.034507, 0.034927, 0.035022, 0.035147, 0.035608, 0.035646, 0.035761, 0.035907, 0.036259, 0.036558, 0.036786, 0.036837, 0.036974, 0.037024, 0.037057, 0.037218, 0.037222, 0.037352, 0.037464, 0.037572, 0.037897, 0.037929, 0.038047, 0.038141, 0.038763, 0.038768, 0.038884, 0.039061, 0.039446, 0.039892, 0.039967, 0.040204, 0.040355, 0.04046, 0.040486, 0.040588, 0.040895, 0.040961, 0.041012, 0.041196, 0.041225, 0.041254, 0.0413, 0.041454, 0.041518, 0.041711, 0.041924, 0.042127, 0.042164, 0.04247, 0.042702, 0.042713, 0.042992, 0.043027, 0.043319, 0.043415, 0.04364, 0.043811, 0.043929, 0.043959, 0.044307, 0.044484, 0.044769, 0.044783, 0.044973, 0.04499, 0.045354, 0.045358, 0.045644, 0.045776, 0.045889, 0.045897, 0.04608, 0.046611, 0.047619, 0.047645, 0.047718, 0.048274, 0.048348, 0.048454, 0.048784, 0.049719, 0.049883, 0.049914, 0.050057, 0.050139, 0.050184, 0.050184, 0.050372, 0.050382, 0.050697, 0.050819, 0.051205, 0.051463, 0.051604, 0.051967, 0.052266, 0.052319, 0.052417, 0.052473, 0.052789, 0.053493, 0.053517, 0.053759, 0.05385, 0.053901, 0.054461, 0.054555, 0.054857, 0.054978, 0.055044, 0.055302, 0.055329, 0.055409, 0.055974, 0.056047, 0.05638, 0.056397, 0.056842, 0.057119, 0.057332, 0.058083, 0.058086, 0.058158, 0.058331, 0.058356, 0.058888, 0.059261, 0.059274, 0.059486, 0.059601, 0.060178, 0.060197, 0.060429, 0.060523, 0.060591, 0.06115, 0.061329, 0.06143, 0.061997, 0.062153, 0.062161, 0.062271, 0.062292, 0.062574, 0.062689, 0.063696, 0.063754, 0.06376, 0.063811, 0.063979, 0.064138, 0.064396, 0.064638, 0.064654, 0.064657, 0.064814, 0.065217, 0.065495, 0.06573, 0.066611, 0.066627, 0.066706, 0.067235, 0.067437, 0.067702, 0.067728, 0.06809, 0.0684, 0.068445, 0.068643, 0.068673, 0.06909, 0.069362, 0.069368, 0.069834, 0.069841, 0.069887, 0.070163, 0.070183, 0.070252, 0.070276, 0.070295, 0.070535, 0.070842, 0.070936, 0.07113, 0.071222, 0.071779, 0.071815, 0.07193, 0.071935, 0.072003, 0.072007, 0.072295, 0.072496, 0.072703, 0.072754, 0.072866, 0.073004, 0.073131, 0.073177, 0.073181, 0.073292, 0.073538, 0.073599, 0.073656, 0.073778, 0.073795, 0.073817, 0.073843, 0.074081, 0.0741, 0.074242, 0.074546, 0.074839, 0.074991, 0.075329, 0.075767, 0.076321, 0.076544, 0.076626, 0.076762, 0.077006, 0.077105, 0.077132, 0.077176, 0.077334, 0.077341, 0.077465, 0.077532, 0.07754, 0.077901, 0.078161, 0.078523, 0.078629, 0.078816, 0.079265, 0.079647, 0.079987, 0.08061, 0.080775, 0.081069, 0.081338, 0.081451, 0.081772, 0.081949, 0.082107, 0.083026, 0.083189, 0.083331, 0.083574, 0.083681, 0.083837, 0.084129, 0.084313, 0.084427, 0.084466, 0.08451, 0.084584, 0.084693, 0.084735, 0.084808, 0.0855, 0.085557, 0.08556, 0.085594, 0.085765, 0.085846, 0.08612, 0.086323, 0.087272, 0.087428, 0.087562, 0.087782, 0.087958, 0.087986, 0.088061, 0.088137, 0.088346, 0.088419, 0.08843, 0.089023, 0.08928, 0.089439, 0.089535, 0.090738, 0.091058, 0.091283, 0.091611, 0.092218, 0.092386, 0.092609, 0.09272, 0.09289, 0.092927, 0.093075, 0.093686, 0.093954, 0.094294, 0.094355, 0.094421, 0.09517, 0.095701, 0.09612, 0.096152, 0.096153, 0.096497, 0.096787, 0.097228, 0.097292, 0.097295, 0.097366, 0.097488, 0.097567, 0.098154, 0.098266, 0.098372, 0.098745, 0.098978, 0.099061, 0.099314, 0.099437, 0.099602, 0.099854, 0.100148, 0.101136, 0.101171, 0.101237, 0.101378, 0.10172, 0.101848, 0.102266, 0.102716, 0.103065, 0.103309, 0.103554, 0.104089, 0.104266, 0.104345, 0.104878, 0.105184, 0.105392, 0.105481, 0.105688, 0.105826, 0.105848, 0.106024, 0.106632, 0.107397, 0.107606, 0.107663, 0.107926, 0.108264, 0.108867, 0.109175, 0.109218, 0.109395, 0.109456, 0.109626, 0.109732, 0.110166, 0.110329, 0.110444, 0.110498, 0.110677, 0.110718, 0.11119, 0.111308, 0.11131, 0.111516, 0.111669, 0.111785, 0.112322, 0.112887, 0.112958, 0.11306, 0.113441, 0.113586, 0.113621, 0.113754, 0.113869, 0.113879, 0.114453, 0.114493, 0.11482, 0.114884, 0.115202, 0.115215, 0.11565, 0.117027, 0.117104, 0.117599, 0.117636, 0.117911, 0.117933, 0.118245, 0.118247, 0.118846, 0.119299, 0.119337, 0.119742, 0.119994, 0.120007, 0.120234, 0.120404, 0.120706, 0.120746, 0.120856, 0.120909, 0.120924, 0.120974, 0.121219, 0.12141, 0.121489, 0.121497, 0.121703, 0.122014, 0.122361, 0.122562, 0.122585, 0.122895, 0.122898, 0.122946, 0.123005, 0.123019, 0.123623, 0.123656, 0.123942, 0.12422, 0.12429, 0.124525, 0.125002, 0.125059, 0.125699, 0.125716, 0.126494, 0.127127, 0.127914, 0.128087, 0.12818, 0.128348, 0.128669, 0.128705, 0.129305, 0.129492, 0.129547, 0.12978, 0.130386, 0.130461, 0.130603, 0.131023, 0.131391, 0.131604, 0.131622, 0.131853, 0.132033, 0.132255, 0.132475, 0.132551, 0.133077, 0.133186, 0.133307, 0.134441, 0.134598, 0.134848, 0.135018, 0.135117, 0.13518, 0.135269, 0.135427, 0.136499, 0.136648, 0.137026, 0.137052, 0.137269, 0.137304, 0.137378, 0.138606, 0.13884, 0.138881, 0.139024, 0.139133, 0.139218, 0.139378, 0.139578, 0.139835, 0.14, 0.140188, 0.140965, 0.14119, 0.141359, 0.141395, 0.141491, 0.141963, 0.142069, 0.142369, 0.142402, 0.142412, 0.142688, 0.143127, 0.14338, 0.143802, 0.144125, 0.144267, 0.14468, 0.144726, 0.144827, 0.145664, 0.145962, 0.146217, 0.146661, 0.14696, 0.147115, 0.147166, 0.148072, 0.148126, 0.148847, 0.148914, 0.149586, 0.149849, 0.150472, 0.150649, 0.150943, 0.150985, 0.151425, 0.151476, 0.151554, 0.151634, 0.151748, 0.151779, 0.15232, 0.152826, 0.15284, 0.153019, 0.153075, 0.153153, 0.153341, 0.153576, 0.153753, 0.153759, 0.154275, 0.154315, 0.15445, 0.154522, 0.154567, 0.154784, 0.155399, 0.155576, 0.156062, 0.156149, 0.156288, 0.156386, 0.156998, 0.157228, 0.157289, 0.157399, 0.158365, 0.15918, 0.160103, 0.160544, 0.16124, 0.161911, 0.162197, 0.162213, 0.163365, 0.164204, 0.164281, 0.164282, 0.164388, 0.165186, 0.165674, 0.165833, 0.16609, 0.16624, 0.166301, 0.166751, 0.166766, 0.166966, 0.167058, 0.167117, 0.167124, 0.167415, 0.167523, 0.168072, 0.16808, 0.168938, 0.169123, 0.169354, 0.169369, 0.169492, 0.169506, 0.170714, 0.170827, 0.171182, 0.171237, 0.171789, 0.171889, 0.172267, 0.172635, 0.172719, 0.172912, 0.173634, 0.173642, 0.174061, 0.174161, 0.174603, 0.175462, 0.175944, 