{"sigma_r": 2.3939, "sigma_i": 0.684, "m": 12, "seed": 2888635294, "n_k": {"1": 3860, "2": 935, "3": 232, "4": 50, "5": 15, "6+": 1}, "dlogr": [7.2e-05, 0.000365, 0.000409, 0.000564, 0.000598, 0.000703, 0.00089, 0.000981, 0.001197, 0.001576, 0.0018, 0.001893, 0.001916, 0.002309, 0.002455, 0.0025, 0.002625, 0.002681, 0.002833, 0.003402, 0.003623, 0.003699, 0.003754, 0.003875, 0.003894, 0.004563, 0.004871, 0.004893, 0.00518, 0.005375, 0.005684, 0.00575, 0.006151, 0.006213, 0.00625, 0.006317, 0.00646, 0.006788, 0.006873, 0.007419, 0.007484, 0.00753, 0.008055, 0.008255, 0.008289, 0.008503, 0.00853, 0.008816, 0.008825, 0.008837, 0.00891, 0.008997, 0.009059, 0.009101, 0.009224, 0.009307, 0.009367, 0.00973, 0.009916, 0.009917, 0.010028, 0.01006, 0.010264, 0.010361, 0.010385, 0.010461, 0.010521, 0.010705, 0.010721, 0.010799, 0.010804, 0.010825, 0.010864, 0.011198, 0.011436, 0.011529, 0.011711, 0.011914, 0.012186, 0.012323, 0.012497, 0.012796, 0.012922, 0.01309, 0.013153, 0.013243, 0.013409, 0.013433, 0.013917, 0.014077, 0.014124, 0.014169, 0.014689, 0.01492, 0.015156, 0.015472, 0.015578, 0.01573, 0.015903, 0.01627, 0.016777, 0.016825, 0.017118, 0.017411, 0.017514, 0.017583, 0.017806, 0.017822, 0.017888, 0.017939, 0.018057, 0.018125, 0.018289, 0.018305, 0.01843, 0.019392, 0.019514, 0.019726, 0.020325, 0.020772, 0.020905, 0.021209, 0.021366, 0.021616, 0.021698, 0.021899, 0.021909, 0.022323, 0.022405, 0.022483, 0.022701, 0.022804, 0.023008, 0.023067, 0.023219, 0.023258, 0.023284, 0.023457, 0.023773, 0.024085, 0.024105, 0.024363, 0.02439, 0.024428, 0.024542, 0.025084, 0.026042, 0.02605, 0.02626, 0.026494, 0.026594, 0.026803, 0.026919, 0.027075, 0.027479, 0.02753, 0.027627, 0.027736, 0.027803, 0.02806, 0.028079, 0.028257, 0.028449, 0.028494, 0.028859, 0.028883, 0.029338, 0.029522, 0.029699, 0.029868, 0.030892, 0.030963, 0.031567, 0.03168, 0.031803, 0.03183, 0.0321, 0.032107, 0.032173, 0.032284, 0.032584, 0.032759, 0.032867, 0.03294, 0.033188, 0.033297, 0.033317, 0.033628, 0.034092, 0.034214, 0.034215, 0.034243, 0.034412, 0.034451, 0.034801, 0.035052, 0.03506, 0.035117, 0.035229, 0.035276, 0.035319, 0.035384, 0.035404, 0.03579, 0.036019, 0.036215, 0.03622, 0.036385, 0.036441, 0.036613, 0.03687, 0.037002, 0.037146, 0.037412, 0.037479, 0.037521, 0.037575, 0.037616, 0.037714, 0.03775, 0.037871, 0.038035, 0.038124, 0.038894, 0.039035, 0.039104, 0.039137, 0.039216, 0.039246, 0.039374, 0.039572, 0.039654, 0.03996, 0.03997, 0.040078, 0.040107, 0.040395, 0.04087, 0.040929, 0.04123, 0.041458, 0.041501, 0.041875, 0.042013, 0.042179, 0.04262, 0.042654, 0.042771, 0.042833, 0.043098, 0.043358, 0.043493, 0.043543, 0.043723, 0.0438, 0.04383, 0.043987, 0.04405, 0.044051, 0.044125, 0.04425, 0.044317, 0.045323, 0.045571, 0.045647, 0.045719, 0.045812, 0.045983, 0.046041, 0.046428, 0.046483, 0.046655, 0.046674, 0.046763, 0.046887, 0.046933, 0.047154, 0.047233, 0.047256, 0.047794, 0.047834, 0.048027, 0.048177, 0.048476, 0.049128, 0.049137, 0.049249, 0.049625, 0.049661, 0.049783, 0.049899, 0.049961, 0.050018, 0.050138, 0.05024, 0.050245, 0.050828, 0.050974, 0.051007, 0.051152, 0.051286, 0.051329, 0.051397, 0.051851, 0.052133, 0.052182, 0.052288, 0.052394, 0.052476, 0.053059, 0.053217, 0.053251, 0.053264, 0.053437, 0.053625, 0.053655, 0.053663, 0.054215, 0.055012, 0.055325, 0.055675, 0.056517, 0.056536, 0.05666, 0.056693, 0.056844, 0.057307, 0.057424, 0.057596, 0.057662, 0.057714, 0.057979, 0.058146, 0.058422, 0.05883, 0.059122, 0.059407, 0.059526, 0.059547, 0.059717, 0.059721, 0.060108, 0.060144, 0.060459, 0.060516, 0.06062, 0.061063, 0.062057, 0.062098, 0.062221, 0.062258, 0.062324, 0.062467, 0.062585, 0.062717, 0.062893, 0.062896, 0.06298, 0.063162, 0.063413, 0.063574, 0.06363, 0.063939, 0.064124, 0.064602, 0.064659, 0.065072, 0.06557, 0.065956, 0.066591, 0.066656, 0.066707, 0.067291, 0.067375, 0.067402, 0.067595, 0.067755, 0.068032, 0.068155, 0.068437, 0.068587, 0.068971, 0.069021, 0.0691, 0.069377, 0.069449, 0.06945, 0.069722, 0.069942, 0.070301, 0.070454, 0.070571, 0.070893, 0.070972, 0.071052, 0.071249, 0.071598, 0.071716, 0.071848, 0.072751, 0.072932, 0.073026, 0.073167, 0.073247, 0.073265, 0.073426, 0.073466, 0.073616, 0.073738, 0.073877, 0.074061, 0.074825, 0.075286, 0.075661, 0.075757, 0.076382, 0.076478, 0.076834, 0.076863, 0.077292, 0.077416, 0.077441, 0.077462, 0.07773, 0.077993, 0.078132, 0.078305, 0.078694, 0.078799, 0.079226, 0.079276, 0.079314, 0.079733, 0.079923, 0.080491, 0.08062, 0.08068, 0.080859, 0.080952, 0.081037, 0.081247, 0.081485, 0.081597, 0.081629, 0.0829, 0.083482, 0.083522, 0.084148, 0.084248, 0.084673, 0.084943, 0.085039, 0.085421, 0.085522, 0.085843, 0.08604, 0.086183, 0.086458, 0.086465, 0.08649, 0.086508, 0.087135, 0.087915, 0.088163, 0.088213, 0.088882, 0.088898, 0.088947, 0.089116, 0.089343, 0.089516, 0.089627, 0.089709, 0.089904, 0.089965, 0.090005, 0.090013, 0.090029, 0.090565, 0.090634, 0.090636, 0.091233, 0.091257, 0.091289, 0.091372, 0.091842, 0.09195, 0.091953, 0.092097, 0.092286, 0.09237, 0.092465, 0.092528, 0.092686, 0.092694, 0.09282, 0.092944, 0.093194, 0.09328, 0.093583, 0.093586, 0.09408, 0.094152, 0.094228, 0.094417, 0.094632, 0.095428, 0.095601, 0.095872, 0.096154, 0.09629, 0.096408, 0.097302, 0.097546, 0.097649, 0.097682, 0.098066, 0.098778, 0.098881, 0.098938, 0.099298, 0.099306, 0.099886, 0.09998, 0.100116, 0.100217, 0.100588, 0.100765, 0.100773, 0.101057, 0.10119, 0.10135, 0.101407, 0.101909, 0.10209, 0.102745, 0.102958, 0.103133, 0.103411, 0.103613, 0.103803, 0.104334, 0.104929, 0.105127, 0.105446, 0.105494, 0.105534, 0.105644, 0.106205, 0.106257, 0.106622, 0.106683, 0.106928, 0.107501, 0.107543, 0.10755, 0.108003, 0.108033, 0.108048, 0.108294, 0.108455, 0.108756, 0.109051, 0.109105, 0.109247, 0.109668, 0.109995, 0.110065, 0.110606, 0.11091, 0.11093, 0.111132, 0.11144, 0.111596, 0.11163, 0.1117, 0.111748, 0.111758, 0.112275, 0.112593, 0.112663, 0.112725, 0.1129, 0.113252, 0.113252, 0.113401, 0.113416, 0.113461, 0.113587, 0.113706, 0.114544, 0.114785, 0.114899, 0.115162, 0.115536, 0.115543, 0.115615, 0.11648, 0.116521, 0.116582, 0.117174, 0.117203, 0.117685, 0.117823, 0.117849, 0.118135, 0.118704, 0.11897, 0.119254, 0.119471, 0.11981, 0.120228, 0.12032, 0.120605, 0.120667, 0.120885, 0.121144, 0.121666, 0.121676, 0.121883, 0.122276, 0.122301, 0.122399, 0.122684, 0.122784, 0.123203, 0.123599, 0.123649, 0.123689, 0.123873, 0.12414, 0.12423, 0.124529, 0.125333, 0.125746, 0.126203, 0.126512, 0.126759, 0.126883, 0.127237, 0.127612, 0.127645, 0.127899, 0.127939, 0.128092, 0.128154, 0.128319, 0.128685, 0.128803, 0.12925, 0.129464, 0.129469, 0.129626, 0.129661, 0.129971, 0.130034, 0.130061, 0.130196, 0.130445, 0.130563, 0.130613, 0.130663, 0.131074, 0.131123, 0.131215, 0.131323, 0.131381, 0.131638, 0.13165, 0.131675, 0.131849, 0.131989, 0.132328, 0.133124, 0.133297, 0.133537, 0.133567, 0.133788, 0.133849, 0.13467, 0.134898, 0.135185, 0.135395, 0.135556, 0.135951, 0.136344, 0.136825, 0.136866, 0.136875, 0.137241, 0.137615, 0.137739, 0.137793, 0.138017, 0.138095, 0.138144, 0.138315, 0.138354, 0.138546, 0.138749, 0.138777, 0.138864, 0.138984, 0.139145, 0.139191, 0.139373, 0.139679, 0.139894, 0.14001, 0.140026, 0.140427, 0.140565, 0.140946, 0.141061, 0.141126, 0.141259, 0.141399, 0.141638, 0.141683, 0.141734, 0.141866, 0.141927, 0.141993, 0.142012, 0.142506, 0.142641, 0.14278, 0.142781, 0.142899, 0.143255, 0.143481, 0.143601, 0.143916, 0.143924, 0.144058, 0.144479, 0.144774, 0.144796, 0.14503, 0.145038, 0.145558, 0.145645, 0.1457, 0.145751, 0.14591, 0.146039, 0.146538, 0.146691, 0.146718, 0.146724, 0.147085, 0.147162, 0.147624, 0.147757, 0.147988, 0.148046, 0.148411, 0.148463, 0.149002, 0.149307, 0.149355, 0.149449, 0.149577, 0.15022, 0.151077, 0.151098, 0.151237, 0.151494, 0.1515, 0.151975, 0.151976, 0.152015, 0.15238, 0.152555, 0.152744, 0.152774, 0.152902, 0.153317, 0.153461, 0.153468, 0.153915, 0.154069, 0.154564, 0.154998, 0.155525, 0.155571, 0.155805, 0.155956, 0.156012, 0.156202, 0.156747, 0.156906, 0.156993, 0.15703, 0.157143, 