{"sigma_r": 3.0, "sigma_i": 2.3392, "m": 0, "seed": 3595710694, "n_k": {"1": 4484, "2": 900, "3": 155, "4": 19, "5": 2, "6+": 0}, "dlogr": [0.000137, 0.000852, 0.001115, 0.001559, 0.001677, 0.001928, 0.002411, 0.002623, 0.002773, 0.002863, 0.002866, 0.003286, 0.003348, 0.003771, 0.003849, 0.003939, 0.004057, 0.004115, 0.004131, 0.004214, 0.004348, 0.005094, 0.005117, 0.005228, 0.005248, 0.005261, 0.005523, 0.005767, 0.005805, 0.006733, 0.00685, 0.006935, 0.007217, 0.007374, 0.007794, 0.007867, 0.008042, 0.008044, 0.008101, 0.008307, 0.008453, 0.008545, 0.008663, 0.008892, 0.009171, 0.009238, 0.009451, 0.010103, 0.01043, 0.010558, 0.010577, 0.010961, 0.011078, 0.011506, 0.011716, 0.011846, 0.011864, 0.011898, 0.011908, 0.01252, 0.012624, 0.012716, 0.012943, 0.013018, 0.013424, 0.013625, 0.013678, 0.013737, 0.013744, 0.014159, 0.01447, 0.014803, 0.014965, 0.015404, 0.015449, 0.01587, 0.016063, 0.016549, 0.017971, 0.018111, 0.018116, 0.018207, 0.018372, 0.0184, 0.01843, 0.019424, 0.019604, 0.019604, 0.019923, 0.020031, 0.020266, 0.020771, 0.020845, 0.020856, 0.020913, 0.021117, 0.021481, 0.021637, 0.022022, 0.022131, 0.022168, 0.022289, 0.022737, 0.022811, 0.022812, 0.023057, 0.023212, 0.023327, 0.023573, 0.024078, 0.02412, 0.024149, 0.024477, 0.024657, 0.024829, 0.024866, 0.025199, 0.025258, 0.025434, 0.025505, 0.025837, 0.026257, 0.026697, 0.026785, 0.026976, 0.027255, 0.027257, 0.027665, 0.028039, 0.028162, 0.028852, 0.028901, 0.029522, 0.029644, 0.030102, 0.030546, 0.030666, 0.030915, 0.030944, 0.031003, 0.031152, 0.03146, 0.031588, 0.031843, 0.032303, 0.033094, 0.033096, 0.033174, 0.033918, 0.03405, 0.034382, 0.034403, 0.034422, 0.034522, 0.035332, 0.035971, 0.036278, 0.036567, 0.036913, 0.037239, 0.037308, 0.037354, 0.037432, 0.037636, 0.037913, 0.038339, 0.039457, 0.039482, 0.039564, 0.039804, 0.03983, 0.039912, 0.039994, 0.040562, 0.040641, 0.040774, 0.040885, 0.041421, 0.042347, 0.042382, 0.042558, 0.042731, 0.043307, 0.043718, 0.043823, 0.043837, 0.043915, 0.044902, 0.04516, 0.045189, 0.045219, 0.045234, 0.045306, 0.04618, 0.046814, 0.047216, 0.047526, 0.04766, 0.048358, 0.048397, 0.048513, 0.048742, 0.048776, 0.048898, 0.050964, 0.051116, 0.051263, 0.051317, 0.051348, 0.051471, 0.052015, 0.052177, 0.05248, 0.052669, 0.052731, 0.052818, 0.053379, 0.053472, 0.054189, 0.054252, 0.055427, 0.05557, 0.055593, 0.055737, 0.055935, 0.056149, 0.056403, 0.056782, 0.056997, 0.057517, 0.057587, 0.057589, 0.057961, 0.05835, 0.058467, 0.058477, 0.05866, 0.059081, 0.059758, 0.059826, 0.060047, 0.060094, 0.060195, 0.060254, 0.060489, 0.060891, 0.061787, 0.062408, 0.062624, 0.062642, 0.063747, 0.063752, 0.063975, 0.064295, 0.064402, 0.064463, 0.064547, 0.064859, 0.064984, 0.065295, 0.065689, 0.065851, 0.065948, 0.065955, 0.066102, 0.066583, 0.066955, 0.066969, 0.06718, 0.067227, 0.067263, 0.067295, 0.067483, 0.067668, 0.068437, 0.068823, 0.068894, 0.068991, 0.069128, 0.069364, 0.069679, 0.069715, 0.069964, 0.070288, 0.070587, 0.070798, 0.070871, 0.071046, 0.071194, 0.071797, 0.071965, 0.072755, 0.073009, 0.0731, 0.073173, 0.073197, 0.073275, 0.07332, 0.073662, 0.074239, 0.074981, 0.075023, 0.075257, 0.075362, 0.075546, 0.076146, 0.076284, 0.076426, 0.076442, 0.076568, 0.076739, 0.077438, 0.077664, 0.077918, 0.078011, 0.078419, 0.078691, 0.079349, 0.07969, 0.079841, 0.080847, 0.080881, 0.081238, 0.081353, 0.081574, 0.08172, 0.081932, 0.08239, 0.082713, 0.083022, 0.083184, 0.083288, 0.083317, 0.084204, 0.084753, 0.084912, 0.085054, 0.085159, 0.085164, 0.085283, 0.085341, 0.08565, 0.086014, 0.086102, 0.086311, 0.086551, 0.086678, 0.087029, 0.087068, 0.087201, 0.087759, 0.087762, 0.088295, 0.088422, 0.088629, 0.088678, 0.088863, 0.089005, 0.089228, 0.089433, 0.089659, 0.089785, 0.090123, 0.09035, 0.090742, 0.091231, 0.091541, 0.091541, 0.092038, 0.092105, 0.092175, 0.092436, 0.092832, 0.092885, 0.093028, 0.0935, 0.093552, 0.093918, 0.093955, 0.094243, 0.094679, 0.094895, 0.094906, 0.095064, 0.095256, 0.095273, 0.09557, 0.095579, 0.095605, 0.095698, 0.096205, 0.09662, 0.096857, 0.097158, 0.097628, 0.097779, 0.098287, 0.098539, 0.098611, 0.098766, 0.099275, 0.099487, 0.100011, 0.100271, 0.100434, 0.100662, 0.100788, 0.100954, 0.101074, 0.101295, 0.101551, 0.101711, 0.101899, 0.10191, 0.101931, 0.102171, 0.102379, 0.102508, 0.102934, 0.103012, 0.10365, 0.10369, 0.103921, 0.10396, 0.104183, 0.104379, 0.10455, 0.10471, 0.104788, 0.105173, 0.105211, 0.105338, 0.106074, 0.106187, 0.106526, 0.106742, 0.106752, 0.107079, 0.107565, 0.107671, 0.107754, 0.107874, 0.107962, 0.107988, 0.108184, 0.108246, 0.109406, 0.109485, 0.109539, 0.109978, 0.109995, 0.110051, 0.110112, 0.11018, 0.11032, 0.110348, 0.110479, 0.110538, 0.110715, 0.110883, 0.111168, 0.111774, 0.11186, 0.111937, 0.112155, 0.112204, 0.112517, 0.112586, 0.112957, 0.11312, 0.113275, 0.113733, 0.114003, 0.114521, 0.114596, 0.114719, 0.115177, 0.116624, 0.117061, 0.11727, 0.117619, 0.118405, 0.118817, 0.119054, 0.11943, 0.11984, 0.120029, 0.120066, 0.12024, 0.120331, 0.120417, 0.120748, 0.120965, 0.121713, 0.121792, 0.122438, 0.12244, 0.12279, 0.122859, 0.122945, 0.123181, 0.123226, 0.123643, 0.123986, 0.124178, 0.124254, 0.124421, 0.124621, 0.125217, 0.125505, 0.125648, 0.126134, 0.126379, 0.126511, 0.126544, 0.126913, 0.127228, 0.127403, 0.127572, 0.127685, 0.127718, 0.128601, 0.129439, 0.129697, 0.129876, 0.130187, 0.130477, 0.130658, 0.131009, 0.132829, 0.132866, 0.133306, 0.133507, 0.133512, 0.133569, 0.134892, 0.134943, 0.135045, 0.135267, 0.135997, 0.136173, 0.136193, 0.136812, 0.136949, 0.13717, 0.137657, 0.138542, 0.138549, 0.138552, 0.138708, 0.138812, 0.138865, 0.138967, 0.139464, 0.139637, 0.139723, 0.139757, 0.140324, 0.14048, 0.140784, 0.140967, 0.141416, 0.141623, 0.141856, 0.141942, 0.142134, 0.142358, 0.142434, 0.142807, 0.143372, 0.143753, 0.14391, 0.144513, 0.144819, 0.144867, 0.144892, 0.145121, 0.145268, 0.145658, 0.145795, 0.146009, 0.146433, 0.146563, 0.146693, 0.147502, 0.147897, 0.148098, 0.148353, 0.148837, 0.149229, 0.149532, 0.149553, 0.149623, 0.151293, 0.151583, 0.151659, 0.151946, 0.152147, 0.153125, 0.153378, 0.153802, 0.15415, 0.154742, 0.154777, 0.154986, 0.155204, 0.155515, 0.155641, 0.155854, 0.155855, 0.156039, 0.156141, 0.156148, 0.157167, 0.157609, 0.158009, 0.158247, 0.15854, 0.158896, 0.159046, 0.159252, 0.159308, 0.159817, 0.160087, 0.160411, 0.161391, 0.161504, 0.161594, 0.161649, 0.162404, 0.162646, 0.16269, 0.162695, 0.1628, 0.162976, 0.163168, 0.163553, 0.163738, 0.164333, 0.164434, 0.165061, 0.165369, 0.166476, 0.166503, 0.167248, 0.167354, 0.168188, 0.168581, 0.168653, 0.169189, 0.169321, 0.169543, 0.169659, 0.16973, 0.170733, 0.171416, 0.171608, 0.172173, 0.172729, 0.173198, 0.173367, 0.173394, 0.173599, 0.173846, 0.174015, 0.17407, 0.174076, 0.174145, 0.174453, 0.175139, 0.175148, 0.175328, 0.175919, 0.176384, 0.176647, 0.177026, 0.177166, 0.177481, 0.177827, 0.177892, 0.178073, 0.178075, 0.178178, 0.178723, 0.179366, 0.179936, 0.180092, 0.180672, 0.180739, 0.181729, 0.181991, 0.183069, 0.183501, 0.184715, 0.185175, 0.185572, 0.185596, 0.185688, 0.185823, 0.187214, 0.188516, 0.188758, 0.189143, 0.18955, 0.189604, 0.19014, 0.19038, 0.192461, 0.193611, 0.193823, 0.194812, 0.195044, 0.195093, 0.196018, 0.196176, 0.19662, 0.196714, 0.197004, 0.197667, 0.198526, 0.198861, 0.199296, 0.199449, 0.199552, 0.199673, 0.199685, 0.199996, 0.200015, 0.200178, 0.20059, 0.200631, 0.200997, 0.201235, 0.201971, 0.202304, 0.204255, 0.204466, 0.205958, 0.206791, 0.207518, 0.207551, 0.208084, 0.208415, 0.209427, 0.209789, 0.209896, 0.210002, 0.21034, 0.210439, 0.210743, 0.212442, 0.212685, 0.212897, 0.212994, 0.213022, 0.213062, 0.213389, 0.213538, 0.21417, 0.214557, 0.21553, 0.215589, 0.216176, 0.217087, 0.217205, 0.21725, 0.217302, 0.218386, 0.218651, 0.219048, 0.219397, 0.22063, 0.220661, 0.220982, 0.221258, 0.221371, 0.221848, 0.221897, 0.22233, 0.222776, 0.223119, 0.22318, 0.223769, 0.224782, 0.224992, 0.225146, 0.225929, 0.226924, 0.227049, 0.227209, 0.227468, 0.227691, 0.228337, 