{"sigma_r": 0.32, "sigma_i": 7.9, "m": 0, "seed": 3252919732, "n_k": {"1": 5494, "2": 513, "3": 37, "4": 2, "5": 0, "6+": 0}, "dlogr": [0.0, 0.000206, 0.000562, 0.000614, 0.000711, 0.000788, 0.000902, 0.001245, 0.001468, 0.00162, 0.001688, 0.001939, 0.002027, 0.002215, 0.002411, 0.002798, 0.003225, 0.003275, 0.003337, 0.003536, 0.003572, 0.003577, 0.003863, 0.003884, 0.004001, 0.004158, 0.004221, 0.0044, 0.004582, 0.004642, 0.004811, 0.005009, 0.00509, 0.00534, 0.006264, 0.006377, 0.006462, 0.006868, 0.006878, 0.007013, 0.007311, 0.007514, 0.007967, 0.00797, 0.007999, 0.008083, 0.008098, 0.008431, 0.008469, 0.008494, 0.008813, 0.008873, 0.009022, 0.009077, 0.009411, 0.00957, 0.009782, 0.00984, 0.010525, 0.011323, 0.011414, 0.011507, 0.011715, 0.011718, 0.011817, 0.01188, 0.011969, 0.012196, 0.012335, 0.012365, 0.012715, 0.013399, 0.013435, 0.014165, 0.014263, 0.01427, 0.01428, 0.014457, 0.014921, 0.01555, 0.015565, 0.015571, 0.015868, 0.016182, 0.016346, 0.016427, 0.016509, 0.016633, 0.016785, 0.016948, 0.017479, 0.017877, 0.018271, 0.018376, 0.018523, 0.018799, 0.01973, 0.020316, 0.020693, 0.020738, 0.020851, 0.021041, 0.02108, 0.0211, 0.021497, 0.021567, 0.021587, 0.02175, 0.02215, 0.022217, 0.022299, 0.022589, 0.022631, 0.023061, 0.023183, 0.023284, 0.023436, 0.023448, 0.023637, 0.023756, 0.023926, 0.02393, 0.024159, 0.024434, 0.024514, 0.02453, 0.024579, 0.024773, 0.024818, 0.024961, 0.025053, 0.025241, 0.025324, 0.025341, 0.025574, 0.026202, 0.026394, 0.026803, 0.026894, 0.027188, 0.027197, 0.027494, 0.027535, 0.027548, 0.028019, 0.028109, 0.028354, 0.028918, 0.028929, 0.028995, 0.02914, 0.029228, 0.02928, 0.029533, 0.029753, 0.030011, 0.030029, 0.030298, 0.030933, 0.030979, 0.031033, 0.031259, 0.031335, 0.031394, 0.031401, 0.03147, 0.031778, 0.031848, 0.032, 0.032024, 0.032198, 0.032806, 0.032851, 0.032857, 0.033291, 0.033558, 0.033602, 0.033802, 0.033935, 0.034168, 0.034181, 0.034209, 0.03456, 0.034576, 0.034721, 0.0349, 0.035096, 0.035295, 0.03554, 0.035589, 0.035786, 0.035999, 0.036261, 0.03637, 0.036473, 0.036664, 0.037607, 0.037706, 0.037793, 0.037968, 0.038128, 0.038153, 0.038202, 0.038746, 0.03943, 0.039471, 0.040244, 0.040689, 0.040999, 0.041121, 0.041258, 0.041834, 0.042422, 0.042705, 0.043043, 0.043297, 0.043928, 0.044142, 0.044412, 0.044623, 0.044752, 0.044884, 0.045174, 0.045374, 0.045975, 0.046205, 0.047397, 0.04795, 0.048104, 0.048157, 0.048262, 0.048539, 0.048934, 0.049031, 0.049125, 0.04914, 0.049329, 0.049616, 0.049742, 0.04984, 0.050484, 0.050538, 0.050819, 0.050947, 0.050953, 0.051334, 0.051361, 0.051413, 0.051837, 0.052102, 0.052405, 0.052703, 0.052814, 0.053269, 0.053305, 0.053464, 0.053602, 0.053636, 0.05386, 0.054521, 0.054608, 0.054667, 0.054685, 0.054763, 0.055313, 0.055654, 0.05577, 0.056436, 0.056622, 0.057009, 0.057553, 0.057898, 0.05801, 0.058105, 0.058375, 0.058482, 0.059422, 0.059758, 0.060028, 0.060464, 0.060508, 0.062086, 0.062188, 0.063757, 0.063917, 0.064355, 0.064455, 0.064956, 0.066637, 0.06682, 0.067064, 0.067269, 0.067404, 0.068374, 0.068424, 0.068577, 0.068987, 0.069497, 0.069517, 0.069726, 0.069918, 0.070248, 0.07051, 0.070748, 0.071398, 0.071493, 0.072305, 0.072516, 0.072733, 0.072794, 0.072982, 0.073349, 0.073716, 0.073797, 0.073829, 0.073893, 0.07439, 0.074657, 0.074674, 0.074856, 0.076281, 0.076813, 0.077551, 0.077919, 0.078094, 0.078206, 0.078281, 0.078466, 0.079186, 0.079551, 0.080105, 0.080216, 0.080262, 0.080437, 0.080614, 0.080682, 0.081049, 0.081061, 0.081353, 0.081405, 0.081515, 0.081932, 0.082029, 0.082327, 0.082559, 0.082623, 0.082876, 0.082987, 0.083125, 0.08313, 0.083191, 0.08512, 0.085615, 0.085855, 0.086234, 0.086343, 0.086402, 0.086409, 0.086683, 0.086786, 0.087091, 0.087175, 0.087778, 0.08789, 0.089107, 0.089138, 0.089167, 0.089421, 0.089665, 0.090169, 0.090461, 0.090469, 0.090656, 0.090802, 0.091591, 0.091714, 0.092124, 0.093159, 0.093163, 0.093397, 0.093417, 0.093642, 0.09442, 0.094511, 0.094547, 0.094599, 0.095087, 0.095172, 0.095224, 0.095251, 0.09602, 0.096081, 0.096449, 0.096469, 0.097468, 0.098635, 0.100133, 0.100364, 0.100814, 0.101345, 0.101365, 0.102136, 0.102153, 0.102849, 0.103189, 0.104318, 0.104465, 0.104478, 0.104986, 0.10559, 0.105668, 0.105905, 0.106596, 0.107475, 0.107772, 0.10798, 0.108344, 0.108395, 0.108987, 0.109498, 0.109552, 0.109653, 0.109808, 0.110659, 0.110771, 0.111112, 0.111442, 0.11238, 0.112972, 0.113244, 0.113676, 0.114808, 0.114985, 0.115826, 0.116633, 0.117339, 0.117359, 0.118101, 0.118474, 0.118507, 0.119621, 0.119912, 0.120331, 0.121029, 0.121071, 0.121396, 0.121692, 0.122092, 0.124175, 0.124353, 0.125098, 0.125362, 0.126714, 0.127279, 0.128517, 0.128632, 0.128941, 0.129767, 0.129983, 0.130582, 0.130896, 0.130896, 0.131198, 0.131675, 0.134474, 0.134961, 0.135147, 0.135972, 0.136588, 0.136725, 0.13673, 0.136968, 0.137765, 0.137808, 0.139741, 0.140664, 0.143949, 0.145152, 0.145942, 0.147356, 0.14794, 0.148536, 0.150344, 0.150354, 0.150957, 0.153492, 0.1598, 0.160076, 0.161071, 0.161219, 0.161352, 0.161858, 0.165333, 0.170586, 0.171759, 0.172226, 0.175353, 0.175947, 0.181916, 0.185385, 0.189652, 0.192084, 0.192382, 0.197667, 0.200839, 0.203746, 0.211768, 0.21652, 0.217696, 0.220111, 0.233092, 0.233673, 0.234632, 0.365936, 0.434964, 0.464497, 0.48138, 0.49236, 0.516121, 0.517227, 0.52387, 0.526245, 0.530891, 0.547, 0.55166, 0.558043, 0.560241, 0.563026, 0.563868, 0.563961, 0.567526, 0.56983, 0.587375, 0.598822, 0.611871, 0.613765, 0.613958, 0.615668, 0.618781, 0.626054, 0.627089, 0.628105, 0.628605, 0.635315, 0.641689, 0.645249, 0.649553, 0.649921, 0.658998, 0.663802, 0.668748, 0.672654, 0.676217, 0.685136, 0.707591, 0.710813, 0.711837, 0.728031, 0.744655, 0.746345, 0.747005, 0.754018, 0.754061, 0.759712, 0.763058, 0.769903, 0.792454, 0.807148, 0.816377, 0.817302, 0.824612, 0.863149, 0.863904, 0.864911, 0.880338, 0.885688, 0.903032, 0.911472, 0.916583, 0.918053, 0.95002, 0.960858, 0.972483, 0.981446, 0.986632, 0.988797, 0.993578, 1.012106, 1.018692, 1.023954, 1.026269, 1.037317, 1.086401], "monotonicity": -0.24358974358974358, "n_systems": 6046, "n_planets": 6639, "n_targets": 137493}