{"sigma_r": 0.7746, "sigma_i": 0.5349, "m": 1, "seed": 81985249, "n_k": {"1": 3703, "2": 962, "3": 270, "4": 73, "5": 16, "6+": 3}, "dlogr": [0.0, 0.000372, 0.000536, 0.000645, 0.00065, 0.000662, 0.000751, 0.000769, 0.000923, 0.001048, 0.00117, 0.001293, 0.00137, 0.001539, 0.001609, 0.001694, 0.00192, 0.001998, 0.002146, 0.002255, 0.002258, 0.002267, 0.00237, 0.002392, 0.002434, 0.002468, 0.002515, 0.002651, 0.00279, 0.002797, 0.002801, 0.002811, 0.002961, 0.00305, 0.003183, 0.003193, 0.003267, 0.0033, 0.003374, 0.003444, 0.003827, 0.00386, 0.003882, 0.003888, 0.004013, 0.004108, 0.004199, 0.004212, 0.004232, 0.004248, 0.004314, 0.004501, 0.004705, 0.004764, 0.005057, 0.005299, 0.005348, 0.005464, 0.005711, 0.005742, 0.005814, 0.005819, 0.005933, 0.005975, 0.006022, 0.006064, 0.006171, 0.006191, 0.006556, 0.00659, 0.006649, 0.00665, 0.006719, 0.006773, 0.006817, 0.006916, 0.006998, 0.007786, 0.007804, 0.008025, 0.008054, 0.008578, 0.008799, 0.008841, 0.009384, 0.009615, 0.00964, 0.009745, 0.009793, 0.00982, 0.009826, 0.009885, 0.009956, 0.009992, 0.010207, 0.010235, 0.010316, 0.010321, 0.010514, 0.010616, 0.010937, 0.010999, 0.011046, 0.011281, 0.011631, 0.011854, 0.01204, 0.012477, 0.012583, 0.012743, 0.012903, 0.013058, 0.013199, 0.013258, 0.013308, 0.013325, 0.013901, 0.013921, 0.01399, 0.014187, 0.014251, 0.014326, 0.014619, 0.014685, 0.014851, 0.014915, 0.015043, 0.015156, 0.015254, 0.01537, 0.015478, 0.015616, 0.01585, 0.015935, 0.016257, 0.016296, 0.016415, 0.016843, 0.01692, 0.017237, 0.017323, 0.017378, 0.017397, 0.017397, 0.017522, 0.017675, 0.017758, 0.017794, 0.01805, 0.018241, 0.018284, 0.01844, 0.018737, 0.018778, 0.018863, 0.018975, 0.019057, 0.019396, 0.019635, 0.019814, 0.019868, 0.019893, 0.019898, 0.019908, 0.019922, 0.019998, 0.020163, 0.020278, 0.020316, 0.020385, 0.020725, 0.02073, 0.020771, 0.02084, 0.020895, 0.021128, 0.021133, 0.021167, 0.021385, 0.021578, 0.02158, 0.021623, 0.021647, 0.02173, 0.021956, 0.022154, 0.022327, 0.022447, 0.022462, 0.022696, 0.022815, 0.022943, 0.022979, 0.023146, 0.023527, 0.023528, 0.024093, 0.024126, 0.024325, 0.024333, 0.024335, 0.024455, 0.024687, 0.024725, 0.024728, 0.024738, 0.024754, 0.024927, 0.025028, 0.025079, 0.025115, 0.025225, 0.025569, 0.025654, 0.02576, 0.026, 0.026287, 0.026293, 0.026581, 0.026587, 0.026683, 0.026987, 0.027165, 0.027249, 0.028019, 0.028189, 0.028203, 0.028315, 0.028353, 0.028437, 0.028451, 0.028638, 0.028656, 0.028696, 0.028726, 0.029077, 0.029114, 0.02921, 0.02926, 0.029378, 0.029382, 0.029404, 0.029442, 0.029548, 0.029674, 0.02975, 0.029805, 0.029878, 0.029929, 0.030061, 0.030147, 0.030162, 0.030315, 0.030395, 0.030456, 0.030795, 0.030797, 0.030887, 0.031057, 0.031124, 0.031141, 0.03118, 0.031277, 0.031351, 0.031524, 0.031757, 0.03177, 0.031952, 0.032092, 0.032117, 0.032155, 0.032169, 0.032354, 0.032598, 0.032618, 0.032784, 0.032839, 0.032962, 0.033042, 0.03312, 0.033128, 0.033141, 0.033141, 0.03332, 0.033327, 0.033374, 0.033437, 0.033485, 0.033593, 0.033636, 0.0339, 0.034055, 0.034091, 0.034193, 0.034248, 0.034252, 0.034335, 0.03437, 0.034651, 0.034783, 0.034809, 0.034831, 0.034849, 0.034863, 0.034983, 0.035092, 0.035209, 0.035211, 0.035357, 0.03544, 0.03602, 0.036023, 0.036077, 0.036088, 0.036208, 0.036259, 0.036301, 0.036319, 0.036379, 0.036518, 0.036794, 0.036809, 0.036859, 0.036961, 0.03701, 0.037092, 0.037192, 0.037347, 0.037389, 0.037475, 0.03769, 0.0377, 0.037984, 0.038179, 0.038308, 0.038359, 0.038466, 0.03857, 0.038669, 0.038728, 0.038763, 0.038764, 0.038785, 0.038926, 0.038954, 0.039009, 0.039046, 0.039302, 0.039378, 0.039426, 0.039781, 0.039933, 0.040052, 0.040336, 0.040421, 0.040473, 0.040728, 0.040729, 0.040853, 0.040988, 0.041024, 0.041092, 0.041116, 0.041384, 0.041442, 0.04148, 0.041526, 0.041527, 0.041832, 0.041859, 0.041912, 0.041978, 0.042004, 0.042028, 0.042044, 0.042224, 0.042389, 0.042595, 0.042669, 0.04279, 0.042852, 0.042897, 0.043123, 0.043126, 0.043276, 0.043289, 0.043357, 0.043442, 0.04368, 0.043804, 0.043946, 0.04401, 0.044051, 0.044265, 0.044494, 0.04457, 0.044584, 0.044749, 0.044837, 0.0451, 0.04513, 0.04515, 0.045218, 0.045261, 0.045366, 0.045397, 0.045397, 0.045462, 0.045502, 0.045591, 0.045725, 0.045961, 0.045968, 0.046163, 0.046318, 0.046337, 0.046451, 0.046484, 0.047276, 0.047295, 0.047364, 0.047381, 0.047402, 0.047515, 0.047683, 0.047727, 0.04789, 0.047905, 0.048035, 0.048069, 0.048094, 0.048353, 0.048399, 0.04842, 0.048436, 0.048701, 0.04875, 0.048881, 0.04894, 0.049079, 0.049088, 0.049326, 0.04946, 0.049541, 0.049576, 0.049576, 0.049664, 0.04971, 0.049748, 0.049776, 0.049818, 0.050204, 0.050244, 0.050299, 0.050428, 0.050429, 0.050453, 0.050459, 0.050462, 0.050469, 0.050563, 0.05068, 0.050684, 0.050702, 0.050765, 0.050862, 0.050949, 0.051074, 0.05114, 0.051215, 0.05122, 0.051381, 0.051647, 0.051935, 0.051974, 0.051979, 0.052075, 0.052178, 0.052267, 0.05257, 0.052598, 0.052866, 0.053022, 0.053136, 0.053312, 0.053491, 0.053501, 0.053937, 0.054016, 0.05415, 0.054627, 0.054906, 0.054907, 0.054913, 0.055033, 0.055307, 0.05542, 0.055448, 0.055671, 0.055753, 0.055957, 0.055993, 0.056385, 0.056439, 0.056641, 0.056693, 0.056808, 0.056849, 0.057039, 0.057099, 0.057227, 0.057299, 0.057438, 0.057509, 0.057782, 0.057796, 0.057908, 0.057933, 0.05819, 0.058346, 0.058393, 0.058821, 0.058828, 0.058881, 0.058888, 0.059268, 0.059814, 0.059974, 0.060493, 0.060495, 0.060553, 0.060771, 0.061183, 0.061206, 0.061297, 0.06138, 0.061411, 0.061629, 0.061635, 0.061703, 0.061824, 0.062174, 0.06222, 0.062224, 0.06229, 0.062369, 0.062546, 0.062557, 0.062576, 0.062719, 0.062984, 0.063018, 0.063127, 0.063204, 0.063245, 0.063378, 0.06339, 0.063552, 0.063571, 0.063708, 0.063785, 0.064034, 0.064104, 0.064347, 0.064352, 0.064413, 0.06453, 0.064533, 0.064622, 0.064853, 0.064903, 0.065075, 0.065152, 0.065173, 0.06518, 0.065327, 0.06542, 0.065461, 0.0655, 0.065596, 0.065668, 0.065708, 0.065888, 0.066044, 0.066045, 0.066225, 0.066229, 0.066425, 0.066671, 0.067083, 0.067156, 0.067237, 0.067277, 0.067386, 0.067491, 0.067561, 0.067737, 0.067748, 0.067965, 0.068029, 0.068086, 0.068293, 0.068419, 0.068435, 0.06848, 0.06853, 0.069039, 0.069063, 0.069065, 0.069165, 0.069244, 0.069373, 0.069416, 0.069445, 0.069931, 0.069938, 0.069977, 0.070159, 0.070578, 0.070634, 0.070809, 0.070832, 0.071263, 0.071286, 0.071523, 0.071688, 0.071731, 0.07193, 0.072121, 0.072276, 0.072533, 0.072542, 0.072575, 0.072857, 0.073031, 0.073038, 0.073134, 0.073604, 0.073663, 0.073734, 0.073801, 0.073983, 0.073991, 0.074161, 0.07417, 0.074221, 0.074241, 0.074338, 0.074341, 0.074438, 0.074442, 0.074667, 0.074797, 0.074832, 0.07502, 0.075201, 0.075312, 0.075349, 0.075739, 0.075766, 0.075768, 0.075856, 0.075957, 0.076076, 0.076127, 0.076224, 0.076457, 0.076533, 0.076599, 0.076838, 0.076999, 0.077139, 0.07723, 0.077245, 0.077366, 0.077418, 0.077654, 0.07778, 0.077788, 0.077805, 0.077905, 0.078027, 0.078502, 0.078545, 0.078799, 0.079013, 0.079375, 0.079652, 0.079714, 0.079777, 0.079822, 0.079959, 0.080096, 0.080328, 0.080507, 0.080778, 0.080921, 0.080955, 0.081122, 0.081402, 0.081488, 0.08149, 0.08152, 0.081534, 0.082115, 0.082492, 0.082552, 0.082597, 0.082768, 0.082946, 0.083034, 0.083134, 0.083258, 0.083289, 0.083356, 0.083438, 0.08348, 0.083483, 0.083563, 0.084032, 0.084085, 0.084158, 0.08449, 0.084534, 0.084566, 0.084751, 0.084808, 0.085183, 0.08537, 0.085437, 0.085446, 0.085476, 0.08578, 0.08579, 0.085831, 0.086055, 0.086201, 0.086402, 0.086915, 0.087312, 0.087479, 0.087928, 0.088175, 0.088551, 0.088617, 0.088665, 0.08879, 0.089373, 0.089446, 0.090068, 0.090184, 0.090312, 0.090611, 0.090622, 0.090685, 0.090882, 0.091273, 0.09131, 0.091354, 0.091386, 0.091619, 0.091637, 0.09166, 0.091854, 0.091936, 0.0921, 0.092313, 0.092521, 0.092595, 0.092747, 0.092749, 0.093136, 0.093231, 0.093558, 0.093632, 0.09373, 0.093968, 0.093971, 0.09399, 0.094024, 0.094223, 0.09434, 0.094437, 0.094624, 0.094778, 0.095036, 0.095586, 0.095709, 0.095876, 0.096167, 0.096358, 0.096394, 0.096587, 0.096654, 0.096923, 0.096979, 