{"sigma_r": 2.0, "sigma_i": 13.7, "m": 2, "seed": 3987131112, "n_k": {"1": 6087, "2": 338, "3": 18, "4": 1, "5": 0, "6+": 0}, "dlogr": [0.000242, 0.000826, 0.001436, 0.002564, 0.003579, 0.003963, 0.004026, 0.004487, 0.007427, 0.009101, 0.010457, 0.011443, 0.011943, 0.013757, 0.014701, 0.015771, 0.01642, 0.019343, 0.020787, 0.023596, 0.024459, 0.024769, 0.025217, 0.025331, 0.025336, 0.025405, 0.026658, 0.027056, 0.02742, 0.028267, 0.028911, 0.030155, 0.030955, 0.031429, 0.031544, 0.032792, 0.033154, 0.034357, 0.034604, 0.034689, 0.035114, 0.035807, 0.03657, 0.038322, 0.038329, 0.039313, 0.040714, 0.041004, 0.041012, 0.041611, 0.042113, 0.042424, 0.042522, 0.043746, 0.044882, 0.046737, 0.047518, 0.048096, 0.04811, 0.048411, 0.048633, 0.048782, 0.050732, 0.051413, 0.051477, 0.051658, 0.054672, 0.055586, 0.055784, 0.056328, 0.056854, 0.057483, 0.05872, 0.059041, 0.059124, 0.059174, 0.059779, 0.06012, 0.060564, 0.060781, 0.061425, 0.061581, 0.06282, 0.062954, 0.063515, 0.06392, 0.064376, 0.065169, 0.066316, 0.068329, 0.06872, 0.068872, 0.069125, 0.071122, 0.072105, 0.07241, 0.072829, 0.073114, 0.073378, 0.074975, 0.076141, 0.07628, 0.077489, 0.077554, 0.077803, 0.077913, 0.078399, 0.078413, 0.078656, 0.078772, 0.079559, 0.080754, 0.082906, 0.085077, 0.086121, 0.086122, 0.086786, 0.086839, 0.087546, 0.088021, 0.088057, 0.08868, 0.089792, 0.089999, 0.091202, 0.09227, 0.092611, 0.093835, 0.096276, 0.100495, 0.104389, 0.104624, 0.105673, 0.105786, 0.106369, 0.108743, 0.110958, 0.111146, 0.113308, 0.113846, 0.117661, 0.119839, 0.120849, 0.121715, 0.123801, 0.125803, 0.125883, 0.12628, 0.126846, 0.12788, 0.128347, 0.130328, 0.132841, 0.132843, 0.13357, 0.133696, 0.134068, 0.135118, 0.136128, 0.136154, 0.136688, 0.138365, 0.139111, 0.141138, 0.141392, 0.14226, 0.142625, 0.143648, 0.144915, 0.146076, 0.146682, 0.147732, 0.148069, 0.150951, 0.151634, 0.154212, 0.154714, 0.154824, 0.154861, 0.156243, 0.156319, 0.158021, 0.159269, 0.15932, 0.160242, 0.160611, 0.160769, 0.161219, 0.161668, 0.161876, 0.16418, 0.165206, 0.166473, 0.167168, 0.16815, 0.169958, 0.171332, 0.172168, 0.174918, 0.178501, 0.17894, 0.179982, 0.180572, 0.180871, 0.184145, 0.184633, 0.186959, 0.188042, 0.18943, 0.191298, 0.191425, 0.192416, 0.1946, 0.194604, 0.195416, 0.19545, 0.198827, 0.200345, 0.203275, 0.204149, 0.204917, 0.206252, 0.206298, 0.208505, 0.209845, 0.210392, 0.211321, 0.212893, 0.213066, 0.213485, 0.213761, 0.213961, 0.220492, 0.221537, 0.22248, 0.225373, 0.22637, 0.226588, 0.229743, 0.23145, 0.233196, 0.235995, 0.23741, 0.244283, 0.245179, 0.245381, 0.245441, 0.250312, 0.250475, 0.250844, 0.255045, 0.25709, 0.259978, 0.260293, 0.261798, 0.266171, 0.271443, 0.273917, 0.276569, 0.279484, 0.279643, 0.279802, 0.280269, 0.283927, 0.288972, 0.28908, 0.289137, 0.289194, 0.294107, 0.294425, 0.294495, 0.300714, 0.301847, 0.303312, 0.30738, 0.307695, 0.320232, 0.325335, 0.326436, 0.333766, 0.336962, 0.337601, 0.339811, 0.343852, 0.345315, 0.351325, 0.351335, 0.353488, 0.35499, 0.355165, 0.357386, 0.369858, 0.37098, 0.372075, 0.374071, 0.379557, 0.380427, 0.384048, 0.388757, 0.400956, 0.414227, 0.416314, 0.430655, 0.432711, 0.440669, 0.4489, 0.449288, 0.455867, 0.476071, 0.484642, 0.506329, 0.50781, 0.524165, 0.528977, 0.530762, 0.547645, 0.548793, 0.558241, 0.564126, 0.580112, 0.598393, 0.605707, 0.609722, 0.61112, 0.622942, 0.624767, 0.625656, 0.634417, 0.634505, 0.650554, 0.654604, 0.656564, 0.660898, 0.66593, 0.668224, 0.674185, 0.680751, 0.689769, 0.701247, 0.703776, 0.706372, 0.744231, 0.767589, 0.78607, 0.797701, 0.799635, 0.803603, 0.804622, 0.809679, 0.812143, 0.823041, 0.824067, 0.830588, 0.837605, 0.837634, 0.844241, 0.855786, 0.857948, 0.858487, 0.863692, 0.868348, 0.871047, 0.882419, 0.8843, 0.908596, 0.909307, 0.910391, 0.919431, 0.92118, 0.945981, 0.954124, 0.964623, 0.972935, 0.999352, 1.014739, 1.101812, 1.110622], "monotonicity": 0.16842105263157894, "n_systems": 6444, "n_planets": 6821, "n_targets": 137493}