{"sigma_r": 2.3939, "sigma_i": 0.8747, "m": 8, "seed": 3584136, "n_k": {"1": 3927, "2": 957, "3": 220, "4": 44, "5": 7, "6+": 1}, "dlogr": [0.0, 5.4e-05, 0.000182, 0.000257, 0.00035, 0.000612, 0.000774, 0.000825, 0.000893, 0.001055, 0.001072, 0.00118, 0.001334, 0.001472, 0.002313, 0.003306, 0.00343, 0.003471, 0.003666, 0.003677, 0.004047, 0.004094, 0.004663, 0.004734, 0.004765, 0.005124, 0.005198, 0.005286, 0.005362, 0.005487, 0.005494, 0.005564, 0.005633, 0.005759, 0.00604, 0.006227, 0.006254, 0.006312, 0.006421, 0.006611, 0.00711, 0.007479, 0.00764, 0.007991, 0.00834, 0.008581, 0.008743, 0.008774, 0.008793, 0.009015, 0.00964, 0.010657, 0.010657, 0.01067, 0.010711, 0.010798, 0.010937, 0.011047, 0.011115, 0.011225, 0.01158, 0.011672, 0.011714, 0.011738, 0.011778, 0.011903, 0.012115, 0.012277, 0.01229, 0.012324, 0.012381, 0.012776, 0.012902, 0.013001, 0.013098, 0.013274, 0.01347, 0.013493, 0.013595, 0.013895, 0.014302, 0.015205, 0.015304, 0.01561, 0.015612, 0.015928, 0.016328, 0.016824, 0.017018, 0.017122, 0.017187, 0.017298, 0.017311, 0.017506, 0.017634, 0.017874, 0.01805, 0.018167, 0.018211, 0.018394, 0.018932, 0.019211, 0.019218, 0.01959, 0.019837, 0.019979, 0.020023, 0.020149, 0.02018, 0.020198, 0.020758, 0.020982, 0.02169, 0.021766, 0.021797, 0.022333, 0.02262, 0.022802, 0.023102, 0.023203, 0.023328, 0.023663, 0.023672, 0.023772, 0.0239, 0.0249, 0.024903, 0.025226, 0.025241, 0.025776, 0.026081, 0.026137, 0.026291, 0.02633, 0.026377, 0.026495, 0.026673, 0.026825, 0.026917, 0.027151, 0.027258, 0.027352, 0.027398, 0.028093, 0.028107, 0.0283, 0.028354, 0.02855, 0.028556, 0.028681, 0.028686, 0.028848, 0.028971, 0.029054, 0.02921, 0.029315, 0.029334, 0.029728, 0.030226, 0.030956, 0.031102, 0.031572, 0.031699, 0.031725, 0.032008, 0.032097, 0.032286, 0.03235, 0.032383, 0.032425, 0.032486, 0.032913, 0.033026, 0.033085, 0.033119, 0.033562, 0.033777, 0.033934, 0.034298, 0.034298, 0.034402, 0.034613, 0.034893, 0.035151, 0.035291, 0.035379, 0.03564, 0.035798, 0.036067, 0.036275, 0.036483, 0.036688, 0.036865, 0.036947, 0.037695, 0.037912, 0.038143, 0.038185, 0.038325, 0.038385, 0.038399, 0.038427, 0.038642, 0.038784, 0.038792, 0.03893, 0.039156, 0.039553, 0.03963, 0.03973, 0.039734, 0.03992, 0.03997, 0.040101, 0.040235, 0.04025, 0.040471, 0.040474, 0.040918, 0.041202, 0.04142, 0.041538, 0.041733, 0.041821, 0.041861, 0.041889, 0.04209, 0.042218, 0.04223, 0.042332, 0.042372, 0.042511, 0.042756, 0.042757, 0.043168, 0.043448, 0.043605, 0.043811, 0.04394, 0.044101, 0.04444, 0.044796, 0.045332, 0.045536, 0.045595, 0.045704, 0.045956, 0.046221, 0.046267, 0.046297, 0.046499, 0.04663, 0.046864, 0.047009, 0.047012, 0.047164, 0.047311, 0.047773, 0.048217, 0.048466, 0.048541, 0.04855, 0.048684, 0.049069, 0.049289, 0.049308, 0.050052, 0.050496, 0.050629, 0.0508, 0.050808, 0.050919, 0.050963, 0.050968, 0.050983, 0.05129, 0.051346, 0.051352, 0.051489, 0.052071, 0.052107, 0.052532, 0.052601, 0.05317, 0.053651, 0.053721, 0.053861, 0.054594, 0.054847, 0.054862, 0.054889, 0.054905, 0.054959, 0.055285, 0.055338, 0.055796, 0.056154, 0.056173, 0.056219, 0.056412, 0.057116, 0.057259, 0.058522, 0.058618, 0.059192, 0.059783, 0.059966, 0.06016, 0.060166, 0.060244, 0.06051, 0.060626, 0.06088, 0.060897, 0.061043, 0.06124, 0.061348, 0.061588, 0.061629, 0.061745, 0.061854, 0.061861, 0.062024, 0.062225, 0.062455, 0.062775, 0.062916, 0.063021, 0.064121, 0.064582, 0.064704, 0.064762, 0.064825, 0.064915, 0.065541, 0.065576, 0.066182, 0.066744, 0.066776, 0.066812, 0.067054, 0.067295, 0.067607, 0.067658, 0.067874, 0.067898, 0.06824, 0.068352, 0.068551, 0.068554, 0.06893, 0.068987, 0.068991, 0.069025, 0.069152, 0.069359, 0.069359, 0.069587, 0.069894, 0.069958, 0.069986, 0.070077, 0.070133, 0.070302, 0.070553, 0.070602, 0.070664, 0.071126, 0.071212, 0.071221, 0.071265, 0.071372, 0.071376, 0.072, 0.072234, 0.072829, 0.073019, 0.073281, 0.073605, 0.074326, 0.074402, 0.074535, 0.074632, 0.074699, 0.074868, 0.07515, 0.07515, 0.075334, 0.075438, 0.075488, 0.076402, 0.076683, 0.076822, 0.076887, 0.077189, 0.077226, 0.077228, 0.077306, 0.077565, 0.077586, 0.077641, 0.077651, 0.077773, 0.078042, 0.078053, 0.078635, 0.078846, 0.078848, 0.079001, 0.079047, 0.079862, 0.080091, 0.0803, 0.080332, 0.080841, 0.08156, 0.081768, 0.082075, 0.082086, 0.082132, 0.082404, 0.082429, 0.082674, 0.083608, 0.083986, 0.084148, 0.08417, 0.08425, 0.084342, 0.084347, 0.084402, 0.084587, 0.084781, 0.084808, 0.08488, 0.085015, 0.085262, 0.085272, 0.085512, 0.085516, 0.085795, 0.085883, 0.086431, 0.087023, 0.08706, 0.087162, 0.087257, 0.087332, 0.087569, 0.087573, 0.087608, 0.088279, 0.088338, 0.08884, 0.088851, 0.088931, 0.088999, 0.089196, 0.089295, 0.089536, 0.089675, 0.090076, 0.090243, 0.09035, 0.090912, 0.091126, 0.091272, 0.091373, 0.091503, 0.092005, 0.092188, 0.092319, 0.092404, 0.092424, 0.092526, 0.092534, 0.092619, 0.092634, 0.092966, 0.093299, 0.093358, 0.09377, 0.09409, 0.094183, 0.094351, 0.094405, 0.094573, 0.094797, 0.095072, 0.09539, 0.095468, 0.095518, 0.095984, 0.097181, 0.097314, 0.097337, 0.097909, 0.098918, 0.099263, 0.099272, 0.099668, 0.099769, 0.099946, 0.09998, 0.100134, 0.100284, 0.101024, 0.101088, 0.101213, 0.101634, 0.101668, 0.10219, 0.102191, 0.102211, 0.102243, 0.103456, 0.103464, 0.103482, 0.103726, 0.104478, 0.104611, 0.104752, 0.104843, 0.104978, 0.10521, 0.105543, 0.1061, 0.106221, 0.106251, 0.106255, 0.106271, 0.106608, 0.106703, 0.106766, 0.107279, 0.107377, 0.107386, 0.107412, 0.107832, 0.108073, 0.108155, 0.108742, 0.109024, 0.109777, 0.109877, 0.110355, 0.110586, 0.110814, 0.110841, 0.110891, 0.111068, 0.111115, 0.111119, 0.111252, 0.111505, 0.111538, 0.111691, 0.111731, 0.111871, 0.111998, 0.112037, 0.112061, 0.112108, 0.11212, 0.112124, 0.112563, 0.112859, 0.11295, 0.113097, 0.113216, 0.113719, 0.113748, 0.114235, 0.114665, 0.114913, 0.115324, 0.115386, 0.115566, 0.11576, 0.116005, 0.116374, 0.116535, 0.116566, 0.117311, 0.117625, 0.117747, 0.117756, 0.118114, 0.118166, 0.118458, 0.118847, 0.118938, 0.118984, 0.119012, 0.119091, 0.119118, 0.119252, 0.119306, 0.119403, 0.119473, 0.119642, 0.119673, 0.120905, 0.121607, 0.122386, 0.122737, 0.122808, 0.123295, 0.123461, 0.124248, 0.124336, 0.124388, 0.124657, 0.124949, 0.124998, 0.125308, 0.125519, 0.125539, 0.126106, 0.126136, 0.126346, 0.126704, 0.126847, 0.127102, 0.127576, 0.127717, 0.127933, 0.12802, 0.128379, 0.128576, 0.129017, 0.129347, 0.129385, 0.129604, 0.12976, 0.129804, 0.129818, 0.130183, 0.130491, 0.130623, 0.130876, 0.130983, 0.131089, 0.131407, 0.131461, 0.131501, 0.131715, 0.131793, 0.131828, 0.131965, 0.13257, 0.132682, 0.133181, 0.133344, 0.133679, 0.133897, 0.134029, 0.134385, 0.134558, 0.134611, 0.134621, 0.134648, 0.134649, 0.134837, 0.135014, 0.135045, 0.135087, 0.135723, 0.135956, 0.136118, 0.136149, 0.136341, 0.1364, 0.136557, 0.136561, 0.136819, 0.136934, 0.137047, 0.137093, 0.137098, 0.137254, 0.137377, 0.137837, 0.137938, 0.137983, 0.138013, 0.1387, 0.138896, 0.1389, 0.139561, 0.14007, 0.140081, 0.140356, 0.14063, 0.140776, 0.140958, 0.141368, 0.141424, 0.141462, 0.141479, 0.141654, 0.142292, 0.142327, 0.142506, 0.142562, 0.142997, 0.143652, 0.143729, 0.143749, 0.144053, 0.144482, 0.145236, 0.145546, 0.145735, 0.145889, 0.146173, 0.146502, 0.146506, 0.146969, 0.147497, 0.148081, 0.148088, 0.148184, 0.148809, 0.149028, 0.149377, 0.150016, 0.151439, 0.151899, 0.151915, 0.152389, 0.152517, 0.152691, 0.152891, 0.153204, 0.153214, 0.153705, 0.154241, 0.15451, 0.155004, 0.155152, 0.155156, 0.155212, 0.155278, 0.155448, 0.155592, 0.156034, 0.1562, 0.15651, 0.15656, 0.156601, 0.156836, 0.157028, 0.157036, 0.157333, 0.157372, 0.157403, 0.157787, 0.157806, 0.158834, 0.159264, 0.159616, 0.159694, 0.160064, 0.160067, 0.160425, 0.160591, 0.16064, 0.16129, 0.161928, 0.161931, 0.162085, 0.162244, 0.162256, 0.162353, 0.163267, 0.163433, 0.164506, 0.164532, 0.164545, 0.164549, 0.164712, 0.164861, 0.165409, 0.165469, 0.165649, 0.165714, 0.165933, 0.167366, 0.167674, 0.167901, 0.169309, 0.16961, 0.169614, 0.169737, 0.169772, 