{"sigma_r": 0.7746, "sigma_i": 0.8747, "m": 7, "seed": 1798478485, "n_k": {"1": 3755, "2": 943, "3": 260, "4": 64, "5": 7, "6+": 1}, "dlogr": [0.0, 0.0, 0.0, 0.0, 6e-06, 0.000159, 0.000205, 0.000237, 0.0003, 0.000539, 0.000598, 0.000897, 0.00099, 0.001033, 0.001255, 0.001335, 0.001486, 0.001513, 0.00153, 0.001717, 0.001775, 0.001788, 0.001854, 0.00233, 0.002349, 0.002424, 0.002448, 0.002483, 0.002592, 0.002668, 0.002766, 0.002786, 0.002865, 0.002931, 0.003307, 0.003531, 0.003546, 0.003718, 0.003755, 0.003821, 0.003867, 0.004078, 0.004199, 0.004333, 0.004355, 0.004389, 0.004484, 0.004589, 0.004783, 0.005197, 0.005256, 0.005433, 0.005532, 0.00568, 0.005682, 0.006076, 0.006316, 0.006525, 0.006594, 0.006602, 0.00664, 0.006687, 0.006695, 0.006845, 0.006903, 0.007052, 0.007276, 0.007353, 0.007438, 0.007528, 0.007545, 0.007725, 0.007802, 0.007828, 0.007872, 0.008039, 0.008073, 0.008079, 0.008127, 0.008332, 0.008484, 0.008988, 0.009107, 0.009229, 0.009413, 0.010025, 0.01008, 0.010409, 0.010437, 0.010653, 0.010807, 0.011215, 0.011224, 0.011341, 0.011388, 0.011553, 0.011643, 0.011667, 0.011757, 0.011914, 0.011993, 0.012148, 0.012208, 0.012351, 0.012459, 0.01292, 0.012943, 0.013129, 0.013279, 0.013469, 0.013617, 0.013657, 0.013965, 0.014067, 0.014281, 0.014318, 0.014332, 0.014406, 0.014648, 0.014739, 0.014747, 0.014785, 0.015044, 0.015045, 0.015196, 0.015302, 0.015425, 0.015543, 0.01594, 0.015975, 0.016067, 0.016143, 0.016198, 0.01634, 0.0164, 0.016473, 0.016509, 0.016512, 0.016693, 0.016932, 0.016953, 0.017034, 0.017131, 0.017175, 0.017202, 0.017209, 0.017289, 0.017516, 0.017546, 0.018235, 0.01825, 0.018408, 0.018484, 0.018607, 0.018891, 0.018918, 0.018926, 0.018949, 0.01915, 0.019233, 0.019234, 0.019354, 0.019531, 0.020094, 0.020235, 0.020273, 0.020543, 0.020691, 0.020798, 0.020804, 0.02099, 0.021333, 0.02145, 0.021668, 0.021698, 0.021986, 0.022082, 0.022084, 0.02217, 0.022372, 0.022441, 0.022565, 0.022673, 0.022716, 0.022862, 0.022862, 0.023349, 0.023404, 0.023595, 0.023814, 0.023837, 0.023985, 0.024011, 0.024115, 0.024269, 0.024427, 0.024433, 0.024452, 0.024603, 0.024655, 0.024748, 0.02496, 0.025024, 0.025039, 0.025222, 0.025383, 0.025445, 0.025541, 0.0258, 0.025812, 0.025856, 0.025905, 0.025926, 0.026007, 0.026099, 0.026251, 0.026285, 0.026532, 0.026723, 0.026996, 0.027246, 0.027247, 0.027398, 0.027668, 0.027765, 0.027859, 0.027873, 0.027933, 0.028084, 0.028202, 0.02821, 0.028227, 0.028231, 0.028358, 0.028418, 0.028433, 0.028509, 0.02864, 0.028855, 0.029009, 0.029105, 0.029126, 0.029295, 0.029459, 0.029462, 0.029535, 0.029568, 0.029833, 0.02993, 0.030585, 0.030827, 0.031198, 0.031211, 0.031326, 0.031498, 0.031632, 0.031664, 0.031705, 0.031745, 0.031948, 0.031956, 0.031967, 0.032011, 0.032145, 0.032215, 0.032438, 0.032584, 0.032618, 0.032676, 0.032682, 0.032863, 0.032881, 0.033079, 0.033312, 0.033329, 0.033388, 0.033509, 0.033724, 0.033836, 0.034245, 0.034651, 0.034666, 0.03467, 0.035124, 0.035362, 0.035372, 0.035484, 0.035505, 0.035507, 0.035624, 0.0358, 0.035912, 0.03596, 0.035979, 0.036032, 0.036178, 0.036202, 0.036212, 0.036292, 0.036316, 0.03646, 0.036523, 0.036603, 0.036649, 0.036922, 0.036937, 0.036993, 0.037121, 0.037396, 0.037397, 0.037559, 0.037715, 0.037793, 0.037965, 0.038007, 0.038171, 0.038261, 0.03837, 0.038465, 0.038548, 0.038832, 0.038914, 0.038934, 0.038937, 0.039117, 0.039191, 0.039197, 0.039348, 0.03945, 0.039945, 0.040058, 0.040094, 0.040098, 0.040281, 0.040343, 0.040372, 0.040555, 0.040565, 0.041004, 0.04113, 0.041152, 0.041325, 0.041344, 0.041646, 0.041697, 0.04172, 0.041735, 0.041929, 0.042027, 0.042498, 0.042559, 0.042704, 0.042809, 0.042854, 0.042908, 0.042959, 0.043283, 0.043398, 0.0434, 0.04417, 0.044307, 0.04441, 0.044478, 0.044504, 0.044517, 0.044619, 0.045063, 0.045143, 0.045242, 0.045262, 0.04562, 0.045723, 0.045744, 0.045806, 0.045838, 0.04632, 0.046447, 0.046495, 0.046676, 0.046737, 0.047109, 0.047139, 0.047249, 0.047296, 0.047508, 0.047516, 0.047528, 0.047703, 0.047784, 0.04791, 0.048023, 0.04803, 0.048042, 0.048173, 0.04824, 0.048265, 0.048356, 0.048411, 0.048439, 0.048627, 0.04863, 0.048732, 0.048734, 0.048949, 0.049377, 0.049562, 0.049691, 0.049703, 0.049747, 0.04994, 0.049973, 0.050355, 0.050451, 0.050658, 0.050814, 0.050991, 0.051197, 0.051272, 0.051355, 0.051456, 0.051507, 0.051539, 0.051592, 0.051742, 0.05237, 0.052419, 0.052437, 0.052555, 0.05266, 0.052774, 0.05278, 0.05291, 0.053003, 0.053231, 0.053328, 0.05344, 0.05347, 0.053767, 0.053937, 0.054077, 0.054133, 0.054233, 0.054693, 0.054759, 0.054975, 0.055031, 0.055257, 0.055475, 0.055568, 0.055585, 0.05587, 0.056047, 0.056155, 0.056222, 0.056301, 0.056548, 0.056605, 0.056836, 0.056882, 0.057246, 0.057337, 0.057415, 0.057528, 0.057626, 0.057632, 0.057659, 0.057668, 0.057906, 0.058114, 0.058209, 0.058268, 0.058338, 0.058339, 0.058708, 0.058798, 0.058806, 0.05891, 0.058948, 0.059359, 0.059771, 0.059865, 0.059874, 0.060026, 0.06013, 0.060136, 0.060399, 0.060456, 0.060558, 0.060677, 0.060801, 0.060817, 0.060843, 0.060948, 0.061161, 0.061602, 0.061624, 0.061831, 0.061947, 0.062005, 0.062034, 0.06219, 0.062231, 0.062271, 0.062338, 0.062383, 0.062648, 0.062708, 0.06301, 0.063216, 0.063255, 0.063437, 0.063948, 0.06401, 0.064111, 0.064115, 0.064563, 0.064617, 0.064718, 0.064757, 0.064776, 0.064863, 0.06488, 0.064882, 0.06496, 0.065104, 0.065167, 0.065187, 0.065262, 0.065778, 0.065916, 0.066046, 0.066323, 0.066381, 0.066387, 0.066602, 0.066648, 0.06697, 0.067065, 0.06712, 0.067218, 0.067334, 0.067612, 0.067649, 0.06831, 0.068364, 0.06843, 0.068502, 0.068529, 0.068631, 0.068799, 0.068916, 0.068919, 0.069088, 0.06913, 0.069212, 0.069279, 0.069312, 0.069427, 0.069451, 0.070037, 0.070089, 0.070165, 0.070182, 0.0702, 0.070335, 0.070388, 0.070445, 0.070476, 0.070477, 0.070931, 0.071187, 0.071251, 0.071481, 0.071681, 0.072016, 0.07218, 0.072418, 0.072458, 0.072536, 0.072753, 0.072984, 0.072988, 0.07315, 0.073194, 0.073442, 0.073565, 0.073569, 0.073588, 0.073685, 0.073736, 0.073747, 0.074362, 0.074401, 0.074642, 0.074806, 0.074906, 0.075071, 0.07512, 0.07519, 0.075195, 0.075505, 0.075835, 0.075859, 0.07586, 0.075896, 0.07612, 0.076201, 0.076709, 0.076765, 0.07684, 0.076885, 0.076982, 0.077039, 0.077299, 0.077302, 0.077452, 0.077672, 0.07778, 0.078601, 0.078673, 0.078838, 0.078933, 0.079036, 0.079106, 0.079205, 0.079208, 0.079242, 0.079441, 0.079558, 0.079658, 0.079659, 0.079879, 0.080469, 0.080511, 0.080573, 0.080686, 0.080695, 0.08089, 0.081009, 0.081028, 0.081068, 0.081211, 0.081432, 0.081479, 0.08157, 0.081682, 0.081694, 0.081982, 0.082225, 0.08226, 0.082311, 0.082373, 0.082375, 0.08257, 0.082708, 0.082719, 0.08281, 0.082827, 0.082839, 0.082854, 0.08291, 0.083474, 0.083754, 0.084118, 0.084479, 0.084571, 0.084587, 0.084638, 0.084929, 0.08502, 0.085301, 0.08599, 0.086256, 0.086535, 0.086637, 0.086747, 0.08694, 0.086975, 0.087028, 0.087049, 0.087284, 0.087333, 0.087473, 0.087757, 0.087885, 0.08813, 0.088144, 0.088578, 0.088588, 0.089355, 0.089405, 0.089406, 0.089551, 0.089656, 0.08971, 0.089862, 0.09004, 0.090253, 0.090449, 0.090668, 0.090758, 0.091044, 0.091069, 0.091201, 0.091214, 0.09131, 0.091413, 0.091414, 0.091511, 0.091969, 0.092112, 0.092117, 0.092591, 0.092677, 0.092781, 0.092854, 0.092904, 0.093061, 0.093118, 0.093275, 0.093358, 0.093509, 0.093689, 0.093748, 0.094078, 0.094079, 0.094189, 0.094295, 0.09431, 0.094842, 0.094896, 0.095007, 0.095045, 0.095093, 0.095111, 0.095563, 0.095789, 0.095856, 0.096001, 0.096068, 0.096262, 0.096459, 0.096482, 0.096485, 0.096584, 0.096942, 0.097037, 0.097362, 0.097608, 0.097698, 0.097823, 0.098089, 0.098303, 0.098583, 0.098695, 0.098768, 0.098778, 0.098969, 0.099021, 0.099047, 0.099129, 0.099551, 0.09987, 0.099884, 0.10008, 0.100481, 0.10097, 0.101187, 0.101194, 0.101283, 0.101417, 0.10142, 0.101441, 0.101479, 0.101856, 0.101985, 0.101986, 0.102083, 0.102262, 0.102335, 0.102508, 0.103041, 0.103307, 0.103676, 0.103721, 0.104064, 0.104222, 0.104331, 0.104394, 0.104495, 0.104501, 0.104627, 0.104653, 0.104692, 0.104937, 0.104964, 0.104968, 