{"sigma_r": 0.9707, "sigma_i": 0.2558, "m": 11, "seed": 1038974899, "n_k": {"1": 3659, "2": 915, "3": 270, "4": 59, "5": 13, "6+": 7}, "dlogr": [0.0, 0.0, 0.0, 0.0, 0.00051, 0.000517, 0.000575, 0.000654, 0.000745, 0.000817, 0.001085, 0.001287, 0.001475, 0.001492, 0.001774, 0.00225, 0.002254, 0.002263, 0.002297, 0.002545, 0.002584, 0.00287, 0.002957, 0.003146, 0.00317, 0.003188, 0.003383, 0.003665, 0.003729, 0.00378, 0.003818, 0.003843, 0.003968, 0.004309, 0.004385, 0.004404, 0.004722, 0.004748, 0.005132, 0.005267, 0.005759, 0.005876, 0.006218, 0.00633, 0.006848, 0.007522, 0.007718, 0.007744, 0.007909, 0.007949, 0.008195, 0.008335, 0.008507, 0.008616, 0.0087, 0.008745, 0.008859, 0.00895, 0.009089, 0.009429, 0.00944, 0.009782, 0.009845, 0.00999, 0.010071, 0.01012, 0.010154, 0.010179, 0.010188, 0.010449, 0.010524, 0.011088, 0.01138, 0.011452, 0.011639, 0.011644, 0.011814, 0.011874, 0.012107, 0.012129, 0.012236, 0.012447, 0.012798, 0.012861, 0.013083, 0.013414, 0.013494, 0.013571, 0.01366, 0.013806, 0.013957, 0.014098, 0.014109, 0.014125, 0.01429, 0.014444, 0.014446, 0.014645, 0.014689, 0.014719, 0.014762, 0.014939, 0.01496, 0.015074, 0.01512, 0.015252, 0.015415, 0.015512, 0.015518, 0.01567, 0.015685, 0.015949, 0.01617, 0.016185, 0.016258, 0.016282, 0.016303, 0.016625, 0.016629, 0.016758, 0.016764, 0.016774, 0.016952, 0.017229, 0.017335, 0.017408, 0.017637, 0.017659, 0.017925, 0.018101, 0.018174, 0.018208, 0.01821, 0.018314, 0.018559, 0.018559, 0.018745, 0.018878, 0.018946, 0.018994, 0.019, 0.019042, 0.019157, 0.019376, 0.019497, 0.019547, 0.019588, 0.01962, 0.019764, 0.019839, 0.020104, 0.020162, 0.020263, 0.020347, 0.020461, 0.020803, 0.020865, 0.021268, 0.021281, 0.021355, 0.021518, 0.021615, 0.021681, 0.021689, 0.021815, 0.021828, 0.022025, 0.022346, 0.022412, 0.022464, 0.022522, 0.022525, 0.022609, 0.022751, 0.022879, 0.023015, 0.023126, 0.023155, 0.023368, 0.023602, 0.023896, 0.023949, 0.024294, 0.024322, 0.024554, 0.024767, 0.024787, 0.0248, 0.024862, 0.025151, 0.025239, 0.025348, 0.02535, 0.02543, 0.025486, 0.025526, 0.02562, 0.025654, 0.025663, 0.025683, 0.025738, 0.0258, 0.025874, 0.02605, 0.026207, 0.026211, 0.026263, 0.02632, 0.026674, 0.026866, 0.027478, 0.027478, 0.027647, 0.027658, 0.027749, 0.027809, 0.02798, 0.027995, 0.028212, 0.02839, 0.028669, 0.028832, 0.029095, 0.029541, 0.030031, 0.030045, 0.030154, 0.030154, 0.030338, 0.030445, 0.030562, 0.030632, 0.030735, 0.030802, 0.030888, 0.030963, 0.031035, 0.031173, 0.031192, 0.03123, 0.031242, 0.031271, 0.031429, 0.031574, 0.031677, 0.031716, 0.031863, 0.032038, 0.032073, 0.032087, 0.032281, 0.032441, 0.032626, 0.032732, 0.032738, 0.032918, 0.032925, 0.032939, 0.032996, 0.033551, 0.033598, 0.033645, 0.03368, 0.033765, 0.033908, 0.033928, 0.033934, 0.034096, 0.034208, 0.034284, 0.034289, 0.034955, 0.035094, 0.035193, 0.035216, 0.035455, 0.035779, 0.036005, 0.036207, 0.036272, 0.036437, 0.036608, 0.036656, 0.036787, 0.036915, 0.037207, 0.037334, 0.037636, 0.037804, 0.037899, 0.038099, 0.038336, 0.038363, 0.038372, 0.038405, 0.03843, 0.039039, 0.039198, 0.039544, 0.039612, 0.039629, 0.039641, 0.039772, 0.03981, 0.039944, 0.040211, 0.040254, 0.040442, 0.040506, 0.040681, 0.040804, 0.040945, 0.041237, 0.041423, 0.041541, 0.041965, 0.04207, 0.04229, 0.042626, 0.04274, 0.042829, 0.042833, 0.04295, 0.042953, 0.043344, 0.04338, 0.044116, 0.044163, 0.044167, 0.044368, 0.044642, 0.04502, 0.045121, 0.045359, 0.045634, 0.045697, 0.045762, 0.045945, 0.04595, 0.046013, 0.046161, 0.046539, 0.046684, 0.046755, 0.0469, 0.047105, 0.04719, 0.047262, 0.047272, 0.047454, 0.047475, 0.047678, 0.047701, 0.047801, 0.047834, 0.047987, 0.04844, 0.048634, 0.048758, 0.049172, 0.049231, 0.049513, 0.049575, 0.049779, 0.050066, 0.050359, 0.050415, 0.050443, 0.050616, 0.050719, 0.050729, 0.05087, 0.051304, 0.051372, 0.051529, 0.051589, 0.051779, 0.051956, 0.052721, 0.053191, 0.05323, 0.053312, 0.053317, 0.053335, 0.053343, 0.0534, 0.053428, 0.053464, 0.053533, 0.053561, 0.053602, 0.053723, 0.053947, 0.054084, 0.054161, 0.054299, 0.054424, 0.054428, 0.054594, 0.054614, 0.054618, 0.054988, 0.055115, 0.055382, 0.055424, 0.055489, 0.055713, 0.055822, 0.055973, 0.056141, 0.056158, 0.056394, 0.056408, 0.056589, 0.056644, 0.056662, 0.056665, 0.056932, 0.056985, 0.057107, 0.057312, 0.057483, 0.057582, 0.057981, 0.058272, 0.058272, 0.058435, 0.058572, 0.058734, 0.0588, 0.059227, 0.059247, 0.059337, 0.059508, 0.059719, 0.059744, 0.059951, 0.060057, 0.060121, 0.060134, 0.060134, 0.060346, 0.060537, 0.060555, 0.060822, 0.061, 0.061051, 0.061062, 0.061128, 0.061155, 0.061175, 0.061354, 0.061395, 0.06182, 0.0621, 0.062329, 0.06233, 0.062574, 0.062674, 0.062691, 0.06273, 0.062797, 0.062943, 0.062956, 0.06315, 0.063232, 0.0637, 0.063736, 0.063804, 0.063968, 0.064004, 0.064221, 0.064298, 0.064348, 0.064359, 0.064391, 0.06442, 0.064435, 0.064859, 0.064986, 0.06524, 0.065261, 0.065388, 0.065462, 0.065594, 0.065834, 0.065999, 0.066085, 0.066226, 0.06639, 0.066393, 0.066709, 0.066921, 0.066933, 0.067054, 0.067141, 0.067293, 0.067436, 0.067637, 0.067819, 0.068076, 0.068254, 0.068344, 0.068948, 0.068963, 0.06902, 0.069122, 0.069178, 0.069659, 0.069662, 0.069768, 0.069902, 0.069903, 0.069944, 0.069959, 0.070031, 0.070063, 0.070079, 0.070147, 0.070203, 0.070355, 0.070364, 0.070415, 0.070452, 0.070533, 0.07067, 0.07092, 0.071232, 0.071234, 0.071339, 0.071531, 0.071585, 0.071812, 0.072087, 0.072125, 0.072309, 0.072775, 0.072993, 0.073087, 0.07323, 0.07335, 0.073353, 0.07336, 0.073486, 0.073574, 0.073642, 0.07367, 0.073735, 0.073765, 0.073854, 0.073897, 0.074369, 0.074442, 0.074532, 0.074551, 0.074709, 0.074815, 0.074878, 0.075084, 0.075187, 0.075348, 0.075645, 0.075884, 0.075895, 0.075955, 0.076014, 0.076032, 0.076166, 0.0762, 0.07621, 0.076392, 0.07658, 0.077061, 0.077079, 0.077637, 0.077786, 0.077889, 0.078101, 0.078208, 0.078338, 0.07844, 0.07847, 0.078551, 0.078586, 0.078667, 0.079039, 0.079163, 0.079946, 0.080011, 0.080196, 0.080275, 0.080466, 0.080633, 0.080845, 0.081074, 0.081075, 0.081156, 0.081277, 0.081478, 0.081767, 0.082023, 0.082167, 0.082499, 0.082894, 0.082943, 0.0831, 0.083327, 0.083495, 0.083669, 0.083721, 0.083939, 0.083959, 0.084049, 0.084054, 0.084137, 0.084457, 0.084522, 0.084538, 0.084815, 0.084851, 0.085021, 0.085226, 0.08532, 0.085345, 0.085372, 0.085639, 0.085848, 0.085878, 0.085902, 0.085943, 0.086368, 0.086534, 0.086576, 0.086744, 0.086895, 0.087, 0.087221, 0.087292, 0.087524, 0.087535, 0.087893, 0.088021, 0.088043, 0.088451, 0.088682, 0.08899, 0.08904, 0.08924, 0.089258, 0.089419, 0.08994, 0.089943, 0.089943, 0.090359, 0.090396, 0.090772, 0.090848, 0.091133, 0.091932, 0.092141, 0.092211, 0.092229, 0.092353, 0.09246, 0.093248, 0.093255, 0.093299, 0.093583, 0.093663, 0.093701, 0.093763, 0.093938, 0.094397, 0.094659, 0.094668, 0.094939, 0.095277, 0.095393, 0.095432, 0.095677, 0.096191, 0.096474, 0.096859, 0.096908, 0.097072, 0.097297, 0.097298, 0.097428, 0.097533, 0.097702, 0.09775, 0.097885, 0.098476, 0.098581, 0.098738, 0.098997, 0.099024, 0.099141, 0.099263, 0.099637, 0.099793, 0.099894, 0.099967, 0.100601, 0.100854, 0.101076, 0.101139, 0.101207, 0.101378, 0.101401, 0.101675, 0.102021, 0.102032, 0.102255, 0.102613, 0.102839, 0.102996, 0.103264, 0.10356, 0.103745, 0.10375, 0.103916, 0.104218, 0.104294, 0.104412, 0.10454, 0.104588, 0.104637, 0.104855, 0.10493, 0.104968, 0.105021, 0.105246, 0.105269, 0.10564, 0.10584, 0.105907, 0.105986, 0.106183, 0.106466, 0.106479, 0.106515, 0.106531, 0.106682, 0.106694, 0.106816, 0.107044, 0.107214, 0.10741, 0.107892, 0.108086, 0.108097, 0.108122, 0.108246, 0.108282, 0.108955, 0.109089, 0.10946, 0.109938, 0.11015, 0.110261, 0.11027, 0.110386, 0.11048, 0.110582, 0.110606, 0.110624, 0.11065, 0.11075, 0.110853, 0.111285, 0.111362, 0.111392, 0.111594, 0.112311, 0.112388, 0.112437, 0.112795, 0.113064, 0.113347, 0.113619, 0.113869, 0.114379, 0.114418, 0.114464, 0.114603, 0.114725, 0.114863, 0.115227, 0.115266, 0.115439, 0.115728, 0.116218, 0.116415, 0.116429, 0.116921, 0.117173, 0.11767, 