{"sigma_r": 0.9707, "sigma_i": 2.3392, "m": 2, "seed": 2221305523, "n_k": {"1": 4349, "2": 849, "3": 125, "4": 27, "5": 4, "6+": 0}, "dlogr": [0.0, 0.000364, 0.00053, 0.00062, 0.000635, 0.000638, 0.000803, 0.000931, 0.001054, 0.001066, 0.001128, 0.001197, 0.001303, 0.001433, 0.001604, 0.001788, 0.002101, 0.002449, 0.002486, 0.002506, 0.002532, 0.002842, 0.002879, 0.002946, 0.002965, 0.003179, 0.003824, 0.003944, 0.005023, 0.005273, 0.005582, 0.005918, 0.006349, 0.006376, 0.006456, 0.007209, 0.007402, 0.00746, 0.007494, 0.0075, 0.007544, 0.007586, 0.007703, 0.007945, 0.008023, 0.008096, 0.008122, 0.008277, 0.008441, 0.008502, 0.008592, 0.009045, 0.009058, 0.009243, 0.009815, 0.009947, 0.009977, 0.010005, 0.010418, 0.010468, 0.010494, 0.010576, 0.010664, 0.010742, 0.010986, 0.011119, 0.011193, 0.011635, 0.011885, 0.011952, 0.011971, 0.012056, 0.012279, 0.012414, 0.012696, 0.012844, 0.012882, 0.012889, 0.012939, 0.013131, 0.013229, 0.013324, 0.013425, 0.013466, 0.013561, 0.013605, 0.014083, 0.014523, 0.014535, 0.01467, 0.014856, 0.014892, 0.015116, 0.015133, 0.015138, 0.015286, 0.015332, 0.015454, 0.01564, 0.015654, 0.015904, 0.015932, 0.016296, 0.016368, 0.016868, 0.016978, 0.017231, 0.017459, 0.018386, 0.01839, 0.018466, 0.018509, 0.018764, 0.018891, 0.018975, 0.019438, 0.01972, 0.01974, 0.019982, 0.019991, 0.020115, 0.020747, 0.020775, 0.0208, 0.021121, 0.021144, 0.021171, 0.021224, 0.021254, 0.02132, 0.02145, 0.021482, 0.021562, 0.021984, 0.022219, 0.023478, 0.023559, 0.023903, 0.024063, 0.02437, 0.024455, 0.024563, 0.024664, 0.024825, 0.024971, 0.025156, 0.02582, 0.025885, 0.026073, 0.026136, 0.026143, 0.02806, 0.028228, 0.028445, 0.028459, 0.028545, 0.028546, 0.029258, 0.029446, 0.029837, 0.030132, 0.03017, 0.030217, 0.030505, 0.030596, 0.031106, 0.031168, 0.03123, 0.031268, 0.031376, 0.031429, 0.031687, 0.031782, 0.031793, 0.031801, 0.031888, 0.031969, 0.032084, 0.032195, 0.032216, 0.032493, 0.032731, 0.032776, 0.032871, 0.033634, 0.034094, 0.034378, 0.034571, 0.034748, 0.03494, 0.035203, 0.035413, 0.035659, 0.035829, 0.036063, 0.036073, 0.036206, 0.036409, 0.036413, 0.03647, 0.036517, 0.036788, 0.037201, 0.037479, 0.038529, 0.038806, 0.038819, 0.038842, 0.039064, 0.039115, 0.039349, 0.039741, 0.039887, 0.040041, 0.040084, 0.040125, 0.040272, 0.040308, 0.04074, 0.040751, 0.040769, 0.040987, 0.041478, 0.041585, 0.041894, 0.041911, 0.041918, 0.042075, 0.042268, 0.042502, 0.042658, 0.04272, 0.043094, 0.044054, 0.044437, 0.044466, 0.044569, 0.04459, 0.045418, 0.045424, 0.045683, 0.04585, 0.046578, 0.046846, 0.046927, 0.047264, 0.047296, 0.047315, 0.047458, 0.047548, 0.048335, 0.04839, 0.048421, 0.048453, 0.04855, 0.048895, 0.049244, 0.049511, 0.049929, 0.05003, 0.05016, 0.050635, 0.050761, 0.050823, 0.051271, 0.051271, 0.051679, 0.052131, 0.052213, 0.052303, 0.052407, 0.052425, 0.052556, 0.053301, 0.053355, 0.053448, 0.05348, 0.053519, 0.053542, 0.053636, 0.053682, 0.053987, 0.054305, 0.054413, 0.055803, 0.055947, 0.056066, 0.05655, 0.057382, 0.057454, 0.057588, 0.057669, 0.057979, 0.05799, 0.058023, 0.058171, 0.058223, 0.058313, 0.058412, 0.058414, 0.05864, 0.058683, 0.058698, 0.058796, 0.058801, 0.058857, 0.059136, 0.059152, 0.059606, 0.059909, 0.060178, 0.060245, 0.060634, 0.060697, 0.060769, 0.060921, 0.060981, 0.061044, 0.061155, 0.061506, 0.061678, 0.062027, 0.062145, 0.062356, 0.062798, 0.062953, 0.063059, 0.063143, 0.063152, 0.063222, 0.06366, 0.063754, 0.063962, 0.063963, 0.064043, 0.064779, 0.064815, 0.064831, 0.065077, 0.065636, 0.065657, 0.065747, 0.065838, 0.065909, 0.065923, 0.066173, 0.066199, 0.066253, 0.066491, 0.066492, 0.066691, 0.066872, 0.066944, 0.066957, 0.06747, 0.067841, 0.067869, 0.068031, 0.068041, 0.068165, 0.068262, 0.068407, 0.068466, 0.068647, 0.068744, 0.068815, 0.068902, 0.069386, 0.069688, 0.069998, 0.07, 0.070465, 0.071069, 0.071111, 0.071121, 0.07174, 0.07178, 0.071985, 0.07206, 0.072144, 0.072426, 0.072548, 0.072617, 0.072715, 0.072716, 0.072787, 0.072911, 0.073114, 0.073212, 0.07322, 0.073577, 0.073806, 0.074112, 0.074273, 0.074322, 0.07449, 0.074757, 0.075412, 0.075735, 0.0759, 0.075909, 0.075995, 0.07603, 0.07621, 0.076471, 0.07652, 0.07698, 0.077014, 0.077055, 0.077255, 0.077264, 0.077858, 0.077858, 0.077907, 0.078214, 0.078366, 0.078443, 0.078548, 0.078837, 0.079829, 0.079963, 0.080212, 0.080478, 0.080975, 0.081431, 0.081779, 0.081895, 0.082075, 0.082083, 0.082118, 0.082214, 0.082223, 0.082248, 0.082688, 0.082787, 0.082812, 0.083116, 0.083577, 0.083642, 0.083689, 0.083839, 0.084191, 0.084195, 0.0863, 0.086326, 0.086892, 0.086996, 0.087563, 0.087834, 0.087875, 0.088351, 0.088596, 0.08864, 0.088906, 0.089274, 0.089631, 0.089667, 0.089767, 0.090092, 0.090538, 0.090566, 0.091053, 0.091342, 0.091424, 0.09146, 0.091665, 0.091739, 0.091872, 0.092165, 0.09234, 0.092542, 0.092802, 0.093221, 0.093379, 0.093727, 0.093852, 0.09388, 0.093895, 0.093998, 0.09421, 0.094334, 0.094738, 0.09526, 0.095537, 0.095677, 0.096165, 0.09625, 0.096399, 0.096481, 0.096508, 0.096623, 0.096764, 0.096795, 0.096957, 0.09703, 0.097081, 0.097617, 0.097643, 0.097691, 0.097991, 0.098486, 0.098638, 0.09902, 0.099037, 0.09908, 0.09914, 0.099442, 0.099655, 0.099972, 0.100284, 0.100376, 0.100627, 0.100985, 0.101543, 0.102263, 0.102671, 0.102958, 0.103061, 0.103182, 0.103227, 0.103246, 0.103324, 0.103536, 0.10357, 0.103626, 0.103694, 0.103955, 0.104006, 0.104029, 0.104044, 0.104328, 0.10448, 0.10496, 0.105029, 0.105178, 0.105182, 0.105265, 0.105396, 0.105718, 0.106404, 0.106411, 0.10654, 0.106542, 0.106643, 0.106864, 0.107084, 0.107358, 0.107766, 0.108114, 0.108165, 0.108197, 0.108212, 0.108259, 0.108363, 0.108685, 0.108914, 0.108917, 0.108964, 0.109346, 0.110086, 0.110522, 0.110526, 0.110593, 0.110828, 0.111837, 0.112085, 0.112394, 0.11246, 0.112553, 0.112875, 0.113132, 0.113354, 0.114395, 0.114995, 0.115286, 0.115763, 0.11599, 0.116124, 0.116283, 0.116646, 0.116869, 0.116901, 0.116962, 0.117106, 0.117114, 0.117125, 0.11725, 0.117564, 0.117953, 0.118552, 0.118863, 0.119056, 0.119168, 0.119683, 0.12032, 0.120818, 0.120879, 0.121637, 0.121859, 0.121941, 0.122778, 0.123166, 0.123979, 0.124405, 0.124524, 0.124845, 0.125444, 0.125634, 0.126019, 0.126188, 0.126298, 0.126325, 0.127037, 0.127683, 0.127726, 0.127953, 0.128029, 0.128146, 0.128452, 0.128558, 0.128641, 0.128924, 0.129212, 0.129369, 0.129404, 0.129697, 0.129878, 0.130132, 0.130308, 0.130745, 0.131163, 0.131252, 0.131764, 0.131945, 0.132431, 0.132603, 0.132725, 0.132726, 0.132747, 0.133358, 0.133567, 0.133921, 0.134706, 0.135192, 0.135212, 0.135494, 0.13593, 0.136213, 0.136452, 0.137553, 0.138204, 0.138211, 0.138702, 0.138869, 0.139073, 0.13924, 0.139705, 0.139988, 0.140928, 0.141182, 0.141952, 0.142196, 0.142429, 0.143183, 0.143318, 0.143335, 0.143467, 0.143648, 0.143773, 0.143874, 0.144732, 0.145019, 0.145021, 0.145131, 0.145244, 0.146152, 0.146239, 0.146442, 0.146818, 0.146943, 0.146983, 0.146992, 0.147345, 0.147957, 0.148053, 0.148602, 0.149261, 0.149295, 0.14955, 0.149675, 0.149703, 0.149711, 0.149873, 0.150645, 0.150952, 0.151205, 0.151964, 0.152011, 0.152495, 0.152673, 0.153335, 0.154218, 0.154219, 0.154449, 0.154691, 0.155462, 0.155631, 0.155938, 0.156223, 0.156254, 0.156281, 0.157442, 0.157653, 0.158114, 0.159489, 0.159632, 0.159643, 0.160305, 0.160812, 0.160826, 0.160916, 0.161117, 0.1613, 0.161389, 0.161739, 0.161986, 0.162207, 0.16277, 0.162789, 0.162954, 0.163257, 0.163578, 0.163712, 0.164361, 0.164407, 0.164599, 0.164676, 0.165089, 0.165488, 0.165965, 0.166285, 0.167117, 0.167285, 0.167329, 0.16755, 0.167668, 0.167895, 0.168263, 0.168671, 0.168929, 0.171115, 0.171251, 0.171774, 0.172379, 0.172653, 0.172844, 0.173465, 0.173558, 0.173664, 0.173896, 0.174259, 0.174305, 0.174335, 0.174548, 0.174942, 0.175012, 0.175532, 0.1765, 0.176543, 0.176874, 0.177246, 0.177349, 0.178862, 0.178989, 0.179578, 0.179858, 0.180343, 0.180639, 0.181431, 0.181893, 0.183306, 0.183517, 0.183767, 0.183854, 0.184203, 0.184825, 0.185817, 0.186129, 0.186311, 0.186471, 0.187114, 0.187305, 0.187323, 0.188381, 