{"sigma_r": null, "sigma_i": 4.8919, "m": 3, "seed": 3241062389, "n_k": {"1": 5166, "2": 622, "3": 69, "4": 0, "5": 0, "6+": 0}, "dlogr": [0.000569, 0.000791, 0.001146, 0.002075, 0.002131, 0.002149, 0.002225, 0.00231, 0.002326, 0.002982, 0.003191, 0.00358, 0.004024, 0.004437, 0.004992, 0.004999, 0.005008, 0.005996, 0.006061, 0.006409, 0.007613, 0.008793, 0.009565, 0.010164, 0.010774, 0.010974, 0.012058, 0.012159, 0.012483, 0.01287, 0.013502, 0.013643, 0.01415, 0.014151, 0.014273, 0.014577, 0.014728, 0.014919, 0.015007, 0.015829, 0.016038, 0.016547, 0.016792, 0.01761, 0.018268, 0.01834, 0.019348, 0.019608, 0.020385, 0.021132, 0.021186, 0.021262, 0.021642, 0.021881, 0.022288, 0.023354, 0.023389, 0.023655, 0.023859, 0.023887, 0.024724, 0.024742, 0.024776, 0.024832, 0.02517, 0.025272, 0.025485, 0.025689, 0.025794, 0.025992, 0.026796, 0.027275, 0.027585, 0.027607, 0.028695, 0.028713, 0.028767, 0.029172, 0.02921, 0.029498, 0.030085, 0.030146, 0.030563, 0.030819, 0.030874, 0.031063, 0.031085, 0.031425, 0.031471, 0.031521, 0.031861, 0.031927, 0.032137, 0.032199, 0.032206, 0.033082, 0.03316, 0.033209, 0.033549, 0.033661, 0.033761, 0.034336, 0.03502, 0.035588, 0.035608, 0.035611, 0.035679, 0.036769, 0.037081, 0.03731, 0.037581, 0.037675, 0.037801, 0.037919, 0.038141, 0.038529, 0.039576, 0.039883, 0.039942, 0.0404, 0.040525, 0.040608, 0.040912, 0.041543, 0.042123, 0.044082, 0.044619, 0.044802, 0.045193, 0.045269, 0.045296, 0.045407, 0.04549, 0.047262, 0.048844, 0.048956, 0.048977, 0.04928, 0.049441, 0.049738, 0.049778, 0.050092, 0.050456, 0.050532, 0.050772, 0.05089, 0.051072, 0.052916, 0.053114, 0.053468, 0.054275, 0.054552, 0.055509, 0.056621, 0.056805, 0.056903, 0.057971, 0.058453, 0.058813, 0.059106, 0.059336, 0.05977, 0.06077, 0.061087, 0.061138, 0.061946, 0.062183, 0.062263, 0.062486, 0.064009, 0.06426, 0.064298, 0.065086, 0.065422, 0.065596, 0.066223, 0.066359, 0.066685, 0.066848, 0.067134, 0.067422, 0.067465, 0.067591, 0.067936, 0.067941, 0.068233, 0.06828, 0.068768, 0.069114, 0.069321, 0.070455, 0.070466, 0.070735, 0.071404, 0.071654, 0.072001, 0.072108, 0.072334, 0.073102, 0.073678, 0.073827, 0.074051, 0.074277, 0.07452, 0.07497, 0.077049, 0.07733, 0.077723, 0.078149, 0.078468, 0.079172, 0.079307, 0.079495, 0.079606, 0.079979, 0.080314, 0.080482, 0.080805, 0.08094, 0.081952, 0.082282, 0.082539, 0.082547, 0.083339, 0.083466, 0.083709, 0.084215, 0.085119, 0.08515, 0.085952, 0.086892, 0.087488, 0.087704, 0.088045, 0.088194, 0.088731, 0.088795, 0.089581, 0.090053, 0.090202, 0.090215, 0.090537, 0.090948, 0.091296, 0.091401, 0.092559, 0.094321, 0.094736, 0.094987, 0.095178, 0.095525, 0.095821, 0.096319, 0.09691, 0.096978, 0.097361, 0.097661, 0.097797, 0.098845, 0.09944, 0.099501, 0.1012, 0.101657, 0.102115, 0.102172, 0.102274, 0.103076, 0.103294, 0.103295, 0.106022, 0.106288, 0.107159, 0.107399, 0.107476, 0.10773, 0.107732, 0.10859, 0.108616, 0.110257, 0.11031, 0.11273, 0.113595, 0.113703, 0.115924, 0.116017, 0.116112, 0.116633, 0.11721, 0.119435, 0.120348, 0.12062, 0.120842, 0.120856, 0.121251, 0.121734, 0.12242, 0.122474, 0.123097, 0.123546, 0.123643, 0.124215, 0.124737, 0.125478, 0.126434, 0.126964, 0.127813, 0.128304, 0.128507, 0.129298, 0.129352, 0.129625, 0.130124, 0.130388, 0.130493, 0.130973, 0.131372, 0.13146, 0.132383, 0.133112, 0.134598, 0.13482, 0.135402, 0.136881, 0.137046, 0.137266, 0.137737, 0.13799, 0.13832, 0.138406, 0.13913, 0.139598, 0.141172, 0.141184, 0.143103, 0.143455, 0.144084, 0.144291, 0.144353, 0.144781, 0.14489, 0.146211, 0.147143, 0.147633, 0.147728, 0.148417, 0.149316, 0.149495, 0.150941, 0.152295, 0.153276, 0.153335, 0.153957, 0.153979, 0.1541, 0.154442, 0.154677, 0.154709, 0.155826, 0.156446, 0.158722, 0.159794, 0.160485, 0.16066, 0.161395, 0.16232, 0.162431, 0.162518, 0.163031, 0.163108, 0.16333, 0.16416, 0.164317, 0.167625, 0.167855, 0.168045, 0.168091, 0.168153, 0.168261, 0.169438, 0.171062, 0.172773, 0.17344, 0.174003, 0.175859, 0.175996, 0.176035, 0.176108, 0.17755, 0.177762, 0.178147, 0.178156, 0.178483, 0.178894, 0.179511, 0.180464, 0.182215, 0.184736, 0.184881, 0.185183, 0.185779, 0.186106, 0.187014, 0.187215, 0.187376, 0.187563, 0.18811, 0.188597, 0.189598, 0.189965, 0.190682, 0.190822, 0.192674, 0.19304, 0.194095, 0.194304, 0.195423, 0.196064, 0.196105, 0.196743, 0.197304, 0.197558, 0.197869, 0.198087, 0.199813, 0.200725, 0.200788, 0.202032, 0.202793, 0.203294, 0.203716, 0.203736, 0.204736, 0.205688, 0.205736, 0.206234, 0.207472, 0.207698, 0.208189, 0.208446, 0.209462, 0.209778, 0.209788, 0.209838, 0.210242, 0.211373, 0.212328, 0.212494, 0.21296, 0.213089, 0.21385, 0.214111, 0.215187, 0.215841, 0.217611, 0.217744, 0.217881, 0.218346, 0.218931, 0.219091, 0.219438, 0.220041, 0.220384, 0.221044, 0.222831, 0.222994, 0.22424, 0.227345, 0.228013, 0.228241, 0.228649, 0.229949, 0.230474, 0.230664, 0.230751, 0.232063, 0.232496, 0.233886, 0.235345, 0.236037, 0.236904, 0.237454, 0.237945, 0.239316, 0.239967, 0.240101, 0.241473, 0.241738, 0.242407, 0.242453, 0.242735, 0.245043, 0.245569, 0.248326, 0.250167, 0.250624, 0.251128, 0.251214, 0.251299, 0.251675, 0.253366, 0.254496, 0.255342, 0.255567, 0.256952, 0.257752, 0.261606, 0.261808, 0.264059, 0.264082, 0.264238, 0.265607, 0.26899, 0.26962, 0.270876, 0.271342, 0.271584, 0.272228, 0.272919, 0.27315, 0.273568, 0.2778, 0.279736, 0.28259, 0.282874, 0.283391, 0.284374, 0.28651, 0.287646, 0.288049, 0.288353, 0.288519, 0.289236, 0.289295, 0.289693, 0.291533, 0.29263, 0.295829, 0.29633, 0.297081, 0.297564, 0.299265, 0.301333, 0.301464, 0.302046, 0.302674, 0.304064, 0.304159, 0.307364, 0.3076, 0.309542, 0.309826, 0.309838, 0.310484, 0.312681, 0.313122, 0.314569, 0.314676, 0.314925, 0.315121, 0.317159, 0.319533, 0.320453, 0.322729, 0.32656, 0.326971, 0.327233, 0.328264, 0.329838, 0.332264, 0.335613, 0.340792, 0.345823, 0.348569, 0.352748, 0.352967, 0.355774, 0.357235, 0.35775, 0.358075, 0.3586, 0.360391, 0.361052, 0.362907, 0.36308, 0.363961, 0.369802, 0.375232, 0.375276, 0.375825, 0.378853, 0.382719, 0.383413, 0.383828, 0.38681, 0.387172, 0.391618, 0.391813, 0.392117, 0.394765, 0.401889, 0.402161, 0.404965, 0.40777, 0.410335, 0.411062, 0.41358, 0.416875, 0.417786, 0.421476, 0.422583, 0.425459, 0.425568, 0.428325, 0.429029, 0.431209, 0.43259, 0.434556, 0.444515, 0.444797, 0.460932, 0.46122, 0.462159, 0.464797, 0.470626, 0.477696, 0.480238, 0.480421, 0.480757, 0.482648, 0.493789, 0.49713, 0.498862, 0.516488, 0.51691, 0.520311, 0.520525, 0.522253, 0.523335, 0.535427, 0.542106, 0.549895, 0.560249, 0.562949, 0.569263, 0.574871, 0.578567, 0.586884, 0.587299, 0.594171, 0.595153, 0.600487, 0.604648, 0.608337, 0.610627, 0.615029, 0.616369, 0.619892, 0.621367, 0.621947, 0.627048, 0.630947, 0.636576, 0.638151, 0.640482, 0.648771, 0.650286, 0.659864, 0.660746, 0.661102, 0.664671, 0.66788, 0.669706, 0.669893, 0.670338, 0.674502, 0.676243, 0.681591, 0.690115, 0.692507, 0.697291, 0.697524, 0.697563, 0.69902, 0.709455, 0.713594, 0.715078, 0.720594, 0.722561, 0.725111, 0.727579, 0.727737, 0.741999, 0.744558, 0.746926, 0.747808, 0.753501, 0.754438, 0.75538, 0.758901, 0.76028, 0.761239, 0.768404, 0.772158, 0.77665, 0.787351, 0.79805, 0.802587, 0.809277, 0.812577, 0.812827, 0.813443, 0.815495, 0.822177, 0.822902, 0.827281, 0.833807, 0.838763, 0.841191, 0.841386, 0.842034, 0.842859, 0.84679, 0.85144, 0.85563, 0.863427, 0.870237, 0.871115, 0.87136, 0.8775, 0.886596, 0.887816, 0.888217, 0.89602, 0.897427, 0.898622, 0.902401, 0.904457, 0.909419, 0.909704, 0.917295, 0.930709, 0.934252, 0.93458, 0.939767, 0.950628, 0.957386, 0.97637, 0.977286, 0.977566, 0.98173, 0.986574, 0.990818, 0.995305, 1.010771, 1.048083, 1.063116, 1.070851, 1.079425, 1.111041, 1.142817], "monotonicity": 0.07971014492753623, "n_systems": 5857, "n_planets": 6617, "n_targets": 137493}