{"sigma_r": 0.2506, "sigma_i": 1.8292, "m": 6, "seed": 380997201, "n_k": {"1": 4108, "2": 879, "3": 180, "4": 36, "5": 2, "6+": 0}, "dlogr": [0.0, 0.0, 0.0, 0.0, 0.0, 0.0, 0.0, 8.8e-05, 0.000133, 0.000159, 0.000272, 0.000274, 0.000304, 0.000423, 0.000525, 0.000569, 0.000595, 0.000804, 0.000855, 0.000963, 0.000972, 0.001019, 0.001029, 0.001161, 0.001301, 0.001323, 0.001341, 0.001413, 0.001485, 0.001575, 0.001603, 0.00164, 0.00178, 0.001852, 0.002327, 0.002333, 0.002339, 0.002404, 0.002418, 0.002489, 0.002497, 0.002552, 0.002597, 0.002668, 0.002725, 0.002854, 0.002881, 0.002982, 0.003034, 0.003282, 0.003375, 0.003527, 0.003567, 0.003585, 0.003617, 0.003715, 0.003808, 0.003825, 0.003865, 0.003975, 0.004149, 0.004346, 0.004515, 0.004552, 0.004696, 0.0047, 0.004701, 0.004783, 0.00479, 0.00481, 0.00508, 0.005095, 0.005111, 0.005218, 0.005253, 0.005414, 0.005459, 0.00561, 0.005683, 0.005706, 0.005713, 0.005777, 0.005786, 0.005904, 0.005905, 0.005926, 0.005993, 0.006013, 0.006018, 0.006109, 0.006383, 0.006393, 0.006432, 0.00645, 0.006579, 0.006586, 0.006596, 0.006769, 0.006809, 0.006882, 0.007031, 0.007056, 0.007304, 0.007332, 0.007458, 0.007486, 0.007602, 0.007608, 0.007622, 0.007631, 0.007676, 0.007745, 0.007769, 0.007844, 0.007881, 0.007897, 0.007904, 0.007913, 0.007981, 0.008025, 0.008084, 0.008143, 0.008223, 0.008254, 0.008266, 0.008267, 0.008387, 0.008428, 0.008459, 0.008462, 0.008498, 0.008601, 0.008694, 0.008699, 0.008742, 0.008796, 0.008797, 0.008852, 0.008885, 0.009087, 0.009093, 0.009137, 0.009154, 0.009168, 0.009174, 0.009253, 0.009504, 0.00959, 0.009643, 0.009696, 0.009742, 0.009994, 0.010086, 0.010133, 0.010162, 0.010165, 0.010349, 0.010355, 0.010372, 0.010437, 0.010445, 0.010523, 0.010742, 0.010776, 0.01079, 0.010876, 0.010887, 0.010947, 0.010965, 0.010987, 0.01099, 0.011037, 0.011051, 0.011057, 0.01112, 0.011193, 0.011209, 0.011235, 0.011378, 0.01141, 0.011477, 0.011623, 0.011739, 0.011796, 0.011847, 0.012011, 0.01216, 0.01217, 0.012295, 0.012377, 0.012383, 0.01243, 0.012446, 0.01252, 0.012557, 0.012595, 0.012596, 0.01266, 0.012754, 0.012765, 0.012917, 0.013203, 0.013301, 0.013304, 0.013312, 0.013326, 0.0134, 0.013484, 0.013512, 0.01355, 0.013657, 0.013667, 0.013677, 0.01372, 0.013724, 0.013756, 0.013773, 0.013943, 0.014106, 0.014189, 0.014261, 0.01428, 0.014281, 0.014351, 0.014417, 0.01443, 0.014499, 0.01451, 0.014537, 0.01459, 0.014601, 0.014609, 0.014626, 0.014636, 0.014647, 0.014668, 0.014718, 0.014721, 0.014749, 0.014763, 0.014785, 0.015148, 0.015163, 0.01524, 0.015271, 0.01535, 0.015355, 0.015429, 0.015555, 0.015573, 0.015756, 0.015772, 0.01583, 0.01593, 0.015972, 0.016021, 0.01603, 0.016074, 0.01628, 0.01629, 0.016339, 0.016372, 0.016448, 0.016499, 0.016528, 0.016529, 0.016613, 0.01662, 0.016644, 0.016781, 0.016793, 0.016928, 0.016979, 0.016981, 0.017028, 0.017152, 0.017274, 0.017338, 0.01743, 0.01744, 0.017506, 0.017514, 0.017537, 0.017567, 0.017623, 0.017632, 0.01783, 0.017835, 0.017865, 0.018001, 0.018079, 0.018097, 0.018113, 0.018374, 0.018519, 0.018674, 0.018677, 0.01868, 0.018713, 0.018731, 0.018836, 0.01888, 0.019064, 0.019103, 0.019407, 0.019641, 0.019793, 0.019826, 0.019836, 0.019847, 0.019881, 0.01991, 0.020034, 0.020046, 0.020084, 0.020231, 0.020289, 0.020289, 0.020308, 0.020355, 0.020543, 0.020558, 0.020568, 0.020603, 0.020736, 0.020743, 0.020884, 0.0209, 0.021152, 0.021156, 0.021359, 0.021465, 0.021465, 0.021483, 0.021627, 0.021684, 0.021684, 0.021746, 0.02188, 0.021998, 0.022081, 0.022083, 0.022238, 0.022298, 0.022385, 0.022435, 0.02248, 0.022584, 0.022687, 0.022734, 0.022754, 0.022794, 0.022831, 0.022998, 0.023068, 0.023093, 0.023298, 0.023426, 0.023467, 0.023505, 0.023662, 0.023733, 0.023975, 0.024112, 0.024162, 0.024174, 0.024276, 0.024404, 0.024432, 0.024543, 0.024711, 0.02475, 0.024855, 0.024968, 0.024973, 0.025122, 0.025154, 0.025264, 0.025323, 0.025374, 0.025387, 0.025466, 0.025482, 0.025486, 0.025543, 0.025602, 0.025609, 0.025636, 0.025726, 0.025753, 0.025818, 0.025896, 0.025901, 0.026132, 0.026228, 0.026377, 0.026388, 0.026426, 0.026505, 0.026637, 0.026698, 0.02684, 0.026903, 0.026913, 0.026949, 0.026999, 0.027033, 0.027044, 0.027068, 0.027154, 0.027159, 0.027172, 0.027197, 0.027203, 0.02725, 0.027317, 0.027355, 0.027357, 0.027433, 0.027604, 0.027744, 0.02783, 0.027942, 0.028081, 0.028273, 0.028387, 0.028426, 0.028454, 0.028474, 0.028538, 0.028695, 0.028836, 0.029256, 0.029303, 0.029304, 0.029534, 0.029619, 0.029646, 0.029659, 0.029728, 0.029732, 0.029848, 0.029985, 0.030006, 0.030029, 0.030083, 0.030159, 0.030169, 0.030267, 0.030414, 0.030609, 0.030945, 0.031122, 0.03119, 0.031484, 0.031591, 0.031598, 0.03165, 0.031839, 0.031887, 0.032135, 0.032155, 0.032201, 0.032246, 0.032256, 0.032368, 0.032586, 0.032593, 0.032671, 0.032729, 0.032824, 0.032833, 0.032882, 0.032993, 0.033079, 0.033121, 0.033128, 0.033281, 0.033354, 0.033473, 0.033582, 0.033601, 0.033648, 0.033728, 0.033939, 0.034169, 0.034169, 0.034172, 0.034272, 0.034395, 0.034396, 0.034525, 0.03465, 0.03475, 0.034986, 0.035062, 0.035106, 0.035245, 0.035288, 0.0353, 0.035375, 0.035473, 0.035494, 0.035503, 0.035507, 0.035837, 0.035859, 0.035975, 0.036055, 0.036143, 0.036167, 0.036365, 0.036416, 0.036614, 0.036765, 0.036888, 0.036946, 0.037129, 0.037257, 0.03736, 0.037452, 0.037673, 0.037717, 0.037736, 0.037742, 0.037831, 0.037841, 0.038116, 0.038189, 0.038223, 0.038251, 0.038325, 0.038668, 0.038734, 0.038898, 0.038998, 0.039057, 0.039199, 0.039297, 0.03938, 0.039388, 0.039637, 0.03965, 0.0399, 0.03994, 0.03995, 0.03996, 0.040055, 0.040099, 0.04014, 0.040165, 0.040197, 0.040419, 0.040434, 0.040527, 0.040533, 0.040595, 0.040686, 0.040701, 0.040713, 0.040914, 0.041035, 0.041064, 0.041108, 0.041129, 0.041138, 0.041167, 0.041222, 0.041248, 0.041407, 0.041461, 0.041489, 0.0416, 0.04168, 0.041801, 0.041824, 0.041905, 0.041964, 0.042018, 0.042142, 0.042369, 0.042444, 0.042478, 0.042551, 0.042827, 0.042838, 0.042938, 0.042962, 0.043015, 0.043023, 0.043292, 0.04371, 0.043775, 0.043921, 0.043975, 0.044078, 0.044124, 0.044193, 0.044199, 0.04433, 0.044372, 0.044386, 0.044539, 0.044877, 0.044896, 0.045017, 0.045235, 0.04525, 0.045253, 0.04531, 0.045451, 0.045602, 0.045865, 0.045889, 0.046187, 0.046404, 0.046435, 0.046464, 0.046714, 0.046764, 0.046953, 0.047149, 0.047234, 0.047296, 0.047438, 0.047459, 0.047702, 0.04788, 0.047942, 0.048101, 0.048197, 0.04838, 0.048402, 0.04842, 0.048601, 0.048678, 0.04874, 0.048795, 0.049067, 0.049269, 0.049313, 0.0495, 0.049594, 0.049628, 0.049735, 0.049768, 0.049781, 0.049841, 0.049857, 0.049926, 0.049973, 0.0501, 0.050126, 0.050199, 0.05023, 0.050328, 0.0504, 0.050424, 0.050576, 0.051049, 0.051087, 0.051238, 0.051325, 0.051422, 0.051686, 0.051692, 0.05171, 0.052051, 0.052125, 0.052127, 0.052286, 0.052344, 0.052434, 0.05249, 0.052516, 0.052742, 0.052766, 0.05291, 0.053022, 0.053081, 0.053305, 0.053412, 0.053428, 0.053504, 0.053549, 0.053688, 0.05373, 0.053742, 0.05395, 0.054052, 0.054146, 0.054175, 0.054289, 0.054324, 0.054386, 0.054719, 0.054751, 0.054858, 0.054876, 0.054896, 0.055379, 0.055413, 0.055461, 0.0555, 0.055562, 0.055593, 0.055644, 0.055718, 0.056004, 0.056037, 0.056346, 0.05648, 0.056583, 0.056676, 0.056676, 0.056679, 0.057332, 0.057736, 0.057835, 0.057908, 0.058067, 0.058086, 0.058322, 0.058324, 0.058441, 0.058671, 0.058794, 0.05892, 0.059099, 0.059178, 0.059337, 0.059363, 0.059413, 0.059453, 0.059502, 0.059519, 0.059581, 0.059652, 0.059718, 0.059734, 0.059795, 0.059804, 0.059814, 0.0602, 0.060235, 0.060301, 0.060383, 0.060468, 0.060562, 0.060607, 0.060693, 0.060716, 0.060729, 0.060765, 0.060837, 0.060885, 0.060918, 0.060975, 0.061046, 0.061217, 0.061405, 0.06142, 0.061532, 0.061759, 0.061853, 0.062055, 0.062078, 0.062398, 0.06246, 0.062472, 0.062576, 0.062611, 0.062914, 0.063105, 0.063439, 0.063563, 0.063594, 0.063768, 0.06403, 0.064078, 0.064144, 0.064236, 0.064338, 0.064584, 0.064598, 0.064713, 0.064936, 0.065015, 0.065456, 0.065539, 0.065681, 0.065682, 0.06571, 0.065767, 0.065913, 0.06601, 0.066127, 0.066192, 0.066295, 