{"sigma_r": 1.2164, "sigma_i": 1.1186, "m": 10, "seed": 1519234913, "n_k": {"1": 3959, "2": 972, "3": 224, "4": 49, "5": 7, "6+": 1}, "dlogr": [0.0, 0.0, 0.000146, 0.000345, 0.000504, 0.000615, 0.00075, 0.001007, 0.001029, 0.00132, 0.001342, 0.001343, 0.001418, 0.001599, 0.001772, 0.001852, 0.001868, 0.001904, 0.00191, 0.002403, 0.002552, 0.002889, 0.003323, 0.003362, 0.003442, 0.003508, 0.003615, 0.003845, 0.004042, 0.004142, 0.004153, 0.004172, 0.00423, 0.004513, 0.004764, 0.004805, 0.004856, 0.005033, 0.005179, 0.005242, 0.005678, 0.005728, 0.005876, 0.005942, 0.006099, 0.006199, 0.00642, 0.006452, 0.006707, 0.007031, 0.007159, 0.007278, 0.007598, 0.007639, 0.008016, 0.008526, 0.008704, 0.008706, 0.008717, 0.00874, 0.008943, 0.009134, 0.009609, 0.00963, 0.009662, 0.010101, 0.010386, 0.010482, 0.010609, 0.010965, 0.010992, 0.011008, 0.011009, 0.011264, 0.011282, 0.011326, 0.011349, 0.011432, 0.011654, 0.011708, 0.011934, 0.012135, 0.012326, 0.012416, 0.012537, 0.01267, 0.012675, 0.012878, 0.012925, 0.013117, 0.013255, 0.013303, 0.013573, 0.013817, 0.013873, 0.013906, 0.014055, 0.014386, 0.014419, 0.014461, 0.014791, 0.014821, 0.014904, 0.015026, 0.015479, 0.01552, 0.015827, 0.016011, 0.016015, 0.016098, 0.016903, 0.016986, 0.016988, 0.017065, 0.017424, 0.017441, 0.017489, 0.017539, 0.017626, 0.017686, 0.017714, 0.017772, 0.017832, 0.017921, 0.017938, 0.018244, 0.018326, 0.018633, 0.01879, 0.019695, 0.019837, 0.019844, 0.019861, 0.019863, 0.019912, 0.020077, 0.020254, 0.020341, 0.020437, 0.020527, 0.020687, 0.020861, 0.021184, 0.021235, 0.021289, 0.021507, 0.021828, 0.021893, 0.022041, 0.022045, 0.022066, 0.022098, 0.022354, 0.022517, 0.022703, 0.022883, 0.022998, 0.023043, 0.023056, 0.023088, 0.023363, 0.023514, 0.023558, 0.023558, 0.023812, 0.024105, 0.024128, 0.024174, 0.024277, 0.02442, 0.024424, 0.024425, 0.024604, 0.024608, 0.024687, 0.02489, 0.025019, 0.025262, 0.02547, 0.025471, 0.025492, 0.025559, 0.025971, 0.026173, 0.02637, 0.026424, 0.026537, 0.026685, 0.026731, 0.026887, 0.027037, 0.027462, 0.027692, 0.027875, 0.028298, 0.028663, 0.028795, 0.02895, 0.029058, 0.02906, 0.0291, 0.029653, 0.029729, 0.029996, 0.029998, 0.030069, 0.0301, 0.030111, 0.030116, 0.030186, 0.030191, 0.030204, 0.030455, 0.030755, 0.031014, 0.03112, 0.031211, 0.031358, 0.031453, 0.031482, 0.031635, 0.031893, 0.032044, 0.032171, 0.032176, 0.032249, 0.032383, 0.032468, 0.032498, 0.03296, 0.033028, 0.033067, 0.03342, 0.03349, 0.033708, 0.034767, 0.034894, 0.035012, 0.035955, 0.036016, 0.036457, 0.036472, 0.036509, 0.036865, 0.036938, 0.037208, 0.037349, 0.037387, 0.037734, 0.037775, 0.03788, 0.038013, 0.038236, 0.038269, 0.038294, 0.038318, 0.038363, 0.038431, 0.038438, 0.038512, 0.038587, 0.038966, 0.039068, 0.039091, 0.039201, 0.039328, 0.039352, 0.039735, 0.040133, 0.040217, 0.040434, 0.040864, 0.04087, 0.040884, 0.041041, 0.041049, 0.041154, 0.041443, 0.041549, 0.041827, 0.041894, 0.042061, 0.042166, 0.042232, 0.042364, 0.042489, 0.042552, 0.042726, 0.042974, 0.043078, 0.043325, 0.043491, 0.043611, 0.04383, 0.043845, 0.04391, 0.044085, 0.044294, 0.044304, 0.044377, 0.044549, 0.044678, 0.044785, 0.044859, 0.04492, 0.044956, 0.04512, 0.045129, 0.04542, 0.045511, 0.045514, 0.045765, 0.045903, 0.045952, 0.045972, 0.045989, 0.046051, 0.046106, 0.04613, 0.046291, 0.046293, 0.046355, 0.047145, 0.047149, 0.047264, 0.047279, 0.047396, 0.047417, 0.047428, 0.047555, 0.047821, 0.04783, 0.047855, 0.048135, 0.048406, 0.048616, 0.048674, 0.048769, 0.048782, 0.048877, 0.049236, 0.04941, 0.049453, 0.04956, 0.049686, 0.049819, 0.050296, 0.05035, 0.050633, 0.050799, 0.050811, 0.050821, 0.050939, 0.051056, 0.051351, 0.051455, 0.051939, 0.052097, 0.052553, 0.052612, 0.053019, 0.053053, 0.053167, 0.053433, 0.053575, 0.053608, 0.053633, 0.053777, 0.053843, 0.054, 0.054383, 0.054515, 0.054615, 0.054658, 0.055158, 0.055255, 0.055315, 0.055658, 0.055955, 0.056228, 0.056313, 0.056356, 0.056823, 0.056823, 0.057233, 0.057234, 0.057395, 0.057462, 0.057772, 0.057822, 0.058002, 0.058108, 0.058298, 0.058852, 0.059111, 0.059176, 0.059641, 0.059778, 0.059888, 0.060031, 0.060295, 0.060316, 0.060456, 0.060468, 0.060473, 0.060875, 0.06091, 0.060966, 0.061083, 0.061155, 0.061406, 0.061511, 0.061684, 0.061801, 0.06192, 0.062198, 0.06245, 0.062667, 0.062849, 0.063027, 0.063408, 0.063603, 0.063704, 0.063786, 0.063986, 0.064245, 0.064348, 0.064349, 0.064417, 0.064679, 0.064879, 0.064916, 0.065153, 0.06516, 0.065726, 0.065762, 0.0659, 0.065987, 0.06601, 0.06603, 0.066083, 0.066307, 0.066373, 0.066454, 0.066491, 0.066874, 0.067036, 0.067146, 0.06769, 0.067731, 0.06817, 0.068613, 0.068862, 0.068867, 0.069415, 0.069451, 0.069519, 0.070248, 0.070371, 0.070726, 0.071009, 0.071014, 0.071075, 0.071258, 0.07141, 0.071422, 0.071476, 0.071772, 0.072049, 0.072153, 0.072174, 0.072494, 0.072591, 0.072721, 0.073535, 0.073686, 0.073941, 0.073998, 0.074088, 0.074189, 0.074574, 0.074796, 0.075097, 0.075195, 0.075262, 0.075648, 0.075653, 0.076446, 0.076739, 0.077236, 0.077289, 0.077795, 0.077855, 0.077934, 0.078207, 0.078357, 0.078543, 0.078764, 0.079032, 0.079053, 0.079432, 0.0798, 0.079926, 0.080056, 0.080495, 0.080835, 0.080899, 0.081041, 0.081263, 0.081273, 0.081408, 0.081417, 0.081703, 0.081951, 0.082018, 0.08223, 0.082296, 0.082309, 0.082357, 0.083009, 0.083063, 0.083248, 0.083616, 0.084215, 0.08471, 0.084734, 0.084765, 0.084823, 0.085028, 0.085309, 0.085386, 0.085824, 0.085898, 0.086214, 0.086332, 0.086491, 0.086524, 0.086645, 0.087012, 0.087044, 0.087179, 0.087293, 0.087478, 0.088218, 0.088221, 0.088471, 0.088481, 0.088569, 0.088605, 0.088669, 0.088789, 0.088885, 0.088984, 0.089153, 0.089469, 0.089639, 0.089767, 0.089874, 0.089908, 0.089958, 0.090418, 0.091017, 0.091176, 0.091974, 0.092731, 0.092812, 0.092848, 0.092955, 0.092985, 0.093059, 0.093744, 0.093747, 0.094081, 0.094123, 0.09415, 0.094151, 0.094472, 0.094487, 0.094746, 0.095018, 0.095125, 0.095152, 0.095395, 0.09549, 0.095621, 0.095779, 0.095823, 0.095849, 0.095981, 0.096196, 0.096216, 0.096377, 0.096748, 0.096756, 0.096861, 0.096889, 0.096982, 0.097017, 0.097043, 0.097118, 0.097387, 0.097495, 0.097953, 0.098214, 0.098229, 0.098532, 0.098708, 0.099381, 0.099483, 0.099611, 0.099751, 0.099822, 0.099938, 0.100046, 0.100174, 0.100833, 0.100947, 0.101016, 0.101364, 0.101565, 0.101781, 0.101892, 0.102063, 0.102571, 0.102811, 0.102896, 0.103064, 0.103428, 0.103733, 0.103796, 0.104287, 0.104327, 0.104639, 0.104689, 0.104954, 0.104986, 0.105882, 0.105921, 0.106188, 0.106323, 0.106343, 0.107016, 0.107371, 0.107462, 0.107582, 0.107792, 0.107978, 0.108035, 0.108173, 0.108418, 0.1086, 0.108953, 0.108971, 0.109297, 0.109331, 0.109564, 0.109942, 0.110031, 0.110146, 0.110605, 0.110793, 0.11102, 0.111388, 0.11152, 0.112147, 0.112227, 0.112264, 0.112331, 0.112398, 0.112675, 0.112739, 0.112879, 0.112917, 0.113033, 0.113244, 0.11339, 0.113438, 0.113477, 0.113777, 0.114, 0.114034, 0.114043, 0.114398, 0.114414, 0.114612, 0.114683, 0.114931, 0.115074, 0.115107, 0.115196, 0.115516, 0.115551, 0.115804, 0.115825, 0.116114, 0.116207, 0.116289, 0.116791, 0.116887, 0.117166, 0.117319, 0.117833, 0.117874, 0.117922, 0.118528, 0.118672, 0.119122, 0.119265, 0.119368, 0.119388, 0.119458, 0.120337, 0.120509, 0.120534, 0.120631, 0.120684, 0.1208, 0.120816, 0.120905, 0.120971, 0.121001, 0.121229, 0.121345, 0.121636, 0.121712, 0.122377, 0.122513, 0.122577, 0.122713, 0.123698, 0.124057, 0.124116, 0.12429, 0.124369, 0.124375, 0.124582, 0.124836, 0.124874, 0.124902, 0.125034, 0.125107, 0.12538, 0.125582, 0.126301, 0.126306, 0.12637, 0.126569, 0.126626, 0.126992, 0.127152, 0.12745, 0.12768, 0.127843, 0.128062, 0.1287, 0.128725, 0.129482, 0.129896, 0.130014, 0.13006, 0.130281, 0.130414, 0.130626, 0.130649, 0.130919, 0.131121, 0.131633, 0.131795, 0.131881, 0.132559, 0.133107, 0.133449, 0.133636, 0.133798, 0.133889, 0.134057, 0.134177, 0.134275, 0.134678, 0.134781, 0.13558, 0.135609, 0.135626, 0.135651, 0.136207, 0.136236, 0.136256, 0.136595, 0.136714, 0.136783, 0.137086, 0.137179, 0.137312, 0.137473, 