{"sigma_r": 0.2506, "sigma_i": 0.8747, "m": 0, "seed": 526015758, "n_k": {"1": 3764, "2": 954, "3": 242, "4": 58, "5": 10, "6+": 2}, "dlogr": [0.0, 0.0, 0.0, 0.0, 0.0, 0.0, 0.0, 0.0, 0.0, 0.0, 0.0, 0.0, 0.0, 1e-05, 5.7e-05, 7.7e-05, 0.000118, 0.000238, 0.000348, 0.000351, 0.000371, 0.000538, 0.000565, 0.000659, 0.000886, 0.00089, 0.000938, 0.000993, 0.001073, 0.001098, 0.001114, 0.00112, 0.001223, 0.00124, 0.001275, 0.001365, 0.001441, 0.001465, 0.001467, 0.001499, 0.001683, 0.001689, 0.001755, 0.001799, 0.001938, 0.00195, 0.001956, 0.001979, 0.002005, 0.002066, 0.002183, 0.002191, 0.002242, 0.002259, 0.002263, 0.002302, 0.002348, 0.002388, 0.002447, 0.002513, 0.002541, 0.002565, 0.00259, 0.002678, 0.002785, 0.002804, 0.002873, 0.002958, 0.002975, 0.002993, 0.003026, 0.003081, 0.00313, 0.003192, 0.003342, 0.003384, 0.0034, 0.003463, 0.003774, 0.003978, 0.003979, 0.004178, 0.004309, 0.004332, 0.004366, 0.004387, 0.004401, 0.004429, 0.004464, 0.004575, 0.004637, 0.004707, 0.004757, 0.004774, 0.004778, 0.004805, 0.004851, 0.004857, 0.005014, 0.005041, 0.00506, 0.005152, 0.005217, 0.005238, 0.005254, 0.005265, 0.005315, 0.005375, 0.005416, 0.005486, 0.005579, 0.005693, 0.005716, 0.005782, 0.005835, 0.005882, 0.005928, 0.00595, 0.006085, 0.006152, 0.006155, 0.006253, 0.006295, 0.006379, 0.006457, 0.006617, 0.006648, 0.006682, 0.00673, 0.006746, 0.006764, 0.006782, 0.00682, 0.006842, 0.006988, 0.006996, 0.007099, 0.007125, 0.007156, 0.007243, 0.007315, 0.007322, 0.007378, 0.007446, 0.007508, 0.007517, 0.007549, 0.007553, 0.007574, 0.007585, 0.007659, 0.007684, 0.007718, 0.007816, 0.007817, 0.00788, 0.008069, 0.008124, 0.008135, 0.008152, 0.008167, 0.008283, 0.008283, 0.00837, 0.008528, 0.008578, 0.008612, 0.008638, 0.008652, 0.008851, 0.008924, 0.00894, 0.009157, 0.009169, 0.009215, 0.009361, 0.009386, 0.00941, 0.009479, 0.00949, 0.009493, 0.009564, 0.009617, 0.009722, 0.009766, 0.009772, 0.009785, 0.00985, 0.009871, 0.009906, 0.009937, 0.010003, 0.010161, 0.010189, 0.0103, 0.010301, 0.010367, 0.010402, 0.010408, 0.010408, 0.010453, 0.010488, 0.010547, 0.010558, 0.010843, 0.01098, 0.01098, 0.010991, 0.011006, 0.011031, 0.011094, 0.011098, 0.011169, 0.011205, 0.011302, 0.011371, 0.011384, 0.011529, 0.011545, 0.011586, 0.011614, 0.01162, 0.011644, 0.01166, 0.011668, 0.011793, 0.011819, 0.011851, 0.011891, 0.011913, 0.011941, 0.012, 0.012018, 0.012025, 0.012089, 0.012126, 0.012207, 0.012233, 0.012248, 0.012281, 0.012281, 0.012441, 0.012447, 0.012551, 0.012592, 0.012648, 0.012669, 0.012699, 0.012733, 0.012799, 0.012826, 0.012858, 0.012879, 0.012897, 0.012901, 0.012918, 0.01296, 0.012985, 0.013006, 0.013058, 0.013082, 0.013094, 0.013222, 0.013364, 0.013387, 0.013439, 0.013504, 0.013514, 0.013515, 0.013518, 0.013534, 0.013605, 0.013628, 0.013675, 0.013781, 0.013808, 0.013811, 0.013849, 0.013918, 0.01419, 0.014203, 0.014223, 0.014391, 0.014431, 0.014435, 0.014552, 0.01467, 0.014744, 0.014751, 0.01478, 0.014826, 0.014855, 0.014865, 0.014878, 0.014883, 0.014902, 0.014966, 0.014984, 0.014985, 0.01505, 0.015111, 0.015267, 0.015329, 0.015345, 0.015393, 0.015591, 0.015737, 0.015745, 0.015745, 0.01576, 0.015816, 0.015835, 0.015992, 0.016078, 0.016094, 0.016097, 0.016102, 0.016167, 0.016199, 0.016217, 0.016487, 0.016512, 0.016524, 0.016583, 0.016598, 0.016646, 0.016648, 0.016701, 0.016805, 0.016822, 0.017058, 0.017099, 0.017323, 0.017395, 0.017491, 0.017521, 0.017619, 0.01768, 0.017804, 0.017997, 0.018095, 0.018098, 0.018278, 0.018301, 0.018348, 0.018416, 0.01842, 0.018453, 0.018463, 0.018685, 0.018688, 0.018761, 0.01883, 0.018902, 0.018995, 0.019129, 0.019145, 0.01918, 0.019197, 0.019316, 0.019361, 0.019552, 0.01966, 0.019717, 0.019793, 0.019897, 0.019924, 0.019992, 0.019996, 0.020012, 0.020021, 0.020117, 0.020165, 0.020174, 0.020205, 0.020288, 0.020338, 0.020392, 0.020484, 0.020562, 0.020598, 0.020625, 0.020647, 0.020688, 0.020879, 0.020935, 0.021062, 0.021142, 0.021198, 0.021218, 0.021237, 0.021253, 0.021266, 0.021279, 0.021309, 0.021324, 0.021347, 0.02136, 0.021468, 0.021473, 0.021509, 0.02153, 0.021536, 0.021579, 0.021587, 0.021682, 0.021714, 0.021772, 0.021831, 0.021916, 0.021978, 0.022007, 0.022082, 0.022087, 0.022147, 0.022236, 0.022252, 0.022284, 0.022406, 0.022409, 0.022426, 0.022474, 0.022555, 0.022579, 0.022605, 0.022693, 0.022741, 0.0228, 0.022814, 0.02292, 0.02292, 0.023047, 0.023063, 0.023145, 0.023178, 0.023209, 0.023275, 0.023407, 0.023459, 0.023575, 0.023594, 0.023612, 0.023643, 0.023648, 0.023649, 0.023686, 0.02373, 0.023746, 0.023795, 0.023833, 0.023847, 0.023997, 0.024055, 0.024064, 0.024064, 0.024101, 0.024151, 0.024168, 0.024181, 0.024202, 0.024209, 0.02423, 0.024328, 0.024452, 0.024489, 0.024578, 0.024626, 0.024639, 0.024645, 0.024845, 0.024917, 0.024943, 0.024973, 0.025066, 0.025105, 0.025157, 0.025174, 0.025198, 0.025206, 0.025245, 0.025251, 0.025325, 0.025595, 0.025676, 0.026014, 0.026065, 0.026096, 0.02652, 0.026655, 0.026718, 0.026728, 0.02673, 0.0269, 0.02692, 0.027057, 0.027105, 0.027117, 0.027148, 0.02728, 0.027282, 0.027311, 0.027311, 0.027371, 0.027436, 0.027465, 0.027485, 0.027493, 0.027546, 0.027579, 0.027775, 0.027807, 0.027881, 0.027895, 0.028, 0.028007, 0.028016, 0.028045, 0.028056, 0.028321, 0.028332, 0.028387, 0.028466, 0.028467, 0.028517, 0.028519, 0.028529, 0.028573, 0.028598, 0.028606, 0.028634, 0.028638, 0.028651, 0.028775, 0.028793, 0.028797, 0.028806, 0.028833, 0.028855, 0.028902, 0.028925, 0.028927, 0.028938, 0.029036, 0.029058, 0.029135, 0.029142, 0.029203, 0.029204, 0.029222, 0.029295, 0.029301, 0.02932, 0.029323, 0.029397, 0.029425, 0.029488, 0.029528, 0.029557, 0.029765, 0.029777, 0.029811, 0.029893, 0.030052, 0.030243, 0.030341, 0.030385, 0.030482, 0.030491, 0.030532, 0.030592, 0.030616, 0.030684, 0.030693, 0.030804, 0.030843, 0.030882, 0.030898, 0.03096, 0.031065, 0.031238, 0.031266, 0.031369, 0.031387, 0.031438, 0.031446, 0.031448, 0.03147, 0.031671, 0.031756, 0.031826, 0.031829, 0.031882, 0.03196, 0.03197, 0.032025, 0.03207, 0.032156, 0.032188, 0.032219, 0.032355, 0.032376, 0.032377, 0.032432, 0.032464, 0.032476, 0.032537, 0.032544, 0.032558, 0.032561, 0.032653, 0.032695, 0.032742, 0.032924, 0.032925, 0.033059, 0.03308, 0.033158, 0.033232, 0.03324, 0.033325, 0.033332, 0.033336, 0.033544, 0.033567, 0.033637, 0.03395, 0.034035, 0.034062, 0.034161, 0.034212, 0.03433, 0.034415, 0.034531, 0.03459, 0.034614, 0.034682, 0.034733, 0.034754, 0.034783, 0.03501, 0.03504, 0.035121, 0.035354, 0.035379, 0.035412, 0.035461, 0.035483, 0.035535, 0.035709, 0.035841, 0.035866, 0.035872, 0.035883, 0.035915, 0.035976, 0.036006, 0.036107, 0.036179, 0.036221, 0.036246, 0.036269, 0.03628, 0.036413, 0.036421, 0.036422, 0.036449, 0.036451, 0.036627, 0.036632, 0.036695, 0.036702, 0.036718, 0.03673, 0.036753, 0.036762, 0.036801, 0.036827, 0.036851, 0.036888, 0.036901, 0.036957, 0.037005, 0.037168, 0.037194, 0.037207, 0.037223, 0.037285, 0.037304, 0.037339, 0.037372, 0.037378, 0.037401, 0.03742, 0.037442, 0.037459, 0.037519, 0.037611, 0.037709, 0.037754, 0.03785, 0.037857, 0.037924, 0.038014, 0.038064, 0.038104, 0.038174, 0.038324, 0.038437, 0.038457, 0.038542, 0.038545, 0.038551, 0.038572, 0.038593, 0.038621, 0.038651, 0.038675, 0.03874, 0.039048, 0.039096, 0.039217, 0.039402, 0.039526, 0.039538, 0.039596, 0.039623, 0.039652, 0.039667, 0.039684, 0.039712, 0.039739, 0.039783, 0.039888, 0.039999, 0.040001, 0.040065, 0.040262, 0.040354, 0.040396, 0.040565, 0.040604, 0.040618, 0.040637, 0.040669, 0.040887, 0.040993, 0.041064, 0.041106, 0.041125, 0.041149, 0.04119, 0.041327, 0.041437, 0.041529, 0.041582, 0.04185, 0.041864, 0.041904, 0.04196, 0.042021, 0.042257, 0.042337, 0.04237, 0.042433, 0.042599, 0.042704, 0.042755, 0.042757, 0.04285, 0.042882, 0.042887, 0.043049, 0.043063, 0.043083, 0.043101, 0.043226, 0.043235, 0.043266, 0.043311, 0.043407, 0.043514, 0.043529, 0.043862, 0.04398, 0.044244, 0.044255, 0.044383, 0.044391, 0.044406, 0.044471, 0.044671, 0.044783, 0.044909, 0.04498, 0.044981, 0.045017, 0.045042, 0.045215, 0.045362, 0.045489, 