{"sigma_r": 0.3936, "sigma_i": 6.2558, "m": 2, "seed": 1405970237, "n_k": {"1": 5250, "2": 595, "3": 51, "4": 2, "5": 0, "6+": 0}, "dlogr": [0.0, 0.0, 0.0, 0.000342, 0.000732, 0.001124, 0.001272, 0.00136, 0.002004, 0.002062, 0.002192, 0.002206, 0.002485, 0.002507, 0.002752, 0.002756, 0.002899, 0.003446, 0.003461, 0.003606, 0.003634, 0.003796, 0.003957, 0.004139, 0.004294, 0.004316, 0.00483, 0.004906, 0.005069, 0.005199, 0.00523, 0.005311, 0.005636, 0.006688, 0.006844, 0.006888, 0.007016, 0.007841, 0.007934, 0.008091, 0.008152, 0.008265, 0.008278, 0.00828, 0.008727, 0.00901, 0.009147, 0.009225, 0.009414, 0.009462, 0.009555, 0.009615, 0.009641, 0.009667, 0.009756, 0.009913, 0.01003, 0.010219, 0.010344, 0.010445, 0.010512, 0.011098, 0.011211, 0.011259, 0.011343, 0.012021, 0.012071, 0.012375, 0.012395, 0.012633, 0.01273, 0.012817, 0.012972, 0.013025, 0.013059, 0.013254, 0.013409, 0.013728, 0.01392, 0.01393, 0.014648, 0.01479, 0.014992, 0.015115, 0.015182, 0.0152, 0.016279, 0.01641, 0.016781, 0.016977, 0.017648, 0.017879, 0.018239, 0.018511, 0.018588, 0.019188, 0.019211, 0.019449, 0.01974, 0.020331, 0.020823, 0.020902, 0.020955, 0.021005, 0.021157, 0.021286, 0.021383, 0.021623, 0.02193, 0.022005, 0.022103, 0.022281, 0.022525, 0.022558, 0.022632, 0.022699, 0.022711, 0.022723, 0.022791, 0.022887, 0.022961, 0.023085, 0.023727, 0.023944, 0.024141, 0.024285, 0.024484, 0.024568, 0.024619, 0.024752, 0.024806, 0.024955, 0.025314, 0.025352, 0.025407, 0.025623, 0.025674, 0.025817, 0.025825, 0.025905, 0.02626, 0.026497, 0.027101, 0.027366, 0.027472, 0.027505, 0.027528, 0.027789, 0.028625, 0.028793, 0.028912, 0.029291, 0.029351, 0.029533, 0.029679, 0.029954, 0.029969, 0.030049, 0.030299, 0.030457, 0.030481, 0.030484, 0.03139, 0.031607, 0.031685, 0.031911, 0.032192, 0.032363, 0.032396, 0.032402, 0.033058, 0.033161, 0.033326, 0.033696, 0.033764, 0.034296, 0.034368, 0.034395, 0.034458, 0.034959, 0.035207, 0.035339, 0.035363, 0.035396, 0.035459, 0.035641, 0.036221, 0.037169, 0.037505, 0.037599, 0.037632, 0.037869, 0.037888, 0.038373, 0.038505, 0.038797, 0.038828, 0.038853, 0.039347, 0.039449, 0.039497, 0.039975, 0.0401, 0.040175, 0.040517, 0.040575, 0.040873, 0.040994, 0.041095, 0.04132, 0.041775, 0.04187, 0.042189, 0.042197, 0.042253, 0.042464, 0.042652, 0.042684, 0.042723, 0.042872, 0.042953, 0.042966, 0.042985, 0.043127, 0.043231, 0.043427, 0.043813, 0.044149, 0.04435, 0.044471, 0.045091, 0.045335, 0.045419, 0.045647, 0.046031, 0.046041, 0.046114, 0.046118, 0.046136, 0.046322, 0.046846, 0.047151, 0.047302, 0.04748, 0.047651, 0.04799, 0.048003, 0.048226, 0.048451, 0.048469, 0.048595, 0.049066, 0.049405, 0.049521, 0.049588, 0.049756, 0.049843, 0.049918, 0.050094, 0.050314, 0.050438, 0.050502, 0.050504, 0.050515, 0.050561, 0.050628, 0.050819, 0.050856, 0.050899, 0.050941, 0.05161, 0.052269, 0.052423, 0.052627, 0.053031, 0.053495, 0.05368, 0.053925, 0.054215, 0.05458, 0.054652, 0.055023, 0.055042, 0.055158, 0.055258, 0.055436, 0.055476, 0.056094, 0.05645, 0.056537, 0.056639, 0.057111, 0.057143, 0.05739, 0.057399, 0.057829, 0.058592, 0.058637, 0.05886, 0.058985, 0.059039, 0.059287, 0.059422, 0.059482, 0.059678, 0.059837, 0.060104, 0.060247, 0.06025, 0.060282, 0.060308, 0.060345, 0.060563, 0.060818, 0.061341, 0.061666, 0.061912, 0.062018, 0.062037, 0.062207, 0.062391, 0.062676, 0.06284, 0.063008, 0.063288, 0.063329, 0.063354, 0.063464, 0.063794, 0.064431, 0.064551, 0.064807, 0.065557, 0.06565, 0.065906, 0.066028, 0.066258, 0.066321, 0.066575, 0.066749, 0.066917, 0.066939, 0.067116, 0.067186, 0.068016, 0.068042, 0.068075, 0.0684, 0.06869, 0.068722, 0.068804, 0.068952, 0.069147, 0.069308, 0.069478, 0.070051, 0.070309, 0.070697, 0.070778, 0.070864, 0.071762, 0.072156, 0.072432, 0.072441, 0.07272, 0.072726, 0.073061, 0.073309, 0.073682, 0.074133, 0.074199, 0.074773, 0.074785, 0.0751, 0.076293, 0.076339, 0.076355, 0.076624, 0.076634, 0.076992, 0.077091, 0.077091, 0.077218, 0.077375, 0.077448, 0.07791, 0.078217, 0.07867, 0.07891, 0.079183, 0.079207, 0.079725, 0.080101, 0.08033, 0.080562, 0.08059, 0.080881, 0.081248, 0.081451, 0.081688, 0.082479, 0.08282, 0.082866, 0.083234, 0.083254, 0.083447, 0.084232, 0.084239, 0.084746, 0.085045, 0.085249, 0.085448, 0.086189, 0.08634, 0.086415, 0.087144, 0.087215, 0.087374, 0.087727, 0.088309, 0.08851, 0.088688, 0.089241, 0.089257, 0.089299, 0.090664, 0.090678, 0.091419, 0.091681, 0.092597, 0.092698, 0.092706, 0.09304, 0.093623, 0.093904, 0.094011, 0.094075, 0.094237, 0.095952, 0.096081, 0.096676, 0.097097, 0.097373, 0.097439, 0.098513, 0.099112, 0.09914, 0.099197, 0.099546, 0.100477, 0.10103, 0.101037, 0.101037, 0.101611, 0.101819, 0.101912, 0.101969, 0.10228, 0.102302, 0.102501, 0.102606, 0.102712, 0.102943, 0.103097, 0.103368, 0.103436, 0.103819, 0.104493, 0.104615, 0.104618, 0.104829, 0.105246, 0.105258, 0.106106, 0.106319, 0.106963, 0.108033, 0.108361, 0.108438, 0.108985, 0.109357, 0.109949, 0.110848, 0.110878, 0.111066, 0.112078, 0.112576, 0.112928, 0.117082, 0.117247, 0.11829, 0.118583, 0.119047, 0.11976, 0.120206, 0.120252, 0.120257, 0.120434, 0.120661, 0.121707, 0.122089, 0.122447, 0.123287, 0.123415, 0.124169, 0.124333, 0.124554, 0.124873, 0.125051, 0.125266, 0.125914, 0.126354, 0.126531, 0.126829, 0.127166, 0.128249, 0.128298, 0.128838, 0.129333, 0.12986, 0.130227, 0.131319, 0.131748, 0.132052, 0.132511, 0.134333, 0.135173, 0.135786, 0.136205, 0.137084, 0.137419, 0.137727, 0.137922, 0.138523, 0.139166, 0.139798, 0.140598, 0.141374, 0.141587, 0.144002, 0.144015, 0.145514, 0.147251, 0.150834, 0.156808, 0.15703, 0.157989, 0.158753, 0.15929, 0.160254, 0.160854, 0.163926, 0.165751, 0.166978, 0.168401, 0.168889, 0.170774, 0.171318, 0.174172, 0.174789, 0.176652, 0.177711, 0.181029, 0.181068, 0.182905, 0.188035, 0.188889, 0.189182, 0.19072, 0.19188, 0.192959, 0.195126, 0.195292, 0.19772, 0.197773, 0.198557, 0.200116, 0.201894, 0.202176, 0.202314, 0.205738, 0.215589, 0.21809, 0.22617, 0.226908, 0.238283, 0.239315, 0.242709, 0.245638, 0.269054, 0.270436, 0.278146, 0.279022, 0.290415, 0.293035, 0.320353, 0.403548, 0.412938, 0.489654, 0.533635, 0.534884, 0.54142, 0.558875, 0.559545, 0.569455, 0.584054, 0.593333, 0.593543, 0.59957, 0.603261, 0.60471, 0.606313, 0.610177, 0.614233, 0.621422, 0.623096, 0.62667, 0.62835, 0.635453, 0.642456, 0.647394, 0.647732, 0.651035, 0.652172, 0.659193, 0.661149, 0.663658, 0.664465, 0.673759, 0.680721, 0.683255, 0.690156, 0.699709, 0.699809, 0.707844, 0.709823, 0.710553, 0.713661, 0.715593, 0.71587, 0.71738, 0.719128, 0.723974, 0.729042, 0.729197, 0.7301, 0.733372, 0.735326, 0.739102, 0.746736, 0.760985, 0.762778, 0.769612, 0.774614, 0.774722, 0.775028, 0.777978, 0.781631, 0.7831, 0.786699, 0.788025, 0.803611, 0.803732, 0.807776, 0.824917, 0.824949, 0.832695, 0.837528, 0.842459, 0.844673, 0.848752, 0.849446, 0.849671, 0.85069, 0.85164, 0.855722, 0.865216, 0.86964, 0.886166, 0.887538, 0.893848, 0.895322, 0.898614, 0.917147, 0.92631, 0.926529, 0.935405, 0.957629, 0.958964, 0.960572, 0.986028, 0.987795, 0.991933, 1.008571, 1.009228, 1.011621, 1.022291, 1.035845, 1.037106, 1.039599, 1.095901, 1.099278, 1.124207], "monotonicity": -0.3113207547169811, "n_systems": 5898, "n_planets": 6601, "n_targets": 137493}