{"sigma_r": 0.2506, "sigma_i": 8.0, "m": 7, "seed": 727918243, "n_k": {"1": 5674, "2": 503, "3": 44, "4": 3, "5": 0, "6+": 0}, "dlogr": [0.0, 0.0, 0.0, 0.0, 0.0, 5.2e-05, 5.6e-05, 7.1e-05, 0.000115, 0.000129, 0.000136, 0.000303, 0.000417, 0.000601, 0.000718, 0.000733, 0.000933, 0.000973, 0.000984, 0.001047, 0.001092, 0.001263, 0.001711, 0.001729, 0.001833, 0.001957, 0.002017, 0.00204, 0.002069, 0.00208, 0.002238, 0.002657, 0.002751, 0.00281, 0.002821, 0.002857, 0.003022, 0.003172, 0.003258, 0.003342, 0.003721, 0.003801, 0.00393, 0.004001, 0.004073, 0.004488, 0.004504, 0.004868, 0.0059, 0.005903, 0.005916, 0.006124, 0.006183, 0.00632, 0.006504, 0.00691, 0.006957, 0.007053, 0.007204, 0.007648, 0.007884, 0.008684, 0.008727, 0.008753, 0.009413, 0.009453, 0.009614, 0.010179, 0.010505, 0.010848, 0.010902, 0.011038, 0.011198, 0.011271, 0.011348, 0.011552, 0.011595, 0.011771, 0.011805, 0.012127, 0.012157, 0.012274, 0.012431, 0.012532, 0.01264, 0.012668, 0.01271, 0.012817, 0.013176, 0.013379, 0.013675, 0.013712, 0.01405, 0.014085, 0.01416, 0.014576, 0.014684, 0.014819, 0.015003, 0.015084, 0.015348, 0.015511, 0.015811, 0.015874, 0.015959, 0.016049, 0.016164, 0.016575, 0.016705, 0.016805, 0.016866, 0.017208, 0.017403, 0.017421, 0.017574, 0.017601, 0.017716, 0.017729, 0.01773, 0.017832, 0.017917, 0.017925, 0.017953, 0.018087, 0.018434, 0.018634, 0.018654, 0.01941, 0.019566, 0.019834, 0.020097, 0.020099, 0.020199, 0.020247, 0.020322, 0.020509, 0.020549, 0.020599, 0.020763, 0.020806, 0.020851, 0.021051, 0.0212, 0.021468, 0.021896, 0.022041, 0.022079, 0.0225, 0.02264, 0.022656, 0.022706, 0.023298, 0.0234, 0.023412, 0.023459, 0.023886, 0.023987, 0.024184, 0.025251, 0.02529, 0.025305, 0.025509, 0.025553, 0.025725, 0.025739, 0.025825, 0.026026, 0.026156, 0.02631, 0.026375, 0.026413, 0.02651, 0.026578, 0.026771, 0.026896, 0.027473, 0.027518, 0.027648, 0.028186, 0.028656, 0.028709, 0.029401, 0.030758, 0.030795, 0.031284, 0.031762, 0.031882, 0.032206, 0.032479, 0.032483, 0.032535, 0.032842, 0.032911, 0.033137, 0.033427, 0.033464, 0.033521, 0.034359, 0.034739, 0.035018, 0.035706, 0.035966, 0.036185, 0.036331, 0.037128, 0.037321, 0.037471, 0.037901, 0.03797, 0.038259, 0.038284, 0.038372, 0.038513, 0.038674, 0.038732, 0.038897, 0.038919, 0.038926, 0.039113, 0.039135, 0.039353, 0.039386, 0.039439, 0.040171, 0.040349, 0.040679, 0.040735, 0.041052, 0.041125, 0.041143, 0.041161, 0.041307, 0.041466, 0.041647, 0.041713, 0.041761, 0.041763, 0.042535, 0.042938, 0.043215, 0.043349, 0.043676, 0.043719, 0.043777, 0.043924, 0.04403, 0.044531, 0.044965, 0.045344, 0.045413, 0.045654, 0.045673, 0.04573, 0.045987, 0.046024, 0.046457, 0.046705, 0.046731, 0.046777, 0.046796, 0.046823, 0.046919, 0.047039, 0.047196, 0.04722, 0.047237, 0.047805, 0.047817, 0.047986, 0.04841, 0.049036, 0.049234, 0.049519, 0.050002, 0.050514, 0.050979, 0.051309, 0.051374, 0.051381, 0.051989, 0.052014, 0.052182, 0.052202, 0.052253, 0.052444, 0.052545, 0.052548, 0.052954, 0.052992, 0.053174, 0.053316, 0.053453, 0.053511, 0.053641, 0.053777, 0.054044, 0.054298, 0.054448, 0.054897, 0.054942, 0.056676, 0.056908, 0.057635, 0.057855, 0.057905, 0.058155, 0.058266, 0.05834, 0.058445, 0.058711, 0.059067, 0.059279, 0.059458, 0.059469, 0.059714, 0.059969, 0.060247, 0.060612, 0.060946, 0.06132, 0.061581, 0.06192, 0.061978, 0.061989, 0.062166, 0.062575, 0.062689, 0.0631, 0.063267, 0.063775, 0.064334, 0.064804, 0.064976, 0.065051, 0.065084, 0.065227, 0.065252, 0.065472, 0.065765, 0.065867, 0.066072, 0.066087, 0.066172, 0.066313, 0.066432, 0.066668, 0.067286, 0.067374, 0.068427, 0.068444, 0.068801, 0.068896, 0.068929, 0.069345, 0.06956, 0.069761, 0.070342, 0.070481, 0.070542, 0.071259, 0.072128, 0.072237, 0.072253, 0.072884, 0.073413, 0.073497, 0.073875, 0.073923, 0.074062, 0.074094, 0.074163, 0.074314, 0.074684, 0.07496, 0.075009, 0.075488, 0.07573, 0.075909, 0.076281, 0.07634, 0.076531, 0.077572, 0.077584, 0.07766, 0.077933, 0.078376, 0.078819, 0.079308, 0.079499, 0.080149, 0.08035, 0.081364, 0.081753, 0.081835, 0.082088, 0.082755, 0.083124, 0.083932, 0.084208, 0.084427, 0.085044, 0.085953, 0.086596, 0.086974, 0.087377, 0.087561, 0.087954, 0.08808, 0.088261, 0.088929, 0.089413, 0.089511, 0.089922, 0.09091, 0.092593, 0.09267, 0.093377, 0.093421, 0.093716, 0.094451, 0.094502, 0.09467, 0.094809, 0.094828, 0.094835, 0.095286, 0.095313, 0.095343, 0.096222, 0.096761, 0.097069, 0.098218, 0.098591, 0.098741, 0.098954, 0.099028, 0.099551, 0.100395, 0.100429, 0.100487, 0.102125, 0.102225, 0.102671, 0.103306, 0.104963, 0.105702, 0.105909, 0.106382, 0.107949, 0.110201, 0.111636, 0.112668, 0.112917, 0.113909, 0.113985, 0.114037, 0.114253, 0.114568, 0.114724, 0.116019, 0.117889, 0.118065, 0.119077, 0.119445, 0.120306, 0.12063, 0.12064, 0.120861, 0.122704, 0.123532, 0.125571, 0.125984, 0.126786, 0.130374, 0.130518, 0.130828, 0.132967, 0.133361, 0.133921, 0.135235, 0.136996, 0.137259, 0.137303, 0.138946, 0.139824, 0.140764, 0.141472, 0.141713, 0.142534, 0.14312, 0.145603, 0.146089, 0.14851, 0.149443, 0.151791, 0.152057, 0.15247, 0.153117, 0.15969, 0.16091, 0.162349, 0.169447, 0.169985, 0.173915, 0.176225, 0.188459, 0.190384, 0.198776, 0.211915, 0.236029, 0.441767, 0.447709, 0.46515, 0.476451, 0.502918, 0.511049, 0.517143, 0.524137, 0.534036, 0.54532, 0.550886, 0.553664, 0.558917, 0.56188, 0.566706, 0.567412, 0.567582, 0.56896, 0.575919, 0.581729, 0.587798, 0.588411, 0.592583, 0.600239, 0.603873, 0.60642, 0.623533, 0.635654, 0.636278, 0.636722, 0.63873, 0.639831, 0.641956, 0.642722, 0.665182, 0.679707, 0.680159, 0.699776, 0.702183, 0.704909, 0.706184, 0.716706, 0.718256, 0.721688, 0.722167, 0.729888, 0.739982, 0.743995, 0.744353, 0.748388, 0.769773, 0.786756, 0.799957, 0.817056, 0.826322, 0.828065, 0.832302, 0.83302, 0.851369, 0.852777, 0.853351, 0.861827, 0.862588, 0.863424, 0.864983, 0.867067, 0.872894, 0.877496, 0.879559, 0.879952, 0.893636, 0.908512, 0.915282, 0.916979, 0.9263, 0.929771, 0.929781, 0.931548, 0.932262, 0.941257, 0.94519, 0.965311, 0.970125, 0.995514, 1.007689, 1.008949, 1.016159, 1.024148, 1.036062, 1.043954], "monotonicity": -0.20851063829787236, "n_systems": 6224, "n_planets": 6824, "n_targets": 137493}