{"sigma_r": 1.2164, "sigma_i": 1.8292, "m": 11, "seed": 2738414953, "n_k": {"1": 4274, "2": 912, "3": 187, "4": 35, "5": 3, "6+": 0}, "dlogr": [0.0, 0.000427, 0.000613, 0.000628, 0.000976, 0.001132, 0.001378, 0.001456, 0.001559, 0.001748, 0.00175, 0.002217, 0.002352, 0.002777, 0.003189, 0.003392, 0.003412, 0.003611, 0.004153, 0.004276, 0.004652, 0.004937, 0.004963, 0.005121, 0.005159, 0.005555, 0.005634, 0.006085, 0.006141, 0.006254, 0.006351, 0.006431, 0.006692, 0.006787, 0.006795, 0.007377, 0.007475, 0.007555, 0.007781, 0.007848, 0.008038, 0.008143, 0.0085, 0.008706, 0.008759, 0.008789, 0.008982, 0.009171, 0.009237, 0.009552, 0.00962, 0.009653, 0.009957, 0.010069, 0.010239, 0.010558, 0.010573, 0.010577, 0.011037, 0.011211, 0.011292, 0.011519, 0.011974, 0.012419, 0.012637, 0.012699, 0.012975, 0.012985, 0.013418, 0.013594, 0.013854, 0.014036, 0.014057, 0.014119, 0.014412, 0.014592, 0.014813, 0.014883, 0.015029, 0.01511, 0.015211, 0.015272, 0.015273, 0.015297, 0.015426, 0.01549, 0.015638, 0.015778, 0.015946, 0.016, 0.016153, 0.016156, 0.01635, 0.016578, 0.016667, 0.017022, 0.017215, 0.017346, 0.017415, 0.017668, 0.0178, 0.017871, 0.018263, 0.018424, 0.01854, 0.018542, 0.018591, 0.018656, 0.018757, 0.018889, 0.019114, 0.019312, 0.019861, 0.01995, 0.020119, 0.02013, 0.020158, 0.020199, 0.020211, 0.020582, 0.021032, 0.021478, 0.021966, 0.022272, 0.02237, 0.022898, 0.022965, 0.023065, 0.023264, 0.023308, 0.023407, 0.023428, 0.023543, 0.023639, 0.023725, 0.023802, 0.023979, 0.024271, 0.02432, 0.02449, 0.024849, 0.025991, 0.02608, 0.026736, 0.02677, 0.02681, 0.026975, 0.027184, 0.027226, 0.027238, 0.027421, 0.027471, 0.027479, 0.027745, 0.027861, 0.027879, 0.027963, 0.027985, 0.028115, 0.028761, 0.028951, 0.029048, 0.029297, 0.029619, 0.029732, 0.029897, 0.029946, 0.030086, 0.030699, 0.031033, 0.031089, 0.03113, 0.031183, 0.031199, 0.031539, 0.031671, 0.031767, 0.031962, 0.032055, 0.032063, 0.032608, 0.032864, 0.032934, 0.033092, 0.033208, 0.03323, 0.033378, 0.033404, 0.033512, 0.034416, 0.034757, 0.034879, 0.035003, 0.035409, 0.03542, 0.035547, 0.035911, 0.036311, 0.036372, 0.036922, 0.037553, 0.037633, 0.037805, 0.037865, 0.038063, 0.038401, 0.038563, 0.038652, 0.038702, 0.039022, 0.039203, 0.039377, 0.039493, 0.039499, 0.039647, 0.039657, 0.040202, 0.040446, 0.040532, 0.040667, 0.041495, 0.041908, 0.042148, 0.042464, 0.042475, 0.042623, 0.042907, 0.043269, 0.043316, 0.043346, 0.043385, 0.04367, 0.044182, 0.045507, 0.045517, 0.04559, 0.045603, 0.045609, 0.045621, 0.045636, 0.045997, 0.046031, 0.046168, 0.04625, 0.04632, 0.046625, 0.046938, 0.047237, 0.047377, 0.047385, 0.047505, 0.047589, 0.048101, 0.048168, 0.048285, 0.048292, 0.048372, 0.048638, 0.048988, 0.049296, 0.049435, 0.049604, 0.049718, 0.049738, 0.050011, 0.050063, 0.050159, 0.050332, 0.050351, 0.050557, 0.050687, 0.05072, 0.050728, 0.05075, 0.051122, 0.051667, 0.051787, 0.051833, 0.051927, 0.052104, 0.052268, 0.052317, 0.052325, 0.052329, 0.052388, 0.052544, 0.05267, 0.052703, 0.052724, 0.052776, 0.052781, 0.052851, 0.052894, 0.053062, 0.053545, 0.053876, 0.0539, 0.053969, 0.054043, 0.054139, 0.054394, 0.054545, 0.054602, 0.054849, 0.054858, 0.055055, 0.055057, 0.055277, 0.056055, 0.056114, 0.056248, 0.056439, 0.056596, 0.056624, 0.056665, 0.056764, 0.056778, 0.056905, 0.05692, 0.057471, 0.058247, 0.058555, 0.059139, 0.059363, 0.059785, 0.059881, 0.060189, 0.060504, 0.060545, 0.060563, 0.060632, 0.06101, 0.061053, 0.061168, 0.061398, 0.061651, 0.061679, 0.06204, 0.062087, 0.06222, 0.06234, 0.06269, 0.062817, 0.062891, 0.062899, 0.063346, 0.063552, 0.063627, 0.063738, 0.06374, 0.064327, 0.064398, 0.064588, 0.06481, 0.06579, 0.06586, 0.065916, 0.065919, 0.066144, 0.066655, 0.066958, 0.06699, 0.067198, 0.067439, 0.067612, 0.067804, 0.067938, 0.068054, 0.068373, 0.068383, 0.068397, 0.068758, 0.069021, 0.06918, 0.069344, 0.069396, 0.069769, 0.069911, 0.069987, 0.070056, 0.070288, 0.070374, 0.070885, 0.070954, 0.071195, 0.071542, 0.072487, 0.073276, 0.073467, 0.073607, 0.073767, 0.073852, 0.073862, 0.073923, 0.074373, 0.074655, 0.074776, 0.074802, 0.074935, 0.074966, 0.075184, 0.075589, 0.075623, 0.075657, 0.0759, 0.076196, 0.076353, 0.07636, 0.07655, 0.077312, 0.077706, 0.077992, 0.078046, 0.078833, 0.07897, 0.079196, 0.079214, 0.079228, 0.079598, 0.079699, 0.080012, 0.080074, 0.080252, 0.080735, 0.08075, 0.080933, 0.081956, 0.082075, 0.082083, 0.082125, 0.082397, 0.082474, 0.082608, 0.082751, 0.082751, 0.082873, 0.083122, 0.083284, 0.083473, 0.08365, 0.083674, 0.083755, 0.083908, 0.084533, 0.084741, 0.084831, 0.084971, 0.085205, 0.085734, 0.085799, 0.086107, 0.086327, 0.086519, 0.08653, 0.086603, 0.086671, 0.086702, 0.086752, 0.086759, 0.086765, 0.086798, 0.0869, 0.087078, 0.087078, 0.087079, 0.08717, 0.087375, 0.087396, 0.087613, 0.087721, 0.088113, 0.088215, 0.088243, 0.088903, 0.08905, 0.089504, 0.08968, 0.089919, 0.089947, 0.090254, 0.090309, 0.090354, 0.091237, 0.09139, 0.091505, 0.091656, 0.091751, 0.091778, 0.091952, 0.092012, 0.09211, 0.092263, 0.092308, 0.092328, 0.092398, 0.092493, 0.09251, 0.092548, 0.092624, 0.092873, 0.09364, 0.093657, 0.093724, 0.094023, 0.094878, 0.094966, 0.095177, 0.09555, 0.095789, 0.096078, 0.09617, 0.096386, 0.096414, 0.096723, 0.096989, 0.097955, 0.098096, 0.098469, 0.098862, 0.098905, 0.09913, 0.099155, 0.09932, 0.099332, 0.099656, 0.099733, 0.100038, 0.100375, 0.100562, 0.10057, 0.100587, 0.100664, 0.100734, 0.100789, 0.101005, 0.101662, 0.101738, 0.101931, 0.102384, 0.102402, 0.102606, 0.102613, 0.103314, 0.103356, 0.103393, 0.10365, 0.103685, 0.104128, 0.104273, 0.104321, 0.104327, 0.104723, 0.104748, 0.104884, 0.104956, 0.105018, 0.10543, 0.105436, 0.105507, 0.105562, 0.106215, 0.106297, 0.106341, 0.10638, 0.106392, 0.106465, 0.106572, 0.106833, 0.106913, 0.107169, 0.107176, 0.107538, 0.107844, 0.108276, 0.108307, 0.108361, 0.1088, 0.108819, 0.109084, 0.109698, 0.110198, 0.110257, 0.110702, 0.110922, 0.111525, 0.111579, 0.11189, 0.112101, 0.112103, 0.112263, 0.112917, 0.112972, 0.113539, 0.113633, 0.113644, 0.113696, 0.113938, 0.113979, 0.114254, 0.114417, 0.114574, 0.114852, 0.114966, 0.115265, 0.115512, 0.11587, 0.115945, 0.116613, 0.116679, 0.116891, 0.116986, 0.117345, 0.117546, 0.117787, 0.118035, 0.118836, 0.118854, 0.118947, 0.119584, 0.120075, 0.120251, 0.120332, 0.120344, 0.120382, 0.120945, 0.121203, 0.121689, 0.121754, 0.121756, 0.121941, 0.122516, 0.122887, 0.12294, 0.123091, 0.123098, 0.123168, 0.12319, 0.123206, 0.123217, 0.123628, 0.124075, 0.124299, 0.124446, 0.12459, 0.124624, 0.125559, 0.125767, 0.125771, 0.125846, 0.125974, 0.12603, 0.126688, 0.126798, 0.126846, 0.126898, 0.127582, 0.127717, 0.127809, 0.128089, 0.12812, 0.128291, 0.128313, 0.128462, 0.12849, 0.128896, 0.129292, 0.13005, 0.130471, 0.130531, 0.13056, 0.130979, 0.13119, 0.131313, 0.132128, 0.132148, 0.132303, 0.132311, 0.132322, 0.132652, 0.132857, 0.133034, 0.133483, 0.133742, 0.13383, 0.134148, 0.13444, 0.134574, 0.134644, 0.134917, 0.135586, 0.135779, 0.136066, 0.136539, 0.137424, 0.137603, 0.137765, 0.137798, 0.138035, 0.13812, 0.138384, 0.138701, 0.138834, 0.13905, 0.139071, 0.139415, 0.139481, 0.139506, 0.13972, 0.140349, 0.140769, 0.140846, 0.141015, 0.141201, 0.142158, 0.142852, 0.142866, 0.142889, 0.143469, 0.143722, 0.143989, 0.144524, 0.145012, 0.145224, 0.145338, 0.145468, 0.145484, 0.145896, 0.146583, 0.146786, 0.147083, 0.147484, 0.147485, 0.147668, 0.147798, 0.147805, 0.148239, 0.148255, 0.148748, 0.1489, 0.148954, 0.149739, 0.149855, 0.15022, 0.150513, 0.150712, 0.151124, 0.151406, 0.152533, 0.153302, 0.153614, 0.153754, 0.153881, 0.153936, 0.154045, 0.154178, 0.154196, 0.154352, 0.154487, 0.154744, 0.154984, 0.155231, 0.155461, 0.155807, 0.155839, 0.155914, 0.156212, 0.156214, 0.156247, 0.156479, 0.156593, 0.15696, 0.157146, 0.157246, 0.157261, 0.157334, 0.157374, 0.157987, 0.158856, 0.158942, 0.159055, 0.15919, 0.159329, 0.1599, 0.16034, 0.161199, 0.16173, 0.16223, 0.162896, 0.163058, 0.163769, 0.163865, 0.163955, 0.163962, 0.164097, 0.164399, 0.164716,