{"sigma_r": 1.2164, "sigma_i": 2.3392, "m": 5, "seed": 3721568854, "n_k": {"1": 4453, "2": 848, "3": 140, "4": 26, "5": 0, "6+": 0}, "dlogr": [4e-06, 0.000414, 0.000534, 0.00084, 0.00097, 0.001027, 0.001054, 0.001208, 0.001546, 0.001549, 0.001765, 0.001769, 0.001891, 0.001973, 0.00201, 0.002041, 0.002074, 0.002084, 0.002605, 0.003062, 0.003101, 0.003186, 0.003269, 0.003596, 0.003615, 0.00399, 0.004034, 0.004037, 0.004302, 0.005395, 0.005666, 0.005687, 0.005724, 0.005739, 0.006526, 0.006938, 0.00715, 0.00729, 0.007463, 0.007903, 0.007931, 0.008259, 0.008334, 0.008421, 0.008608, 0.009648, 0.009995, 0.010208, 0.010631, 0.010769, 0.010777, 0.011779, 0.01209, 0.012338, 0.012849, 0.01331, 0.013914, 0.014443, 0.01501, 0.015318, 0.01536, 0.015398, 0.015457, 0.015509, 0.015516, 0.01553, 0.015567, 0.016056, 0.01646, 0.016579, 0.017178, 0.017229, 0.017394, 0.017399, 0.017905, 0.018026, 0.018226, 0.018561, 0.018695, 0.018708, 0.019537, 0.019872, 0.020222, 0.020236, 0.020372, 0.020462, 0.020723, 0.020935, 0.021119, 0.021368, 0.021463, 0.021611, 0.021898, 0.022035, 0.022333, 0.022447, 0.022702, 0.022779, 0.022832, 0.022879, 0.022925, 0.022944, 0.023166, 0.023561, 0.02357, 0.023974, 0.024152, 0.0245, 0.02467, 0.024928, 0.025588, 0.025829, 0.026076, 0.026094, 0.026226, 0.026724, 0.026961, 0.027337, 0.027614, 0.027677, 0.02843, 0.02878, 0.028836, 0.028872, 0.028939, 0.02895, 0.029138, 0.029159, 0.029283, 0.02935, 0.029369, 0.029371, 0.029722, 0.030503, 0.031362, 0.031427, 0.031644, 0.031796, 0.031875, 0.03198, 0.032474, 0.03262, 0.032768, 0.033044, 0.03318, 0.033347, 0.0339, 0.034308, 0.034402, 0.034475, 0.03452, 0.034794, 0.035009, 0.035038, 0.035208, 0.035279, 0.035657, 0.035804, 0.036177, 0.037082, 0.03719, 0.037423, 0.037914, 0.038099, 0.038374, 0.038376, 0.038749, 0.039564, 0.039676, 0.040742, 0.040911, 0.04127, 0.041461, 0.041697, 0.041744, 0.041909, 0.042079, 0.042187, 0.042292, 0.042452, 0.042672, 0.043199, 0.043645, 0.043987, 0.044403, 0.044493, 0.044747, 0.044818, 0.044862, 0.045126, 0.045538, 0.045636, 0.045677, 0.045969, 0.046175, 0.046613, 0.046898, 0.047027, 0.047033, 0.047282, 0.047977, 0.047986, 0.048401, 0.048838, 0.048887, 0.049208, 0.049299, 0.049568, 0.049729, 0.049749, 0.049997, 0.050027, 0.050302, 0.050563, 0.050878, 0.051141, 0.051257, 0.051414, 0.051558, 0.051986, 0.052401, 0.052477, 0.052542, 0.05262, 0.052652, 0.053044, 0.053207, 0.053236, 0.053649, 0.053778, 0.053894, 0.053998, 0.054193, 0.054467, 0.054794, 0.055005, 0.055073, 0.055102, 0.055428, 0.055821, 0.056005, 0.05618, 0.056257, 0.056328, 0.056548, 0.056798, 0.056885, 0.056887, 0.056971, 0.056974, 0.056976, 0.057796, 0.057957, 0.05803, 0.05851, 0.058907, 0.059169, 0.059527, 0.059572, 0.059839, 0.059921, 0.059922, 0.060059, 0.060221, 0.060293, 0.060414, 0.060816, 0.060995, 0.061611, 0.061656, 0.06169, 0.061802, 0.062086, 0.062164, 0.06226, 0.062933, 0.063193, 0.063547, 0.063972, 0.064016, 0.064651, 0.064704, 0.065947, 0.066052, 0.066278, 0.066415, 0.066536, 0.066553, 0.066656, 0.066757, 0.066876, 0.067246, 0.067826, 0.068092, 0.068418, 0.068749, 0.068822, 0.068836, 0.06899, 0.069518, 0.069606, 0.06962, 0.06967, 0.070071, 0.070132, 0.070294, 0.070683, 0.070862, 0.070912, 0.071061, 0.071628, 0.071802, 0.072024, 0.072305, 0.07235, 0.072476, 0.072667, 0.072726, 0.072911, 0.073014, 0.073193, 0.073445, 0.073769, 0.074259, 0.074459, 0.074662, 0.07471, 0.075174, 0.075487, 0.075518, 0.076275, 0.076464, 0.076835, 0.077047, 0.077053, 0.077277, 0.07758, 0.077769, 0.077897, 0.078124, 0.078746, 0.07875, 0.078876, 0.078888, 0.079153, 0.0792, 0.079398, 0.079508, 0.079693, 0.07993, 0.079953, 0.080337, 0.080351, 0.080712, 0.081048, 0.081589, 0.081814, 0.08207, 0.08239, 0.082674, 0.082725, 0.082753, 0.082768, 0.082838, 0.082962, 0.083431, 0.084273, 0.084344, 0.084569, 0.084717, 0.085141, 0.085277, 0.085496, 0.085661, 0.086891, 0.086941, 0.087015, 0.087166, 0.087194, 0.087251, 0.087424, 0.087597, 0.08811, 0.088519, 0.088611, 0.089072, 0.08908, 0.089406, 0.089456, 0.089618, 0.089621, 0.089634, 0.089716, 0.089786, 0.089848, 0.090555, 0.090773, 0.090978, 0.091737, 0.092761, 0.092778, 0.093359, 0.093493, 0.093553, 0.093751, 0.094234, 0.09442, 0.094846, 0.095201, 0.095375, 0.09544, 0.095482, 0.095815, 0.095848, 0.096124, 0.096152, 0.096419, 0.096453, 0.096671, 0.096728, 0.096992, 0.097154, 0.097312, 0.097939, 0.098178, 0.098485, 0.09856, 0.098692, 0.098813, 0.099672, 0.100551, 0.100661, 0.101095, 0.101853, 0.101886, 0.102119, 0.102675, 0.102764, 0.102838, 0.103107, 0.103215, 0.103289, 0.103305, 0.103422, 0.103654, 0.103663, 0.103745, 0.103984, 0.10417, 0.10511, 0.105142, 0.105318, 0.106467, 0.106491, 0.106614, 0.106767, 0.106967, 0.107004, 0.107642, 0.107712, 0.107843, 0.108005, 0.108267, 0.108317, 0.108879, 0.108939, 0.109, 0.109036, 0.109451, 0.10961, 0.109627, 0.110125, 0.110448, 0.110453, 0.110475, 0.110587, 0.110599, 0.11111, 0.111129, 0.111671, 0.111677, 0.11289, 0.112991, 0.113396, 0.113902, 0.114033, 0.114109, 0.114144, 0.114195, 0.114492, 0.114689, 0.115017, 0.115481, 0.11599, 0.116081, 0.116329, 0.116486, 0.116843, 0.116874, 0.117242, 0.117422, 0.117462, 0.11774, 0.117792, 0.117864, 0.118358, 0.118577, 0.118827, 0.118845, 0.118867, 0.118934, 0.119085, 0.11934, 0.119348, 0.119714, 0.119743, 0.11985, 0.119927, 0.120053, 0.12023, 0.120547, 0.120575, 0.120879, 0.12096, 0.121201, 0.121238, 0.121417, 0.121511, 0.121721, 0.121757, 0.121882, 0.123343, 0.12363, 0.123715, 0.123869, 0.124326, 0.124537, 0.124629, 0.124632, 0.125274, 0.125308, 0.1254, 0.125964, 0.126457, 0.126756, 0.127212, 0.127292, 0.127702, 0.128699, 0.128743, 0.129115, 0.129267, 0.129523, 0.129939, 0.129978, 0.130213, 0.130558, 0.130821, 0.131123, 0.131212, 0.131928, 0.132726, 0.132788, 0.132978, 0.133709, 0.134266, 0.134636, 0.134773, 0.13488, 0.13508, 0.135551, 0.135882, 0.135897, 0.135936, 0.136008, 0.136034, 0.136826, 0.136959, 0.137027, 0.137818, 0.13825, 0.138477, 0.138522, 0.138664, 0.139475, 0.139654, 0.139655, 0.139859, 0.140282, 0.141119, 0.14112, 0.141267, 0.141742, 0.142752, 0.142869, 0.142916, 0.143119, 0.143238, 0.143256, 0.143497, 0.143556, 0.143712, 0.143933, 0.145518, 0.145586, 0.145722, 0.145894, 0.146097, 0.146171, 0.146179, 0.14663, 0.146645, 0.146658, 0.147047, 0.147304, 0.147956, 0.148089, 0.148368, 0.148821, 0.149237, 0.149431, 0.149791, 0.150097, 0.150287, 0.150306, 0.150719, 0.150776, 0.15109, 0.151155, 0.152202, 0.152774, 0.152802, 0.153041, 0.153283, 0.153564, 0.153708, 0.153811, 0.154417, 0.155493, 0.155718, 0.155737, 0.155885, 0.156049, 0.157318, 0.157386, 0.157549, 0.158186, 0.158523, 0.158865, 0.159426, 0.159673, 0.159881, 0.160017, 0.160026, 0.16133, 0.16156, 0.162135, 0.162247, 0.162351, 0.162776, 0.163255, 0.163325, 0.163522, 0.163941, 0.164926, 0.16521, 0.165572, 0.166194, 0.16645, 0.166617, 0.16689, 0.166898, 0.168009, 0.168571, 0.169014, 0.169347, 0.171468, 0.171538, 0.172028, 0.172758, 0.173692, 0.17424, 0.174376, 0.174418, 0.175705, 0.175716, 0.175883, 0.176173, 0.176286, 0.176308, 0.176923, 0.177242, 0.178097, 0.178308, 0.178675, 0.178752, 0.179399, 0.179402, 0.179755, 0.179761, 0.179887, 0.180659, 0.181294, 0.181375, 0.181848, 0.182259, 0.182323, 0.182618, 0.182758, 0.182884, 0.183073, 0.183236, 0.183943, 0.184131, 0.184237, 0.184243, 0.184561, 0.185057, 0.185391, 0.185901, 0.187188, 0.1877, 0.188286, 0.188948, 0.189018, 0.189765, 0.191768, 0.192443, 0.193801, 0.194448, 0.194533, 0.194602, 0.194837, 0.194894, 0.195053, 0.195063, 0.195335, 0.195593, 0.195649, 0.195935, 0.196253, 0.196489, 0.197022, 0.197085, 0.197249, 0.198948, 0.199186, 0.199374, 0.200021, 0.20136, 0.201632, 0.202583, 0.202926, 0.203033, 0.203218, 0.203468, 0.203884, 0.204563, 0.204604, 0.204848, 0.205215, 0.205293, 0.205543, 0.206562, 0.206712, 0.206775, 0.206902, 0.207917, 0.208046, 0.208253, 0.208746, 0.208812, 0.209981, 0.210203, 0.210218, 0.210638, 0.210702, 0.21081, 0.211024, 0.211232, 0.211258, 0.211566, 0.211658, 0.211897, 0.2128, 0.213213, 0.213387, 0.213777, 0.213946, 0.214428, 0.214556, 0.214672, 0.215, 0.215192, 0.215509,