{"sigma_r": 0.6181, "sigma_i": 0.5349, "m": 7, "seed": 1293320280, "n_k": {"1": 3755, "2": 931, "3": 274, "4": 57, "5": 24, "6+": 3}, "dlogr": [0.0, 0.0, 8.4e-05, 0.000252, 0.000361, 0.000424, 0.000619, 0.000625, 0.000683, 0.000846, 0.000956, 0.000982, 0.00105, 0.001093, 0.001111, 0.001328, 0.001358, 0.001385, 0.001527, 0.001681, 0.001711, 0.001915, 0.001984, 0.002011, 0.00219, 0.002192, 0.002674, 0.002715, 0.003233, 0.003359, 0.003369, 0.003756, 0.003963, 0.003995, 0.004009, 0.00421, 0.004435, 0.004744, 0.004854, 0.004995, 0.005169, 0.005266, 0.005306, 0.005386, 0.005419, 0.005481, 0.005544, 0.005544, 0.005592, 0.005629, 0.00565, 0.005875, 0.006222, 0.006241, 0.006261, 0.00642, 0.006531, 0.006647, 0.00665, 0.006719, 0.006747, 0.00715, 0.007206, 0.007208, 0.00722, 0.007374, 0.00739, 0.007393, 0.007574, 0.007663, 0.007673, 0.007709, 0.007741, 0.008159, 0.008409, 0.008444, 0.008507, 0.008781, 0.009002, 0.009115, 0.009192, 0.00921, 0.009353, 0.00972, 0.009723, 0.009787, 0.009836, 0.009837, 0.009848, 0.009868, 0.009878, 0.010095, 0.010207, 0.010238, 0.010307, 0.010331, 0.010646, 0.010962, 0.011177, 0.011279, 0.01131, 0.01135, 0.01135, 0.011352, 0.011373, 0.011435, 0.011475, 0.011507, 0.011595, 0.011598, 0.011707, 0.011802, 0.011846, 0.011916, 0.012106, 0.012241, 0.012262, 0.012333, 0.012406, 0.012433, 0.012589, 0.012799, 0.012823, 0.013003, 0.013345, 0.013378, 0.013566, 0.013705, 0.013769, 0.013771, 0.01382, 0.013896, 0.014218, 0.01428, 0.014431, 0.01446, 0.014574, 0.014728, 0.014823, 0.014986, 0.015148, 0.015167, 0.015214, 0.015265, 0.015393, 0.015404, 0.015457, 0.015648, 0.015689, 0.015699, 0.015876, 0.016066, 0.016087, 0.016088, 0.016291, 0.01631, 0.016465, 0.016549, 0.016551, 0.016626, 0.016729, 0.016988, 0.017043, 0.017051, 0.017145, 0.017465, 0.017577, 0.017602, 0.017611, 0.017761, 0.017928, 0.017952, 0.017958, 0.018002, 0.018129, 0.018186, 0.018262, 0.018303, 0.018369, 0.018482, 0.018503, 0.01851, 0.018515, 0.01865, 0.018695, 0.018728, 0.018953, 0.019023, 0.019127, 0.019365, 0.019526, 0.019541, 0.019541, 0.019561, 0.019607, 0.019613, 0.019664, 0.019736, 0.019905, 0.020128, 0.020138, 0.020146, 0.020201, 0.020297, 0.020385, 0.020423, 0.020527, 0.020776, 0.020819, 0.020875, 0.021261, 0.021324, 0.021381, 0.021414, 0.021425, 0.021459, 0.021479, 0.021524, 0.021567, 0.021714, 0.0218, 0.021899, 0.021952, 0.021974, 0.022001, 0.022208, 0.022285, 0.022363, 0.022397, 0.02257, 0.022668, 0.022679, 0.02271, 0.022722, 0.022744, 0.022766, 0.022783, 0.022842, 0.022903, 0.023001, 0.023014, 0.023053, 0.023334, 0.023344, 0.023474, 0.023557, 0.023579, 0.023606, 0.023631, 0.023648, 0.023861, 0.024131, 0.024173, 0.024213, 0.024225, 0.024405, 0.02444, 0.024481, 0.024506, 0.024508, 0.024543, 0.024659, 0.024662, 0.02483, 0.024859, 0.025044, 0.025124, 0.025458, 0.025484, 0.025495, 0.025638, 0.025751, 0.025964, 0.026082, 0.026231, 0.026374, 0.026544, 0.02661, 0.026634, 0.026815, 0.026818, 0.026927, 0.027102, 0.027146, 0.027303, 0.027347, 0.027538, 0.027693, 0.027725, 0.027767, 0.027795, 0.027932, 0.028323, 0.02846, 0.028492, 0.028602, 0.028658, 0.028682, 0.028819, 0.028834, 0.028869, 0.02887, 0.028983, 0.029104, 0.029191, 0.029312, 0.029321, 0.029542, 0.029647, 0.02969, 0.029763, 0.030059, 0.030104, 0.030483, 0.030505, 0.030613, 0.030845, 0.031024, 0.031125, 0.031148, 0.031171, 0.031191, 0.031207, 0.031301, 0.031382, 0.031612, 0.031761, 0.031824, 0.031925, 0.032033, 0.032103, 0.032112, 0.032415, 0.032501, 0.032543, 0.032591, 0.032614, 0.032971, 0.033014, 0.033063, 0.033223, 0.033344, 0.033374, 0.033385, 0.033485, 0.033511, 0.033602, 0.033646, 0.03365, 0.03398, 0.034028, 0.034094, 0.034109, 0.034144, 0.034172, 0.034221, 0.034405, 0.03447, 0.034574, 0.034676, 0.034758, 0.034795, 0.034884, 0.034917, 0.035266, 0.035728, 0.035755, 0.035885, 0.035943, 0.036663, 0.036707, 0.036767, 0.036889, 0.036948, 0.037018, 0.037019, 0.037045, 0.037102, 0.037131, 0.037151, 0.037247, 0.037273, 0.037826, 0.037902, 0.037985, 0.038022, 0.038068, 0.038174, 0.038322, 0.038498, 0.038574, 0.038597, 0.038702, 0.038933, 0.038993, 0.039029, 0.039029, 0.039029, 0.039164, 0.039455, 0.039819, 0.039863, 0.039871, 0.039891, 0.039906, 0.040169, 0.040341, 0.040525, 0.040536, 0.040538, 0.040934, 0.040939, 0.041075, 0.041284, 0.041329, 0.041348, 0.041368, 0.041536, 0.041747, 0.0418, 0.041962, 0.042314, 0.042527, 0.042589, 0.042707, 0.042721, 0.042908, 0.042967, 0.043097, 0.04336, 0.043415, 0.04343, 0.043472, 0.043489, 0.043513, 0.043547, 0.043658, 0.043813, 0.043847, 0.04385, 0.043879, 0.043899, 0.043953, 0.044001, 0.044035, 0.04418, 0.044244, 0.044561, 0.044839, 0.044861, 0.044936, 0.045122, 0.045158, 0.045243, 0.045251, 0.045282, 0.045384, 0.045398, 0.045403, 0.045416, 0.045471, 0.045547, 0.045573, 0.045582, 0.045727, 0.045873, 0.045883, 0.045891, 0.045918, 0.046036, 0.046037, 0.046084, 0.046086, 0.046179, 0.046219, 0.046348, 0.046498, 0.046544, 0.046649, 0.046827, 0.046912, 0.04692, 0.047106, 0.047132, 0.047158, 0.047167, 0.047172, 0.047289, 0.047508, 0.04756, 0.047572, 0.047725, 0.047736, 0.048028, 0.048093, 0.048133, 0.04814, 0.048428, 0.048462, 0.048528, 0.04863, 0.048802, 0.048966, 0.049375, 0.049647, 0.049816, 0.049942, 0.050006, 0.050251, 0.050321, 0.050375, 0.050384, 0.050411, 0.05051, 0.050518, 0.050713, 0.050746, 0.0508, 0.050843, 0.050947, 0.051144, 0.051166, 0.051176, 0.051241, 0.051289, 0.051326, 0.051404, 0.051532, 0.051633, 0.05175, 0.05179, 0.051823, 0.051893, 0.052132, 0.052166, 0.052284, 0.05237, 0.052552, 0.052561, 0.052694, 0.0527, 0.052714, 0.052753, 0.052902, 0.052903, 0.052988, 0.053023, 0.05304, 0.053089, 0.053142, 0.053168, 0.05317, 0.053292, 0.053405, 0.053419, 0.05353, 0.053531, 0.053617, 0.053966, 0.054257, 0.054277, 0.054367, 0.054501, 0.054548, 0.054655, 0.05473, 0.055285, 0.055329, 0.055362, 0.05543, 0.055491, 0.055531, 0.055698, 0.055758, 0.055825, 0.055896, 0.056085, 0.056223, 0.056352, 0.05637, 0.056614, 0.056786, 0.056841, 0.057166, 0.057363, 0.057392, 0.057897, 0.058001, 0.058287, 0.05829, 0.058501, 0.05852, 0.058668, 0.05869, 0.058729, 0.058732, 0.059277, 0.059688, 0.059937, 0.059967, 0.060056, 0.060537, 0.060727, 0.060821, 0.060879, 0.06117, 0.061379, 0.061435, 0.061645, 0.061724, 0.061731, 0.061852, 0.061868, 0.062183, 0.062228, 0.062305, 0.062347, 0.062595, 0.062653, 0.062778, 0.063025, 0.063085, 0.063164, 0.063189, 0.063197, 0.063223, 0.063255, 0.063266, 0.0634, 0.063457, 0.06347, 0.06377, 0.06377, 0.06393, 0.064114, 0.064647, 0.06467, 0.06479, 0.064801, 0.064863, 0.065216, 0.065249, 0.065276, 0.065355, 0.065379, 0.06545, 0.065591, 0.065596, 0.06563, 0.065665, 0.065668, 0.065787, 0.065889, 0.065958, 0.066039, 0.066064, 0.066072, 0.066109, 0.066115, 0.066258, 0.066286, 0.066391, 0.066593, 0.066614, 0.06662, 0.066644, 0.066837, 0.066875, 0.06705, 0.067356, 0.067454, 0.067505, 0.067906, 0.067911, 0.068, 0.068101, 0.068106, 0.068243, 0.068447, 0.06848, 0.068496, 0.068581, 0.068806, 0.068982, 0.06899, 0.069112, 0.069135, 0.069271, 0.069453, 0.06952, 0.069581, 0.069649, 0.069657, 0.069702, 0.069771, 0.069836, 0.069903, 0.070309, 0.07043, 0.070434, 0.070646, 0.070664, 0.070708, 0.070725, 0.070756, 0.070844, 0.07091, 0.071016, 0.071108, 0.071356, 0.071574, 0.071764, 0.071786, 0.071869, 0.071962, 0.072176, 0.072207, 0.072259, 0.072413, 0.072459, 0.072475, 0.072575, 0.072928, 0.073149, 0.07337, 0.073402, 0.073531, 0.07364, 0.074127, 0.074154, 0.074159, 0.07432, 0.07442, 0.074421, 0.074512, 0.07453, 0.074609, 0.074661, 0.075105, 0.075112, 0.075119, 0.075232, 0.075438, 0.075724, 0.075748, 0.075776, 0.075819, 0.076339, 0.076511, 0.076613, 0.076983, 0.076995, 0.077065, 0.077207, 0.077474, 0.077556, 0.077565, 0.078038, 0.078096, 0.078141, 0.078184, 0.078254, 0.07866, 0.078852, 0.078859, 0.079029, 0.079126, 0.079181, 0.079226, 0.079306, 0.079377, 0.079415, 0.079547, 0.079761, 0.08025, 0.080264, 0.0803, 0.080317, 0.080352, 0.080428, 0.080643, 0.080719, 0.080733, 0.080888, 0.081002, 0.081111, 0.081177, 0.081206, 0.081388, 0.081394, 0.081615, 0.081884, 0.081893, 0.082094, 0.08215, 