{"sigma_r": 0.9707, "sigma_i": 3.8254, "m": 3, "seed": 2832802871, "n_k": {"1": 4926, "2": 753, "3": 90, "4": 4, "5": 1, "6+": 0}, "dlogr": [0.0, 0.000271, 0.0005, 0.000923, 0.000945, 0.001021, 0.001462, 0.001608, 0.001762, 0.002469, 0.0032, 0.003217, 0.0041, 0.004647, 0.004824, 0.004908, 0.005004, 0.005736, 0.006232, 0.006284, 0.00653, 0.007618, 0.007789, 0.007832, 0.008135, 0.008137, 0.008861, 0.009393, 0.010389, 0.010467, 0.010485, 0.010655, 0.011075, 0.011101, 0.0113, 0.011417, 0.011563, 0.01158, 0.012018, 0.012073, 0.012114, 0.01217, 0.012386, 0.012881, 0.013535, 0.013914, 0.014328, 0.014414, 0.014551, 0.014794, 0.01506, 0.015355, 0.015539, 0.015591, 0.015668, 0.016124, 0.016351, 0.016368, 0.017628, 0.017767, 0.017977, 0.018015, 0.018632, 0.018703, 0.019717, 0.020096, 0.02011, 0.020209, 0.0203, 0.020385, 0.020468, 0.020723, 0.021223, 0.021309, 0.021765, 0.021827, 0.021976, 0.02207, 0.022234, 0.022564, 0.022904, 0.023901, 0.023981, 0.02424, 0.02491, 0.025003, 0.025694, 0.026045, 0.026668, 0.02673, 0.026765, 0.027136, 0.027168, 0.02753, 0.027631, 0.0278, 0.027882, 0.028207, 0.028457, 0.028618, 0.028755, 0.029069, 0.029214, 0.029285, 0.029468, 0.030422, 0.030444, 0.030482, 0.030808, 0.03147, 0.032198, 0.032342, 0.033376, 0.033797, 0.033827, 0.033993, 0.034244, 0.034321, 0.034524, 0.034546, 0.034682, 0.034836, 0.03518, 0.035326, 0.035757, 0.035959, 0.036572, 0.036921, 0.037181, 0.037395, 0.037637, 0.038017, 0.038108, 0.038203, 0.038773, 0.03878, 0.038861, 0.039327, 0.039452, 0.03951, 0.039551, 0.039842, 0.039903, 0.040583, 0.040636, 0.040772, 0.041433, 0.04145, 0.041463, 0.04147, 0.0416, 0.042284, 0.042468, 0.042596, 0.042742, 0.04281, 0.042821, 0.043234, 0.04341, 0.043455, 0.04372, 0.043771, 0.043953, 0.044039, 0.04422, 0.044255, 0.04432, 0.044798, 0.044962, 0.045081, 0.04564, 0.045755, 0.046151, 0.046339, 0.046397, 0.046916, 0.04696, 0.047338, 0.047414, 0.047522, 0.047576, 0.047819, 0.048014, 0.048035, 0.048339, 0.048679, 0.048732, 0.04874, 0.048767, 0.049074, 0.049106, 0.049866, 0.050232, 0.050254, 0.050354, 0.050585, 0.05136, 0.05141, 0.051487, 0.05158, 0.052541, 0.052569, 0.0533, 0.053374, 0.053877, 0.054097, 0.054275, 0.05435, 0.054825, 0.055072, 0.055149, 0.055269, 0.055644, 0.055829, 0.05624, 0.056719, 0.056901, 0.057035, 0.057622, 0.057661, 0.058821, 0.05893, 0.059008, 0.059686, 0.060395, 0.060572, 0.060889, 0.061697, 0.06173, 0.062008, 0.062316, 0.062366, 0.062413, 0.062578, 0.062761, 0.062791, 0.063084, 0.063936, 0.064086, 0.064262, 0.064337, 0.064384, 0.064647, 0.064819, 0.064976, 0.06583, 0.066089, 0.066198, 0.066242, 0.066602, 0.066985, 0.067171, 0.067253, 0.068015, 0.068018, 0.068037, 0.068396, 0.069005, 0.069016, 0.069082, 0.069985, 0.070304, 0.070355, 0.070374, 0.07043, 0.070935, 0.071042, 0.071151, 0.071238, 0.072271, 0.072317, 0.072872, 0.073021, 0.07307, 0.073205, 0.073498, 0.073633, 0.073988, 0.074133, 0.074426, 0.074921, 0.075097, 0.075232, 0.075444, 0.075538, 0.07566, 0.07568, 0.076393, 0.07687, 0.077258, 0.077321, 0.077414, 0.077462, 0.077836, 0.078065, 0.079126, 0.079321, 0.07945, 0.079625, 0.079886, 0.08129, 0.081706, 0.081734, 0.081855, 0.082064, 0.082454, 0.082759, 0.083354, 0.083929, 0.08399, 0.084353, 0.08468, 0.084967, 0.085003, 0.085127, 0.085948, 0.085953, 0.086025, 0.086168, 0.086181, 0.086513, 0.087606, 0.087755, 0.087865, 0.088224, 0.088424, 0.088479, 0.088995, 0.089057, 0.089616, 0.090498, 0.090639, 0.091046, 0.091651, 0.091877, 0.092778, 0.092827, 0.094498, 0.095014, 0.095698, 0.095715, 0.095962, 0.096116, 0.096192, 0.096574, 0.097177, 0.097567, 0.097583, 0.097611, 0.097653, 0.098295, 0.099163, 0.099775, 0.099915, 0.099949, 0.100209, 0.100452, 0.10049, 0.100951, 0.101768, 0.101882, 0.102605, 0.102649, 0.102781, 0.10356, 0.104325, 0.104751, 0.104995, 0.105168, 0.105657, 0.105993, 0.10666, 0.106677, 0.106748, 0.10711, 0.107128, 0.107194, 0.107448, 0.107482, 0.107886, 0.10805, 0.10896, 0.110141, 0.110439, 0.110668, 0.110798, 0.110859, 0.111491, 0.112085, 0.112365, 0.112604, 0.112756, 0.112925, 0.113348, 0.113757, 0.114154, 0.114417, 0.11475, 0.114863, 0.115124, 0.115394, 0.116095, 0.116408, 0.116452, 0.116588, 0.11677, 0.117346, 0.117407, 0.117808, 0.118089, 0.118376, 0.118659, 0.118706, 0.118745, 0.118763, 0.119377, 0.119486, 0.119579, 0.119681, 0.119836, 0.120179, 0.120439, 0.122464, 0.122829, 0.122851, 0.123257, 0.123389, 0.124396, 0.124551, 0.125723, 0.125762, 0.125872, 0.12606, 0.126221, 0.126586, 0.127251, 0.127261, 0.127755, 0.127767, 0.128156, 0.128175, 0.128205, 0.128583, 0.128638, 0.129383, 0.129392, 0.129479, 0.130131, 0.130159, 0.130538, 0.132855, 0.132982, 0.133047, 0.133805, 0.133821, 0.134253, 0.134475, 0.134653, 0.13543, 0.13572, 0.135883, 0.135932, 0.136293, 0.136685, 0.138545, 0.138626, 0.138672, 0.13933, 0.140239, 0.141518, 0.141549, 0.141596, 0.141655, 0.141683, 0.142056, 0.142318, 0.142344, 0.142462, 0.142462, 0.142571, 0.14378, 0.144305, 0.144418, 0.14479, 0.145115, 0.145126, 0.14517, 0.145513, 0.145941, 0.146288, 0.146632, 0.147036, 0.147257, 0.147261, 0.147629, 0.147746, 0.148276, 0.148871, 0.148966, 0.151236, 0.151266, 0.151442, 0.151732, 0.151844, 0.151852, 0.152172, 0.152284, 0.152339, 0.153377, 0.153409, 0.154619, 0.155058, 0.155782, 0.156445, 0.156824, 0.156929, 0.156937, 0.157114, 0.158372, 0.158516, 0.158703, 0.158834, 0.159642, 0.159916, 0.160714, 0.160788, 0.161274, 0.161522, 0.161925, 0.162318, 0.162367, 0.162509, 0.162929, 0.162967, 0.163008, 0.163698, 0.163795, 0.163967, 0.164547, 0.164695, 0.16512, 0.165239, 0.165474, 0.165584, 0.166514, 0.166537, 0.166626, 0.167015, 0.167431, 0.168287, 0.168354, 0.168707, 0.16901, 0.169237, 0.169565, 0.170122, 0.170765, 0.170798, 0.170902, 0.171239, 0.171878, 0.17234, 0.173806, 0.174791, 0.174854, 0.175071, 0.175117, 0.175183, 0.175608, 0.175636, 0.176308, 0.177006, 0.177327, 0.178071, 0.178102, 0.178442, 0.17859, 0.17908, 0.180571, 0.180936, 0.181107, 0.181223, 0.181334, 0.181497, 0.181583, 0.181861, 0.183362, 0.184011, 0.184447, 0.184875, 0.185177, 0.18562, 0.186303, 0.18675, 0.186932, 0.186938, 0.187313, 0.188568, 0.188978, 0.189591, 0.189781, 0.189973, 0.190084, 0.190389, 0.191499, 0.192321, 0.19253, 0.192635, 0.193315, 0.193626, 0.193983, 0.194145, 0.194665, 0.196593, 0.196613, 0.197086, 0.197296, 0.197423, 0.197805, 0.198142, 0.198198, 0.198828, 0.199682, 0.20056, 0.200912, 0.200991, 0.201101, 0.20285, 0.204175, 0.206086, 0.206543, 0.206639, 0.207218, 0.207352, 0.207411, 0.208661, 0.208884, 0.209102, 0.209304, 0.210281, 0.21136, 0.211441, 0.211538, 0.212308, 0.213388, 0.213525, 0.214482, 0.215095, 0.215244, 0.215279, 0.215305, 0.216694, 0.216819, 0.218333, 0.218381, 0.219767, 0.219836, 0.221517, 0.222347, 0.222623, 0.222871, 0.223021, 0.223783, 0.224222, 0.224317, 0.224317, 0.224628, 0.224836, 0.224844, 0.225465, 0.227198, 0.230767, 0.231078, 0.231562, 0.23157, 0.231963, 0.23264, 0.233517, 0.234064, 0.234518, 0.234741, 0.235134, 0.235937, 0.236478, 0.23722, 0.237497, 0.237704, 0.238078, 0.238331, 0.238609, 0.239144, 0.240169, 0.240512, 0.241852, 0.244085, 0.24412, 0.24466, 0.244996, 0.24558, 0.245771, 0.246849, 0.248119, 0.248186, 0.248724, 0.25023, 0.252241, 0.252785, 0.252811, 0.253643, 0.253644, 0.25366, 0.260011, 0.260188, 0.263383, 0.264141, 0.264869, 0.2653, 0.265398, 0.266817, 0.267478, 0.268849, 0.269725, 0.269905, 0.270648, 0.271471, 0.271705, 0.272122, 0.273733, 0.276888, 0.27788, 0.27887, 0.286456, 0.286528, 0.290535, 0.291317, 0.291393, 0.291904, 0.291954, 0.294062, 0.294233, 0.294373, 0.298952, 0.29963, 0.303573, 0.30551, 0.307202, 0.308303, 0.308974, 0.309252, 0.310053, 0.311346, 0.311448, 0.313545, 0.315231, 0.315891, 0.317067, 0.317602, 0.318912, 0.31906, 0.326168, 0.327102, 0.329192, 0.330655, 0.333071, 0.334396, 0.335796, 0.337102, 0.338667, 0.342174, 0.342208, 0.342246, 0.345889, 0.346369, 0.347234, 0.348434, 0.352874, 0.354941, 0.355557, 0.355598, 0.356708, 0.359218, 0.365426, 0.372436, 0.372951, 0.378029, 0.379793, 0.383071, 0.385588, 0.3942, 0.394714, 0.394762, 0.401676, 0.401795, 0.408001, 0.409645, 0.410568, 