{"sigma_r": 0.7746, "sigma_i": 2.3392, "m": 7, "seed": 1464019708, "n_k": {"1": 4394, "2": 839, "3": 140, "4": 21, "5": 3, "6+": 1}, "dlogr": [0.0, 0.0, 1.7e-05, 0.000121, 0.000253, 0.000328, 0.000452, 0.000467, 0.000497, 0.000607, 0.000653, 0.001086, 0.001333, 0.00135, 0.00158, 0.001653, 0.001731, 0.001756, 0.001842, 0.001876, 0.001925, 0.001928, 0.002067, 0.002363, 0.002452, 0.002623, 0.00281, 0.003255, 0.003406, 0.003531, 0.003673, 0.003737, 0.003745, 0.003805, 0.003901, 0.003929, 0.004282, 0.004287, 0.004346, 0.004636, 0.005154, 0.005219, 0.00526, 0.005332, 0.005519, 0.00566, 0.005736, 0.005814, 0.005878, 0.005878, 0.006302, 0.006424, 0.006603, 0.006616, 0.006629, 0.006697, 0.006701, 0.006814, 0.007209, 0.007371, 0.007726, 0.007975, 0.008025, 0.008461, 0.008491, 0.008586, 0.009032, 0.009557, 0.009786, 0.009931, 0.009982, 0.010036, 0.010187, 0.010842, 0.010872, 0.010965, 0.010976, 0.011, 0.011216, 0.011361, 0.011721, 0.012042, 0.01266, 0.012736, 0.012984, 0.013009, 0.013057, 0.013148, 0.013295, 0.013378, 0.013467, 0.014015, 0.014032, 0.014239, 0.014616, 0.01475, 0.014751, 0.014908, 0.014961, 0.015053, 0.015248, 0.015449, 0.015609, 0.016234, 0.016687, 0.016793, 0.016965, 0.016989, 0.017431, 0.0175, 0.017646, 0.017682, 0.018504, 0.018837, 0.019187, 0.019297, 0.019372, 0.019383, 0.019413, 0.019734, 0.019851, 0.020032, 0.02029, 0.020343, 0.020419, 0.020446, 0.02129, 0.021294, 0.021841, 0.022121, 0.022288, 0.022316, 0.022387, 0.022402, 0.022635, 0.022692, 0.023125, 0.023147, 0.023321, 0.023502, 0.023624, 0.023641, 0.023758, 0.02383, 0.024544, 0.02465, 0.025049, 0.025251, 0.025461, 0.025597, 0.025648, 0.02643, 0.026446, 0.026734, 0.027105, 0.02734, 0.027356, 0.027367, 0.027414, 0.027672, 0.02771, 0.028013, 0.02833, 0.028449, 0.028461, 0.028603, 0.028897, 0.028966, 0.0291, 0.029311, 0.029371, 0.02947, 0.029593, 0.029617, 0.029705, 0.029924, 0.030016, 0.03071, 0.030886, 0.030979, 0.031445, 0.031509, 0.03156, 0.031781, 0.032147, 0.032236, 0.032322, 0.032345, 0.032694, 0.032792, 0.033019, 0.033166, 0.033175, 0.033303, 0.033427, 0.033443, 0.033814, 0.033939, 0.033944, 0.034098, 0.0342, 0.03456, 0.034603, 0.034951, 0.034967, 0.035152, 0.0355, 0.035803, 0.03582, 0.036517, 0.036818, 0.036977, 0.037243, 0.037375, 0.037404, 0.037421, 0.037792, 0.038203, 0.038208, 0.038321, 0.038552, 0.038587, 0.03886, 0.039308, 0.039691, 0.039838, 0.040238, 0.040386, 0.040444, 0.04059, 0.04137, 0.041957, 0.042011, 0.042097, 0.042141, 0.042178, 0.042462, 0.042594, 0.042635, 0.042668, 0.042688, 0.042705, 0.042784, 0.042857, 0.043432, 0.04356, 0.043587, 0.044068, 0.044214, 0.044417, 0.044496, 0.044561, 0.044574, 0.044604, 0.045072, 0.045149, 0.045573, 0.045698, 0.045844, 0.045965, 0.046068, 0.046114, 0.046345, 0.046354, 0.04662, 0.04678, 0.047082, 0.047436, 0.047519, 0.047803, 0.047934, 0.048054, 0.048252, 0.04847, 0.048881, 0.04898, 0.049005, 0.049023, 0.049241, 0.049322, 0.049918, 0.050286, 0.050335, 0.050429, 0.05046, 0.050603, 0.050633, 0.050672, 0.050701, 0.050779, 0.050847, 0.050906, 0.051574, 0.051889, 0.052092, 0.052175, 0.052776, 0.052862, 0.052893, 0.052904, 0.052916, 0.052988, 0.053516, 0.053802, 0.054116, 0.054611, 0.055152, 0.055294, 0.055529, 0.055542, 0.056039, 0.056045, 0.056084, 0.056856, 0.056976, 0.057303, 0.057364, 0.057364, 0.057442, 0.05761, 0.057632, 0.058324, 0.058517, 0.058922, 0.059142, 0.059555, 0.059814, 0.060307, 0.060708, 0.060825, 0.060834, 0.060874, 0.060912, 0.061508, 0.061669, 0.06184, 0.061888, 0.062512, 0.062834, 0.062949, 0.063203, 0.063262, 0.063343, 0.063547, 0.063906, 0.063988, 0.06463, 0.064689, 0.064932, 0.06496, 0.065193, 0.065294, 0.06541, 0.065439, 0.065574, 0.065627, 0.065653, 0.065961, 0.066282, 0.066446, 0.066645, 0.066978, 0.067208, 0.067328, 0.067361, 0.067389, 0.067465, 0.067474, 0.067721, 0.067829, 0.068423, 0.068607, 0.068737, 0.068802, 0.069071, 0.069071, 0.06928, 0.069282, 0.069292, 0.069367, 0.069775, 0.070013, 0.07028, 0.070297, 0.070344, 0.070362, 0.070666, 0.070844, 0.071168, 0.071392, 0.071505, 0.071648, 0.071742, 0.071753, 0.071924, 0.071988, 0.072072, 0.072141, 0.072272, 0.072477, 0.073178, 0.073359, 0.07338, 0.073428, 0.073568, 0.073711, 0.074344, 0.074671, 0.074693, 0.07505, 0.075084, 0.075118, 0.075277, 0.07555, 0.075755, 0.076154, 0.076609, 0.076714, 0.076825, 0.077314, 0.077388, 0.077872, 0.077971, 0.078423, 0.07847, 0.078601, 0.078643, 0.078666, 0.078802, 0.078823, 0.078828, 0.078832, 0.079433, 0.079852, 0.079951, 0.080241, 0.080423, 0.080464, 0.080665, 0.08114, 0.081252, 0.081317, 0.081374, 0.081473, 0.081951, 0.081978, 0.082173, 0.082177, 0.082408, 0.082859, 0.082955, 0.083291, 0.083411, 0.083611, 0.083749, 0.083812, 0.084283, 0.084496, 0.084583, 0.084937, 0.085036, 0.085075, 0.085154, 0.085577, 0.085977, 0.086009, 0.086255, 0.086452, 0.087166, 0.087461, 0.087517, 0.087708, 0.087804, 0.087858, 0.08855, 0.088919, 0.089102, 0.08935, 0.089535, 0.089578, 0.089901, 0.089902, 0.090105, 0.090286, 0.090399, 0.090501, 0.090512, 0.090771, 0.090846, 0.091014, 0.091202, 0.091309, 0.091589, 0.091595, 0.091693, 0.091765, 0.09193, 0.091973, 0.092023, 0.092029, 0.092365, 0.092393, 0.092873, 0.093353, 0.093724, 0.093856, 0.093943, 0.094149, 0.094613, 0.094743, 0.095163, 0.095514, 0.095607, 0.095839, 0.096335, 0.096661, 0.096919, 0.097616, 0.097656, 0.09826, 0.098269, 0.098736, 0.09912, 0.099241, 0.099465, 0.09968, 0.099725, 0.099823, 0.100138, 0.100203, 0.100293, 0.101396, 0.101619, 0.102528, 0.102561, 0.102789, 0.102864, 0.103626, 0.104012, 0.104029, 0.104175, 0.104394, 0.104551, 0.104738, 0.105005, 0.105131, 0.10523, 0.105417, 0.105462, 0.105547, 0.105602, 0.105608, 0.106095, 0.106149, 0.106207, 0.106505, 0.106553, 0.10658, 0.106586, 0.107044, 0.107598, 0.107696, 0.107773, 0.1089, 0.108963, 0.109163, 0.109187, 0.109451, 0.110049, 0.110159, 0.110348, 0.110574, 0.110605, 0.110655, 0.111017, 0.111047, 0.111307, 0.111481, 0.111511, 0.111633, 0.11182, 0.112494, 0.112503, 0.112515, 0.112531, 0.112695, 0.112809, 0.113068, 0.113092, 0.113299, 0.114017, 0.114356, 0.114411, 0.114858, 0.114861, 0.115174, 0.11548, 0.115521, 0.115648, 0.115656, 0.115884, 0.116208, 0.116674, 0.116995, 0.117759, 0.117902, 0.118076, 0.118544, 0.118573, 0.118595, 0.119043, 0.119252, 0.119319, 0.119346, 0.11964, 0.119965, 0.120171, 0.12028, 0.120321, 0.120438, 0.120646, 0.120794, 0.120913, 0.121017, 0.121195, 0.12121, 0.121529, 0.121788, 0.121879, 0.122038, 0.122384, 0.122548, 0.12273, 0.123062, 0.124005, 0.124136, 0.124556, 0.125092, 0.125141, 0.125346, 0.125445, 0.125448, 0.125505, 0.125521, 0.126043, 0.126292, 0.12639, 0.126495, 0.126712, 0.127226, 0.12736, 0.127613, 0.127916, 0.128077, 0.128114, 0.128545, 0.128685, 0.128818, 0.129813, 0.129954, 0.130142, 0.131217, 0.131429, 0.13149, 0.131965, 0.13222, 0.132231, 0.132315, 0.132675, 0.132716, 0.133089, 0.133177, 0.133186, 0.133239, 0.13335, 0.133495, 0.133719, 0.133754, 0.134064, 0.134653, 0.135038, 0.135079, 0.135215, 0.13531, 0.13539, 0.135517, 0.135554, 0.136056, 0.136138, 0.136198, 0.136277, 0.136787, 0.137574, 0.137822, 0.138276, 0.139135, 0.139459, 0.14072, 0.141516, 0.141841, 0.141866, 0.142989, 0.143032, 0.143413, 0.143518, 0.143676, 0.14444, 0.144575, 0.145015, 0.145043, 0.145155, 0.145247, 0.14546, 0.145485, 0.145743, 0.145745, 0.146155, 0.146238, 0.146476, 0.146681, 0.146762, 0.146841, 0.146848, 0.147108, 0.147235, 0.147438, 0.147582, 0.148056, 0.148069, 0.148371, 0.148835, 0.148859, 0.149875, 0.150211, 0.150331, 0.150757, 0.150783, 0.150857, 0.151101, 0.152358, 0.153032, 0.153411, 0.153697, 0.154542, 0.15484, 0.155298, 0.155414, 0.155439, 0.155879, 0.156324, 0.15654, 0.156714, 0.157327, 0.157381, 0.157535, 0.158223, 0.159126, 0.159771, 0.159895, 0.160027, 0.16032, 0.160416, 0.160473, 0.16099, 0.161338, 0.161427, 0.161686, 0.161697, 0.16175, 0.161767, 0.162238, 0.162748, 0.162756, 0.164716, 0.165072, 0.165635, 0.165768, 0.166211, 0.166446, 0.16668, 0.166912, 0.167205, 0.167232, 0.167303, 0.168383, 0.168426, 0.16857, 0.171915, 0.172738, 0.172985, 0.173004, 0.173959, 0.174857, 0.174913, 0.174955, 