{"sigma_r": 1.9103, "sigma_i": 1.4304, "m": 10, "seed": 3687572892, "n_k": {"1": 4080, "2": 975, "3": 190, "4": 36, "5": 6, "6+": 1}, "dlogr": [0.000331, 0.000407, 0.000609, 0.000918, 0.000935, 0.001026, 0.001104, 0.001122, 0.001298, 0.001313, 0.001495, 0.001663, 0.002178, 0.002436, 0.002897, 0.002935, 0.00323, 0.003305, 0.003389, 0.003433, 0.003557, 0.003674, 0.004248, 0.004338, 0.004391, 0.004487, 0.004505, 0.004555, 0.004614, 0.004932, 0.005185, 0.005304, 0.005388, 0.00544, 0.005495, 0.005585, 0.005712, 0.005926, 0.0061, 0.00631, 0.006317, 0.006472, 0.006576, 0.006613, 0.006668, 0.007133, 0.007588, 0.007815, 0.007835, 0.008236, 0.008337, 0.0084, 0.008448, 0.008465, 0.008717, 0.008818, 0.008953, 0.00898, 0.009135, 0.009349, 0.00951, 0.009741, 0.009765, 0.009838, 0.010087, 0.010094, 0.010263, 0.010304, 0.010464, 0.01053, 0.010551, 0.010926, 0.011932, 0.012017, 0.012096, 0.012343, 0.012543, 0.012622, 0.012654, 0.012782, 0.0135, 0.013742, 0.013894, 0.014193, 0.014924, 0.015405, 0.01548, 0.015859, 0.016032, 0.016233, 0.016233, 0.016257, 0.016271, 0.01677, 0.017161, 0.017634, 0.01779, 0.017795, 0.018163, 0.018482, 0.018599, 0.018958, 0.01902, 0.019166, 0.019205, 0.019224, 0.019256, 0.019484, 0.019519, 0.019521, 0.019813, 0.019858, 0.019862, 0.020099, 0.020349, 0.021152, 0.021287, 0.02155, 0.021594, 0.021677, 0.022037, 0.022041, 0.022339, 0.022472, 0.022771, 0.022951, 0.023229, 0.023296, 0.023587, 0.023913, 0.023932, 0.024068, 0.024096, 0.024125, 0.02423, 0.024249, 0.024719, 0.024816, 0.024989, 0.025309, 0.025314, 0.025348, 0.025353, 0.025392, 0.025455, 0.025488, 0.025531, 0.0256, 0.025606, 0.02566, 0.025974, 0.026241, 0.026814, 0.026933, 0.026984, 0.027597, 0.02769, 0.02772, 0.027923, 0.028274, 0.028709, 0.028943, 0.029064, 0.0291, 0.029391, 0.029462, 0.029569, 0.029648, 0.029763, 0.030107, 0.030282, 0.030288, 0.030294, 0.030535, 0.031031, 0.03105, 0.031064, 0.031132, 0.031458, 0.031479, 0.031664, 0.031776, 0.031778, 0.031909, 0.032215, 0.032533, 0.032592, 0.032621, 0.032794, 0.032985, 0.033027, 0.033368, 0.033375, 0.034004, 0.034444, 0.0347, 0.0348, 0.034851, 0.035049, 0.035096, 0.036265, 0.036355, 0.036423, 0.036562, 0.036603, 0.036678, 0.036809, 0.037439, 0.037451, 0.03752, 0.037709, 0.037781, 0.03783, 0.03823, 0.038513, 0.03881, 0.038957, 0.039493, 0.039608, 0.03962, 0.040293, 0.040486, 0.040664, 0.040809, 0.041096, 0.04141, 0.041709, 0.041865, 0.041909, 0.042031, 0.042195, 0.042383, 0.042412, 0.042717, 0.042846, 0.042991, 0.043172, 0.043843, 0.043844, 0.043969, 0.044104, 0.044118, 0.044232, 0.04426, 0.044333, 0.044336, 0.044605, 0.044632, 0.044702, 0.04528, 0.045533, 0.045958, 0.046018, 0.046618, 0.04729, 0.047341, 0.047373, 0.048139, 0.048179, 0.048239, 0.048301, 0.048569, 0.04864, 0.048775, 0.049047, 0.049121, 0.049205, 0.049594, 0.049677, 0.049883, 0.050363, 0.05112, 0.051236, 0.051354, 0.05142, 0.052086, 0.052437, 0.052636, 0.052661, 0.052699, 0.053273, 0.053458, 0.053521, 0.054282, 0.054422, 0.054519, 0.055029, 0.055285, 0.05531, 0.0554, 0.055535, 0.055555, 0.05567, 0.05672, 0.056739, 0.056758, 0.056857, 0.057636, 0.057782, 0.058153, 0.058322, 0.060157, 0.060517, 0.060637, 0.060839, 0.060889, 0.061555, 0.061898, 0.062041, 0.062364, 0.062683, 0.062859, 0.06315, 0.063303, 0.063545, 0.063698, 0.063729, 0.064025, 0.06416, 0.064215, 0.064222, 0.064373, 0.064466, 0.06453, 0.064534, 0.064535, 0.064725, 0.064805, 0.064889, 0.064997, 0.065241, 0.065354, 0.065558, 0.065695, 0.066052, 0.066705, 0.066717, 0.066793, 0.066961, 0.067063, 0.067128, 0.067194, 0.067196, 0.067284, 0.06745, 0.067684, 0.068021, 0.06853, 0.068789, 0.069154, 0.069395, 0.069438, 0.069814, 0.070013, 0.070329, 0.070439, 0.070474, 0.07062, 0.070743, 0.07079, 0.071042, 0.071258, 0.071384, 0.071545, 0.071673, 0.071732, 0.071766, 0.072002, 0.07207, 0.072265, 0.072447, 0.07273, 0.072974, 0.073159, 0.073579, 0.073638, 0.073639, 0.073661, 0.073671, 0.073873, 0.074516, 0.074601, 0.074712, 0.074739, 0.075276, 0.075649, 0.076042, 0.076242, 0.076497, 0.076678, 0.076875, 0.076952, 0.07699, 0.077064, 0.077092, 0.077373, 0.077425, 0.077506, 0.077584, 0.077925, 0.078291, 0.078473, 0.078489, 0.078536, 0.078583, 0.079081, 0.079147, 0.079328, 0.079418, 0.079576, 0.079747, 0.079794, 0.080048, 0.080477, 0.080707, 0.081086, 0.081168, 0.081209, 0.081299, 0.081539, 0.082331, 0.082564, 0.082589, 0.082646, 0.082692, 0.082698, 0.082822, 0.082864, 0.082999, 0.083075, 0.083156, 0.084302, 0.084472, 0.084512, 0.085094, 0.085103, 0.085116, 0.085143, 0.085562, 0.085688, 0.0865, 0.087069, 0.08712, 0.087283, 0.087306, 0.087545, 0.087846, 0.087852, 0.087973, 0.088273, 0.08882, 0.089088, 0.089152, 0.089277, 0.089346, 0.089413, 0.089781, 0.089996, 0.090165, 0.090208, 0.09097, 0.091191, 0.091258, 0.091267, 0.091323, 0.091602, 0.091829, 0.092277, 0.092376, 0.092947, 0.093151, 0.093239, 0.093433, 0.093579, 0.093649, 0.093986, 0.094101, 0.09412, 0.094148, 0.094342, 0.094463, 0.094568, 0.094608, 0.094718, 0.094744, 0.094748, 0.094898, 0.094984, 0.095033, 0.095621, 0.095678, 0.095706, 0.095924, 0.095986, 0.096318, 0.096478, 0.096523, 0.096625, 0.096672, 0.096719, 0.096736, 0.096892, 0.097107, 0.097147, 0.09762, 0.097646, 0.097651, 0.097734, 0.097818, 0.097861, 0.097931, 0.098323, 0.098328, 0.098532, 0.098602, 0.098689, 0.09904, 0.099202, 0.099375, 0.0998, 0.099844, 0.09999, 0.1003, 0.100587, 0.100949, 0.10102, 0.101038, 0.101093, 0.101159, 0.10152, 0.101572, 0.101699, 0.101957, 0.102147, 0.102151, 0.102161, 0.102755, 0.102973, 0.103012, 0.103041, 0.103055, 0.103317, 0.103699, 0.104286, 0.104365, 0.104379, 0.105158, 0.10537, 0.105373, 0.105572, 0.10559, 0.105619, 0.105743, 0.105989, 0.106071, 0.106117, 0.106486, 0.106509, 0.106538, 0.106955, 0.107073, 0.107462, 0.107488, 0.107493, 0.107602, 0.108153, 0.108338, 0.108636, 0.108902, 0.108924, 0.109048, 0.109237, 0.109276, 0.109509, 0.110109, 0.111182, 0.111258, 0.111563, 0.112035, 0.112322, 0.112733, 0.11278, 0.113077, 0.11324, 0.113304, 0.113816, 0.114127, 0.11417, 0.114416, 0.114543, 0.114961, 0.115133, 0.115379, 0.115407, 0.115602, 0.115624, 0.116008, 0.116021, 0.116289, 0.116848, 0.116854, 0.117068, 0.117444, 0.118343, 0.118856, 0.118886, 0.118936, 0.118949, 0.119331, 0.119506, 0.119802, 0.11997, 0.120205, 0.120402, 0.121072, 0.121465, 0.121706, 0.121817, 0.121832, 0.121875, 0.121946, 0.121959, 0.122099, 0.122364, 0.12263, 0.122897, 0.123339, 0.123621, 0.124144, 0.124148, 0.124236, 0.124299, 0.124347, 0.124391, 0.124482, 0.124573, 0.124802, 0.124848, 0.125535, 0.126642, 0.126693, 0.127257, 0.127574, 0.127837, 0.127943, 0.128186, 0.129516, 0.129844, 0.129958, 0.131077, 0.131635, 0.131682, 0.133007, 0.133812, 0.13417, 0.134845, 0.13489, 0.134909, 0.135082, 0.135156, 0.135199, 0.135278, 0.135285, 0.135384, 0.135509, 0.13596, 0.136142, 0.136612, 0.136705, 0.136798, 0.137556, 0.137567, 0.137614, 0.137973, 0.138068, 0.138942, 0.139161, 0.139321, 0.139424, 0.139699, 0.139832, 0.140364, 0.140711, 0.141034, 0.14109, 0.141325, 0.141544, 0.141663, 0.142229, 0.142328, 0.142518, 0.143363, 0.14383, 0.143968, 0.144003, 0.144926, 0.145114, 0.145195, 0.145232, 0.145657, 0.145842, 0.145892, 0.146107, 0.146252, 0.146529, 0.146568, 0.146897, 0.146958, 0.14718, 0.147385, 0.147593, 0.148036, 0.148335, 0.14852, 0.14906, 0.149141, 0.149454, 0.149679, 0.149869, 0.150207, 0.150353, 0.150748, 0.150988, 0.151127, 0.151599, 0.151735, 0.152228, 0.152873, 0.153178, 0.153236, 0.153694, 0.153825, 0.154384, 0.15513, 0.155195, 0.155369, 0.155894, 0.156174, 0.156496, 0.15665, 0.157187, 0.157398, 0.157666, 0.157958, 0.158744, 0.158794, 0.158921, 0.159297, 0.159612, 0.159823, 0.160246, 0.160924, 0.160929, 0.161144, 0.161246, 0.161378, 0.162063, 0.162128, 0.16242, 0.162482, 0.162674, 0.162961, 0.163944, 0.164476, 0.164671, 0.164705, 0.164998, 0.165044, 0.165411, 0.166234, 0.166412, 0.166579, 0.166812, 0.167053, 0.167075, 0.167267, 0.168399, 0.168856, 0.169674, 0.169697, 0.1699, 0.169932, 0.17023, 0.170653, 0.171192, 0.171869, 0.172357, 0.172404, 0.17304, 0.173379, 0.17361, 0.173635, 0.174221, 0.174694, 0.174891, 