{"sigma_r": 1.08, "sigma_i": 13.7, "m": 1, "seed": 513198883, "n_k": {"1": 5953, "2": 326, "3": 12, "4": 0, "5": 0, "6+": 0}, "dlogr": [0.0, 0.000217, 0.000389, 0.001643, 0.002953, 0.003354, 0.007092, 0.007352, 0.008214, 0.0086, 0.009027, 0.009991, 0.009995, 0.010301, 0.010993, 0.011004, 0.011007, 0.011791, 0.012245, 0.01252, 0.01272, 0.014074, 0.014803, 0.016282, 0.016758, 0.016783, 0.01691, 0.017302, 0.017706, 0.01903, 0.01918, 0.019286, 0.019739, 0.020545, 0.021237, 0.021498, 0.022115, 0.022563, 0.022573, 0.023194, 0.023206, 0.023853, 0.024567, 0.024584, 0.02461, 0.02517, 0.02583, 0.02597, 0.028526, 0.029849, 0.030858, 0.032189, 0.032437, 0.032531, 0.033631, 0.033748, 0.033817, 0.033824, 0.034942, 0.035057, 0.035362, 0.036317, 0.036767, 0.038395, 0.038399, 0.039165, 0.039455, 0.039552, 0.041332, 0.041696, 0.041903, 0.042021, 0.043362, 0.044107, 0.044253, 0.044969, 0.045906, 0.046813, 0.04709, 0.047362, 0.047775, 0.048877, 0.048938, 0.052821, 0.053278, 0.054384, 0.054459, 0.056512, 0.057056, 0.057104, 0.057208, 0.057437, 0.058149, 0.05938, 0.06161, 0.062852, 0.063113, 0.063183, 0.063245, 0.063561, 0.06553, 0.066701, 0.066876, 0.067057, 0.067766, 0.067779, 0.067804, 0.071773, 0.071947, 0.073747, 0.074002, 0.074284, 0.074688, 0.074938, 0.076204, 0.076566, 0.077187, 0.077536, 0.077613, 0.078166, 0.078671, 0.079114, 0.079403, 0.079584, 0.080855, 0.081456, 0.081816, 0.082404, 0.083325, 0.085365, 0.085394, 0.085451, 0.085902, 0.086025, 0.08875, 0.089642, 0.091426, 0.091654, 0.09249, 0.092763, 0.092998, 0.094673, 0.094903, 0.097232, 0.098459, 0.099044, 0.099518, 0.102584, 0.102886, 0.103678, 0.104232, 0.104371, 0.104613, 0.105861, 0.106249, 0.106699, 0.107503, 0.107634, 0.10811, 0.109098, 0.109516, 0.110775, 0.110781, 0.111683, 0.112797, 0.113988, 0.115122, 0.115442, 0.117078, 0.118176, 0.118246, 0.118813, 0.118941, 0.120087, 0.120173, 0.120377, 0.12226, 0.123039, 0.123716, 0.12437, 0.12457, 0.125036, 0.125203, 0.125574, 0.128282, 0.128399, 0.132303, 0.133795, 0.134074, 0.135369, 0.135847, 0.136512, 0.137015, 0.139325, 0.139762, 0.140223, 0.140495, 0.14127, 0.142881, 0.143829, 0.143867, 0.144107, 0.145965, 0.147012, 0.147919, 0.148677, 0.149319, 0.151604, 0.151719, 0.15223, 0.153317, 0.153502, 0.155509, 0.156394, 0.157137, 0.157184, 0.158256, 0.158455, 0.158865, 0.158901, 0.160386, 0.160609, 0.161432, 0.162549, 0.165018, 0.165988, 0.166289, 0.168709, 0.169183, 0.173566, 0.174679, 0.176681, 0.177485, 0.177909, 0.177915, 0.179077, 0.179162, 0.179965, 0.181308, 0.181369, 0.182791, 0.185098, 0.186468, 0.186707, 0.188793, 0.192555, 0.194475, 0.19518, 0.197146, 0.199177, 0.201855, 0.205695, 0.206976, 0.208204, 0.211751, 0.220525, 0.22119, 0.224247, 0.22473, 0.225632, 0.226343, 0.23147, 0.234118, 0.234705, 0.234856, 0.235323, 0.235673, 0.236157, 0.242639, 0.244595, 0.24577, 0.250903, 0.255255, 0.257463, 0.258177, 0.265555, 0.266291, 0.27548, 0.281978, 0.286521, 0.291905, 0.292219, 0.293281, 0.294823, 0.295276, 0.304203, 0.305213, 0.305475, 0.307407, 0.307438, 0.313919, 0.317536, 0.318714, 0.328763, 0.329504, 0.33922, 0.358268, 0.363461, 0.365916, 0.373981, 0.420544, 0.47926, 0.532997, 0.544982, 0.551141, 0.551731, 0.555494, 0.566313, 0.569638, 0.582951, 0.600282, 0.612609, 0.629068, 0.640554, 0.647073, 0.662295, 0.677815, 0.680613, 0.683217, 0.70449, 0.711878, 0.717456, 0.731839, 0.737552, 0.750631, 0.770242, 0.777014, 0.780368, 0.787889, 0.800084, 0.80752, 0.822001, 0.831951, 0.843139, 0.846786, 0.851442, 0.851514, 0.860989, 0.88215, 0.931259, 0.943628, 0.945057, 0.959784, 0.962158, 0.97128, 0.973677, 0.986595, 0.993146, 1.011395, 1.113591], "monotonicity": 0.041666666666666664, "n_systems": 6291, "n_planets": 6641, "n_targets": 137493}