{"sigma_r": 3.0, "sigma_i": 2.3392, "m": 2, "seed": 2798543374, "n_k": {"1": 4458, "2": 859, "3": 157, "4": 17, "5": 2, "6+": 0}, "dlogr": [0.000284, 0.000312, 0.000324, 0.000328, 0.00053, 0.000737, 0.000745, 0.001983, 0.002303, 0.002737, 0.002794, 0.002794, 0.002838, 0.003013, 0.003346, 0.00358, 0.003901, 0.004226, 0.004415, 0.004733, 0.004887, 0.004956, 0.005138, 0.005261, 0.0061, 0.006912, 0.007574, 0.007757, 0.008108, 0.008132, 0.008368, 0.008404, 0.008718, 0.008858, 0.009315, 0.009952, 0.010563, 0.011038, 0.011117, 0.011126, 0.011684, 0.011869, 0.011981, 0.012052, 0.012895, 0.013013, 0.013919, 0.013986, 0.014003, 0.014362, 0.014407, 0.014812, 0.014974, 0.015835, 0.01615, 0.016442, 0.016491, 0.016633, 0.016919, 0.017059, 0.017109, 0.017141, 0.017217, 0.017269, 0.017601, 0.018548, 0.019434, 0.019543, 0.019624, 0.019658, 0.020484, 0.020807, 0.020936, 0.021896, 0.021912, 0.021958, 0.022246, 0.022479, 0.022707, 0.022807, 0.022839, 0.023197, 0.023544, 0.023797, 0.024212, 0.02424, 0.024447, 0.024598, 0.024664, 0.024819, 0.025202, 0.025299, 0.025474, 0.025544, 0.025566, 0.02568, 0.025714, 0.026314, 0.026592, 0.026792, 0.026887, 0.027326, 0.027479, 0.027691, 0.027765, 0.027803, 0.028192, 0.028223, 0.028259, 0.028751, 0.028769, 0.028863, 0.029111, 0.029731, 0.030199, 0.030268, 0.030336, 0.03037, 0.030401, 0.030517, 0.030666, 0.030726, 0.030843, 0.031236, 0.03165, 0.031814, 0.032225, 0.033002, 0.033095, 0.03354, 0.03382, 0.034478, 0.034773, 0.035343, 0.035591, 0.035825, 0.035858, 0.035939, 0.035962, 0.036061, 0.036193, 0.036263, 0.036515, 0.03691, 0.037166, 0.037329, 0.03746, 0.037713, 0.037851, 0.037882, 0.038042, 0.038661, 0.039345, 0.039824, 0.039954, 0.040733, 0.04074, 0.041178, 0.041248, 0.041254, 0.041471, 0.041494, 0.042255, 0.042479, 0.04285, 0.042917, 0.043096, 0.043492, 0.043523, 0.043776, 0.04378, 0.044332, 0.044742, 0.044778, 0.044865, 0.045023, 0.045832, 0.045871, 0.045878, 0.045888, 0.046144, 0.046209, 0.046221, 0.046523, 0.046788, 0.047023, 0.047424, 0.047536, 0.047612, 0.047811, 0.047815, 0.047958, 0.04797, 0.048057, 0.048403, 0.048772, 0.048944, 0.04904, 0.049988, 0.050211, 0.050554, 0.051416, 0.051583, 0.051699, 0.051853, 0.052028, 0.05206, 0.052065, 0.052189, 0.052442, 0.053111, 0.053687, 0.053956, 0.054003, 0.054277, 0.054386, 0.054555, 0.054642, 0.05474, 0.055063, 0.055499, 0.055606, 0.056392, 0.056476, 0.057214, 0.057483, 0.057694, 0.057699, 0.057995, 0.058131, 0.058275, 0.058761, 0.058872, 0.058874, 0.058903, 0.058981, 0.059269, 0.059484, 0.059606, 0.059853, 0.060173, 0.060286, 0.060395, 0.060808, 0.061187, 0.061397, 0.061853, 0.061958, 0.061993, 0.062619, 0.062915, 0.063394, 0.063598, 0.063885, 0.064034, 0.064139, 0.06417, 0.064429, 0.064599, 0.065058, 0.065738, 0.066267, 0.066285, 0.066553, 0.067068, 0.067103, 0.067248, 0.067365, 0.068033, 0.068274, 0.068285, 0.068512, 0.068635, 0.068692, 0.068823, 0.06931, 0.069313, 0.069574, 0.069605, 0.070732, 0.070752, 0.07097, 0.070977, 0.071213, 0.071755, 0.071846, 0.071902, 0.072278, 0.072282, 0.072498, 0.07259, 0.072871, 0.073208, 0.073493, 0.073749, 0.073913, 0.075286, 0.075314, 0.076241, 0.076298, 0.07634, 0.076517, 0.076874, 0.077191, 0.077532, 0.077533, 0.077785, 0.077825, 0.078162, 0.078789, 0.078834, 0.079055, 0.079194, 0.079385, 0.079386, 0.079666, 0.080257, 0.080588, 0.080931, 0.081684, 0.082125, 0.082452, 0.082607, 0.082818, 0.083636, 0.084206, 0.084754, 0.085494, 0.085668, 0.085739, 0.08612, 0.086599, 0.086659, 0.08693, 0.087001, 0.087694, 0.088184, 0.088239, 0.088562, 0.08913, 0.089156, 0.089335, 0.089395, 0.089563, 0.089589, 0.08973, 0.08989, 0.089915, 0.090011, 0.090161, 0.090238, 0.090362, 0.090468, 0.09068, 0.091235, 0.091256, 0.091487, 0.091766, 0.09183, 0.092201, 0.092206, 0.092264, 0.092292, 0.092343, 0.092614, 0.092816, 0.092826, 0.093143, 0.09354, 0.093609, 0.093818, 0.094509, 0.094522, 0.094605, 0.095169, 0.095476, 0.095762, 0.095848, 0.095872, 0.095937, 0.096201, 0.096342, 0.09635, 0.096522, 0.097752, 0.097925, 0.098302, 0.098537, 0.099213, 0.099254, 0.099797, 0.099842, 0.100013, 0.100109, 0.100164, 0.100184, 0.100315, 0.100446, 0.100917, 0.101616, 0.10167, 0.101998, 0.1021, 0.103449, 0.103492, 0.103518, 0.103717, 0.104186, 0.104218, 0.104537, 0.104622, 0.105005, 0.105645, 0.106266, 0.106875, 0.107376, 0.107532, 0.108528, 0.108573, 0.108693, 0.108744, 0.108872, 0.108978, 0.109818, 0.109903, 0.110316, 0.110317, 0.110345, 0.110377, 0.110396, 0.110407, 0.110807, 0.110853, 0.111579, 0.11164, 0.111758, 0.111846, 0.112062, 0.112798, 0.1131, 0.113224, 0.113786, 0.113786, 0.114121, 0.114141, 0.114787, 0.115343, 0.115884, 0.115988, 0.116466, 0.11658, 0.117063, 0.117625, 0.117829, 0.117926, 0.117997, 0.118508, 0.118862, 0.119425, 0.120039, 0.120357, 0.121119, 0.121336, 0.12352, 0.124687, 0.124826, 0.125465, 0.125532, 0.126239, 0.1267, 0.127102, 0.127304, 0.128103, 0.128178, 0.128426, 0.128598, 0.12864, 0.12875, 0.129351, 0.130978, 0.13138, 0.132546, 0.132904, 0.132916, 0.133084, 0.133986, 0.134225, 0.13449, 0.134633, 0.135086, 0.135168, 0.135309, 0.137117, 0.137249, 0.137363, 0.137999, 0.138127, 0.138462, 0.138664, 0.13879, 0.138996, 0.139176, 0.139395, 0.139494, 0.139752, 0.139896, 0.14045, 0.140729, 0.141129, 0.141209, 0.142183, 0.142213, 0.142323, 0.142609, 0.142956, 0.143198, 0.143428, 0.144199, 0.144322, 0.144552, 0.145048, 0.145657, 0.145732, 0.146044, 0.146981, 0.147045, 0.14749, 0.147619, 0.147744, 0.148095, 0.148104, 0.148495, 0.15092, 0.151082, 0.151171, 0.151265, 0.151387, 0.151438, 0.151534, 0.151708, 0.152015, 0.152092, 0.15245, 0.152498, 0.152933, 0.153649, 0.154244, 0.154764, 0.155, 0.155185, 0.155449, 0.155493, 0.155821, 0.156164, 0.156329, 0.156429, 0.156642, 0.156795, 0.157396, 0.157948, 0.158369, 0.158661, 0.159326, 0.159532, 0.159594, 0.159948, 0.160197, 0.160391, 0.160432, 0.160717, 0.160961, 0.161151, 0.161293, 0.161663, 0.161698, 0.162262, 0.163017, 0.163072, 0.163935, 0.164135, 0.164622, 0.164998, 0.165216, 0.165378, 0.166593, 0.166749, 0.167369, 0.167795, 0.167865, 0.167943, 0.168648, 0.168729, 0.168756, 0.168849, 0.168864, 0.169101, 0.169468, 0.170282, 0.170911, 0.171275, 0.171315, 0.171991, 0.172274, 0.172281, 0.172681, 0.173104, 0.173728, 0.175472, 0.175699, 0.175719, 0.176085, 0.176199, 0.176683, 0.176815, 0.177198, 0.177602, 0.177978, 0.178013, 0.179017, 0.179085, 0.179241, 0.179514, 0.179541, 0.179611, 0.179844, 0.180521, 0.181434, 0.181499, 0.182324, 0.18233, 0.182766, 0.183167, 0.183295, 0.18336, 0.183458, 0.183616, 0.183675, 0.184271, 0.18436, 0.184415, 0.18598, 0.186017, 0.186386, 0.186483, 0.186587, 0.187771, 0.188753, 0.188863, 0.188973, 0.189228, 0.189495, 0.189895, 0.190396, 0.190864, 0.1921, 0.193252, 0.193393, 0.19348, 0.194549, 0.194959, 0.19518, 0.195387, 0.195489, 0.196175, 0.196274, 0.19654, 0.196717, 0.196806, 0.19808, 0.198405, 0.198502, 0.199492, 0.20012, 0.200554, 0.200908, 0.20133, 0.201476, 0.202778, 0.203891, 0.204301, 0.204819, 0.205262, 0.206057, 0.206081, 0.206119, 0.207908, 0.208123, 0.208744, 0.209111, 0.209258, 0.209289, 0.209976, 0.210129, 0.21027, 0.210432, 0.210473, 0.210735, 0.212458, 0.212522, 0.212977, 0.213298, 0.213306, 0.213416, 0.214034, 0.214048, 0.214523, 0.214805, 0.214834, 0.215243, 0.216931, 0.217091, 0.21828, 0.218493, 0.218624, 0.219105, 0.219287, 0.219797, 0.22013, 0.220755, 0.220994, 0.22136, 0.221439, 0.221577, 0.221996, 0.222241, 0.22232, 0.222645, 0.222647, 0.223084, 0.223809, 0.22428, 0.22441, 0.224597, 0.226251, 0.227875, 0.227959, 0.228888, 0.229541, 0.230392, 0.230605, 0.23067, 0.231451, 0.23174, 0.232152, 0.233765, 0.233877, 0.234507, 0.234686, 0.235038, 0.235188, 0.235261, 0.236176, 0.236613, 0.236643, 0.237037, 0.237086, 0.237607, 0.237718, 0.238826, 0.23995, 0.240313, 0.241067, 0.241236, 0.24245, 0.242944, 0.243145, 0.243263, 0.243302, 0.243848, 0.244084, 0.24412, 0.244424, 0.246627, 0.247059, 0.247232, 0.247694, 0.248289, 0.248737, 0.249394, 0.249417, 0.249797, 0.250104, 0.250212, 0.250873, 0.251389, 0.251585, 0.252395, 0.253029, 0.253064, 0.254189, 0.255493, 0.255895, 0.256644, 0.257329, 