{"sigma_r": 0.6181, "sigma_i": 0.3271, "m": 6, "seed": 3898148305, "n_k": {"1": 3577, "2": 926, "3": 274, "4": 85, "5": 13, "6+": 2}, "dlogr": [0.0, 0.0, 0.0, 0.0, 0.0, 3.8e-05, 0.000105, 0.000149, 0.000283, 0.000399, 0.000454, 0.000509, 0.000516, 0.000712, 0.00082, 0.000995, 0.001113, 0.001382, 0.001402, 0.001579, 0.001665, 0.001741, 0.001769, 0.001806, 0.001919, 0.002115, 0.002118, 0.002154, 0.002218, 0.002272, 0.002433, 0.002553, 0.002562, 0.002688, 0.002816, 0.002836, 0.002844, 0.002863, 0.002909, 0.002974, 0.002988, 0.003044, 0.003116, 0.003167, 0.003231, 0.003314, 0.003394, 0.003542, 0.003609, 0.003631, 0.003632, 0.003791, 0.003832, 0.004005, 0.004035, 0.004114, 0.004182, 0.004284, 0.004289, 0.004298, 0.004325, 0.004682, 0.004729, 0.00475, 0.004774, 0.004971, 0.005079, 0.005271, 0.00531, 0.005378, 0.005554, 0.005736, 0.005754, 0.005961, 0.005971, 0.00606, 0.00607, 0.006241, 0.006436, 0.006449, 0.006497, 0.006539, 0.00665, 0.006656, 0.006719, 0.006853, 0.007191, 0.007192, 0.007206, 0.007295, 0.00745, 0.007454, 0.007462, 0.007513, 0.007621, 0.007748, 0.007903, 0.007932, 0.00813, 0.00831, 0.008344, 0.008381, 0.008452, 0.008565, 0.008614, 0.008847, 0.009226, 0.009352, 0.009371, 0.009519, 0.009584, 0.009594, 0.009735, 0.010295, 0.010336, 0.010521, 0.010572, 0.010625, 0.010875, 0.011081, 0.011084, 0.0114, 0.011583, 0.011587, 0.011599, 0.01174, 0.011764, 0.011768, 0.011888, 0.01207, 0.012201, 0.012231, 0.01225, 0.012369, 0.012388, 0.012394, 0.012455, 0.012483, 0.012541, 0.012543, 0.012613, 0.012673, 0.01297, 0.012983, 0.013072, 0.013169, 0.01324, 0.013632, 0.013663, 0.013891, 0.014063, 0.0144, 0.014452, 0.014521, 0.01455, 0.01476, 0.014793, 0.014838, 0.014998, 0.015436, 0.015451, 0.015489, 0.015544, 0.015573, 0.015634, 0.015662, 0.015757, 0.015797, 0.016095, 0.016164, 0.01621, 0.016316, 0.016318, 0.016375, 0.016385, 0.016491, 0.016742, 0.016798, 0.016948, 0.016962, 0.01724, 0.017405, 0.017605, 0.017623, 0.017716, 0.017838, 0.018001, 0.018075, 0.018121, 0.018217, 0.018262, 0.018317, 0.018325, 0.018338, 0.018369, 0.018486, 0.018534, 0.018553, 0.018802, 0.018805, 0.019028, 0.019081, 0.019162, 0.019233, 0.019248, 0.019252, 0.019334, 0.019593, 0.019605, 0.019608, 0.019609, 0.019848, 0.020008, 0.020101, 0.020115, 0.02016, 0.020226, 0.020257, 0.020384, 0.020416, 0.020544, 0.020564, 0.020706, 0.020756, 0.020779, 0.020965, 0.021023, 0.021037, 0.021044, 0.021089, 0.021157, 0.021197, 0.021343, 0.021364, 0.021375, 0.021462, 0.021566, 0.021622, 0.021677, 0.021724, 0.021762, 0.021826, 0.021877, 0.022026, 0.022055, 0.022192, 0.022222, 0.022619, 0.022641, 0.022918, 0.023141, 0.023496, 0.023537, 0.023548, 0.023551, 0.023607, 0.023632, 0.02366, 0.023675, 0.023713, 0.023859, 0.023942, 0.023944, 0.023947, 0.024113, 0.024226, 0.024352, 0.024659, 0.024815, 0.02501, 0.025175, 0.025261, 0.025417, 0.025523, 0.02571, 0.025948, 0.026055, 0.026104, 0.026156, 0.026206, 0.026225, 0.02624, 0.026467, 0.026469, 0.026544, 0.026776, 0.026923, 0.026947, 0.027019, 0.027104, 0.027168, 0.027375, 0.027536, 0.027568, 0.027572, 0.027673, 0.027758, 0.027763, 0.027789, 0.027818, 0.028053, 0.028241, 0.028401, 0.028497, 0.028506, 0.02859, 0.028616, 0.028776, 0.028784, 0.029007, 0.029093, 0.029108, 0.029149, 0.029188, 0.029358, 0.029378, 0.029447, 0.029486, 0.029603, 0.029731, 0.029917, 0.029976, 0.029993, 0.03002, 0.030057, 0.03007, 0.030323, 0.03034, 0.030578, 0.03062, 0.030662, 0.030825, 0.031087, 0.031184, 0.031299, 0.031331, 0.031391, 0.031406, 0.03156, 0.031586, 0.031733, 0.031822, 0.031919, 0.031951, 0.031967, 0.03206, 0.032127, 0.032242, 0.032245, 0.032257, 0.032269, 0.032269, 0.032296, 0.032318, 0.032531, 0.032635, 0.032663, 0.032966, 0.032986, 0.032996, 0.03304, 0.033274, 0.033351, 0.033472, 0.033509, 0.033547, 0.033592, 0.033808, 0.033919, 0.033939, 0.033948, 0.033959, 0.034046, 0.034096, 0.034265, 0.034417, 0.034418, 0.034442, 0.034497, 0.034542, 0.034694, 0.034704, 0.034816, 0.034901, 0.035014, 0.035112, 0.035254, 0.035492, 0.035495, 0.035541, 0.035593, 0.035678, 0.03599, 0.036071, 0.036147, 0.036151, 0.03617, 0.036218, 0.036483, 0.03653, 0.036685, 0.036709, 0.036848, 0.036867, 0.037348, 0.03737, 0.037478, 0.037769, 0.038045, 0.038067, 0.03814, 0.038275, 0.038393, 0.038428, 0.038477, 0.03852, 0.038527, 0.038627, 0.03877, 0.03885, 0.039035, 0.03907, 0.039073, 0.03914, 0.039145, 0.039532, 0.039566, 0.039712, 0.039755, 0.039772, 0.03978, 0.039809, 0.039844, 0.039846, 0.040005, 0.040019, 0.040153, 0.040354, 0.040447, 0.040605, 0.040647, 0.040649, 0.040701, 0.040797, 0.04082, 0.040914, 0.041111, 0.041119, 0.041181, 0.041186, 0.04122, 0.041222, 0.041272, 0.041478, 0.04157, 0.041583, 0.041892, 0.041952, 0.042465, 0.042597, 0.042804, 0.042815, 0.04301, 0.043056, 0.043334, 0.043346, 0.043397, 0.043533, 0.043654, 0.04389, 0.044253, 0.044421, 0.044426, 0.044447, 0.044604, 0.044645, 0.044778, 0.044784, 0.044839, 0.045075, 0.045244, 0.045293, 0.045419, 0.04545, 0.046216, 0.046292, 0.046555, 0.046578, 0.046588, 0.046662, 0.046803, 0.046808, 0.046871, 0.046952, 0.047091, 0.047176, 0.047185, 0.047188, 0.04723, 0.047467, 0.047468, 0.047558, 0.047592, 0.047678, 0.047683, 0.04795, 0.048076, 0.048116, 0.048133, 0.048381, 0.048465, 0.048497, 0.048904, 0.048911, 0.048977, 0.049328, 0.049333, 0.049591, 0.049685, 0.049729, 0.049796, 0.049855, 0.050024, 0.050087, 0.050088, 0.050466, 0.05058, 0.050583, 0.050694, 0.051124, 0.05117, 0.051434, 0.05153, 0.051618, 0.051853, 0.051888, 0.05212, 0.052164, 0.052439, 0.052479, 0.052494, 0.052543, 0.052662, 0.052734, 0.05294, 0.05306, 0.053142, 0.053162, 0.053273, 0.053585, 0.053644, 0.053863, 0.053941, 0.053958, 0.054238, 0.05431, 0.054319, 0.054399, 0.054619, 0.054645, 0.054649, 0.054886, 0.055022, 0.055051, 0.055154, 0.055343, 0.055609, 0.055627, 0.055793, 0.055859, 0.055924, 0.056031, 0.056208, 0.056307, 0.056424, 0.05657, 0.05659, 0.056609, 0.056674, 0.056888, 0.056947, 0.057005, 0.057237, 0.057398, 0.05744, 0.057552, 0.057629, 0.057778, 0.057828, 0.05795, 0.058042, 0.058267, 0.058313, 0.058317, 0.058338, 0.058354, 0.05839, 0.058487, 0.058638, 0.058663, 0.058687, 0.058859, 0.059009, 0.059108, 0.05911, 0.059306, 0.059383, 0.059454, 0.059465, 0.059548, 0.059569, 0.059739, 0.059757, 0.060152, 0.060195, 0.060213, 0.060487, 0.060603, 0.06079, 0.060823, 0.060844, 0.060898, 0.060903, 0.061002, 0.061058, 0.061124, 0.061234, 0.061313, 0.061388, 0.061574, 0.061701, 0.061772, 0.061819, 0.061882, 0.061897, 0.061962, 0.062015, 0.062132, 0.062173, 0.062208, 0.062272, 0.062285, 0.06247, 0.062587, 0.062596, 0.062658, 0.062674, 0.062752, 0.062871, 0.062908, 0.063156, 0.063207, 0.063266, 0.063285, 0.063696, 0.063754, 0.063832, 0.063875, 0.064186, 0.064248, 0.064502, 0.064652, 0.064724, 0.065016, 0.065127, 0.065233, 0.065313, 0.065326, 0.065503, 0.065507, 0.065541, 0.0659, 0.066095, 0.066338, 0.066581, 0.066685, 0.066733, 0.066796, 0.067216, 0.067234, 0.067321, 0.067374, 0.067437, 0.067561, 0.067862, 0.068192, 0.068252, 0.068332, 0.068335, 0.068393, 0.068432, 0.068509, 0.068527, 0.068943, 0.068956, 0.068965, 0.068976, 0.068986, 0.069219, 0.069397, 0.06945, 0.069653, 0.069694, 0.069713, 0.069789, 0.069816, 0.070088, 0.07016, 0.070512, 0.070568, 0.070669, 0.070695, 0.070781, 0.070832, 0.070869, 0.070915, 0.070948, 0.071103, 0.071164, 0.071181, 0.07122, 0.071279, 0.071431, 0.071505, 0.071561, 0.07163, 0.071711, 0.071772, 0.071963, 0.072167, 0.072323, 0.072326, 0.072462, 0.072504, 0.072513, 0.072789, 0.072819, 0.072922, 0.073093, 0.07316, 0.073394, 0.073523, 0.073659, 0.073767, 0.07383, 0.073913, 0.07394, 0.074159, 0.074411, 0.074484, 0.074504, 0.074762, 0.07478, 0.074812, 0.074851, 0.074942, 0.074982, 0.075092, 0.075132, 0.075344, 0.075538, 0.075816, 0.075838, 0.075896, 0.075906, 0.075973, 0.075989, 0.075995, 0.076201, 0.076206, 0.076382, 0.076499, 0.076621, 0.076902, 0.076927, 0.076997, 0.077086, 0.077202, 0.077246, 0.077256, 0.077261, 0.077286, 0.077785, 0.077818, 0.077836, 0.077878, 0.078096, 0.078154, 0.078221, 0.078288, 0.078456, 0.07868, 0.079176, 0.079208, 0.079713, 0.07974, 