{"sigma_r": 0.3141, "sigma_i": 2.9914, "m": 4, "seed": 405109797, "n_k": {"1": 4417, "2": 848, "3": 132, "4": 15, "5": 1, "6+": 0}, "dlogr": [0.0, 0.0, 0.0, 0.0, 0.0, 0.0, 0.0, 9.5e-05, 0.000108, 0.000161, 0.000814, 0.000862, 0.000868, 0.00101, 0.001019, 0.001122, 0.001188, 0.001231, 0.001236, 0.001306, 0.001414, 0.001506, 0.001656, 0.0017, 0.001749, 0.002028, 0.002144, 0.00235, 0.002373, 0.002505, 0.002937, 0.002991, 0.003054, 0.003181, 0.003188, 0.003193, 0.003209, 0.003339, 0.003346, 0.003383, 0.003466, 0.003807, 0.004206, 0.004241, 0.004243, 0.004336, 0.004358, 0.004361, 0.004399, 0.004427, 0.004752, 0.004944, 0.005018, 0.005083, 0.005305, 0.005312, 0.005357, 0.005408, 0.005466, 0.005471, 0.005514, 0.005617, 0.005623, 0.005648, 0.005741, 0.006026, 0.006143, 0.006155, 0.006161, 0.006165, 0.006202, 0.006207, 0.00621, 0.006248, 0.006269, 0.006494, 0.006786, 0.006807, 0.006948, 0.006988, 0.007002, 0.007035, 0.007051, 0.007192, 0.007308, 0.007315, 0.0076, 0.007703, 0.007804, 0.007813, 0.007946, 0.008002, 0.008014, 0.008034, 0.008082, 0.008169, 0.008229, 0.00824, 0.008331, 0.008339, 0.008366, 0.008469, 0.008517, 0.008561, 0.008576, 0.008825, 0.008867, 0.008971, 0.009088, 0.009252, 0.009353, 0.009388, 0.009537, 0.009561, 0.009917, 0.010004, 0.010017, 0.01002, 0.010501, 0.010784, 0.010835, 0.010843, 0.010906, 0.011082, 0.011134, 0.011213, 0.011234, 0.01139, 0.011449, 0.011463, 0.011484, 0.011537, 0.011589, 0.011667, 0.011822, 0.011908, 0.01194, 0.011954, 0.012013, 0.012035, 0.012091, 0.012128, 0.012272, 0.012282, 0.0123, 0.01233, 0.012339, 0.012399, 0.012401, 0.012488, 0.012509, 0.012563, 0.01258, 0.012581, 0.012597, 0.012632, 0.012643, 0.012663, 0.012914, 0.01292, 0.013193, 0.013253, 0.013447, 0.013463, 0.013489, 0.013504, 0.013646, 0.013755, 0.013822, 0.013845, 0.013999, 0.014026, 0.014286, 0.014302, 0.014304, 0.01463, 0.014725, 0.014943, 0.015022, 0.015029, 0.015379, 0.015524, 0.01556, 0.015682, 0.015713, 0.015744, 0.015867, 0.015885, 0.015932, 0.01609, 0.016132, 0.016268, 0.016374, 0.016517, 0.016589, 0.016776, 0.01688, 0.017089, 0.017292, 0.017381, 0.017443, 0.017471, 0.017936, 0.018232, 0.018265, 0.018568, 0.018578, 0.018637, 0.018675, 0.018776, 0.018876, 0.018897, 0.018961, 0.019014, 0.019088, 0.01917, 0.019286, 0.019466, 0.019518, 0.01953, 0.019692, 0.019702, 0.019768, 0.019823, 0.020147, 0.02015, 0.020165, 0.020181, 0.020312, 0.020321, 0.020341, 0.020459, 0.020729, 0.020927, 0.020941, 0.020999, 0.021181, 0.021266, 0.021319, 0.021328, 0.021529, 0.021565, 0.021599, 0.021829, 0.021868, 0.021891, 0.021904, 0.022072, 0.022076, 0.022109, 0.022122, 0.022368, 0.022492, 0.022533, 0.022738, 0.022823, 0.022859, 0.022897, 0.023042, 0.023042, 0.02317, 0.023204, 0.023458, 0.023765, 0.023873, 0.023897, 0.023944, 0.02399, 0.024043, 0.024078, 0.024187, 0.024208, 0.024411, 0.024624, 0.024851, 0.025034, 0.025188, 0.025373, 0.025428, 0.025748, 0.025966, 0.026012, 0.026184, 0.02623, 0.02629, 0.026393, 0.026494, 0.026549, 0.027054, 0.027216, 0.027454, 0.027501, 0.027659, 0.02772, 0.027725, 0.027848, 0.027894, 0.02807, 0.028155, 0.028188, 0.028281, 0.028525, 0.028525, 0.028707, 0.029137, 0.029263, 0.029296, 0.029594, 0.029599, 0.029607, 0.029619, 0.02985, 0.029856, 0.030338, 0.030406, 0.030488, 0.030721, 0.031063, 0.031205, 0.031247, 0.031365, 0.031609, 0.031629, 0.031631, 0.031649, 0.031775, 0.031788, 0.031867, 0.031966, 0.032041, 0.03219, 0.032207, 0.032379, 0.032397, 0.03268, 0.032883, 0.032944, 0.0332, 0.033311, 0.033335, 0.033344, 0.033558, 0.033735, 0.033757, 0.03385, 0.033912, 0.033963, 0.034095, 0.034098, 0.03419, 0.034253, 0.034321, 0.034397, 0.034429, 0.034507, 0.034659, 0.034794, 0.034876, 0.034903, 0.035376, 0.035379, 0.035441, 0.035558, 0.035574, 0.035753, 0.035883, 0.036221, 0.036284, 0.036286, 0.036421, 0.036483, 0.036528, 0.03662, 0.036851, 0.036952, 0.037163, 0.037498, 0.037531, 0.037608, 0.037794, 0.037937, 0.037951, 0.037983, 0.038372, 0.038377, 0.038422, 0.038622, 0.038739, 0.038862, 0.038871, 0.03892, 0.038921, 0.038988, 0.039, 0.039107, 0.03919, 0.039255, 0.039436, 0.039463, 0.039629, 0.039836, 0.039851, 0.039871, 0.039949, 0.040154, 0.040216, 0.040363, 0.040442, 0.040492, 0.04063, 0.040648, 0.040725, 0.040736, 0.040819, 0.040986, 0.041201, 0.041494, 0.041608, 0.041703, 0.041728, 0.041744, 0.042046, 0.04214, 0.042209, 0.042231, 0.042234, 0.042536, 0.042899, 0.042923, 0.042934, 0.043034, 0.0432, 0.043396, 0.043432, 0.043611, 0.043698, 0.043721, 0.044145, 0.044363, 0.044593, 0.044611, 0.044617, 0.044726, 0.044881, 0.044944, 0.045095, 0.04531, 0.045382, 0.04542, 0.045449, 0.045527, 0.045907, 0.045919, 0.046022, 0.046053, 0.046112, 0.046116, 0.04616, 0.046297, 0.04632, 0.046334, 0.046339, 0.04647, 0.046513, 0.046542, 0.046552, 0.046577, 0.046863, 0.047214, 0.047268, 0.047338, 0.04749, 0.047796, 0.047805, 0.047826, 0.047913, 0.04819, 0.048306, 0.048399, 0.048548, 0.048664, 0.048776, 0.049125, 0.049132, 0.049317, 0.049336, 0.049344, 0.049356, 0.049408, 0.049455, 0.049664, 0.049736, 0.050007, 0.050014, 0.050134, 0.050206, 0.050294, 0.050752, 0.050879, 0.050959, 0.051082, 0.051127, 0.051234, 0.051393, 0.051462, 0.051566, 0.051649, 0.051898, 0.052398, 0.05251, 0.052728, 0.052728, 0.052788, 0.052792, 0.053093, 0.053158, 0.053209, 0.053265, 0.053696, 0.053724, 0.053784, 0.053912, 0.054067, 0.05455, 0.054835, 0.055087, 0.055399, 0.055495, 0.055735, 0.055746, 0.055992, 0.056017, 0.056056, 0.056375, 0.056516, 0.056705, 0.056842, 0.056871, 0.057091, 0.057123, 0.057188, 0.05721, 0.057321, 0.057482, 0.057522, 0.057604, 0.057651, 0.05778, 0.057966, 0.058092, 0.058155, 0.05824, 0.058253, 0.058895, 0.058968, 0.059167, 0.059182, 0.059183, 0.059225, 0.059269, 0.059466, 0.059523, 0.05971, 0.059739, 0.060224, 0.060615, 0.060705, 0.061084, 0.061124, 0.061231, 0.061238, 0.061322, 0.06144, 0.061623, 0.061639, 0.061765, 0.061837, 0.061918, 0.061978, 0.062137, 0.062321, 0.062367, 0.062375, 0.062383, 0.062498, 0.062553, 0.062618, 0.063229, 0.063286, 0.063328, 0.06337, 0.06344, 0.063641, 0.063928, 0.064021, 0.064058, 0.064324, 0.064479, 0.06459, 0.064661, 0.064684, 0.064823, 0.064973, 0.065009, 0.065021, 0.065046, 0.065304, 0.065322, 0.065347, 0.065364, 0.065482, 0.065631, 0.065907, 0.066676, 0.06677, 0.066926, 0.067082, 0.067415, 0.067428, 0.067473, 0.067483, 0.067717, 0.067961, 0.067985, 0.068021, 0.068606, 0.068655, 0.068881, 0.069164, 0.069228, 0.069498, 0.069525, 0.069586, 0.069773, 0.069828, 0.069843, 0.069855, 0.069917, 0.069922, 0.069951, 0.069964, 0.069988, 0.070048, 0.070419, 0.070487, 0.070689, 0.070934, 0.071088, 0.071562, 0.071719, 0.071792, 0.071922, 0.072035, 0.07206, 0.072079, 0.072178, 0.072186, 0.072747, 0.072767, 0.072857, 0.073082, 0.073113, 0.073181, 0.073666, 0.073681, 0.073766, 0.073785, 0.073986, 0.074027, 0.074633, 0.074803, 0.074814, 0.074965, 0.075163, 0.075228, 0.075302, 0.075356, 0.075381, 0.075392, 0.075909, 0.076277, 0.077606, 0.07781, 0.077846, 0.07799, 0.077998, 0.078015, 0.078497, 0.078657, 0.078951, 0.079016, 0.079175, 0.079199, 0.079202, 0.079624, 0.07977, 0.079775, 0.079799, 0.07987, 0.079885, 0.08, 0.080126, 0.080145, 0.080193, 0.080482, 0.080578, 0.080663, 0.080711, 0.081041, 0.081384, 0.081427, 0.081485, 0.081591, 0.081856, 0.081869, 0.081872, 0.081983, 0.082012, 0.082469, 0.083272, 0.083521, 0.083774, 0.083944, 0.083954, 0.083982, 0.08403, 0.084062, 0.084117, 0.084221, 0.084266, 0.084641, 0.084742, 0.084788, 0.085152, 0.085326, 0.085436, 0.085456, 0.085568, 0.085572, 0.085902, 0.08606, 0.086423, 0.086441, 0.08682, 0.087163, 0.08758, 0.087616, 0.087806, 0.088049, 0.088133, 0.08834, 0.088628, 0.088719, 0.088824, 0.088891, 0.089356, 0.089464, 0.089588, 0.089712, 0.089982, 0.090356, 0.090448, 0.090473, 0.090799, 0.091702, 0.092006, 0.092162, 0.092177, 0.092224, 0.092441, 0.092583, 0.092759, 0.093045, 0.093054, 0.093123, 0.093532, 0.093737, 0.09377, 0.09412, 0.094476, 0.094593, 0.094658, 0.094753, 0.095051, 0.095146, 0.095716, 0.095753, 0.095919, 0.096228, 0.096253, 0.096824, 0.097647, 0.097858, 0.098576, 0.098895, 0.099514, 0.099548, 