{"sigma_r": 0.3141, "sigma_i": 8.0, "m": 7, "seed": 1394749252, "n_k": {"1": 5701, "2": 536, "3": 28, "4": 1, "5": 0, "6+": 0}, "dlogr": [0.0, 0.0, 0.0, 0.0, 0.000202, 0.000533, 0.000681, 0.000766, 0.000919, 0.001057, 0.001105, 0.001532, 0.001818, 0.002125, 0.002386, 0.00248, 0.002666, 0.002887, 0.002902, 0.002945, 0.003221, 0.003386, 0.003577, 0.00366, 0.004795, 0.004993, 0.005158, 0.005227, 0.005294, 0.005373, 0.005837, 0.005906, 0.006044, 0.006398, 0.006557, 0.006662, 0.006679, 0.007143, 0.007329, 0.007642, 0.007779, 0.008147, 0.008461, 0.008727, 0.008804, 0.009003, 0.00917, 0.009333, 0.009683, 0.009862, 0.010603, 0.01073, 0.010858, 0.010974, 0.011095, 0.011184, 0.011306, 0.011362, 0.011525, 0.011551, 0.011677, 0.011748, 0.011976, 0.01213, 0.012146, 0.012191, 0.012672, 0.012859, 0.012898, 0.013089, 0.013285, 0.013426, 0.01353, 0.013922, 0.014511, 0.014558, 0.014749, 0.01499, 0.015007, 0.01509, 0.015238, 0.01525, 0.015377, 0.015931, 0.01604, 0.016419, 0.016829, 0.016937, 0.016956, 0.016959, 0.017332, 0.017718, 0.01772, 0.01773, 0.01793, 0.017939, 0.018268, 0.018364, 0.018643, 0.01867, 0.018971, 0.019018, 0.019094, 0.019153, 0.019378, 0.019406, 0.019614, 0.019731, 0.019823, 0.020035, 0.020308, 0.0207, 0.020786, 0.020824, 0.020869, 0.020897, 0.021026, 0.021306, 0.021632, 0.021734, 0.021808, 0.021817, 0.022139, 0.022314, 0.022357, 0.022577, 0.022779, 0.022892, 0.022952, 0.023391, 0.023416, 0.023517, 0.023926, 0.023935, 0.02431, 0.024385, 0.024389, 0.024528, 0.024992, 0.025264, 0.025503, 0.025906, 0.026116, 0.026187, 0.026616, 0.027319, 0.027373, 0.02791, 0.027917, 0.028076, 0.028406, 0.028668, 0.028699, 0.028829, 0.028885, 0.028916, 0.028946, 0.029275, 0.029384, 0.029513, 0.029624, 0.030231, 0.030374, 0.030422, 0.030641, 0.030882, 0.030898, 0.031093, 0.031148, 0.031202, 0.031454, 0.031852, 0.031858, 0.032014, 0.032366, 0.032949, 0.033189, 0.033283, 0.033654, 0.033738, 0.03382, 0.033949, 0.033962, 0.033972, 0.034373, 0.034544, 0.034561, 0.03477, 0.03515, 0.035165, 0.035562, 0.035594, 0.036819, 0.037019, 0.037074, 0.037216, 0.037292, 0.037382, 0.037736, 0.037785, 0.037818, 0.038077, 0.038377, 0.038387, 0.038676, 0.038692, 0.038905, 0.039175, 0.039384, 0.039832, 0.039843, 0.039898, 0.040337, 0.040766, 0.040789, 0.041083, 0.041584, 0.041745, 0.041892, 0.042049, 0.042724, 0.043088, 0.043155, 0.043387, 0.043447, 0.043514, 0.043823, 0.043843, 0.044074, 0.044223, 0.044379, 0.044519, 0.045034, 0.045197, 0.045478, 0.045511, 0.045887, 0.045912, 0.046492, 0.046493, 0.046651, 0.046745, 0.046895, 0.047269, 0.047638, 0.047786, 0.047829, 0.048014, 0.048121, 0.0482, 0.048202, 0.048245, 0.048626, 0.048993, 0.049312, 0.049431, 0.049803, 0.049942, 0.049969, 0.050165, 0.050704, 0.05072, 0.05083, 0.050834, 0.050857, 0.051016, 0.051377, 0.052317, 0.052448, 0.052594, 0.052778, 0.052827, 0.052896, 0.052998, 0.053325, 0.053605, 0.053836, 0.054123, 0.054308, 0.054571, 0.054599, 0.05476, 0.054835, 0.055398, 0.055949, 0.056035, 0.056107, 0.056159, 0.056173, 0.056314, 0.05632, 0.056799, 0.05683, 0.057045, 0.05718, 0.057397, 0.057704, 0.058195, 0.058246, 0.058727, 0.058754, 0.058934, 0.059162, 0.059249, 0.059457, 0.059736, 0.059777, 0.05994, 0.060143, 0.060384, 0.060814, 0.060965, 0.061219, 0.062454, 0.062769, 0.063025, 0.063427, 0.063535, 0.064349, 0.064481, 0.064812, 0.065248, 0.065296, 0.066681, 0.067022, 0.067151, 0.067195, 0.067256, 0.067379, 0.067407, 0.068318, 0.068412, 0.068479, 0.068685, 0.069021, 0.069158, 0.070242, 0.070359, 0.070422, 0.070628, 0.070979, 0.071036, 0.071257, 0.071833, 0.071889, 0.071971, 0.072922, 0.073503, 0.07354, 0.07365, 0.074091, 0.074299, 0.075102, 0.075283, 0.075309, 0.076096, 0.07628, 0.076395, 0.076668, 0.077535, 0.07774, 0.078229, 0.078278, 0.078736, 0.079979, 0.080512, 0.080935, 0.081181, 0.081361, 0.0814, 0.081926, 0.081976, 0.082832, 0.083177, 0.083692, 0.084404, 0.084756, 0.084792, 0.085131, 0.086946, 0.087282, 0.087376, 0.088011, 0.088256, 0.088285, 0.088441, 0.090318, 0.090893, 0.091231, 0.093107, 0.094843, 0.095005, 0.095535, 0.097411, 0.098896, 0.099031, 0.099207, 0.09922, 0.099693, 0.101231, 0.101757, 0.104648, 0.104677, 0.104928, 0.105777, 0.107245, 0.107255, 0.107542, 0.107576, 0.107583, 0.10828, 0.109247, 0.109659, 0.109822, 0.110355, 0.111509, 0.111868, 0.112379, 0.113069, 0.113258, 0.113398, 0.113448, 0.114438, 0.11448, 0.114602, 0.115166, 0.115201, 0.115255, 0.115595, 0.115715, 0.115906, 0.117488, 0.117837, 0.118629, 0.118737, 0.120525, 0.120577, 0.121422, 0.121952, 0.122278, 0.122506, 0.124211, 0.124691, 0.124908, 0.125498, 0.128063, 0.128313, 0.128471, 0.129853, 0.13032, 0.130629, 0.130727, 0.130792, 0.13369, 0.133718, 0.134118, 0.134402, 0.135138, 0.136334, 0.136985, 0.137974, 0.14077, 0.142307, 0.142913, 0.143133, 0.144267, 0.144721, 0.145407, 0.145598, 0.145829, 0.148133, 0.148647, 0.150411, 0.154515, 0.1554, 0.156325, 0.158065, 0.159148, 0.160214, 0.164461, 0.166381, 0.167746, 0.168012, 0.172683, 0.173157, 0.174474, 0.174586, 0.174906, 0.175259, 0.1777, 0.178512, 0.179953, 0.184599, 0.202458, 0.205478, 0.209353, 0.216883, 0.227386, 0.245156, 0.326907, 0.448375, 0.464582, 0.48802, 0.496269, 0.512009, 0.526536, 0.527157, 0.537023, 0.540772, 0.544248, 0.549974, 0.566898, 0.574327, 0.576193, 0.579821, 0.587868, 0.591614, 0.594558, 0.601443, 0.617761, 0.621397, 0.632262, 0.65253, 0.655077, 0.657724, 0.667977, 0.682275, 0.694534, 0.695588, 0.700601, 0.704584, 0.704815, 0.705669, 0.706984, 0.707228, 0.708104, 0.712394, 0.715314, 0.723313, 0.729778, 0.733369, 0.734237, 0.742244, 0.743476, 0.745867, 0.756182, 0.757539, 0.758073, 0.76047, 0.763634, 0.772034, 0.779328, 0.792524, 0.80357, 0.807115, 0.810499, 0.81151, 0.814868, 0.817922, 0.827245, 0.828928, 0.833989, 0.834265, 0.849478, 0.869211, 0.872485, 0.874494, 0.875967, 0.886322, 0.890223, 0.892514, 0.897801, 0.900892, 0.900992, 0.913381, 0.914328, 0.91547, 0.917497, 0.918862, 0.919901, 0.943385, 0.963532, 0.965094, 0.965963, 0.984525, 0.984947, 0.996179, 1.003097, 1.02553, 1.030205, 1.031868, 1.098708, 1.111161, 1.132854, 1.143903], "monotonicity": -0.12758620689655173, "n_systems": 6266, "n_planets": 6861, "n_targets": 137493}