{"sigma_r": 0.4932, "sigma_i": 2.3392, "m": 0, "seed": 378077123, "n_k": {"1": 4374, "2": 891, "3": 165, "4": 21, "5": 2, "6+": 0}, "dlogr": [0.0, 0.0, 0.0, 0.0, 0.0, 0.0, 0.0, 0.0, 7.3e-05, 0.000236, 0.000241, 0.000257, 0.000258, 0.0003, 0.000347, 0.000537, 0.000547, 0.000548, 0.000565, 0.000637, 0.000727, 0.000908, 0.000953, 0.000977, 0.000983, 0.001248, 0.001366, 0.001422, 0.00145, 0.001482, 0.001501, 0.001562, 0.001624, 0.001694, 0.001718, 0.001975, 0.001994, 0.002053, 0.002203, 0.002306, 0.002518, 0.002572, 0.002738, 0.002743, 0.002828, 0.003047, 0.003146, 0.003234, 0.003256, 0.003447, 0.003517, 0.003537, 0.003998, 0.004087, 0.004229, 0.004301, 0.004325, 0.004349, 0.004509, 0.004564, 0.004736, 0.004836, 0.005083, 0.005219, 0.005258, 0.005407, 0.005535, 0.005566, 0.00567, 0.005782, 0.006007, 0.006034, 0.006069, 0.006318, 0.00632, 0.006441, 0.00656, 0.006564, 0.006787, 0.006896, 0.006951, 0.007023, 0.007024, 0.007289, 0.007382, 0.007453, 0.007516, 0.007569, 0.00759, 0.007592, 0.007608, 0.007614, 0.007654, 0.007927, 0.007933, 0.007962, 0.008237, 0.008282, 0.00859, 0.008649, 0.00867, 0.008707, 0.008723, 0.008733, 0.008741, 0.008988, 0.009255, 0.009259, 0.009359, 0.00941, 0.009623, 0.009879, 0.00991, 0.009942, 0.010038, 0.010078, 0.010092, 0.010109, 0.010161, 0.010401, 0.010484, 0.010742, 0.010793, 0.010811, 0.010884, 0.010965, 0.011042, 0.011264, 0.011528, 0.011844, 0.011937, 0.012024, 0.012155, 0.012286, 0.012552, 0.012628, 0.012776, 0.012792, 0.01298, 0.013077, 0.013153, 0.013391, 0.013444, 0.013771, 0.014042, 0.014096, 0.014108, 0.014465, 0.014702, 0.014754, 0.015119, 0.015277, 0.015285, 0.015302, 0.015371, 0.015438, 0.015512, 0.015647, 0.0157, 0.015765, 0.015847, 0.016168, 0.016214, 0.016237, 0.016463, 0.016615, 0.016708, 0.016718, 0.016858, 0.01708, 0.017183, 0.017406, 0.017449, 0.01746, 0.017479, 0.017501, 0.017761, 0.017829, 0.01796, 0.018165, 0.018258, 0.018467, 0.018477, 0.018529, 0.018611, 0.018649, 0.018722, 0.01888, 0.019123, 0.019216, 0.019246, 0.019528, 0.019628, 0.019709, 0.019736, 0.019751, 0.019868, 0.019925, 0.020105, 0.020345, 0.020364, 0.020476, 0.020652, 0.020672, 0.020833, 0.02086, 0.02091, 0.021054, 0.021057, 0.021167, 0.021261, 0.021301, 0.02144, 0.02168, 0.021755, 0.021837, 0.022006, 0.022065, 0.022291, 0.022723, 0.023008, 0.023053, 0.023077, 0.023331, 0.023352, 0.023445, 0.023769, 0.023969, 0.024089, 0.02443, 0.024505, 0.024535, 0.024535, 0.024676, 0.024941, 0.025015, 0.02538, 0.025595, 0.025779, 0.02578, 0.025906, 0.025999, 0.026309, 0.026321, 0.026777, 0.026844, 0.026921, 0.027014, 0.027026, 0.027032, 0.027119, 0.027158, 0.027321, 0.027344, 0.027384, 0.027447, 0.028109, 0.02824, 0.028429, 0.028619, 0.028624, 0.02864, 0.028938, 0.029199, 0.029583, 0.029673, 0.029813, 0.029903, 0.029951, 0.030083, 0.030106, 0.030146, 0.030327, 0.030538, 0.030587, 0.030714, 0.030717, 0.030977, 0.031029, 0.031082, 0.03113, 0.031174, 0.031263, 0.031287, 0.031782, 0.03194, 0.032037, 0.032171, 0.032263, 0.032427, 0.032439, 0.032507, 0.032509, 0.032556, 0.03279, 0.032923, 0.033271, 0.033328, 0.033367, 0.033391, 0.033405, 0.033414, 0.033437, 0.033493, 0.033599, 0.033636, 0.03366, 0.033751, 0.03377, 0.033933, 0.033954, 0.033999, 0.034005, 0.034144, 0.034185, 0.034345, 0.034389, 0.034433, 0.034593, 0.03463, 0.034779, 0.034823, 0.035006, 0.035056, 0.035259, 0.035557, 0.035637, 0.035694, 0.03571, 0.035719, 0.036182, 0.036213, 0.036242, 0.036451, 0.036689, 0.036691, 0.03675, 0.036785, 0.036834, 0.036936, 0.036985, 0.037042, 0.037097, 0.037293, 0.03744, 0.037551, 0.037872, 0.037959, 0.037977, 0.038139, 0.03832, 0.038478, 0.03852, 0.038665, 0.038706, 0.038727, 0.038734, 0.038755, 0.038878, 0.03915, 0.039283, 0.039733, 0.039964, 0.040057, 0.040083, 0.040298, 0.040412, 0.040472, 0.040573, 0.040575, 0.040852, 0.040901, 0.041289, 0.041326, 0.041385, 0.041431, 0.041632, 0.041674, 0.041913, 0.04196, 0.04201, 0.042017, 0.042268, 0.042391, 0.042534, 0.042547, 0.042702, 0.042736, 0.04277, 0.042802, 0.042874, 0.043082, 0.043253, 0.043446, 0.044001, 0.044009, 0.044089, 0.044418, 0.04484, 0.044887, 0.044925, 0.044957, 0.045176, 0.045384, 0.04542, 0.045478, 0.045521, 0.045562, 0.045605, 0.045827, 0.045885, 0.045925, 0.045941, 0.046453, 0.046528, 0.046536, 0.046636, 0.046726, 0.046764, 0.046844, 0.046868, 0.046949, 0.046988, 0.047231, 0.047277, 0.047344, 0.047567, 0.047634, 0.047646, 0.04765, 0.047954, 0.048063, 0.048234, 0.048422, 0.048518, 0.048691, 0.048725, 0.048741, 0.048847, 0.049083, 0.049149, 0.049159, 0.049228, 0.049331, 0.049422, 0.049577, 0.04973, 0.050013, 0.050121, 0.050463, 0.050857, 0.050872, 0.050906, 0.05094, 0.051054, 0.051174, 0.05137, 0.051583, 0.051669, 0.051709, 0.051821, 0.052172, 0.052319, 0.052326, 0.052511, 0.052644, 0.052667, 0.052734, 0.052902, 0.052911, 0.05335, 0.053358, 0.053772, 0.053843, 0.054027, 0.054044, 0.054176, 0.05423, 0.054528, 0.054568, 0.05466, 0.054754, 0.054776, 0.054952, 0.055077, 0.05568, 0.05581, 0.056474, 0.056478, 0.056592, 0.056889, 0.057183, 0.057209, 0.057338, 0.057676, 0.057729, 0.057854, 0.058033, 0.058279, 0.058432, 0.058535, 0.05872, 0.058908, 0.059089, 0.059513, 0.05953, 0.059697, 0.059762, 0.059857, 0.059981, 0.060144, 0.0602, 0.060263, 0.060482, 0.060571, 0.060855, 0.061066, 0.06127, 0.061413, 0.061428, 0.061766, 0.061845, 0.061907, 0.062003, 0.062183, 0.062235, 0.062262, 0.062691, 0.062707, 0.062735, 0.062746, 0.062834, 0.063396, 0.063416, 0.06366, 0.063674, 0.063829, 0.064032, 0.064043, 0.064351, 0.064483, 0.064565, 0.064627, 0.064703, 0.064805, 0.064816, 0.064817, 0.064869, 0.064875, 0.064953, 0.065032, 0.06509, 0.065261, 0.065357, 0.065489, 0.065584, 0.065809, 0.065853, 0.065865, 0.065887, 0.065928, 0.065936, 0.06595, 0.066095, 0.066214, 0.066375, 0.066489, 0.066602, 0.066655, 0.066667, 0.066676, 0.066707, 0.066954, 0.067088, 0.067639, 0.067713, 0.067816, 0.067946, 0.068475, 0.068488, 0.068526, 0.069288, 0.069336, 0.069398, 0.069428, 0.069448, 0.069731, 0.069761, 0.069921, 0.070153, 0.070281, 0.070524, 0.070533, 0.070946, 0.071188, 0.071524, 0.071532, 0.071879, 0.072541, 0.072755, 0.072827, 0.072929, 0.073255, 0.073839, 0.073846, 0.073875, 0.074211, 0.074323, 0.07443, 0.074526, 0.074567, 0.074699, 0.074721, 0.075004, 0.075021, 0.075207, 0.075539, 0.075896, 0.076041, 0.076042, 0.076048, 0.076054, 0.076171, 0.076261, 0.076369, 0.076407, 0.076444, 0.076495, 0.076501, 0.076692, 0.076786, 0.076981, 0.077036, 0.077212, 0.077369, 0.07744, 0.077453, 0.077507, 0.077974, 0.078035, 0.078111, 0.078265, 0.078352, 0.079042, 0.079043, 0.079171, 0.079171, 0.079305, 0.079557, 0.079898, 0.080195, 0.080251, 0.080278, 0.080572, 0.080573, 0.080617, 0.080755, 0.080756, 0.081125, 0.08123, 0.081295, 0.081785, 0.081829, 0.082144, 0.082364, 0.082368, 0.082511, 0.082583, 0.082697, 0.083061, 0.0832, 0.083799, 0.083862, 0.083946, 0.083965, 0.084335, 0.084342, 0.084697, 0.084709, 0.084996, 0.085255, 0.085268, 0.085302, 0.085597, 0.085649, 0.085745, 0.085866, 0.085907, 0.085924, 0.086077, 0.086148, 0.086354, 0.086493, 0.086562, 0.086577, 0.086599, 0.086872, 0.087394, 0.087497, 0.087851, 0.087992, 0.088159, 0.088425, 0.088615, 0.088652, 0.088784, 0.08883, 0.088865, 0.088866, 0.089199, 0.089201, 0.089356, 0.089367, 0.089468, 0.089723, 0.089989, 0.09009, 0.090177, 0.090405, 0.090469, 0.090782, 0.090884, 0.091017, 0.091072, 0.091208, 0.091421, 0.091553, 0.091665, 0.091807, 0.091885, 0.092274, 0.092448, 0.092472, 0.092572, 0.092617, 0.093747, 0.093804, 0.093838, 0.094018, 0.09435, 0.094575, 0.094722, 0.094825, 0.094842, 0.094927, 0.09504, 0.095092, 0.09517, 0.09533, 0.095648, 0.095748, 0.095837, 0.096274, 0.096344, 0.096505, 0.096531, 0.096719, 0.096731, 0.09682, 0.097371, 0.097373, 0.097424, 0.097672, 0.098076, 0.098136, 0.098394, 0.098525, 0.098843, 0.098961, 0.099072, 0.099107, 0.099109, 0.099963, 0.100033, 0.100199, 0.100369, 0.100527, 0.100755, 0.100965, 0.101074, 0.101079, 0.101272, 0.101566, 0.101779, 0.102082, 0.102094, 0.102241, 0.102305, 0.102633, 0.102712, 0.102992, 0.103591, 0.10361, 0.103662, 0.104604, 0.104802, 0.10499, 