{"sigma_r": 0.2, "sigma_i": 2.3392, "m": 6, "seed": 2403123584, "n_k": {"1": 4433, "2": 869, "3": 167, "4": 25, "5": 3, "6+": 1}, "dlogr": [0.0, 0.0, 0.0, 0.0, 0.0, 0.0, 2e-06, 0.000204, 0.000249, 0.000426, 0.000475, 0.000506, 0.000523, 0.000547, 0.000573, 0.000619, 0.000643, 0.000698, 0.000766, 0.000775, 0.000778, 0.00083, 0.000977, 0.000999, 0.001021, 0.001033, 0.001228, 0.001232, 0.001244, 0.001251, 0.001257, 0.001299, 0.001316, 0.001367, 0.001398, 0.001418, 0.001455, 0.00154, 0.001578, 0.001624, 0.001633, 0.001703, 0.001763, 0.001822, 0.001825, 0.001919, 0.001952, 0.002012, 0.00203, 0.002098, 0.002246, 0.002299, 0.002341, 0.002526, 0.002576, 0.002601, 0.002729, 0.00274, 0.002784, 0.00283, 0.003097, 0.003314, 0.003323, 0.003409, 0.003457, 0.00347, 0.003551, 0.003577, 0.003662, 0.003778, 0.003813, 0.003813, 0.00388, 0.003889, 0.003896, 0.003915, 0.003927, 0.003946, 0.004014, 0.004085, 0.004093, 0.0041, 0.004149, 0.004238, 0.004266, 0.004336, 0.004419, 0.004497, 0.004688, 0.004793, 0.004955, 0.004991, 0.005024, 0.005031, 0.005179, 0.00518, 0.005184, 0.00525, 0.005459, 0.005502, 0.005543, 0.005609, 0.005622, 0.005626, 0.005653, 0.005656, 0.005741, 0.00584, 0.005941, 0.006047, 0.006059, 0.006066, 0.00608, 0.006089, 0.006097, 0.006142, 0.006148, 0.006204, 0.006298, 0.006319, 0.006425, 0.006449, 0.006511, 0.006534, 0.006552, 0.006583, 0.006676, 0.006731, 0.006764, 0.006874, 0.00688, 0.006923, 0.00697, 0.007003, 0.007281, 0.007342, 0.007397, 0.007515, 0.007528, 0.007558, 0.007717, 0.007801, 0.007815, 0.007917, 0.008135, 0.008237, 0.008281, 0.008335, 0.008475, 0.008547, 0.008634, 0.00864, 0.008647, 0.008655, 0.008657, 0.008661, 0.008689, 0.008732, 0.008828, 0.009007, 0.009017, 0.009026, 0.009061, 0.009232, 0.009321, 0.009373, 0.009387, 0.009575, 0.009585, 0.009617, 0.009666, 0.009759, 0.009859, 0.009889, 0.009989, 0.010007, 0.01005, 0.010102, 0.010114, 0.010139, 0.010151, 0.010428, 0.010428, 0.010442, 0.010464, 0.010484, 0.010587, 0.010857, 0.01087, 0.010966, 0.010992, 0.011359, 0.011418, 0.011606, 0.011637, 0.011734, 0.011761, 0.011884, 0.011951, 0.011973, 0.011994, 0.012027, 0.012099, 0.012113, 0.012242, 0.01226, 0.012319, 0.012342, 0.012412, 0.012508, 0.01255, 0.012563, 0.012563, 0.012621, 0.012646, 0.01274, 0.01276, 0.012884, 0.012906, 0.012962, 0.013111, 0.013191, 0.013193, 0.013228, 0.013306, 0.01331, 0.013317, 0.01341, 0.013435, 0.013445, 0.013503, 0.013534, 0.013795, 0.013834, 0.013886, 0.013927, 0.013969, 0.013987, 0.01401, 0.014062, 0.01407, 0.014208, 0.014231, 0.014246, 0.014255, 0.014279, 0.01437, 0.014423, 0.0145, 0.014652, 0.014797, 0.014867, 0.014929, 0.014953, 0.015075, 0.015232, 0.015331, 0.01541, 0.015471, 0.015471, 0.015611, 0.015658, 0.015941, 0.015974, 0.016062, 0.016107, 0.016113, 0.016146, 0.016197, 0.016264, 0.016269, 0.016271, 0.016294, 0.016464, 0.016475, 0.016509, 0.016529, 0.016709, 0.016722, 0.016786, 0.016797, 0.016915, 0.017039, 0.017117, 0.017188, 0.017281, 0.017331, 0.017409, 0.017429, 0.017465, 0.017565, 0.017701, 0.017726, 0.017809, 0.01784, 0.017842, 0.017886, 0.017964, 0.01799, 0.01803, 0.018082, 0.018241, 0.0183, 0.01831, 0.018342, 0.018435, 0.018519, 0.018536, 0.018594, 0.018682, 0.018761, 0.018833, 0.018854, 0.018863, 0.018932, 0.01899, 0.019062, 0.019309, 0.019337, 0.019404, 0.019472, 0.019474, 0.019638, 0.019676, 0.019695, 0.01974, 0.019808, 0.019818, 0.019845, 0.019887, 0.019968, 0.020037, 0.020088, 0.020131, 0.020203, 0.020207, 0.020219, 0.020409, 0.020444, 0.02058, 0.020649, 0.020756, 0.020915, 0.020958, 0.021044, 0.02114, 0.02117, 0.021316, 0.021385, 0.021397, 0.021406, 0.021417, 0.021488, 0.021527, 0.021565, 0.021568, 0.021586, 0.021646, 0.021718, 0.021784, 0.021818, 0.021822, 0.021857, 0.021941, 0.022078, 0.02241, 0.022516, 0.02252, 0.022538, 0.022571, 0.022671, 0.022677, 0.022749, 0.022756, 0.022758, 0.023006, 0.023121, 0.023153, 0.023254, 0.023273, 0.023467, 0.023564, 0.023757, 0.023786, 0.023807, 0.023882, 0.023902, 0.023937, 0.024124, 0.024256, 0.024267, 0.024272, 0.024292, 0.02434, 0.024551, 0.02466, 0.024714, 0.024798, 0.024953, 0.025218, 0.025231, 0.025321, 0.025385, 0.025483, 0.025517, 0.025596, 0.025624, 0.025638, 0.025639, 0.025659, 0.025731, 0.025797, 0.025854, 0.025904, 0.025912, 0.025915, 0.025955, 0.025969, 0.025985, 0.026015, 0.026038, 0.026059, 0.026238, 0.02628, 0.02631, 0.026329, 0.026364, 0.026388, 0.026421, 0.02644, 0.0265, 0.026608, 0.02685, 0.026882, 0.026951, 0.02698, 0.027082, 0.027102, 0.027154, 0.027318, 0.027334, 0.027527, 0.027592, 0.027603, 0.027615, 0.027623, 0.027681, 0.027773, 0.027777, 0.027789, 0.02785, 0.027953, 0.027954, 0.027994, 0.028027, 0.028033, 0.02811, 0.028124, 0.028162, 0.02822, 0.02823, 0.028253, 0.028257, 0.028539, 0.028595, 0.02862, 0.028631, 0.028877, 0.028899, 0.028995, 0.02901, 0.029015, 0.029053, 0.029142, 0.029272, 0.029363, 0.029365, 0.029507, 0.029523, 0.029612, 0.029673, 0.029916, 0.030005, 0.030039, 0.030173, 0.030278, 0.030314, 0.03038, 0.030403, 0.030517, 0.030612, 0.030654, 0.030665, 0.030667, 0.030863, 0.030944, 0.030986, 0.031005, 0.031099, 0.031172, 0.031192, 0.03146, 0.031512, 0.031594, 0.031643, 0.031649, 0.031764, 0.031847, 0.031951, 0.032117, 0.032128, 0.032138, 0.032152, 0.03223, 0.032253, 0.032279, 0.032379, 0.032401, 0.03242, 0.032492, 0.032499, 0.032503, 0.032551, 0.032564, 0.032819, 0.032853, 0.032943, 0.032959, 0.033319, 0.033455, 0.033471, 0.033603, 0.033621, 0.033641, 0.033715, 0.033786, 0.033887, 0.033946, 0.034027, 0.034281, 0.034286, 0.034454, 0.034581, 0.034649, 0.03475, 0.034826, 0.034913, 0.034925, 0.035064, 0.035146, 0.03515, 0.035166, 0.035177, 0.035206, 0.035223, 0.035356, 0.035426, 0.035485, 0.035816, 0.035832, 0.035966, 0.036003, 0.036005, 0.0361, 0.036103, 0.036132, 0.036292, 0.036331, 0.036335, 0.036561, 0.036584, 0.036597, 0.036607, 0.036717, 0.036877, 0.036916, 0.036996, 0.037059, 0.037078, 0.037223, 0.037287, 0.037504, 0.037628, 0.037741, 0.037768, 0.037833, 0.037919, 0.038199, 0.038213, 0.038222, 0.038452, 0.038471, 0.038474, 0.038614, 0.03879, 0.038826, 0.038908, 0.039015, 0.039166, 0.039269, 0.039312, 0.039443, 0.039507, 0.039526, 0.039543, 0.039998, 0.040039, 0.04011, 0.040265, 0.04059, 0.040608, 0.0407, 0.040743, 0.040944, 0.040952, 0.040965, 0.041071, 0.041084, 0.041209, 0.041468, 0.041505, 0.041573, 0.041603, 0.041636, 0.041644, 0.041778, 0.041799, 0.041852, 0.041913, 0.04192, 0.041982, 0.042025, 0.042045, 0.042049, 0.042137, 0.042164, 0.042188, 0.042395, 0.042395, 0.042446, 0.042564, 0.042578, 0.042849, 0.043051, 0.043194, 0.043346, 0.043365, 0.043476, 0.043668, 0.043818, 0.043835, 0.043854, 0.043897, 0.043903, 0.043958, 0.043981, 0.044017, 0.044021, 0.044109, 0.044168, 0.044216, 0.044312, 0.044366, 0.044388, 0.044487, 0.04452, 0.04454, 0.044554, 0.044682, 0.044693, 0.044699, 0.044873, 0.04495, 0.044978, 0.0453, 0.04541, 0.045431, 0.04565, 0.045664, 0.045751, 0.04582, 0.045906, 0.046045, 0.046173, 0.046233, 0.046311, 0.046313, 0.046411, 0.046459, 0.046511, 0.046543, 0.046623, 0.046686, 0.046911, 0.046917, 0.046946, 0.047205, 0.047232, 0.047258, 0.047458, 0.047554, 0.047572, 0.047595, 0.047623, 0.047663, 0.047783, 0.04795, 0.04795, 0.048063, 0.048175, 0.048275, 0.04834, 0.048452, 0.048494, 0.048537, 0.048594, 0.048646, 0.048806, 0.048822, 0.048933, 0.049157, 0.049215, 0.049241, 0.049512, 0.049729, 0.049732, 0.049814, 0.049824, 0.050083, 0.050293, 0.050308, 0.050472, 0.050484, 0.050821, 0.05083, 0.050937, 0.051017, 0.051027, 0.051061, 0.051201, 0.051576, 0.05158, 0.051632, 0.051675, 0.051689, 0.051754, 0.051892, 0.051946, 0.052333, 0.052464, 0.052482, 0.052508, 0.052829, 0.052922, 0.053041, 0.053205, 0.053285, 0.053479, 0.053517, 0.053574, 0.053684, 0.053722, 0.053873, 0.053992, 0.05401, 0.054052, 0.054102, 0.054357, 0.054371, 0.054383, 0.054756, 0.054757, 0.054817, 0.054861, 0.055117, 0.055125, 0.055233, 0.055277, 0.055288, 0.055309, 0.055708, 0.055798, 0.055934, 0.055996, 0.056045, 0.056302, 0.05645, 0.056546, 0.056614, 0.056724, 0.056916, 0.056932, 0.056962, 0.057042, 0.057043, 0.057061, 0.057085, 0.057149, 