{"sigma_r": 0.3936, "sigma_i": 0.5349, "m": 1, "seed": 3757307829, "n_k": {"1": 3636, "2": 946, "3": 252, "4": 80, "5": 13, "6+": 1}, "dlogr": [0.0, 0.0, 0.0, 0.0, 0.0, 0.0, 0.000282, 0.000315, 0.000449, 0.000484, 0.000572, 0.000794, 0.000983, 0.001112, 0.001204, 0.001488, 0.001512, 0.001554, 0.001592, 0.001891, 0.00198, 0.001996, 0.00204, 0.002045, 0.002095, 0.002112, 0.002161, 0.002299, 0.002337, 0.00234, 0.002534, 0.002549, 0.002674, 0.002689, 0.003366, 0.003378, 0.003428, 0.003461, 0.003558, 0.003618, 0.003663, 0.00376, 0.00386, 0.003899, 0.003939, 0.003955, 0.004119, 0.004142, 0.00418, 0.004243, 0.004312, 0.004365, 0.004382, 0.004745, 0.004777, 0.004916, 0.004952, 0.005001, 0.005024, 0.005048, 0.005204, 0.00522, 0.005225, 0.005254, 0.005268, 0.005408, 0.00541, 0.005425, 0.005452, 0.005479, 0.005486, 0.005562, 0.005652, 0.005674, 0.005752, 0.005859, 0.005864, 0.005884, 0.005964, 0.006008, 0.006049, 0.006087, 0.006353, 0.006373, 0.006399, 0.006405, 0.006458, 0.006469, 0.00647, 0.006647, 0.006653, 0.006672, 0.006681, 0.006746, 0.006806, 0.006857, 0.007059, 0.007098, 0.007117, 0.007134, 0.007221, 0.007295, 0.007523, 0.007538, 0.007668, 0.007669, 0.007723, 0.00774, 0.007835, 0.007928, 0.008005, 0.00801, 0.008021, 0.008172, 0.0082, 0.008271, 0.008384, 0.008392, 0.00846, 0.008532, 0.008594, 0.0087, 0.008784, 0.008822, 0.008882, 0.008925, 0.008955, 0.009098, 0.009146, 0.009254, 0.009337, 0.009527, 0.009528, 0.009533, 0.009666, 0.00974, 0.009883, 0.009954, 0.009963, 0.009992, 0.010068, 0.01008, 0.010153, 0.010213, 0.010305, 0.010342, 0.010358, 0.010455, 0.01049, 0.010569, 0.010589, 0.010608, 0.010676, 0.010701, 0.010713, 0.01079, 0.010819, 0.010892, 0.010968, 0.011092, 0.011235, 0.01128, 0.011333, 0.011531, 0.011642, 0.011643, 0.011683, 0.011951, 0.012011, 0.012099, 0.012114, 0.012179, 0.012415, 0.01246, 0.012493, 0.012621, 0.012663, 0.012732, 0.012917, 0.012955, 0.013072, 0.013156, 0.013255, 0.013288, 0.013294, 0.013405, 0.013502, 0.013569, 0.013737, 0.01374, 0.013804, 0.013811, 0.013856, 0.013868, 0.013951, 0.013979, 0.014038, 0.01411, 0.014127, 0.014169, 0.014224, 0.01424, 0.014404, 0.01441, 0.014445, 0.01445, 0.014575, 0.014583, 0.01468, 0.014683, 0.014741, 0.01478, 0.014855, 0.014947, 0.014976, 0.015024, 0.015034, 0.015193, 0.015209, 0.015417, 0.015456, 0.01548, 0.015595, 0.015698, 0.015742, 0.015781, 0.015781, 0.01599, 0.016113, 0.016177, 0.016288, 0.016343, 0.016383, 0.016407, 0.016435, 0.016452, 0.016475, 0.016593, 0.016631, 0.016655, 0.016756, 0.016797, 0.016807, 0.016849, 0.016976, 0.017009, 0.017186, 0.017238, 0.017296, 0.017302, 0.017428, 0.017552, 0.017585, 0.017676, 0.017771, 0.017774, 0.017783, 0.017879, 0.018244, 0.018281, 0.01837, 0.018382, 0.018563, 0.018588, 0.018646, 0.018727, 0.018738, 0.018762, 0.018801, 0.018808, 0.018812, 0.018847, 0.018892, 0.018915, 0.018923, 0.018926, 0.018966, 0.019056, 0.019066, 0.019079, 0.019135, 0.019167, 0.019255, 0.019264, 0.019344, 0.019631, 0.019689, 0.019763, 0.01984, 0.020117, 0.020244, 0.020271, 0.020294, 0.020466, 0.020512, 0.020604, 0.020628, 0.02068, 0.020689, 0.020778, 0.020803, 0.020832, 0.021062, 0.021109, 0.021313, 0.021316, 0.021358, 0.021498, 0.021628, 0.021704, 0.021714, 0.021732, 0.021738, 0.021746, 0.021786, 0.021896, 0.021947, 0.022075, 0.022316, 0.022326, 0.022371, 0.022505, 0.022512, 0.022517, 0.022646, 0.022743, 0.022825, 0.022826, 0.022834, 0.022839, 0.022926, 0.023181, 0.023236, 0.023274, 0.023388, 0.023399, 0.023611, 0.023612, 0.023648, 0.023657, 0.023683, 0.023869, 0.023931, 0.023981, 0.024094, 0.024101, 0.024141, 0.024212, 0.024257, 0.024258, 0.024511, 0.024566, 0.024634, 0.024685, 0.024711, 0.024741, 0.024978, 0.024999, 0.025103, 0.025307, 0.025323, 0.025339, 0.025452, 0.025536, 0.02556, 0.0259, 0.025926, 0.026049, 0.026064, 0.02607, 0.026091, 0.026187, 0.026339, 0.026359, 0.026414, 0.0266, 0.026637, 0.026669, 0.026697, 0.026737, 0.026796, 0.026858, 0.027024, 0.027052, 0.027312, 0.027351, 0.027379, 0.027532, 0.027685, 0.027687, 0.027724, 0.027814, 0.027892, 0.028153, 0.028218, 0.028321, 0.028415, 0.028642, 0.028648, 0.028648, 0.028673, 0.028746, 0.028929, 0.029105, 0.029206, 0.029455, 0.029481, 0.02951, 0.029572, 0.029577, 0.029597, 0.029684, 0.029708, 0.029726, 0.02973, 0.029773, 0.029827, 0.029971, 0.030106, 0.030195, 0.030213, 0.030257, 0.030338, 0.030371, 0.030378, 0.030492, 0.030517, 0.030606, 0.030624, 0.03068, 0.030844, 0.030879, 0.030999, 0.031143, 0.031149, 0.031379, 0.03138, 0.031469, 0.031501, 0.031535, 0.031657, 0.031675, 0.031923, 0.031957, 0.031969, 0.032063, 0.032167, 0.032174, 0.032221, 0.032242, 0.03225, 0.032298, 0.032298, 0.032441, 0.032466, 0.032549, 0.032569, 0.032694, 0.032719, 0.032978, 0.033133, 0.033236, 0.033294, 0.033466, 0.033531, 0.033766, 0.033871, 0.033872, 0.033949, 0.033957, 0.034052, 0.034204, 0.034234, 0.034329, 0.034463, 0.034494, 0.034513, 0.034533, 0.034534, 0.034572, 0.034724, 0.034979, 0.035004, 0.035027, 0.035063, 0.035277, 0.035366, 0.035386, 0.035408, 0.035474, 0.035533, 0.035596, 0.035771, 0.035831, 0.035871, 0.035926, 0.036048, 0.03621, 0.036275, 0.036322, 0.036333, 0.036385, 0.036478, 0.036545, 0.036605, 0.036695, 0.036757, 0.036801, 0.036844, 0.036917, 0.036931, 0.036967, 0.037186, 0.03733, 0.037392, 0.03762, 0.037731, 0.037853, 0.037955, 0.03807, 0.038085, 0.038331, 0.03835, 0.038356, 0.038487, 0.038554, 0.038622, 0.03863, 0.038715, 0.038988, 0.038997, 0.039141, 0.039175, 0.039339, 0.03943, 0.039473, 0.039772, 0.039846, 0.040012, 0.040013, 0.040156, 0.04018, 0.040453, 0.040481, 0.040547, 0.040658, 0.040797, 0.040884, 0.04092, 0.040938, 0.041018, 0.041103, 0.041362, 0.041422, 0.041479, 0.04152, 0.0416, 0.041619, 0.041717, 0.041747, 0.041773, 0.041803, 0.041826, 0.04183, 0.041839, 0.041931, 0.042012, 0.042063, 0.042147, 0.04237, 0.042418, 0.042567, 0.042578, 0.042632, 0.042753, 0.043018, 0.043076, 0.043358, 0.043431, 0.043467, 0.043511, 0.043564, 0.043806, 0.043968, 0.043992, 0.044015, 0.044018, 0.044064, 0.044114, 0.04426, 0.04432, 0.044339, 0.044342, 0.044507, 0.044715, 0.044729, 0.044834, 0.044878, 0.045064, 0.045201, 0.045239, 0.045244, 0.045315, 0.045337, 0.045344, 0.045405, 0.045428, 0.04553, 0.045729, 0.045906, 0.045926, 0.04595, 0.045975, 0.04601, 0.046026, 0.046113, 0.046135, 0.046182, 0.046348, 0.046414, 0.046633, 0.046854, 0.047082, 0.047177, 0.047188, 0.047232, 0.047244, 0.047267, 0.047284, 0.047304, 0.047328, 0.047362, 0.047373, 0.047454, 0.047475, 0.047549, 0.047584, 0.047881, 0.047928, 0.048091, 0.048229, 0.048292, 0.048403, 0.048444, 0.048508, 0.048536, 0.048625, 0.048763, 0.048781, 0.048808, 0.048891, 0.048924, 0.048931, 0.049016, 0.04902, 0.049026, 0.049027, 0.049087, 0.049266, 0.049398, 0.049457, 0.049466, 0.049508, 0.049538, 0.049791, 0.049793, 0.049917, 0.049929, 0.049982, 0.050073, 0.050123, 0.050195, 0.050195, 0.050256, 0.050282, 0.050304, 0.050313, 0.050609, 0.050748, 0.050826, 0.050834, 0.050865, 0.050937, 0.050969, 0.051127, 0.051148, 0.051306, 0.051313, 0.05146, 0.051477, 0.051505, 0.051585, 0.051658, 0.051755, 0.052227, 0.052313, 0.052392, 0.052531, 0.052596, 0.052657, 0.05268, 0.052921, 0.052923, 0.052975, 0.053018, 0.05328, 0.053311, 0.053488, 0.053508, 0.05352, 0.053702, 0.053746, 0.053921, 0.054087, 0.054149, 0.054275, 0.054326, 0.054344, 0.05442, 0.054521, 0.054762, 0.054961, 0.054977, 0.05505, 0.055206, 0.055252, 0.055272, 0.055334, 0.055339, 0.055365, 0.055393, 0.055498, 0.055579, 0.055598, 0.055612, 0.055725, 0.055737, 0.055773, 0.055877, 0.055877, 0.056124, 0.05615, 0.056312, 0.056342, 0.056378, 0.056667, 0.056672, 0.056728, 0.056942, 0.057033, 0.057036, 0.057045, 0.057084, 0.057094, 0.057128, 0.057219, 0.057227, 0.057456, 0.057739, 0.057768, 0.057907, 0.057951, 0.05799, 0.058268, 0.058286, 0.058312, 0.058354, 0.058383, 0.05844, 0.058502, 0.058532, 0.058938, 0.058992, 0.059058, 0.05906, 0.059184, 0.059376, 0.059491, 0.059531, 0.059642, 0.059673, 0.059685, 0.059701, 0.059771, 0.060029, 0.060065, 0.060216, 0.060234, 0.060326, 0.060367, 0.060389, 0.060396, 0.060421, 0.060461, 0.060496, 0.060579, 