{"sigma_r": 0.7746, "sigma_i": 6.2558, "m": 5, "seed": 3500578118, "n_k": {"1": 5290, "2": 555, "3": 51, "4": 5, "5": 0, "6+": 0}, "dlogr": [0.0, 0.0, 0.0, 0.00041, 0.00052, 0.000964, 0.001153, 0.00154, 0.002034, 0.002475, 0.003352, 0.003418, 0.0037, 0.003827, 0.003861, 0.004159, 0.00417, 0.004712, 0.004995, 0.005321, 0.006149, 0.006429, 0.007025, 0.007814, 0.008336, 0.008374, 0.008428, 0.00853, 0.008644, 0.009413, 0.009875, 0.010082, 0.010601, 0.01086, 0.011048, 0.011362, 0.012216, 0.012548, 0.013301, 0.013533, 0.01369, 0.014726, 0.014765, 0.014926, 0.015632, 0.015755, 0.015771, 0.01587, 0.016039, 0.016332, 0.016482, 0.016485, 0.016598, 0.016749, 0.016823, 0.017026, 0.01713, 0.017367, 0.017405, 0.017432, 0.017542, 0.018659, 0.018754, 0.019297, 0.019337, 0.019543, 0.019727, 0.020017, 0.020339, 0.020718, 0.020985, 0.020995, 0.02144, 0.021574, 0.022112, 0.022348, 0.0225, 0.023648, 0.024561, 0.024605, 0.024943, 0.024985, 0.025373, 0.026838, 0.026908, 0.027237, 0.027891, 0.027952, 0.028611, 0.028849, 0.028865, 0.028917, 0.028968, 0.029099, 0.029302, 0.030043, 0.030092, 0.030128, 0.03042, 0.031093, 0.031417, 0.031561, 0.03171, 0.032233, 0.032798, 0.033062, 0.033073, 0.0333, 0.033312, 0.033353, 0.03399, 0.034008, 0.034597, 0.034712, 0.034714, 0.03492, 0.035342, 0.035537, 0.035571, 0.036109, 0.036454, 0.036637, 0.03679, 0.037267, 0.037525, 0.037742, 0.038145, 0.038449, 0.038819, 0.038892, 0.039099, 0.039204, 0.039621, 0.039904, 0.039977, 0.04007, 0.040084, 0.040594, 0.040742, 0.040932, 0.041129, 0.041345, 0.041453, 0.04199, 0.042304, 0.042333, 0.042807, 0.04334, 0.043708, 0.043736, 0.044197, 0.04424, 0.044339, 0.044584, 0.04483, 0.044834, 0.04496, 0.044967, 0.045105, 0.045198, 0.045527, 0.046201, 0.046273, 0.046577, 0.046709, 0.046739, 0.046756, 0.047027, 0.04705, 0.047247, 0.047263, 0.047354, 0.047581, 0.04802, 0.048835, 0.049379, 0.049423, 0.049455, 0.049581, 0.050247, 0.050364, 0.050535, 0.050927, 0.051392, 0.051441, 0.051443, 0.052507, 0.052693, 0.053179, 0.053355, 0.053704, 0.054632, 0.054675, 0.054859, 0.055653, 0.055747, 0.056049, 0.056653, 0.057182, 0.05753, 0.057594, 0.058317, 0.058517, 0.058632, 0.059763, 0.060161, 0.060218, 0.060249, 0.060487, 0.060927, 0.061142, 0.06149, 0.061973, 0.062397, 0.062518, 0.062708, 0.063306, 0.063552, 0.064625, 0.065067, 0.065132, 0.065199, 0.06527, 0.065278, 0.065422, 0.065439, 0.066052, 0.0666, 0.066988, 0.06699, 0.067183, 0.067374, 0.06809, 0.068133, 0.068363, 0.068427, 0.068587, 0.068957, 0.069096, 0.069278, 0.071119, 0.07151, 0.071846, 0.072675, 0.072853, 0.073197, 0.073224, 0.073575, 0.073749, 0.074134, 0.074193, 0.074372, 0.074895, 0.07491, 0.075386, 0.075735, 0.076921, 0.077353, 0.07789, 0.077918, 0.078618, 0.079398, 0.079524, 0.07958, 0.080539, 0.080757, 0.08121, 0.081941, 0.082081, 0.082317, 0.082465, 0.082826, 0.083127, 0.083707, 0.084303, 0.084316, 0.084645, 0.085286, 0.085492, 0.085681, 0.086286, 0.086723, 0.086728, 0.087251, 0.087932, 0.088491, 0.089648, 0.089724, 0.089985, 0.090093, 0.090515, 0.090663, 0.092989, 0.093928, 0.094029, 0.094165, 0.094294, 0.094298, 0.0944, 0.094831, 0.095, 0.095035, 0.095612, 0.096264, 0.096532, 0.096557, 0.096606, 0.096607, 0.09673, 0.097545, 0.098502, 0.09871, 0.099123, 0.099328, 0.100717, 0.101333, 0.101344, 0.101391, 0.101795, 0.101801, 0.102503, 0.102745, 0.103105, 0.103737, 0.104204, 0.104503, 0.105616, 0.10601, 0.106218, 0.106247, 0.106527, 0.106853, 0.107014, 0.10909, 0.109219, 0.109791, 0.110057, 0.110098, 0.111348, 0.11137, 0.111552, 0.111942, 0.112564, 0.112832, 0.113521, 0.113534, 0.114141, 0.114553, 0.114606, 0.114685, 0.115238, 0.115773, 0.116967, 0.11754, 0.117966, 0.119267, 0.120039, 0.120067, 0.121914, 0.122598, 0.122652, 0.122868, 0.123007, 0.123374, 0.123991, 0.124308, 0.124393, 0.124584, 0.124926, 0.125013, 0.125141, 0.125346, 0.125492, 0.125586, 0.125855, 0.12627, 0.126293, 0.126742, 0.127506, 0.128393, 0.12865, 0.129358, 0.129905, 0.130337, 0.130493, 0.130705, 0.131455, 0.132423, 0.13263, 0.132681, 0.134557, 0.136294, 0.137271, 0.137906, 0.138716, 0.139821, 0.139876, 0.140211, 0.140745, 0.141134, 0.141246, 0.141261, 0.141426, 0.141728, 0.141885, 0.142036, 0.142403, 0.143302, 0.143445, 0.143465, 0.143643, 0.145336, 0.146864, 0.147051, 0.148977, 0.149157, 0.149292, 0.149642, 0.149922, 0.150017, 0.150378, 0.152954, 0.153095, 0.154141, 0.154312, 0.154816, 0.154859, 0.156325, 0.157296, 0.157302, 0.15795, 0.158615, 0.159066, 0.159215, 0.159274, 0.160136, 0.160241, 0.160986, 0.161767, 0.162216, 0.162274, 0.163049, 0.163431, 0.165142, 0.165178, 0.165253, 0.165414, 0.165678, 0.168154, 0.168546, 0.169304, 0.169492, 0.169582, 0.170393, 0.17077, 0.170781, 0.171381, 0.173579, 0.176306, 0.176805, 0.176982, 0.17735, 0.177516, 0.178009, 0.180077, 0.181506, 0.18179, 0.181908, 0.182132, 0.183238, 0.184246, 0.184299, 0.184714, 0.185966, 0.187148, 0.189515, 0.190378, 0.190601, 0.19153, 0.191874, 0.192021, 0.192438, 0.194249, 0.194273, 0.194915, 0.19521, 0.196132, 0.196544, 0.196591, 0.198196, 0.198411, 0.199168, 0.199559, 0.200606, 0.202914, 0.203777, 0.204141, 0.20449, 0.206322, 0.206599, 0.207104, 0.213272, 0.21334, 0.214061, 0.215544, 0.217886, 0.2187, 0.219764, 0.223083, 0.226687, 0.227569, 0.227765, 0.228316, 0.228657, 0.23122, 0.234104, 0.234716, 0.235572, 0.237982, 0.24045, 0.245336, 0.245583, 0.247219, 0.248593, 0.253909, 0.254665, 0.256394, 0.258633, 0.259247, 0.259872, 0.259914, 0.264328, 0.266717, 0.271162, 0.273015, 0.275279, 0.276641, 0.277326, 0.285499, 0.289536, 0.291668, 0.300153, 0.30554, 0.311038, 0.311499, 0.312364, 0.319758, 0.320262, 0.329743, 0.330941, 0.331064, 0.333836, 0.349112, 0.353195, 0.356447, 0.369396, 0.372662, 0.400438, 0.409854, 0.436441, 0.448861, 0.479347, 0.480125, 0.481182, 0.493697, 0.502354, 0.504717, 0.514804, 0.515692, 0.529521, 0.530392, 0.537716, 0.542242, 0.542533, 0.55434, 0.561691, 0.571946, 0.575036, 0.575889, 0.578423, 0.583105, 0.583244, 0.583347, 0.58444, 0.59231, 0.599385, 0.614923, 0.616254, 0.617243, 0.621133, 0.623974, 0.633169, 0.636951, 0.645611, 0.645994, 0.650677, 0.651985, 0.654868, 0.657021, 0.66097, 0.667157, 0.667526, 0.670094, 0.687211, 0.692489, 0.693133, 0.694977, 0.705249, 0.708321, 0.711104, 0.712692, 0.714905, 0.715786, 0.716482, 0.725475, 0.728799, 0.733481, 0.74186, 0.747195, 0.752201, 0.752973, 0.761087, 0.762156, 0.763282, 0.763409, 0.771146, 0.771933, 0.775609, 0.78536, 0.789885, 0.790135, 0.792809, 0.793823, 0.794149, 0.796709, 0.804617, 0.810675, 0.811311, 0.812043, 0.812686, 0.813018, 0.816334, 0.820713, 0.821721, 0.836398, 0.840219, 0.851872, 0.860785, 0.867809, 0.872569, 0.880919, 0.88478, 0.890775, 0.898885, 0.923822, 0.937515, 0.949049, 0.959236, 0.95966, 0.965561, 0.966452, 0.966572, 0.967442, 0.976748, 0.983387, 0.990172, 1.008357, 1.009554, 1.010529, 1.042222, 1.07666, 1.117998], "monotonicity": -0.017250453639007835, "n_systems": 5901, "n_planets": 6573, "n_targets": 137493}