{"sigma_r": 0.2506, "sigma_i": 2.9914, "m": 6, "seed": 1643479839, "n_k": {"1": 4538, "2": 826, "3": 115, "4": 18, "5": 3, "6+": 0}, "dlogr": [0.0, 0.0, 0.0, 0.0, 0.0, 1.6e-05, 6.1e-05, 0.00033, 0.000352, 0.00055, 0.000581, 0.0006, 0.00097, 0.000985, 0.001081, 0.001084, 0.001178, 0.001204, 0.001483, 0.001601, 0.001663, 0.001682, 0.001834, 0.001839, 0.001928, 0.001994, 0.002046, 0.002127, 0.002238, 0.002284, 0.002284, 0.002307, 0.002364, 0.002384, 0.002459, 0.002544, 0.002779, 0.002813, 0.002895, 0.002936, 0.003049, 0.003281, 0.003323, 0.003345, 0.003502, 0.003507, 0.003552, 0.003839, 0.004003, 0.004041, 0.00405, 0.004124, 0.004195, 0.004217, 0.004289, 0.004479, 0.004527, 0.004589, 0.004643, 0.004955, 0.00513, 0.005251, 0.005309, 0.00533, 0.005448, 0.005605, 0.005659, 0.005713, 0.005832, 0.005939, 0.00619, 0.006476, 0.006678, 0.006905, 0.006937, 0.007028, 0.007151, 0.007162, 0.00719, 0.00722, 0.007232, 0.007513, 0.0077, 0.007747, 0.007785, 0.008007, 0.008199, 0.008251, 0.008263, 0.008268, 0.008379, 0.008388, 0.008454, 0.008543, 0.008553, 0.008627, 0.008732, 0.008769, 0.008925, 0.008928, 0.009026, 0.009051, 0.009051, 0.009075, 0.009167, 0.009182, 0.009252, 0.009311, 0.009418, 0.009482, 0.0095, 0.009503, 0.009545, 0.009818, 0.010042, 0.010053, 0.01025, 0.010337, 0.0104, 0.010416, 0.010424, 0.010506, 0.010549, 0.010661, 0.010792, 0.010858, 0.011173, 0.011474, 0.011582, 0.011602, 0.011602, 0.01161, 0.011653, 0.011666, 0.011668, 0.011689, 0.011963, 0.011973, 0.012041, 0.012111, 0.012181, 0.012258, 0.012291, 0.012302, 0.0124, 0.012543, 0.012559, 0.01257, 0.012708, 0.01271, 0.012815, 0.012887, 0.012917, 0.013096, 0.013624, 0.01363, 0.01364, 0.013662, 0.014048, 0.014096, 0.01418, 0.014315, 0.014324, 0.014589, 0.014711, 0.014731, 0.014769, 0.014807, 0.014837, 0.014938, 0.014943, 0.015044, 0.015126, 0.015172, 0.015228, 0.015265, 0.015313, 0.015521, 0.015549, 0.015592, 0.015602, 0.015606, 0.01567, 0.015724, 0.015735, 0.015736, 0.015788, 0.015886, 0.01592, 0.01592, 0.015943, 0.015997, 0.016066, 0.016211, 0.016237, 0.016274, 0.01629, 0.016327, 0.01644, 0.016467, 0.016533, 0.016549, 0.016577, 0.016583, 0.016615, 0.016675, 0.016721, 0.016728, 0.016853, 0.016931, 0.016983, 0.017216, 0.017349, 0.017408, 0.017413, 0.017469, 0.017533, 0.01776, 0.017793, 0.017833, 0.017884, 0.01803, 0.018209, 0.018326, 0.018367, 0.018504, 0.01856, 0.018585, 0.018601, 0.018764, 0.01892, 0.019128, 0.019367, 0.019424, 0.019473, 0.019548, 0.019557, 0.019919, 0.01992, 0.019923, 0.020024, 0.020146, 0.020147, 0.02022, 0.020241, 0.020311, 0.020315, 0.020381, 0.020394, 0.020522, 0.020675, 0.020811, 0.020906, 0.020922, 0.020926, 0.021188, 0.021261, 0.021323, 0.021338, 0.021341, 0.021395, 0.021663, 0.021677, 0.021695, 0.021807, 0.021834, 0.021911, 0.021972, 0.021972, 0.022417, 0.022446, 0.022523, 0.02262, 0.022692, 0.022694, 0.022802, 0.022954, 0.02298, 0.023063, 0.023239, 0.023245, 0.023306, 0.023423, 0.023457, 0.023497, 0.023532, 0.023555, 0.023663, 0.023706, 0.023938, 0.024108, 0.024138, 0.0242, 0.024219, 0.02443, 0.024455, 0.024532, 0.024716, 0.024909, 0.024975, 0.024982, 0.024998, 0.025036, 0.02509, 0.02512, 0.025321, 0.025592, 0.025612, 0.025676, 0.025689, 0.025771, 0.025826, 0.025978, 0.026166, 0.026215, 0.026317, 0.026387, 0.026408, 0.026459, 0.026522, 0.026537, 0.02657, 0.026573, 0.026602, 0.026686, 0.026835, 0.027077, 0.027083, 0.02745, 0.027515, 0.027735, 0.027779, 0.027835, 0.027954, 0.027958, 0.027987, 0.028461, 0.028531, 0.028637, 0.028846, 0.028874, 0.028904, 0.029263, 0.029454, 0.029572, 0.029774, 0.029887, 0.02995, 0.030387, 0.030596, 0.030689, 0.030917, 0.031183, 0.031306, 0.031364, 0.031413, 0.031473, 0.031576, 0.031578, 0.031704, 0.031796, 0.03181, 0.032099, 0.032101, 0.032355, 0.032436, 0.032805, 0.032944, 0.033062, 0.0331, 0.0331, 0.03311, 0.033133, 0.033174, 0.033187, 0.033282, 0.03332, 0.033418, 0.033447, 0.033561, 0.033602, 0.033654, 0.033656, 0.033674, 0.033745, 0.033799, 0.033808, 0.034057, 0.034149, 0.034192, 0.034195, 0.034364, 0.034378, 0.034426, 0.034449, 0.034543, 0.034567, 0.034604, 0.034761, 0.035304, 0.035394, 0.035515, 0.035531, 0.035637, 0.035843, 0.035845, 0.036098, 0.036174, 0.036211, 0.03622, 0.036225, 0.036582, 0.036759, 0.036797, 0.036862, 0.037099, 0.037184, 0.037325, 0.037373, 0.037462, 0.03754, 0.037593, 0.037601, 0.037609, 0.037653, 0.037658, 0.037798, 0.037862, 0.037968, 0.038006, 0.038047, 0.038279, 0.038315, 0.038457, 0.038505, 0.038517, 0.038571, 0.038626, 0.038708, 0.038724, 0.038728, 0.03891, 0.038935, 0.039088, 0.039125, 0.039196, 0.039246, 0.039267, 0.039318, 0.039328, 0.039352, 0.039409, 0.039538, 0.039571, 0.040007, 0.040064, 0.040073, 0.040474, 0.040632, 0.04064, 0.040754, 0.040884, 0.041307, 0.041366, 0.041411, 0.041621, 0.041926, 0.04194, 0.042037, 0.042101, 0.042205, 0.042449, 0.042568, 0.042736, 0.042775, 0.042869, 0.042947, 0.043324, 0.043348, 0.043421, 0.043624, 0.04378, 0.043784, 0.043912, 0.044009, 0.044064, 0.044125, 0.04415, 0.044154, 0.044182, 0.044251, 0.044271, 0.044304, 0.044337, 0.044616, 0.044675, 0.044741, 0.044898, 0.0449, 0.044924, 0.044998, 0.045116, 0.045205, 0.045335, 0.045538, 0.045576, 0.045727, 0.0458, 0.046028, 0.046144, 0.046193, 0.046205, 0.046242, 0.046313, 0.046437, 0.04654, 0.046753, 0.046919, 0.046998, 0.047188, 0.047448, 0.047597, 0.047647, 0.048269, 0.048366, 0.048425, 0.0486, 0.048907, 0.048933, 0.048955, 0.048978, 0.049125, 0.049138, 0.049281, 0.049447, 0.049504, 0.049628, 0.049717, 0.049734, 0.049913, 0.049937, 0.050504, 0.050519, 0.05061, 0.05062, 0.05063, 0.050762, 0.050807, 0.050832, 0.050904, 0.050968, 0.051144, 0.051246, 0.05155, 0.051889, 0.052099, 0.052252, 0.052282, 0.052296, 0.052345, 0.05302, 0.053058, 0.053105, 0.05316, 0.053339, 0.053455, 0.053635, 0.053662, 0.053767, 0.053941, 0.053994, 0.054204, 0.054304, 0.054412, 0.054478, 0.054629, 0.055564, 0.055635, 0.056083, 0.056142, 0.05616, 0.056174, 0.056483, 0.056573, 0.056965, 0.057095, 0.057341, 0.057465, 0.057544, 0.057549, 0.057857, 0.057884, 0.057923, 0.058028, 0.058172, 0.058535, 0.058614, 0.058652, 0.058871, 0.058989, 0.059233, 0.059393, 0.059516, 0.059883, 0.059884, 0.060202, 0.06039, 0.060413, 0.060464, 0.060512, 0.060572, 0.060585, 0.060691, 0.06088, 0.060979, 0.061005, 0.061154, 0.061169, 0.061468, 0.061633, 0.061687, 0.061747, 0.061902, 0.062072, 0.062454, 0.06248, 0.062689, 0.062691, 0.062855, 0.062949, 0.06296, 0.06304, 0.063332, 0.063399, 0.063464, 0.063773, 0.063852, 0.064102, 0.064189, 0.064562, 0.065075, 0.065371, 0.065632, 0.06564, 0.066025, 0.066189, 0.066313, 0.066335, 0.066663, 0.066693, 0.066783, 0.066822, 0.067249, 0.067366, 0.067369, 0.067507, 0.067807, 0.067966, 0.068051, 0.068203, 0.068277, 0.068446, 0.068614, 0.068664, 0.068811, 0.068848, 0.069106, 0.069156, 0.069334, 0.069366, 0.0694, 0.069568, 0.069972, 0.070009, 0.070113, 0.07041, 0.070584, 0.070613, 0.070849, 0.071034, 0.071265, 0.071425, 0.071551, 0.07156, 0.07211, 0.072336, 0.072391, 0.072476, 0.07261, 0.072738, 0.073063, 0.073139, 0.073338, 0.073338, 0.073374, 0.073392, 0.073548, 0.073644, 0.07367, 0.073784, 0.074407, 0.074467, 0.074949, 0.075059, 0.075268, 0.075618, 0.07563, 0.075796, 0.075975, 0.07598, 0.076144, 0.076275, 0.076283, 0.076535, 0.076542, 0.076568, 0.076743, 0.076872, 0.07691, 0.07691, 0.076996, 0.07729, 0.077389, 0.077457, 0.077586, 0.077647, 0.077656, 0.077897, 0.078058, 0.078177, 0.07837, 0.078482, 0.078533, 0.078603, 0.078861, 0.079291, 0.079304, 0.079611, 0.07976, 0.079945, 0.080002, 0.080049, 0.080062, 0.08017, 0.08023, 0.080256, 0.080487, 0.08055, 0.080616, 0.081975, 0.082023, 0.082088, 0.082475, 0.082586, 0.082603, 0.082964, 0.08301, 0.083436, 0.083621, 0.083645, 0.083779, 0.084112, 0.084194, 0.084228, 0.084272, 0.084648, 0.084837, 0.084998, 0.085044, 0.085873, 0.086343, 0.086791, 0.086936, 0.08717, 0.087675, 0.08791, 0.088256, 0.088654, 0.088854, 0.088887, 0.088937, 0.089077, 0.089108, 0.089187, 0.089229, 0.089334, 0.089588, 0.089614, 0.08987, 0.089892, 0.090186, 0.090202, 0.090575, 0.09084, 0.091062, 0.091477, 0.091696, 0.091879, 