{"sigma_r": null, "sigma_i": 0.2, "m": 9, "seed": 370094491, "n_k": {"1": 3681, "2": 935, "3": 300, "4": 75, "5": 17, "6+": 1}, "dlogr": [0.0, 0.0, 0.0, 4.3e-05, 0.000115, 0.000126, 0.000212, 0.000285, 0.000341, 0.000505, 0.000904, 0.001016, 0.001159, 0.001457, 0.00175, 0.002001, 0.00207, 0.002429, 0.002467, 0.002485, 0.002507, 0.002571, 0.002772, 0.003805, 0.003852, 0.003898, 0.004094, 0.004243, 0.004411, 0.004606, 0.00471, 0.004779, 0.00489, 0.004894, 0.005236, 0.005343, 0.005355, 0.005504, 0.005583, 0.005615, 0.005753, 0.006337, 0.006738, 0.006911, 0.006936, 0.006954, 0.007043, 0.007313, 0.007425, 0.007594, 0.007682, 0.007686, 0.007993, 0.008018, 0.008515, 0.008517, 0.008797, 0.008983, 0.009399, 0.009499, 0.010144, 0.010158, 0.010265, 0.010301, 0.010453, 0.010808, 0.010813, 0.010865, 0.010908, 0.01116, 0.011161, 0.011232, 0.01128, 0.011532, 0.01158, 0.011673, 0.011728, 0.011893, 0.011963, 0.012365, 0.012866, 0.012901, 0.012998, 0.013001, 0.013089, 0.013159, 0.013162, 0.013384, 0.013489, 0.013653, 0.013671, 0.013729, 0.014068, 0.014177, 0.01423, 0.014252, 0.014488, 0.014709, 0.01476, 0.014774, 0.014855, 0.015167, 0.01519, 0.015668, 0.015689, 0.015883, 0.015942, 0.015966, 0.016017, 0.016099, 0.01617, 0.016234, 0.016263, 0.016281, 0.016322, 0.016485, 0.016693, 0.01674, 0.017505, 0.017699, 0.01783, 0.018433, 0.018497, 0.018831, 0.018945, 0.01902, 0.019069, 0.019093, 0.019251, 0.019281, 0.0194, 0.019567, 0.019891, 0.019986, 0.020312, 0.020479, 0.02052, 0.020554, 0.020599, 0.020651, 0.020674, 0.020826, 0.021182, 0.021479, 0.021767, 0.022129, 0.022181, 0.022662, 0.022779, 0.022965, 0.023107, 0.023197, 0.02325, 0.023295, 0.023443, 0.023639, 0.023861, 0.024062, 0.024209, 0.02427, 0.024653, 0.024798, 0.024881, 0.024937, 0.02526, 0.025306, 0.025463, 0.025603, 0.025637, 0.025658, 0.026286, 0.026304, 0.026649, 0.026695, 0.027239, 0.027366, 0.02742, 0.027439, 0.027511, 0.027688, 0.027714, 0.027788, 0.027809, 0.027933, 0.02806, 0.028345, 0.028564, 0.028703, 0.028746, 0.028802, 0.028937, 0.028962, 0.029033, 0.029103, 0.029126, 0.02914, 0.029517, 0.029594, 0.029729, 0.029732, 0.029888, 0.030138, 0.030226, 0.030244, 0.030541, 0.030549, 0.030711, 0.030992, 0.031727, 0.031864, 0.031949, 0.031963, 0.031969, 0.031982, 0.032224, 0.032384, 0.032433, 0.032554, 0.032814, 0.033303, 0.033405, 0.033444, 0.033468, 0.033809, 0.034187, 0.034349, 0.034475, 0.034555, 0.03474, 0.034758, 0.035169, 0.03518, 0.035239, 0.035352, 0.035465, 0.035886, 0.036385, 0.036688, 0.036767, 0.036793, 0.036796, 0.036941, 0.037013, 0.03708, 0.037087, 0.037388, 0.037551, 0.037739, 0.037943, 0.03841, 0.038607, 0.038925, 0.039283, 0.039455, 0.040006, 0.040117, 0.04029, 0.040496, 0.040519, 0.040555, 0.040593, 0.040607, 0.040764, 0.040926, 0.040935, 0.041128, 0.041422, 0.041453, 0.041666, 0.041782, 0.041857, 0.041909, 0.04203, 0.042081, 0.042304, 0.042346, 0.042498, 0.042555, 0.042686, 0.043099, 0.043152, 0.043194, 0.04334, 0.043354, 0.043668, 0.044216, 0.044275, 0.044285, 0.044309, 0.044543, 0.044622, 0.044788, 0.04517, 0.0454, 0.045461, 0.045545, 0.045784, 0.046023, 0.046101, 0.046222, 0.046478, 0.046683, 0.046692, 0.047036, 0.04707, 0.047824, 0.048223, 0.04831, 0.048323, 0.048467, 0.049154, 0.049175, 0.04924, 0.04944, 0.049648, 0.049901, 0.049941, 0.050024, 0.050037, 0.050056, 0.050403, 0.050493, 0.050988, 0.051208, 0.051619, 0.051621, 0.05213, 0.0522, 0.052508, 0.052518, 0.052659, 0.052681, 0.053117, 0.053399, 0.053422, 0.053661, 0.053755, 0.054714, 0.055095, 0.05512, 0.055142, 0.055324, 0.055335, 0.055487, 0.056498, 0.056501, 0.056647, 0.056683, 0.056877, 0.05735, 0.057434, 0.057536, 0.057623, 0.057686, 0.057944, 0.058106, 0.058408, 0.058477, 0.058629, 0.058727, 0.05937, 0.059537, 0.059628, 0.05996, 0.060027, 0.060237, 0.060615, 0.060753, 0.060839, 0.061045, 0.061065, 0.061094, 0.061123, 0.061125, 0.0616, 0.061649, 0.061732, 0.062127, 0.06224, 0.062356, 0.062364, 0.062928, 0.062957, 0.062984, 0.063098, 0.063451, 0.063454, 0.063474, 0.063496, 0.063605, 0.063609, 0.063882, 0.064024, 0.064224, 0.064643, 0.064716, 0.06494, 0.065038, 0.065171, 0.065214, 0.065477, 0.065579, 0.065688, 0.065698, 0.065969, 0.066104, 0.066266, 0.06644, 0.066772, 0.067178, 0.067256, 0.067307, 0.067363, 0.067595, 0.067704, 0.06795, 0.068005, 0.068011, 0.068012, 0.0684, 0.068432, 0.068463, 0.068557, 0.069021, 0.069034, 0.069063, 0.06952, 0.069557, 0.06972, 0.069947, 0.070088, 0.070149, 0.070531, 0.070686, 0.070964, 0.071016, 0.071075, 0.071142, 0.071214, 0.071274, 0.07157, 0.071957, 0.07196, 0.072104, 0.072721, 0.072972, 0.07298, 0.07314, 0.073213, 0.07326, 0.073358, 0.073509, 0.073888, 0.074066, 0.074337, 0.074596, 0.074992, 0.075097, 0.075196, 0.075221, 0.075362, 0.07572, 0.076553, 0.076915, 0.077107, 0.07716, 0.077237, 0.077543, 0.07817, 0.078236, 0.078385, 0.078393, 0.078494, 0.07863, 0.078674, 0.07916, 0.079238, 0.079304, 0.079641, 0.079702, 0.079889, 0.080085, 0.08029, 0.080877, 0.081318, 0.081334, 0.081335, 0.081433, 0.081771, 0.081819, 0.082919, 0.083093, 0.083364, 0.083642, 0.083707, 0.084003, 0.084224, 0.084345, 0.084513, 0.084776, 0.085681, 0.08572, 0.085777, 0.085787, 0.086, 0.086161, 0.086246, 0.086393, 0.086547, 0.086646, 0.087125, 0.087136, 0.087407, 0.087771, 0.087853, 0.087928, 0.088063, 0.088176, 0.088434, 0.088543, 0.08859, 0.088821, 0.088923, 0.089332, 0.089358, 0.089418, 0.089493, 0.089537, 0.089543, 0.089811, 0.089883, 0.08993, 0.090793, 0.091217, 0.091415, 0.091627, 0.091682, 0.091887, 0.091927, 0.092134, 0.092754, 0.09279, 0.09344, 0.093617, 0.093776, 0.093798, 0.094259, 0.094322, 0.094482, 0.09509, 0.095123, 0.095456, 0.095572, 0.095768, 0.095964, 0.096086, 0.096616, 0.096745, 0.096842, 0.097187, 0.097313, 0.097582, 0.097658, 0.098397, 0.098474, 0.098592, 0.098815, 0.098873, 0.099235, 0.099251, 0.09928, 0.099705, 0.099952, 0.100127, 0.100181, 0.100183, 0.100338, 0.1005, 0.10069, 0.100823, 0.101207, 0.101274, 0.101608, 0.101894, 0.102332, 0.102351, 0.102779, 0.103054, 0.103641, 0.103877, 0.104059, 0.104088, 0.10434, 0.104579, 0.104893, 0.104916, 0.104962, 0.105089, 0.105245, 0.105345, 0.105728, 0.105823, 0.106012, 0.106208, 0.106334, 0.106415, 0.106471, 0.107199, 0.10739, 0.107593, 0.107876, 0.10793, 0.107946, 0.108272, 0.108276, 0.108351, 0.108491, 0.109071, 0.109129, 0.109392, 0.109443, 0.109509, 0.109532, 0.10956, 0.109743, 0.109804, 0.11025, 0.11063, 0.110697, 0.110724, 0.110908, 0.111032, 0.111144, 0.111257, 0.111265, 0.111276, 0.11137, 0.111459, 0.111687, 0.112067, 0.112161, 0.112565, 0.112838, 0.113488, 0.113532, 0.113632, 0.113836, 0.113901, 0.114117, 0.11498, 0.115, 0.115466, 0.115491, 0.115554, 0.115568, 0.115962, 0.116785, 0.116833, 0.116963, 0.117177, 0.117453, 0.117457, 0.117726, 0.117786, 0.117994, 0.118056, 0.118208, 0.118303, 0.118372, 0.118552, 0.118564, 0.118747, 0.118844, 0.11913, 0.11939, 0.119415, 0.119707, 0.119716, 0.119969, 0.120411, 0.120506, 0.120649, 0.120717, 0.120979, 0.121088, 0.1211, 0.121138, 0.121148, 0.12157, 0.121691, 0.121692, 0.121732, 0.121736, 0.121913, 0.122046, 0.122197, 0.122504, 0.122955, 0.123708, 0.124307, 0.124458, 0.124674, 0.124753, 0.124804, 0.124811, 0.124865, 0.125087, 0.125179, 0.125183, 0.125645, 0.125708, 0.126909, 0.127106, 0.128069, 0.128239, 0.128708, 0.128838, 0.1292, 0.129307, 0.129383, 0.129457, 0.129792, 0.130079, 0.130149, 0.130152, 0.130245, 0.130575, 0.130778, 0.131095, 0.131686, 0.131748, 0.132123, 0.132141, 0.132217, 0.132258, 0.132375, 0.132735, 0.132756, 0.133275, 0.133411, 0.133472, 0.133657, 0.133887, 0.133989, 0.13421, 0.134282, 0.134353, 0.134572, 0.134848, 0.134875, 0.13493, 0.135259, 0.135755, 0.135763, 0.136366, 0.136517, 0.136543, 0.136572, 0.137022, 0.137024, 0.137078, 0.137409, 0.137559, 0.137593, 0.137841, 0.137882, 0.137919, 0.138737, 0.140362, 0.140496, 0.140999, 0.141014, 0.141156, 0.141221, 0.141328, 0.141807, 0.141896, 0.142152, 0.142488, 0.142732, 0.142784, 0.143089, 0.143233, 0.143245, 0.143472, 0.143532, 0.143846, 0.143947, 0.144057, 0.144208, 0.144795, 0.145061, 0.145404, 0.145518, 0.145547, 0.145586, 0.145623, 