{"sigma_r": 2.3939, "sigma_i": 8.0, "m": 7, "seed": 1650235731, "n_k": {"1": 5491, "2": 455, "3": 32, "4": 1, "5": 1, "6+": 0}, "dlogr": [7.7e-05, 0.000627, 0.00093, 0.002449, 0.002574, 0.002666, 0.002927, 0.003343, 0.003411, 0.003451, 0.003595, 0.004493, 0.00744, 0.008945, 0.009212, 0.009241, 0.009731, 0.010402, 0.010497, 0.011039, 0.011776, 0.012035, 0.012533, 0.013032, 0.013455, 0.013533, 0.014924, 0.01544, 0.015527, 0.01554, 0.016466, 0.017117, 0.017805, 0.018169, 0.01898, 0.020353, 0.021155, 0.021532, 0.021933, 0.021958, 0.022913, 0.022976, 0.024426, 0.025263, 0.02541, 0.025545, 0.026309, 0.026923, 0.028402, 0.029378, 0.029488, 0.030622, 0.031497, 0.031956, 0.032614, 0.032958, 0.03301, 0.033097, 0.033176, 0.033508, 0.034952, 0.036577, 0.036789, 0.03795, 0.038061, 0.038325, 0.039199, 0.039219, 0.039418, 0.040376, 0.040441, 0.040563, 0.040652, 0.041166, 0.041518, 0.041924, 0.043227, 0.043284, 0.044541, 0.044824, 0.045027, 0.045764, 0.045985, 0.047086, 0.047157, 0.047455, 0.047948, 0.047967, 0.048458, 0.048548, 0.0488, 0.049721, 0.0511, 0.052248, 0.053098, 0.053903, 0.054189, 0.05472, 0.054787, 0.055533, 0.056861, 0.056918, 0.057854, 0.0582, 0.058764, 0.059049, 0.05929, 0.05943, 0.05971, 0.059998, 0.060169, 0.061048, 0.061119, 0.06206, 0.062377, 0.062662, 0.062964, 0.063324, 0.063361, 0.064855, 0.06504, 0.067148, 0.067206, 0.067454, 0.067541, 0.067773, 0.068269, 0.068413, 0.069152, 0.069213, 0.069318, 0.069562, 0.071169, 0.073148, 0.073548, 0.073758, 0.074369, 0.074937, 0.075898, 0.077976, 0.078514, 0.07859, 0.079206, 0.079364, 0.079687, 0.079906, 0.080197, 0.080302, 0.08036, 0.080649, 0.080933, 0.081435, 0.08225, 0.085693, 0.086132, 0.087051, 0.088387, 0.091075, 0.092189, 0.093058, 0.095341, 0.095696, 0.095792, 0.095795, 0.096849, 0.097516, 0.097737, 0.097847, 0.099077, 0.099224, 0.099608, 0.101364, 0.103256, 0.103984, 0.104662, 0.104876, 0.105776, 0.1058, 0.106539, 0.108252, 0.109682, 0.110454, 0.111966, 0.113168, 0.113659, 0.114492, 0.115433, 0.117437, 0.117569, 0.118192, 0.119203, 0.120905, 0.121197, 0.121247, 0.121555, 0.122322, 0.12309, 0.12392, 0.123955, 0.124004, 0.124519, 0.125524, 0.126547, 0.127197, 0.128142, 0.129444, 0.130303, 0.131208, 0.131805, 0.132752, 0.133131, 0.134253, 0.134804, 0.135132, 0.135139, 0.135325, 0.135759, 0.137732, 0.140872, 0.141048, 0.141925, 0.143006, 0.143724, 0.144236, 0.144456, 0.144579, 0.146018, 0.146143, 0.149164, 0.14964, 0.150518, 0.151265, 0.152164, 0.152433, 0.153468, 0.154873, 0.155848, 0.15593, 0.156788, 0.157691, 0.157738, 0.165451, 0.166198, 0.167102, 0.167389, 0.168478, 0.169539, 0.171567, 0.174085, 0.175809, 0.176748, 0.177181, 0.177592, 0.178382, 0.179201, 0.179275, 0.179527, 0.179693, 0.179761, 0.180666, 0.180859, 0.181465, 0.181656, 0.181858, 0.182862, 0.185314, 0.185559, 0.185702, 0.191938, 0.193506, 0.193945, 0.195898, 0.200978, 0.203844, 0.203898, 0.204015, 0.204467, 0.204658, 0.206612, 0.207287, 0.209265, 0.209288, 0.209711, 0.210008, 0.211657, 0.215798, 0.216265, 0.217268, 0.217332, 0.218609, 0.218853, 0.221056, 0.221893, 0.222339, 0.224933, 0.224988, 0.22511, 0.225408, 0.226321, 0.22664, 0.227386, 0.229377, 0.22949, 0.23046, 0.230741, 0.231473, 0.232312, 0.234133, 0.235037, 0.236694, 0.237373, 0.23896, 0.239211, 0.240337, 0.241558, 0.24213, 0.243037, 0.243738, 0.243806, 0.246064, 0.249169, 0.251238, 0.251252, 0.252588, 0.25276, 0.252984, 0.253602, 0.25475, 0.255037, 0.255094, 0.256147, 0.257567, 0.259425, 0.259917, 0.26015, 0.262208, 0.262847, 0.265665, 0.26612, 0.267037, 0.270142, 0.27075, 0.272055, 0.27345, 0.273676, 0.274908, 0.278571, 0.280287, 0.280332, 0.282011, 0.28237, 0.282891, 0.285292, 0.286132, 0.289971, 0.29006, 0.291859, 0.297524, 0.297726, 0.297758, 0.298377, 0.299609, 0.300705, 0.301201, 0.302036, 0.306642, 0.307831, 0.309237, 0.309676, 0.314738, 0.316507, 0.319283, 0.322137, 0.323228, 0.324402, 0.324811, 0.325549, 0.325757, 0.326605, 0.328701, 0.32924, 0.329654, 0.331467, 0.336506, 0.342483, 0.343914, 0.351629, 0.352016, 0.352077, 0.352258, 0.355214, 0.359345, 0.359428, 0.362472, 0.363844, 0.365755, 0.3661, 0.378501, 0.380349, 0.386418, 0.390481, 0.391048, 0.394544, 0.394571, 0.395737, 0.399731, 0.400049, 0.40236, 0.40763, 0.412363, 0.415645, 0.415695, 0.419132, 0.423096, 0.435154, 0.43595, 0.436263, 0.438001, 0.44016, 0.44309, 0.446136, 0.453631, 0.454355, 0.463444, 0.464354, 0.478686, 0.481702, 0.48558, 0.492936, 0.504446, 0.504595, 0.507905, 0.510053, 0.510151, 0.515247, 0.515732, 0.5277, 0.530783, 0.532203, 0.552207, 0.556845, 0.570634, 0.571595, 0.573298, 0.582757, 0.586629, 0.590657, 0.599133, 0.602376, 0.603168, 0.60395, 0.627712, 0.63285, 0.63344, 0.650148, 0.656292, 0.659605, 0.664454, 0.67183, 0.676617, 0.681424, 0.681825, 0.684268, 0.684686, 0.68593, 0.690073, 0.692241, 0.700245, 0.701396, 0.705571, 0.70567, 0.707812, 0.711146, 0.719787, 0.72325, 0.724837, 0.728342, 0.730436, 0.739103, 0.739503, 0.740993, 0.742269, 0.743739, 0.747622, 0.749409, 0.750797, 0.761032, 0.775453, 0.789645, 0.792356, 0.796264, 0.801307, 0.809272, 0.814523, 0.815639, 0.823481, 0.826496, 0.828076, 0.830068, 0.830544, 0.831019, 0.840822, 0.853947, 0.856002, 0.857444, 0.866654, 0.882848, 0.88501, 0.887246, 0.887336, 0.891045, 0.895551, 0.89634, 0.906913, 0.929172, 0.952073, 0.961756, 0.963629, 0.990597, 0.998342, 1.000809, 1.003845, 1.010684, 1.016365, 1.104164, 1.120107], "monotonicity": 0.12941176470588237, "n_systems": 5980, "n_planets": 6506, "n_targets": 137493}