{"sigma_r": 0.3936, "sigma_i": 4.8919, "m": 5, "seed": 1106303903, "n_k": {"1": 5230, "2": 714, "3": 84, "4": 4, "5": 0, "6+": 0}, "dlogr": [0.0, 0.0, 0.0, 0.0, 3.8e-05, 8.8e-05, 0.000168, 0.000253, 0.000393, 0.00059, 0.000657, 0.000739, 0.000906, 0.001028, 0.001059, 0.001118, 0.001469, 0.001627, 0.001694, 0.001907, 0.001935, 0.001989, 0.002014, 0.002018, 0.002156, 0.002326, 0.002396, 0.002491, 0.002632, 0.002843, 0.003005, 0.003295, 0.003308, 0.003384, 0.003445, 0.003465, 0.003534, 0.003553, 0.003879, 0.004007, 0.004288, 0.004449, 0.004765, 0.005404, 0.005451, 0.005636, 0.00583, 0.006243, 0.006289, 0.006476, 0.006486, 0.006532, 0.006626, 0.006816, 0.006874, 0.007354, 0.007681, 0.007806, 0.008104, 0.008171, 0.008433, 0.008474, 0.008613, 0.009144, 0.009322, 0.009441, 0.009579, 0.009586, 0.009652, 0.009674, 0.00987, 0.00995, 0.010268, 0.010664, 0.010966, 0.011011, 0.011199, 0.011283, 0.011361, 0.011371, 0.01144, 0.011562, 0.011898, 0.012075, 0.01218, 0.012247, 0.012605, 0.012672, 0.012724, 0.012729, 0.012942, 0.013067, 0.01317, 0.013358, 0.013362, 0.01347, 0.013703, 0.014083, 0.014301, 0.014357, 0.014505, 0.014724, 0.014928, 0.015144, 0.015283, 0.015289, 0.015778, 0.015793, 0.015953, 0.016052, 0.016256, 0.01649, 0.016703, 0.01682, 0.016945, 0.017044, 0.017289, 0.017334, 0.017406, 0.01751, 0.017527, 0.017671, 0.017769, 0.017816, 0.017916, 0.018022, 0.018218, 0.018387, 0.018432, 0.018465, 0.018471, 0.018762, 0.018791, 0.019074, 0.019188, 0.019348, 0.019492, 0.019581, 0.019606, 0.019612, 0.019667, 0.019926, 0.019989, 0.020024, 0.020046, 0.020212, 0.020232, 0.020282, 0.02031, 0.020377, 0.020527, 0.020646, 0.020783, 0.021169, 0.021174, 0.021187, 0.021232, 0.021371, 0.021509, 0.021617, 0.021889, 0.021906, 0.021973, 0.022257, 0.022412, 0.022451, 0.022587, 0.022656, 0.022818, 0.022988, 0.023111, 0.023139, 0.023632, 0.023651, 0.023833, 0.023921, 0.024239, 0.024464, 0.02466, 0.024711, 0.024743, 0.025369, 0.025697, 0.025845, 0.025846, 0.026583, 0.026888, 0.026922, 0.02694, 0.026976, 0.027588, 0.027773, 0.027831, 0.028098, 0.028126, 0.028238, 0.028413, 0.028878, 0.029153, 0.029179, 0.029201, 0.02956, 0.029617, 0.029629, 0.029646, 0.029655, 0.029665, 0.029735, 0.029771, 0.029904, 0.029931, 0.029964, 0.030035, 0.030213, 0.03035, 0.03056, 0.031162, 0.031228, 0.031243, 0.031317, 0.031425, 0.031438, 0.032048, 0.032057, 0.032088, 0.03219, 0.032316, 0.032453, 0.032767, 0.032849, 0.033412, 0.03347, 0.033562, 0.033869, 0.033967, 0.034161, 0.034532, 0.035037, 0.035496, 0.035532, 0.035601, 0.035915, 0.035997, 0.0361, 0.036177, 0.036381, 0.036401, 0.036699, 0.037047, 0.037065, 0.03713, 0.037236, 0.037724, 0.037736, 0.038155, 0.038322, 0.038442, 0.038591, 0.038749, 0.038777, 0.038849, 0.03898, 0.039634, 0.039804, 0.040025, 0.040291, 0.04046, 0.040613, 0.040746, 0.040753, 0.04076, 0.040915, 0.041412, 0.04147, 0.041977, 0.042241, 0.042418, 0.042438, 0.04247, 0.042676, 0.042768, 0.04281, 0.042814, 0.043014, 0.043208, 0.043791, 0.044122, 0.044157, 0.044263, 0.044293, 0.044476, 0.044754, 0.045022, 0.045129, 0.045258, 0.045336, 0.0456, 0.045638, 0.045758, 0.045762, 0.045804, 0.045813, 0.046001, 0.046147, 0.046442, 0.046834, 0.047584, 0.047638, 0.048097, 0.048143, 0.048511, 0.048596, 0.048949, 0.048974, 0.049193, 0.04931, 0.049321, 0.049457, 0.049663, 0.049792, 0.049908, 0.04998, 0.05012, 0.050138, 0.050378, 0.050534, 0.050558, 0.050694, 0.050698, 0.051267, 0.051348, 0.051393, 0.051498, 0.051883, 0.051947, 0.051998, 0.052325, 0.052393, 0.052476, 0.05286, 0.053271, 0.053382, 0.053658, 0.053767, 0.053918, 0.054138, 0.054566, 0.054671, 0.054869, 0.055022, 0.055054, 0.055126, 0.055242, 0.055252, 0.055528, 0.055721, 0.055743, 0.055868, 0.055912, 0.056039, 0.056713, 0.05679, 0.056933, 0.057069, 0.057297, 0.057717, 0.057727, 0.057775, 0.058071, 0.058099, 0.058144, 0.058261, 0.058311, 0.058404, 0.058494, 0.058706, 0.059032, 0.05904, 0.059389, 0.059397, 0.059755, 0.059959, 0.06004, 0.060074, 0.060159, 0.060554, 0.060601, 0.06081, 0.061163, 0.061248, 0.061421, 0.06152, 0.06162, 0.061839, 0.061853, 0.061861, 0.062096, 0.06224, 0.062606, 0.062859, 0.062983, 0.063242, 0.063339, 0.063845, 0.064017, 0.064594, 0.06495, 0.065385, 0.065445, 0.065947, 0.066408, 0.066775, 0.066866, 0.067191, 0.067215, 0.06722, 0.067534, 0.067568, 0.067616, 0.067784, 0.067804, 0.068091, 0.068254, 0.068399, 0.068418, 0.068419, 0.068731, 0.069016, 0.069178, 0.069207, 0.069347, 0.069355, 0.069386, 0.069419, 0.069706, 0.069886, 0.070051, 0.070162, 0.070283, 0.07049, 0.071017, 0.071069, 0.071124, 0.071136, 0.071319, 0.071406, 0.071737, 0.071912, 0.072057, 0.072129, 0.072198, 0.072567, 0.07274, 0.072929, 0.073328, 0.073367, 0.073698, 0.074172, 0.074182, 0.074709, 0.075051, 0.075266, 0.07531, 0.075336, 0.07612, 0.0762, 0.076223, 0.076382, 0.076726, 0.076985, 0.077005, 0.077497, 0.077585, 0.077644, 0.077798, 0.077843, 0.077958, 0.078266, 0.078646, 0.078663, 0.078889, 0.07957, 0.079594, 0.08001, 0.080254, 0.080442, 0.080549, 0.081127, 0.081328, 0.08158, 0.081969, 0.082747, 0.083316, 0.08364, 0.084348, 0.084528, 0.08496, 0.085322, 0.085335, 0.085405, 0.085666, 0.086194, 0.087012, 0.087137, 0.087509, 0.087692, 0.087741, 0.088343, 0.088444, 0.08861, 0.088613, 0.088754, 0.08932, 0.089771, 0.089785, 0.089929, 0.091563, 0.091656, 0.092215, 0.092746, 0.09368, 0.093716, 0.094018, 0.094019, 0.094357, 0.094779, 0.094861, 0.095433, 0.095449, 0.09566, 0.095905, 0.096149, 0.096421, 0.096642, 0.096671, 0.096788, 0.097109, 0.097279, 0.097314, 0.097674, 0.097685, 0.098209, 0.098251, 0.098428, 0.099026, 0.099597, 0.099838, 0.100555, 0.100872, 0.100978, 0.101106, 0.101157, 0.10152, 0.101976, 0.10208, 0.102264, 0.102519, 0.102596, 0.102653, 0.102802, 0.103427, 0.103564, 0.103861, 0.104052, 0.104082, 0.104095, 0.104173, 0.105059, 0.10507, 0.105139, 0.105242, 0.105714, 0.106226, 0.106402, 0.106704, 0.107151, 0.107474, 0.107567, 0.107795, 0.10822, 0.108728, 0.109126, 0.109916, 0.109922, 0.110472, 0.110823, 0.110848, 0.110905, 0.111335, 0.111401, 0.111544, 0.112108, 0.112823, 0.112928, 0.112976, 0.113293, 0.113803, 0.11384, 0.114311, 0.11588, 0.115943, 0.116847, 0.116847, 0.116905, 0.118361, 0.118383, 0.120039, 0.120623, 0.120727, 0.120889, 0.121046, 0.121101, 0.122238, 0.122314, 0.122806, 0.1229, 0.123088, 0.123296, 0.123486, 0.12351, 0.124384, 0.12444, 0.124443, 0.124533, 0.125119, 0.125573, 0.126098, 0.126543, 0.127446, 0.127663, 0.127878, 0.12791, 0.128504, 0.128671, 0.128813, 0.129099, 0.129206, 0.129536, 0.129981, 0.130203, 0.130248, 0.130316, 0.130397, 0.130716, 0.13115, 0.13155, 0.132008, 0.134066, 0.134157, 0.134668, 0.135088, 0.135591, 0.135658, 0.13619, 0.136336, 0.136666, 0.136879, 0.137512, 0.137523, 0.137607, 0.138213, 0.139591, 0.140325, 0.14048, 0.14125, 0.142159, 0.143511, 0.14376, 0.144454, 0.144604, 0.145207, 0.145685, 0.145812, 0.14588, 0.146849, 0.149018, 0.149459, 0.150708, 0.151669, 0.151857, 0.152804, 0.152917, 0.153851, 0.15396, 0.156079, 0.156243, 0.157017, 0.157083, 0.157117, 0.157972, 0.158679, 0.160548, 0.162793, 0.163197, 0.163254, 0.163715, 0.164091, 0.164492, 0.165467, 0.165577, 0.166362, 0.166487, 0.167056, 0.167483, 0.168447, 0.169482, 0.169966, 0.172793, 0.174879, 0.175327, 0.176032, 0.176271, 0.176965, 0.1783, 0.178479, 0.17867, 0.178852, 0.179538, 0.18168, 0.181882, 0.18322, 0.183429, 0.184434, 0.184485, 0.185016, 0.187139, 0.187229, 0.187787, 0.188035, 0.188793, 0.189358, 0.190391, 0.191063, 0.192962, 0.193463, 0.193917, 0.195729, 0.199733, 0.200623, 0.202238, 0.203226, 0.203679, 0.207944, 0.2091, 0.212847, 0.213111, 0.214422, 0.218378, 0.222533, 0.223499, 0.224977, 0.226497, 0.226711, 0.231214, 0.236038, 0.239585, 0.241613, 0.242172, 0.258391, 0.285892, 0.378679, 0.410551, 0.421265, 0.439228, 0.440158, 0.453202, 0.456333, 0.475709, 0.484724, 0.513155, 0.513545, 0.524767, 0.528718, 0.536964, 0.555126, 0.556617, 0.559558, 0.560282, 0.562826, 0.564147, 0.564165, 0.56759, 0.568074, 0.570302, 0.574789, 0.58387, 0.584247, 0.596366, 0.596903, 0.601283, 0.614225, 0.615776, 0.615921, 0.617394, 0.621237, 0.629354, 