{"sigma_r": 0.2506, "sigma_i": 1.1186, "m": 4, "seed": 545418899, "n_k": {"1": 3849, "2": 975, "3": 228, "4": 53, "5": 8, "6+": 0}, "dlogr": [0.0, 0.0, 0.0, 0.0, 0.0, 0.0, 0.0, 0.0, 0.0, 0.0, 0.0, 0.0, 0.0, 0.0, 0.0, 0.0, 0.0, 0.0, 0.0, 0.0, 0.0, 0.0, 3.9e-05, 4.6e-05, 5.5e-05, 6.4e-05, 8.1e-05, 8.6e-05, 0.0002, 0.000236, 0.000346, 0.000441, 0.000503, 0.000509, 0.000556, 0.000661, 0.000685, 0.000731, 0.000754, 0.000791, 0.000805, 0.000821, 0.000906, 0.000924, 0.00093, 0.000967, 0.000978, 0.000983, 0.001227, 0.001262, 0.001264, 0.001275, 0.001478, 0.00149, 0.001526, 0.001552, 0.001555, 0.001583, 0.001618, 0.001653, 0.001947, 0.002161, 0.002178, 0.002189, 0.002222, 0.002335, 0.002378, 0.002472, 0.002496, 0.002512, 0.002705, 0.002759, 0.002765, 0.00306, 0.003077, 0.003134, 0.003164, 0.003167, 0.003174, 0.00323, 0.003293, 0.003421, 0.00344, 0.003504, 0.003543, 0.003565, 0.003628, 0.003702, 0.003792, 0.003834, 0.003844, 0.003848, 0.003897, 0.003936, 0.003981, 0.004126, 0.00418, 0.004199, 0.004226, 0.00425, 0.004294, 0.004413, 0.004461, 0.004466, 0.004475, 0.004507, 0.004555, 0.004608, 0.004614, 0.00465, 0.004653, 0.004694, 0.005018, 0.005031, 0.005073, 0.005099, 0.005122, 0.005139, 0.005276, 0.005289, 0.005359, 0.005431, 0.005457, 0.005468, 0.00547, 0.005531, 0.005538, 0.005746, 0.005789, 0.00579, 0.005896, 0.005949, 0.00596, 0.006077, 0.006136, 0.006237, 0.006368, 0.006422, 0.006469, 0.006487, 0.006541, 0.006548, 0.006619, 0.006628, 0.006699, 0.006784, 0.006827, 0.006929, 0.006958, 0.006998, 0.007002, 0.007026, 0.007132, 0.007152, 0.007164, 0.007203, 0.007212, 0.007338, 0.00737, 0.007386, 0.00742, 0.007432, 0.007486, 0.007527, 0.007529, 0.007538, 0.007631, 0.007646, 0.007692, 0.007839, 0.008031, 0.008093, 0.008138, 0.008204, 0.008258, 0.00828, 0.008306, 0.008324, 0.008429, 0.008462, 0.008532, 0.008537, 0.00861, 0.008631, 0.00865, 0.008663, 0.008811, 0.008853, 0.008921, 0.008943, 0.009115, 0.009128, 0.009187, 0.009306, 0.009504, 0.009542, 0.009602, 0.009649, 0.009912, 0.009957, 0.009981, 0.010096, 0.010121, 0.010222, 0.01028, 0.010281, 0.01044, 0.010502, 0.010555, 0.010597, 0.010731, 0.010744, 0.010805, 0.010805, 0.010813, 0.010829, 0.010842, 0.010936, 0.011037, 0.011038, 0.011058, 0.011162, 0.011225, 0.011296, 0.011301, 0.011312, 0.011321, 0.011386, 0.011437, 0.011524, 0.011567, 0.011582, 0.011606, 0.011607, 0.011723, 0.011749, 0.011778, 0.011797, 0.011916, 0.011938, 0.011959, 0.011985, 0.011987, 0.012184, 0.012208, 0.01226, 0.012291, 0.012378, 0.01246, 0.012483, 0.012502, 0.01251, 0.012533, 0.012541, 0.012746, 0.012789, 0.012803, 0.012807, 0.013142, 0.013168, 0.013176, 0.013177, 0.013203, 0.013225, 0.013237, 0.013264, 0.013308, 0.013351, 0.013354, 0.013405, 0.013443, 0.013495, 0.013499, 0.013523, 0.013546, 0.013638, 0.013638, 0.013677, 0.013842, 0.013868, 0.013874, 0.013883, 0.013936, 0.013947, 0.014084, 0.014324, 0.014343, 0.01441, 0.014476, 0.014478, 0.014532, 0.014542, 0.014655, 0.014838, 0.014851, 0.014852, 0.014853, 0.014855, 0.014869, 0.014943, 0.014945, 0.01495, 0.014972, 0.015055, 0.015055, 0.015162, 0.015236, 0.015275, 0.015297, 0.015302, 0.015303, 0.015331, 0.01541, 0.015451, 0.015512, 0.015545, 0.015565, 0.015616, 0.015821, 0.015851, 0.015891, 0.015911, 0.015923, 0.01599, 0.015998, 0.016041, 0.016042, 0.01608, 0.016113, 0.016176, 0.016191, 0.016275, 0.016385, 0.016466, 0.016532, 0.016609, 0.016682, 0.016787, 0.016897, 0.016954, 0.016958, 0.017149, 0.01719, 0.017212, 0.017245, 0.017303, 0.017339, 0.017423, 0.017429, 0.017499, 0.017529, 0.017564, 0.017581, 0.017685, 0.017725, 0.017775, 0.017835, 0.01788, 0.017901, 0.017937, 0.01802, 0.018046, 0.018065, 0.018069, 0.018151, 0.018259, 0.018303, 0.018315, 0.018319, 0.018365, 0.018374, 0.018394, 0.018417, 0.01848, 0.018532, 0.018568, 0.018667, 0.018877, 0.018917, 0.018927, 0.018975, 0.018978, 0.019133, 0.019221, 0.019237, 0.019257, 0.019282, 0.019289, 0.019468, 0.019554, 0.019797, 0.019871, 0.019896, 0.019967, 0.020068, 0.020114, 0.020135, 0.020172, 0.020241, 0.020251, 0.020303, 0.020393, 0.020412, 0.02042, 0.020424, 0.020463, 0.020487, 0.020513, 0.020559, 0.020563, 0.020671, 0.020676, 0.020904, 0.020914, 0.021002, 0.02102, 0.021126, 0.021138, 0.021145, 0.021321, 0.021492, 0.021548, 0.021587, 0.021665, 0.021698, 0.021712, 0.021713, 0.021739, 0.02174, 0.021841, 0.021929, 0.022057, 0.022079, 0.022098, 0.022313, 0.022377, 0.022438, 0.022518, 0.022569, 0.022727, 0.02277, 0.022854, 0.022965, 0.023024, 0.023158, 0.023242, 0.023289, 0.023349, 0.023354, 0.023374, 0.023392, 0.023466, 0.023596, 0.023614, 0.023639, 0.023684, 0.023684, 0.023704, 0.02371, 0.023955, 0.023976, 0.02407, 0.024073, 0.024147, 0.024243, 0.024267, 0.024293, 0.024447, 0.024465, 0.024609, 0.024639, 0.024741, 0.024746, 0.024805, 0.02481, 0.024855, 0.024994, 0.025002, 0.025096, 0.02514, 0.025149, 0.025179, 0.025248, 0.025285, 0.025315, 0.02543, 0.025509, 0.025555, 0.025577, 0.02558, 0.025607, 0.02605, 0.026093, 0.026108, 0.026141, 0.02638, 0.026395, 0.026398, 0.026409, 0.026477, 0.026479, 0.026511, 0.026524, 0.026573, 0.026584, 0.026757, 0.026869, 0.026889, 0.026997, 0.027006, 0.027141, 0.027155, 0.027209, 0.027299, 0.02733, 0.027387, 0.027468, 0.027589, 0.027883, 0.027895, 0.028055, 0.028194, 0.028217, 0.028268, 0.028384, 0.028568, 0.028573, 0.028619, 0.028643, 0.028684, 0.028748, 0.028767, 0.028794, 0.028905, 0.02893, 0.028946, 0.028972, 0.029038, 0.029104, 0.029258, 0.029318, 0.029359, 0.029478, 0.029487, 0.029496, 0.029504, 0.029515, 0.029541, 0.029606, 0.029653, 0.029736, 0.02974, 0.029879, 0.03003, 0.030033, 0.030041, 0.030042, 0.030272, 0.030319, 0.030362, 0.030368, 0.030519, 0.030563, 0.030597, 0.030717, 0.030767, 0.030856, 0.031149, 0.031211, 0.031295, 0.03155, 0.031592, 0.031669, 0.031895, 0.031927, 0.03193, 0.031945, 0.031993, 0.03203, 0.032113, 0.032136, 0.032175, 0.03218, 0.032236, 0.03228, 0.032302, 0.032412, 0.032455, 0.032553, 0.03258, 0.032582, 0.032885, 0.032957, 0.032975, 0.032996, 0.0331, 0.03311, 0.033139, 0.033168, 0.033514, 0.033525, 0.033605, 0.033663, 0.033695, 0.033901, 0.033996, 0.034045, 0.034075, 0.034199, 0.034296, 0.034543, 0.034555, 0.034577, 0.034621, 0.034783, 0.034875, 0.034891, 0.034981, 0.035064, 0.035131, 0.035399, 0.035568, 0.035571, 0.035596, 0.035695, 0.035707, 0.035818, 0.035871, 0.035991, 0.03607, 0.036166, 0.036252, 0.036265, 0.0363, 0.036385, 0.036458, 0.036487, 0.036538, 0.03664, 0.036685, 0.036696, 0.036735, 0.036775, 0.036891, 0.037228, 0.037358, 0.03737, 0.037425, 0.037468, 0.037488, 0.037493, 0.037547, 0.037656, 0.037746, 0.037759, 0.037823, 0.037876, 0.03789, 0.037915, 0.038027, 0.038058, 0.038088, 0.038203, 0.038217, 0.038237, 0.038345, 0.038686, 0.03877, 0.038792, 0.038799, 0.038943, 0.038982, 0.039023, 0.039125, 0.039153, 0.039153, 0.039285, 0.039395, 0.039399, 0.039461, 0.039555, 0.039942, 0.040033, 0.040082, 0.040172, 0.040316, 0.04032, 0.040339, 0.040416, 0.040465, 0.040487, 0.040522, 0.040593, 0.040604, 0.040608, 0.040649, 0.040661, 0.040682, 0.040691, 0.0407, 0.040732, 0.040956, 0.041172, 0.041178, 0.041387, 0.041459, 0.041468, 0.041576, 0.041601, 0.041602, 0.041683, 0.041722, 0.041727, 0.041775, 0.041835, 0.04184, 0.041969, 0.04222, 0.042243, 0.04227, 0.042427, 0.042442, 0.04247, 0.04248, 0.04249, 0.042548, 0.04276, 0.042918, 0.042951, 0.042972, 0.042998, 0.043041, 0.043228, 0.043345, 0.043497, 0.043534, 0.043552, 0.043598, 0.043744, 0.043761, 0.043769, 0.043789, 0.043914, 0.043967, 0.044013, 0.044073, 0.044292, 0.044387, 0.044624, 0.044653, 0.04469, 0.044691, 0.044759, 0.044847, 0.045005, 0.045011, 0.04523, 0.045265, 0.045282, 0.045285, 0.045295, 0.045343, 0.045423, 0.045757, 0.045792, 0.045858, 0.04601, 0.046028, 0.046103, 0.046124, 0.046282, 0.046301, 0.04641, 0.046436, 0.046591, 0.046806, 0.046919, 0.046971, 0.047039, 0.047098, 0.047105, 0.0472, 0.047312, 0.047341, 0.047503, 0.047526, 0.047643, 0.047714, 0.047819, 0.047839, 0.047841, 0.04785, 0.047897, 0.048006, 0.048091, 0.048165, 0.048234, 0.048252, 0.048301, 0.048403, 0.048406, 0.048429, 0.048454, 0.04849, 0.048591, 