{"sigma_r": 0.3936, "sigma_i": 0.8747, "m": 7, "seed": 220115658, "n_k": {"1": 3840, "2": 979, "3": 242, "4": 60, "5": 11, "6+": 1}, "dlogr": [0.0, 0.0, 0.0, 0.0, 0.0, 0.0, 0.0, 0.0, 1.6e-05, 4.8e-05, 0.000233, 0.000243, 0.000303, 0.000369, 0.000402, 0.000483, 0.000539, 0.000572, 0.00069, 0.000703, 0.000742, 0.000761, 0.00078, 0.000784, 0.000795, 0.000827, 0.000859, 0.000874, 0.000938, 0.000941, 0.000954, 0.000975, 0.001212, 0.00122, 0.001227, 0.001241, 0.001319, 0.001325, 0.001343, 0.001445, 0.00151, 0.001522, 0.001552, 0.001554, 0.001571, 0.001573, 0.001611, 0.001615, 0.001708, 0.001764, 0.00179, 0.001799, 0.001814, 0.001834, 0.00187, 0.002034, 0.002095, 0.002219, 0.002344, 0.002409, 0.002417, 0.002443, 0.002466, 0.002713, 0.002733, 0.002823, 0.002824, 0.00283, 0.002894, 0.00294, 0.003145, 0.003191, 0.003226, 0.003312, 0.003388, 0.003668, 0.003697, 0.003789, 0.003838, 0.004049, 0.004056, 0.00429, 0.004319, 0.004366, 0.004473, 0.004758, 0.004939, 0.004939, 0.004991, 0.00502, 0.005261, 0.005358, 0.005433, 0.005458, 0.005604, 0.005636, 0.005729, 0.005804, 0.005826, 0.005827, 0.005976, 0.005997, 0.006012, 0.006032, 0.006145, 0.006146, 0.0062, 0.006244, 0.006274, 0.006318, 0.006378, 0.006403, 0.006409, 0.006571, 0.006675, 0.00678, 0.00679, 0.006816, 0.006884, 0.00706, 0.007139, 0.00717, 0.00735, 0.007516, 0.007685, 0.007699, 0.00785, 0.007874, 0.007913, 0.007962, 0.007966, 0.008056, 0.008104, 0.008129, 0.008144, 0.008349, 0.008495, 0.008622, 0.008727, 0.008741, 0.00878, 0.008827, 0.00887, 0.00894, 0.008998, 0.009074, 0.009337, 0.009363, 0.0094, 0.009422, 0.009626, 0.009659, 0.009676, 0.009726, 0.009823, 0.009975, 0.010116, 0.010194, 0.010198, 0.010249, 0.010251, 0.010342, 0.010361, 0.010446, 0.010513, 0.010517, 0.010522, 0.010605, 0.010843, 0.010911, 0.010918, 0.010944, 0.010996, 0.011014, 0.011021, 0.011031, 0.011032, 0.011076, 0.011082, 0.011196, 0.011234, 0.011321, 0.011354, 0.011573, 0.011726, 0.011791, 0.011888, 0.011913, 0.01193, 0.012012, 0.012092, 0.012135, 0.012205, 0.012259, 0.012312, 0.012362, 0.012435, 0.012458, 0.012463, 0.012503, 0.012616, 0.012648, 0.012664, 0.012858, 0.01289, 0.012916, 0.013069, 0.013132, 0.013175, 0.013202, 0.013206, 0.013369, 0.013405, 0.013524, 0.013564, 0.013622, 0.013633, 0.013663, 0.013673, 0.013681, 0.013803, 0.013812, 0.013813, 0.013906, 0.014119, 0.014272, 0.014428, 0.014565, 0.014675, 0.014917, 0.015128, 0.015196, 0.015282, 0.015333, 0.015425, 0.015436, 0.01547, 0.015504, 0.015546, 0.015593, 0.01561, 0.015661, 0.015877, 0.015951, 0.015985, 0.016014, 0.016043, 0.01621, 0.016581, 0.016594, 0.016696, 0.017208, 0.017216, 0.017398, 0.017479, 0.017577, 0.017601, 0.017704, 0.017754, 0.017755, 0.017839, 0.018078, 0.018185, 0.018198, 0.018213, 0.018326, 0.018484, 0.018717, 0.018727, 0.018849, 0.018877, 0.018944, 0.019032, 0.019087, 0.019271, 0.019415, 0.019561, 0.019677, 0.01976, 0.01977, 0.019873, 0.020041, 0.020063, 0.020115, 0.020244, 0.020315, 0.020362, 0.020454, 0.020535, 0.020617, 0.020626, 0.020717, 0.020719, 0.020959, 0.020976, 0.020982, 0.021001, 0.02101, 0.021013, 0.02104, 0.021083, 0.021163, 0.021176, 0.021218, 0.02126, 0.021292, 0.021292, 0.021337, 0.021372, 0.021393, 0.021525, 0.021573, 0.021592, 0.021703, 0.021745, 0.021748, 0.021829, 0.021986, 0.022046, 0.022148, 0.022149, 0.022191, 0.022217, 0.022372, 0.022388, 0.02239, 0.022418, 0.022454, 0.022494, 0.022504, 0.022667, 0.022691, 0.022695, 0.022753, 0.022888, 0.022911, 0.022944, 0.023061, 0.023137, 0.023179, 0.023206, 0.023229, 0.023303, 0.023367, 0.023528, 0.023529, 0.023698, 0.023778, 0.023809, 0.023954, 0.024082, 0.024083, 0.02412, 0.024123, 0.024297, 0.024322, 0.02439, 0.024616, 0.024711, 0.024824, 0.024826, 0.024886, 0.024925, 0.024943, 0.024992, 0.025014, 0.02503, 0.025682, 0.02581, 0.025843, 0.025853, 0.026, 0.026028, 0.02618, 0.026247, 0.02636, 0.026436, 0.026459, 0.026565, 0.026602, 0.026681, 0.026709, 0.026714, 0.026733, 0.02676, 0.027138, 0.027186, 0.027236, 0.027244, 0.027271, 0.027335, 0.027491, 0.027679, 0.027763, 0.027796, 0.027833, 0.027851, 0.02787, 0.027873, 0.028009, 0.028146, 0.028157, 0.028179, 0.028296, 0.028321, 0.028405, 0.02843, 0.028483, 0.028599, 0.028641, 0.028689, 0.028864, 0.028878, 0.028925, 0.029148, 0.029405, 0.029447, 0.02949, 0.029497, 0.029573, 0.029636, 0.029638, 0.029742, 0.029786, 0.029839, 0.029857, 0.029907, 0.029943, 0.03017, 0.030272, 0.030319, 0.030328, 0.030385, 0.03039, 0.030546, 0.03061, 0.030631, 0.030634, 0.030829, 0.03092, 0.03093, 0.031018, 0.031069, 0.031096, 0.031227, 0.03131, 0.031512, 0.031759, 0.031798, 0.031808, 0.031912, 0.032045, 0.032066, 0.032227, 0.032252, 0.032429, 0.032436, 0.032483, 0.03249, 0.032557, 0.03259, 0.032641, 0.032846, 0.032946, 0.032995, 0.033268, 0.033407, 0.033414, 0.033478, 0.033506, 0.033546, 0.033563, 0.033814, 0.033832, 0.03389, 0.033984, 0.033998, 0.033998, 0.034, 0.034005, 0.034069, 0.034072, 0.034143, 0.034154, 0.034157, 0.034407, 0.034451, 0.034559, 0.034609, 0.034815, 0.034832, 0.034949, 0.034962, 0.035011, 0.035242, 0.035281, 0.035385, 0.035536, 0.035569, 0.035775, 0.03586, 0.035951, 0.035987, 0.035988, 0.036088, 0.036101, 0.036243, 0.036344, 0.036443, 0.036456, 0.036539, 0.036597, 0.036705, 0.036782, 0.036846, 0.036878, 0.036911, 0.037066, 0.037205, 0.037227, 0.037338, 0.037429, 0.037695, 0.037707, 0.037722, 0.037897, 0.037973, 0.038061, 0.038108, 0.038145, 0.038233, 0.038278, 0.038308, 0.038476, 0.038619, 0.038779, 0.038803, 0.038964, 0.039087, 0.039095, 0.039306, 0.039331, 0.039355, 0.039406, 0.039431, 0.03955, 0.039608, 0.039661, 0.039769, 0.039833, 0.039961, 0.040175, 0.040386, 0.040455, 0.040468, 0.040529, 0.040531, 0.04063, 0.040672, 0.040722, 0.040886, 0.040902, 0.041059, 0.041096, 0.041211, 0.041282, 0.041343, 0.041565, 0.041636, 0.041696, 0.041736, 0.04178, 0.041933, 0.04194, 0.042167, 0.04218, 0.042222, 0.042295, 0.042312, 0.042327, 0.042351, 0.042463, 0.042476, 0.04249, 0.042505, 0.042525, 0.042578, 0.042633, 0.042703, 0.042728, 0.042751, 0.042762, 0.042821, 0.042917, 0.042946, 0.043031, 0.043083, 0.043188, 0.043375, 0.04342, 0.043728, 0.043953, 0.044116, 0.044135, 0.044245, 0.044245, 0.04432, 0.044444, 0.044483, 0.044661, 0.044668, 0.044712, 0.044864, 0.044923, 0.044933, 0.045021, 0.045031, 0.045082, 0.045085, 0.045087, 0.045118, 0.04528, 0.045323, 0.04535, 0.045365, 0.045635, 0.045723, 0.045735, 0.045768, 0.046067, 0.046232, 0.046233, 0.046286, 0.046398, 0.04661, 0.046723, 0.046747, 0.046934, 0.047071, 0.047126, 0.047159, 0.047206, 0.047267, 0.047278, 0.047511, 0.047519, 0.047579, 0.047655, 0.047733, 0.047853, 0.047855, 0.04788, 0.047946, 0.047964, 0.048056, 0.048151, 0.048164, 0.04827, 0.04827, 0.048286, 0.048353, 0.048532, 0.048646, 0.048732, 0.048782, 0.04889, 0.048908, 0.048931, 0.049029, 0.049139, 0.049276, 0.049344, 0.049349, 0.049532, 0.049782, 0.049911, 0.050091, 0.050125, 0.050417, 0.050622, 0.050648, 0.05069, 0.050784, 0.050872, 0.050882, 0.051035, 0.051086, 0.051116, 0.0512, 0.051242, 0.051264, 0.051633, 0.051666, 0.051683, 0.051757, 0.051792, 0.051887, 0.052042, 0.052342, 0.052379, 0.05246, 0.052475, 0.052536, 0.052662, 0.052825, 0.052928, 0.052959, 0.052986, 0.052987, 0.05301, 0.053052, 0.053129, 0.053173, 0.053331, 0.053344, 0.053441, 0.053567, 0.053642, 0.053771, 0.053897, 0.05415, 0.054295, 0.054453, 0.054512, 0.054538, 0.054628, 0.054696, 0.054792, 0.054914, 0.054994, 0.0551, 0.055123, 0.055187, 0.055207, 0.055264, 0.055291, 0.055373, 0.05546, 0.055476, 0.055766, 0.055863, 0.055918, 0.055954, 0.056388, 0.056424, 0.05643, 0.056535, 0.056593, 0.056714, 0.056747, 0.05683, 0.056874, 0.056884, 0.05693, 0.057091, 0.057189, 0.057383, 0.057501, 0.057642, 0.057685, 0.057736, 0.057844, 0.058086, 0.05809, 0.058109, 0.058156, 0.058228, 0.05827, 0.05832, 0.05861, 0.058617, 0.058641, 0.058658, 0.058729, 0.058814, 0.058925, 0.058946, 0.059149, 0.059256, 0.059329, 0.059541, 0.059634, 0.059642, 0.059646, 0.059653, 0.059679, 0.059693, 0.059723, 0.059866, 0.059972, 0.060024, 0.060087, 0.060263, 0.060296, 0.060346, 0.060378, 0.060701, 0.060742, 0.060806, 