{"sigma_r": 0.3141, "sigma_i": 3.8254, "m": 3, "seed": 4086572355, "n_k": {"1": 4979, "2": 725, "3": 107, "4": 9, "5": 2, "6+": 0}, "dlogr": [0.0, 0.0, 0.0, 0.0, 0.0, 0.000201, 0.000311, 0.000537, 0.000657, 0.000732, 0.000877, 0.000944, 0.000953, 0.000972, 0.001153, 0.001178, 0.001507, 0.001766, 0.001774, 0.001781, 0.001841, 0.00206, 0.002116, 0.002156, 0.002294, 0.002311, 0.002404, 0.002448, 0.002655, 0.002877, 0.003229, 0.003329, 0.003532, 0.003622, 0.003733, 0.004365, 0.004513, 0.00484, 0.004898, 0.005158, 0.005322, 0.00533, 0.005368, 0.005433, 0.005465, 0.005599, 0.005603, 0.005798, 0.005848, 0.006039, 0.006279, 0.006314, 0.006375, 0.006402, 0.00642, 0.006621, 0.00681, 0.006912, 0.006986, 0.00729, 0.007496, 0.007748, 0.008122, 0.008157, 0.008185, 0.00825, 0.008295, 0.008318, 0.008337, 0.008407, 0.008464, 0.008611, 0.008755, 0.008787, 0.008878, 0.009427, 0.009448, 0.009471, 0.009602, 0.009684, 0.009789, 0.00989, 0.009923, 0.010036, 0.010234, 0.010276, 0.010395, 0.010425, 0.010561, 0.010573, 0.010731, 0.01119, 0.01129, 0.011381, 0.01141, 0.011466, 0.011613, 0.011696, 0.011722, 0.011771, 0.011905, 0.011919, 0.011959, 0.012003, 0.012047, 0.012065, 0.012292, 0.012361, 0.012446, 0.012449, 0.01262, 0.012663, 0.012756, 0.012796, 0.012887, 0.013273, 0.013303, 0.01331, 0.013418, 0.013515, 0.013697, 0.013828, 0.013962, 0.014135, 0.014147, 0.014206, 0.014256, 0.014408, 0.014445, 0.01445, 0.01463, 0.014948, 0.015215, 0.015549, 0.015639, 0.015858, 0.016128, 0.016165, 0.016228, 0.016247, 0.016306, 0.016384, 0.016446, 0.016786, 0.016836, 0.016856, 0.016943, 0.017034, 0.017143, 0.017499, 0.017637, 0.017679, 0.017785, 0.018018, 0.018497, 0.01855, 0.018653, 0.018726, 0.01889, 0.019211, 0.019321, 0.01934, 0.019406, 0.019759, 0.019928, 0.020197, 0.020376, 0.020464, 0.020513, 0.020581, 0.020649, 0.020854, 0.021077, 0.021379, 0.021444, 0.021551, 0.021638, 0.021663, 0.021983, 0.022272, 0.022316, 0.022325, 0.022366, 0.022477, 0.022542, 0.022633, 0.022696, 0.022975, 0.023088, 0.023118, 0.023368, 0.024144, 0.024288, 0.024573, 0.02478, 0.024863, 0.024925, 0.024947, 0.02508, 0.025606, 0.025606, 0.025612, 0.025691, 0.025825, 0.025877, 0.025913, 0.026073, 0.026145, 0.026147, 0.02623, 0.026237, 0.026265, 0.026325, 0.026451, 0.026508, 0.026596, 0.026962, 0.027052, 0.02718, 0.0273, 0.02741, 0.027611, 0.027719, 0.027809, 0.027993, 0.027999, 0.028113, 0.028155, 0.02817, 0.028211, 0.028302, 0.028458, 0.028706, 0.028756, 0.028894, 0.02891, 0.029152, 0.029229, 0.029246, 0.029251, 0.02926, 0.02928, 0.029286, 0.029342, 0.029416, 0.029619, 0.029711, 0.029789, 0.029965, 0.030049, 0.030242, 0.030313, 0.030637, 0.030657, 0.030791, 0.031019, 0.031503, 0.031559, 0.031759, 0.031883, 0.031913, 0.03192, 0.031953, 0.032211, 0.032229, 0.032317, 0.032488, 0.032675, 0.032883, 0.032894, 0.032914, 0.032935, 0.033262, 0.033281, 0.033331, 0.033449, 0.033495, 0.033502, 0.033659, 0.033734, 0.033812, 0.033961, 0.034116, 0.034296, 0.034376, 0.034381, 0.03449, 0.034583, 0.034855, 0.035276, 0.035309, 0.035688, 0.035761, 0.035927, 0.036262, 0.036275, 0.036393, 0.036414, 0.036452, 0.036587, 0.036715, 0.036717, 0.036759, 0.036815, 0.036998, 0.03711, 0.037256, 0.037313, 0.037431, 0.037457, 0.037465, 0.037613, 0.03763, 0.03766, 0.037789, 0.037922, 0.038044, 0.038059, 0.03814, 0.038333, 0.03835, 0.038471, 0.038496, 0.038631, 0.038785, 0.038968, 0.039222, 0.039247, 0.039836, 0.039988, 0.040026, 0.040146, 0.040163, 0.04039, 0.040709, 0.041032, 0.041036, 0.04137, 0.0414, 0.041569, 0.041717, 0.041814, 0.041914, 0.041919, 0.041966, 0.042059, 0.042218, 0.042595, 0.042665, 0.042683, 0.042714, 0.042836, 0.042849, 0.042997, 0.043095, 0.043265, 0.043437, 0.04365, 0.043743, 0.044079, 0.044203, 0.044322, 0.044435, 0.04453, 0.044816, 0.044819, 0.044879, 0.044921, 0.045001, 0.045052, 0.045308, 0.045326, 0.045423, 0.045518, 0.045578, 0.046019, 0.046129, 0.046222, 0.04632, 0.046384, 0.04645, 0.046523, 0.046545, 0.046562, 0.046564, 0.046606, 0.046613, 0.04662, 0.046622, 0.046903, 0.046983, 0.047139, 0.047211, 0.047308, 0.047489, 0.047594, 0.047663, 0.047666, 0.047791, 0.047916, 0.04796, 0.048076, 0.04822, 0.048266, 0.048398, 0.048408, 0.048489, 0.048513, 0.048524, 0.048561, 0.048628, 0.048674, 0.048738, 0.048817, 0.049103, 0.049331, 0.049437, 0.04953, 0.049689, 0.049908, 0.049918, 0.049962, 0.049989, 0.050063, 0.050187, 0.050224, 0.050235, 0.050287, 0.050321, 0.050512, 0.050841, 0.050845, 0.050849, 0.050882, 0.051071, 0.051343, 0.051421, 0.05157, 0.051647, 0.051647, 0.051803, 0.051881, 0.052612, 0.05275, 0.052915, 0.053549, 0.053808, 0.053956, 0.054079, 0.054123, 0.05449, 0.054657, 0.05499, 0.055107, 0.055427, 0.055503, 0.055641, 0.055674, 0.055798, 0.056091, 0.056122, 0.056199, 0.056219, 0.056228, 0.056281, 0.056315, 0.056472, 0.056566, 0.056605, 0.056699, 0.056752, 0.056756, 0.056824, 0.056926, 0.057126, 0.05721, 0.057269, 0.057421, 0.057589, 0.05783, 0.057985, 0.058083, 0.058708, 0.058787, 0.058943, 0.059169, 0.059266, 0.05928, 0.059301, 0.05942, 0.059478, 0.059605, 0.05978, 0.059876, 0.059924, 0.05995, 0.059977, 0.060204, 0.060385, 0.060645, 0.060702, 0.060771, 0.060826, 0.060833, 0.061049, 0.06125, 0.061794, 0.061867, 0.062063, 0.062404, 0.062444, 0.062462, 0.062659, 0.062739, 0.062825, 0.062843, 0.062902, 0.063161, 0.063173, 0.06342, 0.063584, 0.063686, 0.063978, 0.064518, 0.064625, 0.064637, 0.064805, 0.065197, 0.065399, 0.065486, 0.065898, 0.065981, 0.066112, 0.066127, 0.066153, 0.066253, 0.066341, 0.066953, 0.067037, 0.067306, 0.067369, 0.067371, 0.067642, 0.067733, 0.067876, 0.068226, 0.068234, 0.06836, 0.068407, 0.06904, 0.069962, 0.070086, 0.070208, 0.07054, 0.070646, 0.070692, 0.071237, 0.071351, 0.071539, 0.07192, 0.072165, 0.072303, 0.072401, 0.072975, 0.073403, 0.073422, 0.073778, 0.073967, 0.074124, 0.074141, 0.074261, 0.07428, 0.07431, 0.074395, 0.074442, 0.074454, 0.074523, 0.074573, 0.0752, 0.075231, 0.075352, 0.07539, 0.075639, 0.075818, 0.075823, 0.076122, 0.076281, 0.076325, 0.076333, 0.076418, 0.076498, 0.076506, 0.077372, 0.077624, 0.077662, 0.077991, 0.078086, 0.078595, 0.078682, 0.078726, 0.078734, 0.07915, 0.079185, 0.079962, 0.081017, 0.081022, 0.081711, 0.081738, 0.081799, 0.081936, 0.082078, 0.082206, 0.082465, 0.082626, 0.082874, 0.082935, 0.083119, 0.083154, 0.083189, 0.083451, 0.083703, 0.083727, 0.084151, 0.084287, 0.084523, 0.084885, 0.085012, 0.085173, 0.085317, 0.085334, 0.085487, 0.085521, 0.085846, 0.086272, 0.086498, 0.086592, 0.086935, 0.087, 0.087081, 0.087696, 0.087906, 0.088225, 0.088591, 0.088907, 0.089049, 0.089114, 0.089316, 0.089409, 0.089726, 0.090157, 0.090163, 0.090352, 0.090368, 0.091073, 0.091745, 0.091746, 0.092029, 0.092941, 0.093104, 0.093433, 0.093848, 0.094037, 0.094084, 0.094185, 0.094713, 0.09498, 0.095266, 0.096691, 0.097182, 0.097344, 0.097992, 0.09802, 0.098622, 0.098872, 0.099447, 0.099815, 0.099826, 0.099842, 0.101012, 0.101355, 0.101396, 0.102169, 0.102518, 0.10284, 0.103122, 0.103756, 0.103889, 0.104023, 0.105222, 0.106407, 0.106576, 0.106593, 0.106873, 0.107194, 0.107283, 0.107633, 0.108914, 0.109284, 0.109824, 0.109871, 0.109997, 0.111183, 0.112099, 0.112286, 0.112388, 0.112577, 0.113271, 0.114147, 0.114278, 0.114361, 0.114427, 0.114537, 0.114826, 0.115, 0.115005, 0.115091, 0.115237, 0.115352, 0.115536, 0.115919, 0.115944, 0.116629, 0.116635, 0.116954, 0.11784, 0.118129, 0.118598, 0.11904, 0.119333, 0.119347, 0.119516, 0.119614, 0.12, 0.120226, 0.120846, 0.123397, 0.123646, 0.123649, 0.123709, 0.123953, 0.124188, 0.12424, 0.125194, 0.125965, 0.125984, 0.126224, 0.126322, 0.126384, 0.126656, 0.126745, 0.126836, 0.12755, 0.12847, 0.129098, 0.130101, 0.13015, 0.130158, 0.130378, 0.130988, 0.131578, 0.13173, 0.132353, 0.132469, 0.13258, 0.13334, 0.133871, 0.134018, 0.134508, 0.136226, 0.13642, 0.137011, 0.137224, 0.138235, 0.139685, 0.139883, 0.139975, 0.140897, 0.141965, 0.142678, 0.142912, 0.143061, 0.143198, 0.143567, 0.143634, 0.143972, 0.145938, 0.14654, 0.14702, 0.148241, 0.148695, 0.148763, 0.150917, 0.151995, 0.152304, 0.154775, 0.156181, 0.156797, 