{"sigma_r": 0.3141, "sigma_i": 0.8747, "m": 1, "seed": 1778767387, "n_k": {"1": 3793, "2": 902, "3": 266, "4": 48, "5": 9, "6+": 0}, "dlogr": [0.0, 0.0, 0.0, 0.0, 0.0, 0.0, 0.0, 0.0, 0.0, 0.0, 0.0, 1.1e-05, 2.1e-05, 7.6e-05, 0.000355, 0.000356, 0.000435, 0.000439, 0.00044, 0.000446, 0.000477, 0.000484, 0.000592, 0.000673, 0.000716, 0.000776, 0.000921, 0.001276, 0.001317, 0.001538, 0.001638, 0.00168, 0.001684, 0.001706, 0.001783, 0.001794, 0.001828, 0.001894, 0.001897, 0.00198, 0.002078, 0.002261, 0.002279, 0.002307, 0.002635, 0.002656, 0.002706, 0.002766, 0.002803, 0.002823, 0.00287, 0.003155, 0.003157, 0.003171, 0.003205, 0.003266, 0.003378, 0.003485, 0.00353, 0.003549, 0.003621, 0.003633, 0.003641, 0.003693, 0.003845, 0.003962, 0.004008, 0.004111, 0.00428, 0.00436, 0.004452, 0.004475, 0.004601, 0.004603, 0.004756, 0.004758, 0.004793, 0.004807, 0.004909, 0.004962, 0.005113, 0.005117, 0.005131, 0.005175, 0.005225, 0.005339, 0.005358, 0.005474, 0.005522, 0.005596, 0.005621, 0.005626, 0.005708, 0.005743, 0.005755, 0.005814, 0.005872, 0.005931, 0.005957, 0.006006, 0.006072, 0.006207, 0.006302, 0.006542, 0.006617, 0.006628, 0.006633, 0.00671, 0.006711, 0.006713, 0.006732, 0.006797, 0.006843, 0.006916, 0.006921, 0.006956, 0.006958, 0.007049, 0.007119, 0.007206, 0.007277, 0.007298, 0.007367, 0.00747, 0.007723, 0.00803, 0.008073, 0.008085, 0.008089, 0.008112, 0.008113, 0.008123, 0.008136, 0.008178, 0.008292, 0.008296, 0.008331, 0.008331, 0.008388, 0.008428, 0.00844, 0.008459, 0.008557, 0.008672, 0.008677, 0.008711, 0.00881, 0.008878, 0.008905, 0.008905, 0.008958, 0.008995, 0.009061, 0.009079, 0.009113, 0.009268, 0.00936, 0.009421, 0.009425, 0.00945, 0.009542, 0.009693, 0.009775, 0.009957, 0.010132, 0.010302, 0.010439, 0.010495, 0.010731, 0.010819, 0.010851, 0.010856, 0.010876, 0.010895, 0.010936, 0.010958, 0.010967, 0.011088, 0.011182, 0.011353, 0.011384, 0.011389, 0.011514, 0.011651, 0.011858, 0.012085, 0.012091, 0.012261, 0.012262, 0.012376, 0.012507, 0.012579, 0.012683, 0.012713, 0.012775, 0.012803, 0.012845, 0.012865, 0.012867, 0.01293, 0.013148, 0.01316, 0.013221, 0.01345, 0.013507, 0.013615, 0.013716, 0.01378, 0.013881, 0.01402, 0.014119, 0.014224, 0.014283, 0.014348, 0.014426, 0.014459, 0.014508, 0.014523, 0.014567, 0.014679, 0.014679, 0.014782, 0.014887, 0.014893, 0.015004, 0.01508, 0.015115, 0.01514, 0.01518, 0.015206, 0.015216, 0.015234, 0.015314, 0.015421, 0.015447, 0.015495, 0.015539, 0.015693, 0.015879, 0.015968, 0.016083, 0.016113, 0.016163, 0.016273, 0.016281, 0.016347, 0.016485, 0.016637, 0.016717, 0.016733, 0.016836, 0.016874, 0.016893, 0.016903, 0.017032, 0.01707, 0.017153, 0.017248, 0.017331, 0.01753, 0.017542, 0.01767, 0.017682, 0.017686, 0.017717, 0.017729, 0.018066, 0.018168, 0.018171, 0.018224, 0.018225, 0.018463, 0.018471, 0.018483, 0.018525, 0.01855, 0.018588, 0.018597, 0.018615, 0.018642, 0.018674, 0.018684, 0.018727, 0.018974, 0.018979, 0.018986, 0.019053, 0.019247, 0.019294, 0.01937, 0.019413, 0.019422, 0.019562, 0.019616, 0.019631, 0.019645, 0.019736, 0.019908, 0.019983, 0.019989, 0.020255, 0.020296, 0.020357, 0.020461, 0.020563, 0.020589, 0.020598, 0.020696, 0.02074, 0.020767, 0.020794, 0.020812, 0.020988, 0.021146, 0.02125, 0.021285, 0.021296, 0.021333, 0.02135, 0.021382, 0.021402, 0.021407, 0.021523, 0.021552, 0.021611, 0.021656, 0.02166, 0.021678, 0.021735, 0.021794, 0.021846, 0.021872, 0.021884, 0.022296, 0.022303, 0.022407, 0.022442, 0.022568, 0.022609, 0.022637, 0.022698, 0.02277, 0.022809, 0.022879, 0.022914, 0.023001, 0.023022, 0.023054, 0.023108, 0.023144, 0.023314, 0.023355, 0.023376, 0.023486, 0.023734, 0.023759, 0.023942, 0.024038, 0.024191, 0.024241, 0.024253, 0.024357, 0.024359, 0.024507, 0.024649, 0.024691, 0.024696, 0.024728, 0.024782, 0.024787, 0.024943, 0.024985, 0.025089, 0.0252, 0.025301, 0.025378, 0.025458, 0.02548, 0.025615, 0.025712, 0.025717, 0.025726, 0.025785, 0.025788, 0.025825, 0.025956, 0.026094, 0.026233, 0.026257, 0.026313, 0.026354, 0.026437, 0.026467, 0.026596, 0.02667, 0.026766, 0.026904, 0.026929, 0.027011, 0.027037, 0.027045, 0.027118, 0.027194, 0.027494, 0.027586, 0.027604, 0.027663, 0.027677, 0.027706, 0.027762, 0.02778, 0.027799, 0.027813, 0.028027, 0.028097, 0.028108, 0.028253, 0.028392, 0.028601, 0.028875, 0.028903, 0.029014, 0.029037, 0.029204, 0.029425, 0.029511, 0.029612, 0.029645, 0.029878, 0.029889, 0.030082, 0.030117, 0.03016, 0.030211, 0.030231, 0.030447, 0.030499, 0.030587, 0.030644, 0.030755, 0.030834, 0.030967, 0.031009, 0.031033, 0.031055, 0.031093, 0.031126, 0.031146, 0.031169, 0.031217, 0.031227, 0.031267, 0.031357, 0.031421, 0.031439, 0.031502, 0.031505, 0.031522, 0.031817, 0.031827, 0.032117, 0.032127, 0.032324, 0.032369, 0.032375, 0.032515, 0.032576, 0.032784, 0.032838, 0.032843, 0.032943, 0.033012, 0.033107, 0.033146, 0.033206, 0.03331, 0.033433, 0.033522, 0.033868, 0.034011, 0.034024, 0.034092, 0.0341, 0.034134, 0.034206, 0.034217, 0.034331, 0.034387, 0.03449, 0.034528, 0.034564, 0.034584, 0.034761, 0.034901, 0.034933, 0.035041, 0.035147, 0.035167, 0.035191, 0.03521, 0.035498, 0.035558, 0.035574, 0.035619, 0.035769, 0.035802, 0.035925, 0.035993, 0.036021, 0.036127, 0.036426, 0.036466, 0.036484, 0.036486, 0.036672, 0.036728, 0.036784, 0.036789, 0.0368, 0.036873, 0.037001, 0.037043, 0.037107, 0.037138, 0.037169, 0.037284, 0.03737, 0.037495, 0.037524, 0.03759, 0.037637, 0.037892, 0.037987, 0.038, 0.038126, 0.038163, 0.038261, 0.038327, 0.038374, 0.038377, 0.038544, 0.038554, 0.038564, 0.03876, 0.038775, 0.039, 0.039014, 0.039095, 0.039128, 0.039264, 0.039323, 0.039385, 0.039507, 0.039518, 0.039627, 0.039683, 0.039784, 0.039847, 0.039932, 0.040036, 0.040138, 0.040152, 0.040159, 0.040307, 0.040398, 0.040519, 0.040653, 0.040735, 0.040777, 0.041066, 0.04107, 0.041143, 0.04119, 0.041227, 0.041243, 0.041395, 0.041491, 0.041505, 0.041768, 0.041839, 0.041907, 0.042113, 0.042232, 0.042432, 0.042441, 0.042853, 0.042939, 0.042957, 0.042969, 0.043135, 0.043305, 0.043363, 0.043465, 0.043593, 0.043819, 0.043857, 0.04386, 0.043878, 0.044032, 0.044137, 0.044179, 0.044249, 0.044267, 0.044312, 0.044322, 0.044368, 0.044449, 0.044625, 0.044635, 0.044708, 0.04473, 0.044805, 0.044901, 0.04493, 0.044956, 0.04503, 0.045059, 0.045201, 0.045271, 0.045359, 0.045472, 0.045501, 0.045579, 0.045631, 0.045655, 0.045702, 0.045749, 0.045813, 0.045845, 0.045869, 0.045884, 0.045956, 0.045957, 0.04601, 0.046052, 0.046104, 0.046131, 0.046134, 0.046244, 0.046279, 0.046567, 0.046754, 0.046806, 0.046848, 0.046863, 0.047024, 0.047157, 0.047318, 0.04742, 0.047565, 0.04773, 0.047751, 0.047767, 0.047821, 0.047856, 0.047871, 0.048013, 0.048029, 0.048055, 0.048169, 0.048356, 0.04851, 0.048623, 0.048665, 0.048709, 0.048832, 0.048889, 0.048941, 0.049131, 0.049143, 0.04919, 0.049313, 0.049323, 0.049343, 0.04936, 0.049545, 0.049659, 0.04973, 0.04979, 0.049954, 0.05023, 0.050277, 0.05032, 0.050386, 0.050423, 0.050497, 0.050596, 0.050649, 0.050834, 0.050899, 0.050967, 0.051161, 0.051173, 0.051363, 0.051423, 0.051516, 0.051574, 0.051791, 0.051851, 0.051871, 0.051934, 0.051954, 0.051984, 0.051994, 0.05201, 0.052076, 0.052227, 0.052237, 0.052251, 0.05247, 0.052587, 0.052635, 0.052668, 0.052915, 0.052949, 0.053016, 0.053123, 0.053176, 0.053178, 0.053188, 0.053283, 0.053354, 0.053354, 0.053456, 0.053638, 0.053646, 0.053829, 0.053905, 0.05404, 0.054066, 0.054138, 0.054152, 0.054248, 0.054341, 0.05435, 0.05437, 0.054413, 0.054598, 0.054711, 0.055061, 0.055085, 0.055089, 0.055126, 0.055304, 0.055356, 0.055428, 0.055545, 0.055565, 0.055672, 0.055948, 0.055982, 0.056011, 0.056117, 0.056154, 0.056157, 0.056163, 0.056334, 0.056361, 0.056366, 0.056629, 0.056648, 0.056682, 0.056867, 0.056871, 0.056889, 0.05699, 0.057105, 0.057219, 0.05727, 0.05729, 0.057337, 0.057404, 0.057433, 0.057558, 0.057658, 0.05777, 0.057895, 0.05814, 0.058285, 0.058307, 0.058477, 0.058625, 0.058926, 0.059014, 0.059064, 0.059101, 0.059209, 0.059237, 0.059256, 0.059268, 0.059351, 0.059362, 0.059527, 0.059551, 0.059556, 0.059595, 0.059598, 0.059612, 0.05962, 