{"sigma_r": 0.59, "sigma_i": 4.5, "m": 1, "seed": 454379749, "n_k": {"1": 4998, "2": 714, "3": 85, "4": 5, "5": 0, "6+": 0}, "dlogr": [0.0, 0.0, 0.0, 0.0, 0.000133, 0.000839, 0.000921, 0.001005, 0.001176, 0.001176, 0.001245, 0.001469, 0.002146, 0.002326, 0.002682, 0.002793, 0.003049, 0.003218, 0.003464, 0.003506, 0.003576, 0.003697, 0.00393, 0.003947, 0.003994, 0.004179, 0.004515, 0.004636, 0.004994, 0.005136, 0.005441, 0.005824, 0.005874, 0.005917, 0.006085, 0.006114, 0.006332, 0.006364, 0.006419, 0.006506, 0.006808, 0.007822, 0.00792, 0.007938, 0.008066, 0.0082, 0.009015, 0.009034, 0.009085, 0.009353, 0.009649, 0.009764, 0.010369, 0.010374, 0.010526, 0.010666, 0.01072, 0.01084, 0.010882, 0.010958, 0.01097, 0.011122, 0.011255, 0.011329, 0.01151, 0.01182, 0.011824, 0.011848, 0.011921, 0.012491, 0.012498, 0.01251, 0.012678, 0.012683, 0.012686, 0.012806, 0.013009, 0.013081, 0.013141, 0.013377, 0.013579, 0.013944, 0.014346, 0.014495, 0.014874, 0.015136, 0.015647, 0.015864, 0.016017, 0.016062, 0.016069, 0.016186, 0.016242, 0.016563, 0.016658, 0.016662, 0.016691, 0.0167, 0.016948, 0.016966, 0.017018, 0.017225, 0.01738, 0.017636, 0.017962, 0.017995, 0.01913, 0.019157, 0.019165, 0.019311, 0.019759, 0.019824, 0.019899, 0.020158, 0.020263, 0.020906, 0.020909, 0.020924, 0.021394, 0.021428, 0.021466, 0.021811, 0.022331, 0.022428, 0.02249, 0.02255, 0.02284, 0.022966, 0.022969, 0.023104, 0.023366, 0.02353, 0.023657, 0.023722, 0.023864, 0.024846, 0.024938, 0.024991, 0.025025, 0.025113, 0.025611, 0.025963, 0.026248, 0.026401, 0.026441, 0.026441, 0.02716, 0.02718, 0.027408, 0.027691, 0.027734, 0.027885, 0.027997, 0.028186, 0.028782, 0.028885, 0.028958, 0.028973, 0.029036, 0.029296, 0.02953, 0.029675, 0.029757, 0.029964, 0.030113, 0.03015, 0.030374, 0.030429, 0.030437, 0.031328, 0.032265, 0.032468, 0.032515, 0.032905, 0.033182, 0.033495, 0.033593, 0.033648, 0.033769, 0.033788, 0.033969, 0.034287, 0.034684, 0.035001, 0.03506, 0.035175, 0.03539, 0.035398, 0.035474, 0.035618, 0.03564, 0.035746, 0.035772, 0.035804, 0.036131, 0.036173, 0.036414, 0.036517, 0.036531, 0.036693, 0.036767, 0.036947, 0.037453, 0.037737, 0.038484, 0.038938, 0.039007, 0.039021, 0.039172, 0.039366, 0.039372, 0.039449, 0.039493, 0.040018, 0.040155, 0.040593, 0.040624, 0.04098, 0.04102, 0.041414, 0.041855, 0.042401, 0.042677, 0.042828, 0.043117, 0.043127, 0.043287, 0.043436, 0.043562, 0.043697, 0.0439, 0.044062, 0.045014, 0.045235, 0.045366, 0.045442, 0.045507, 0.045724, 0.045738, 0.046638, 0.046788, 0.046851, 0.047068, 0.047101, 0.047201, 0.047224, 0.047254, 0.047607, 0.047647, 0.047796, 0.047944, 0.047965, 0.048056, 0.048093, 0.048453, 0.048648, 0.048985, 0.049546, 0.050003, 0.050147, 0.050677, 0.051376, 0.051515, 0.051517, 0.052549, 0.05277, 0.052782, 0.053348, 0.053385, 0.05351, 0.053626, 0.053763, 0.054094, 0.054431, 0.054454, 0.054589, 0.05463, 0.054633, 0.054768, 0.054792, 0.055078, 0.055167, 0.055395, 0.055405, 0.055525, 0.055998, 0.056156, 0.056787, 0.057058, 0.057347, 0.05762, 0.057776, 0.05784, 0.058076, 0.058156, 0.058172, 0.05822, 0.058503, 0.058746, 0.059204, 0.059229, 0.059281, 0.059393, 0.059887, 0.0601, 0.060143, 0.060225, 0.06023, 0.060411, 0.060469, 0.060562, 0.060584, 0.060649, 0.061013, 0.061077, 0.061081, 0.06129, 0.06131, 0.061682, 0.061763, 0.061851, 0.061918, 0.062141, 0.062185, 0.06227, 0.06237, 0.063597, 0.063822, 0.063844, 0.063928, 0.064262, 0.06504, 0.065477, 0.065482, 0.065679, 0.06582, 0.066229, 0.06663, 0.066949, 0.06768, 0.067762, 0.068293, 0.068298, 0.068421, 0.068439, 0.068809, 0.069464, 0.069848, 0.069859, 0.07008, 0.070081, 0.070307, 0.070993, 0.071319, 0.071435, 0.071868, 0.071982, 0.072047, 0.07208, 0.072084, 0.072165, 0.072184, 0.072382, 0.072684, 0.072817, 0.072934, 0.072977, 0.073528, 0.074059, 0.074241, 0.074514, 0.074557, 0.074831, 0.074879, 0.074914, 0.075097, 0.075207, 0.07525, 0.076075, 0.07662, 0.076689, 0.076694, 0.076798, 0.07697, 0.077277, 0.077688, 0.078094, 0.07815, 0.078337, 0.078656, 0.078666, 0.078702, 0.078918, 0.078956, 0.079016, 0.079944, 0.080681, 0.080684, 0.0809, 0.080942, 0.081144, 0.081192, 0.08134, 0.081496, 0.081791, 0.081809, 0.081883, 0.081928, 0.082291, 0.082421, 0.08263, 0.082684, 0.082834, 0.083304, 0.083901, 0.084198, 0.084542, 0.084728, 0.084921, 0.085627, 0.085669, 0.086111, 0.086214, 0.086482, 0.087006, 0.087077, 0.087097, 0.087209, 0.088428, 0.088494, 0.08873, 0.088788, 0.089068, 0.089238, 0.089476, 0.09002, 0.091287, 0.092189, 0.092582, 0.093619, 0.093716, 0.093844, 0.09458, 0.095067, 0.095069, 0.095304, 0.095577, 0.095785, 0.09595, 0.096054, 0.096124, 0.096158, 0.096307, 0.096332, 0.096485, 0.096601, 0.096859, 0.096894, 0.0973, 0.09785, 0.098064, 0.098728, 0.098871, 0.098903, 0.099066, 0.099455, 0.099495, 0.099806, 0.099885, 0.099949, 0.100472, 0.100694, 0.100862, 0.101134, 0.101143, 0.101429, 0.101522, 0.102402, 0.102496, 0.102668, 0.102814, 0.102985, 0.103048, 0.104181, 0.104543, 0.104645, 0.10465, 0.104851, 0.105143, 0.105157, 0.10545, 0.105565, 0.105593, 0.105725, 0.105962, 0.106112, 0.106117, 0.106189, 0.106298, 0.106431, 0.106658, 0.106998, 0.107217, 0.107755, 0.107906, 0.10833, 0.108391, 0.10922, 0.109489, 0.109914, 0.110136, 0.110184, 0.110261, 0.111314, 0.112827, 0.112881, 0.113419, 0.11358, 0.113964, 0.114004, 0.114043, 0.114124, 0.114322, 0.114566, 0.114624, 0.114777, 0.1153, 0.115414, 0.115435, 0.116203, 0.11657, 0.117872, 0.117933, 0.119, 0.11932, 0.120963, 0.121462, 0.12151, 0.121562, 0.1217, 0.122644, 0.122723, 0.123558, 0.123603, 0.123645, 0.123684, 0.12414, 0.124678, 0.124761, 0.125087, 0.125238, 0.125403, 0.125695, 0.126175, 0.126466, 0.127052, 0.128097, 0.129691, 0.130836, 0.131154, 0.131233, 0.131356, 0.131467, 0.132337, 0.132424, 0.132602, 0.133271, 0.133279, 0.133817, 0.134275, 0.134617, 0.13472, 0.134815, 0.134831, 0.135215, 0.135377, 0.135769, 0.135956, 0.136406, 0.136476, 0.136858, 0.137217, 0.137554, 0.138417, 0.138784, 0.139921, 0.14074, 0.14098, 0.141239, 0.141403, 0.1417, 0.142869, 0.142879, 0.143309, 0.143637, 0.144726, 0.145256, 0.145789, 0.146459, 0.146561, 0.146789, 0.146847, 0.147416, 0.147447, 0.147776, 0.147974, 0.14817, 0.148415, 0.148628, 0.148765, 0.149046, 0.149089, 0.149281, 0.150287, 0.151205, 0.151594, 0.151937, 0.15275, 0.153645, 0.153835, 0.153881, 0.154073, 0.155163, 0.155412, 0.155463, 0.155569, 0.155669, 0.156032, 0.156161, 0.156574, 0.156674, 0.157061, 0.157132, 0.158076, 0.158761, 0.159043, 0.160391, 0.160565, 0.160694, 0.160799, 0.161936, 0.163047, 0.163283, 0.163462, 0.164277, 0.165305, 0.165594, 0.169068, 0.169128, 0.169931, 0.170282, 0.170765, 0.171454, 0.172224, 0.173091, 0.17311, 0.173131, 0.175206, 0.175287, 0.175664, 0.175963, 0.176355, 0.176651, 0.176668, 0.178869, 0.179558, 0.180147, 0.180621, 0.180955, 0.181844, 0.182433, 0.184629, 0.184739, 0.185908, 0.186018, 0.186097, 0.187377, 0.18795, 0.188714, 0.188773, 0.190726, 0.191902, 0.192371, 0.1926, 0.19407, 0.194108, 0.194328, 0.194513, 0.195571, 0.196415, 0.197707, 0.197784, 0.197986, 0.198031, 0.199028, 0.199762, 0.200106, 0.200408, 0.200555, 0.200938, 0.201404, 0.201796, 0.201803, 0.204893, 0.205799, 0.206267, 0.207523, 0.207945, 0.208115, 0.208919, 0.209267, 0.209345, 0.210197, 0.21107, 0.2131, 0.214041, 0.214436, 0.214452, 0.215785, 0.21799, 0.219434, 0.220815, 0.222259, 0.222945, 0.224122, 0.224573, 0.226237, 0.22927, 0.231334, 0.234591, 0.237719, 0.237994, 0.238336, 0.238422, 0.244928, 0.245502, 0.246608, 0.249798, 0.252155, 0.258558, 0.259259, 0.262069, 0.266267, 0.268201, 0.275129, 0.279618, 0.294159, 0.300038, 0.301455, 0.302218, 0.303012, 0.304004, 0.305107, 0.309259, 0.317095, 0.322896, 0.330446, 0.340673, 0.360224, 0.378439, 0.397082, 0.4176, 0.479433, 0.492802, 0.512769, 0.513931, 0.515872, 0.52577, 0.53144, 0.542074, 0.542144, 0.546145, 0.549052, 0.569969, 0.571246, 0.571365, 0.576448, 0.58019, 0.583102, 0.584353, 0.588665, 0.589286, 0.590062, 0.592396, 0.594746, 0.598517, 0.6116, 0.612255, 0.613982, 0.619448, 0.620289, 0.623916, 0.626334, 0.626441, 0.631706, 0.632075, 0.632778, 0.638393, 