{"sigma_r": 3.0, "sigma_i": 0.2558, "m": 12, "seed": 3247429217, "n_k": {"1": 3758, "2": 907, "3": 260, "4": 68, "5": 16, "6+": 2}, "dlogr": [0.000175, 0.0003, 0.000374, 0.000388, 0.000589, 0.000695, 0.0009, 0.000981, 0.001123, 0.001457, 0.001466, 0.001647, 0.001765, 0.001828, 0.002036, 0.002406, 0.00249, 0.002493, 0.002943, 0.003127, 0.003318, 0.003441, 0.003464, 0.003493, 0.003552, 0.003857, 0.003957, 0.004029, 0.004668, 0.004716, 0.005383, 0.005414, 0.005449, 0.005674, 0.005964, 0.006397, 0.006526, 0.006675, 0.006703, 0.006734, 0.006768, 0.006913, 0.006964, 0.007017, 0.007051, 0.007066, 0.007095, 0.007125, 0.007245, 0.00727, 0.007415, 0.007555, 0.007569, 0.007622, 0.007744, 0.007819, 0.007974, 0.008359, 0.008595, 0.008662, 0.008948, 0.009038, 0.009139, 0.009587, 0.009657, 0.009748, 0.009835, 0.010016, 0.010347, 0.010731, 0.010757, 0.010941, 0.011089, 0.011184, 0.011766, 0.011817, 0.011865, 0.011923, 0.012043, 0.012256, 0.012747, 0.012857, 0.013026, 0.013083, 0.013117, 0.013182, 0.013371, 0.013447, 0.013461, 0.013789, 0.014177, 0.014594, 0.014716, 0.014964, 0.015096, 0.015147, 0.015354, 0.015542, 0.015586, 0.015874, 0.01603, 0.016331, 0.016704, 0.01677, 0.016828, 0.017048, 0.017183, 0.017551, 0.017885, 0.017918, 0.018222, 0.018464, 0.018823, 0.018845, 0.019069, 0.019096, 0.01939, 0.020231, 0.02028, 0.020469, 0.020547, 0.020925, 0.021056, 0.021068, 0.021077, 0.0212, 0.021579, 0.021615, 0.021774, 0.021801, 0.021873, 0.02191, 0.022098, 0.022102, 0.022688, 0.023093, 0.023227, 0.023386, 0.023606, 0.023797, 0.024064, 0.024115, 0.024276, 0.024715, 0.024746, 0.024888, 0.025008, 0.025059, 0.025185, 0.025235, 0.025335, 0.025635, 0.025969, 0.02598, 0.026146, 0.026352, 0.026364, 0.026364, 0.026408, 0.026489, 0.026553, 0.026802, 0.026895, 0.026906, 0.02698, 0.0273, 0.027332, 0.027503, 0.027648, 0.028333, 0.02852, 0.028727, 0.028979, 0.028985, 0.029228, 0.029534, 0.03105, 0.03107, 0.031156, 0.031834, 0.031851, 0.032065, 0.032079, 0.032081, 0.032211, 0.032507, 0.032934, 0.033083, 0.033522, 0.033841, 0.034087, 0.0349, 0.034982, 0.035406, 0.035698, 0.035793, 0.03582, 0.03621, 0.036217, 0.036742, 0.036999, 0.03741, 0.037449, 0.037518, 0.037808, 0.037862, 0.037882, 0.037883, 0.037887, 0.038273, 0.038387, 0.038402, 0.038594, 0.039112, 0.039179, 0.03934, 0.04029, 0.040543, 0.041099, 0.041269, 0.041273, 0.041275, 0.041728, 0.041979, 0.041997, 0.042777, 0.043038, 0.043053, 0.043192, 0.043235, 0.04327, 0.043577, 0.043728, 0.043744, 0.04377, 0.043855, 0.043898, 0.044141, 0.044155, 0.044253, 0.044592, 0.044891, 0.044934, 0.044975, 0.045032, 0.04511, 0.045583, 0.045769, 0.04621, 0.046521, 0.046532, 0.046653, 0.046937, 0.047145, 0.047287, 0.04755, 0.047837, 0.047962, 0.047978, 0.04817, 0.04837, 0.048409, 0.048608, 0.048851, 0.048952, 0.049038, 0.04906, 0.049102, 0.049241, 0.049432, 0.049742, 0.049858, 0.049888, 0.050023, 0.050059, 0.05019, 0.050392, 0.050431, 0.050833, 0.050905, 0.050922, 0.051062, 0.051132, 0.051531, 0.051613, 0.051719, 0.051866, 0.052102, 0.052103, 0.052196, 0.052247, 0.052284, 0.052287, 0.05287, 0.053147, 0.053259, 0.053292, 0.05347, 0.053533, 0.053799, 0.054127, 0.05451, 0.054686, 0.055009, 0.055528, 0.055837, 0.055853, 0.055888, 0.0559, 0.056385, 0.05644, 0.056448, 0.056675, 0.056823, 0.056837, 0.057138, 0.057348, 0.05754, 0.057827, 0.057936, 0.05819, 0.058236, 0.058263, 0.058311, 0.058521, 0.058562, 0.059107, 0.059125, 0.059132, 0.059168, 0.059721, 0.059803, 0.059812, 0.059956, 0.059971, 0.060133, 0.060447, 0.060562, 0.060746, 0.060756, 0.060903, 0.061975, 0.062297, 0.062319, 0.062366, 0.062779, 0.064006, 0.064293, 0.064313, 0.064386, 0.064407, 0.064427, 0.064555, 0.064752, 0.064814, 0.065851, 0.065861, 0.066278, 0.066508, 0.066728, 0.067477, 0.067714, 0.067791, 0.067877, 0.068092, 0.068147, 0.068222, 0.068552, 0.068792, 0.068949, 0.069112, 0.069148, 0.069166, 0.069216, 0.069225, 0.06929, 0.069334, 0.0694, 0.069578, 0.069664, 0.069807, 0.069844, 0.070239, 0.0703, 0.070446, 0.070844, 0.071002, 0.071153, 0.071774, 0.071831, 0.072005, 0.072078, 0.072093, 0.072229, 0.07243, 0.072434, 0.072455, 0.072464, 0.072495, 0.072935, 0.073213, 0.073219, 0.074592, 0.075051, 0.075162, 0.075281, 0.075323, 0.075377, 0.075613, 0.075702, 0.07575, 0.075861, 0.076174, 0.076289, 0.076514, 0.076998, 0.0771, 0.077145, 0.077216, 0.077998, 0.078159, 0.078333, 0.078356, 0.078768, 0.079323, 0.079331, 0.079442, 0.079918, 0.079944, 0.079947, 0.080173, 0.080248, 0.080644, 0.080731, 0.080826, 0.080852, 0.081015, 0.081039, 0.081169, 0.081274, 0.081314, 0.081885, 0.081953, 0.082195, 0.082242, 0.082265, 0.082463, 0.082772, 0.082892, 0.082995, 0.083102, 0.083215, 0.083327, 0.083355, 0.083467, 0.083513, 0.083599, 0.083642, 0.083721, 0.083891, 0.083893, 0.083905, 0.084057, 0.084243, 0.084689, 0.085004, 0.085158, 0.08541, 0.086126, 0.086491, 0.08702, 0.087243, 0.087528, 0.087779, 0.087816, 0.088147, 0.088824, 0.088894, 0.089245, 0.089269, 0.08947, 0.089519, 0.089671, 0.089798, 0.090333, 0.090499, 0.090976, 0.091007, 0.091496, 0.0916, 0.091614, 0.091722, 0.091811, 0.091865, 0.09188, 0.091982, 0.092255, 0.092266, 0.092341, 0.092456, 0.092519, 0.092552, 0.092641, 0.092644, 0.092778, 0.092958, 0.093017, 0.093386, 0.093481, 0.093539, 0.093626, 0.093822, 0.093978, 0.093978, 0.094123, 0.094346, 0.094521, 0.094594, 0.094778, 0.09486, 0.094942, 0.095059, 0.095437, 0.095679, 0.095702, 0.096222, 0.096345, 0.096825, 0.096928, 0.096958, 0.09705, 0.097318, 0.097477, 0.097543, 0.097584, 0.098329, 0.098408, 0.09858, 0.098757, 0.098786, 0.098996, 0.099295, 0.099451, 0.099561, 0.100029, 0.100247, 0.100263, 0.100317, 0.100534, 0.100548, 0.100817, 0.101027, 0.101156, 0.101623, 0.102327, 0.102407, 0.102472, 0.103652, 0.103723, 0.104394, 0.105214, 0.105809, 0.106107, 0.106108, 0.10611, 0.106796, 0.106853, 0.10713, 0.107442, 0.107491, 0.10753, 0.10768, 0.107878, 0.107933, 0.108403, 0.108406, 0.10911, 0.109285, 0.109287, 0.10992, 0.110287, 0.11056, 0.110912, 0.111133, 0.111326, 0.111889, 0.11207, 0.112441, 0.112746, 0.112807, 0.112814, 0.113082, 0.1132, 0.113453, 0.114169, 0.114548, 0.114581, 0.114606, 0.11471, 0.11482, 0.114823, 0.114913, 0.115861, 0.115954, 0.115977, 0.116236, 0.117015, 0.117177, 0.11725, 0.117259, 0.117593, 0.118175, 0.118178, 0.118246, 0.118363, 0.118384, 0.118497, 0.118581, 0.118686, 0.118876, 0.118904, 0.119238, 0.119324, 0.119447, 0.119898, 0.120601, 0.120657, 0.120979, 0.121089, 0.121089, 0.121239, 0.121424, 0.121522, 0.122021, 0.122109, 0.122232, 0.122351, 0.122536, 0.122778, 0.12298, 0.123305, 0.123311, 0.123709, 0.123817, 0.123957, 0.124483, 0.125207, 0.125661, 0.126345, 0.126714, 0.126784, 0.127712, 0.127771, 0.128112, 0.128182, 0.12819, 0.128277, 0.128556, 0.128764, 0.12882, 0.129042, 0.129089, 0.129287, 0.129338, 0.129583, 0.130152, 0.130173, 0.130766, 0.130805, 0.130923, 0.131112, 0.131522, 0.131616, 0.131661, 0.131662, 0.132056, 0.132136, 0.132333, 0.13249, 0.133336, 0.133468, 0.133476, 0.133658, 0.134157, 0.134217, 0.134495, 0.135107, 0.135126, 0.13525, 0.135317, 0.135361, 0.135421, 0.135436, 0.135656, 0.13607, 0.13622, 0.13634, 0.136342, 0.136484, 0.13653, 0.136852, 0.137132, 0.137162, 0.137546, 0.137788, 0.137792, 0.137983, 0.138054, 0.138304, 0.139158, 0.13939, 0.139568, 0.139575, 0.140259, 0.140372, 0.140372, 0.140592, 0.140709, 0.140859, 0.141086, 0.141267, 0.141434, 0.141486, 0.141795, 0.141846, 0.142123, 0.142267, 0.142333, 0.142479, 0.14273, 0.142753, 0.142897, 0.143133, 0.143204, 0.143348, 0.143712, 0.1441, 0.144432, 0.144687, 0.144739, 0.144749, 0.14475, 0.144791, 0.144821, 0.14526, 0.145273, 0.145297, 0.145408, 0.145498, 0.145777, 0.145807, 0.145982, 0.146542, 0.146576, 0.146884, 0.147098, 0.147212, 0.147298, 0.147419, 0.14767, 0.147889, 0.14795, 0.148115, 0.148317, 0.148374, 0.148408, 0.1488, 0.148903, 0.149125, 0.150043, 0.15025, 0.150393, 0.151021, 0.151162, 0.151193, 0.151795, 0.15206, 0.152727, 0.152766, 0.152914, 0.153241, 0.153296, 0.153371, 0.153879, 0.154291, 0.154333, 0.1547, 0.154997, 0.15514, 0.155158, 0.155266, 0.155773, 0.156069, 0.15607, 0.156139, 