{"sigma_r": 0.2506, "sigma_i": 0.2558, "m": 4, "seed": 1863889169, "n_k": {"1": 3644, "2": 970, "3": 256, "4": 68, "5": 19, "6+": 4}, "dlogr": [0.0, 0.0, 0.0, 0.0, 0.0, 0.0, 0.0, 0.0, 0.0, 0.0, 0.0, 0.0, 0.0, 0.0, 0.0, 0.0, 0.0, 2.2e-05, 7.6e-05, 8.6e-05, 0.000206, 0.000209, 0.000217, 0.000222, 0.000237, 0.000257, 0.000266, 0.000302, 0.000304, 0.000364, 0.000404, 0.00042, 0.000462, 0.000479, 0.000529, 0.000621, 0.000623, 0.00063, 0.000676, 0.000763, 0.000864, 0.001003, 0.001039, 0.001046, 0.001057, 0.0013, 0.001412, 0.001451, 0.001471, 0.001506, 0.001554, 0.001612, 0.001777, 0.001783, 0.001832, 0.001866, 0.001867, 0.001872, 0.00192, 0.001935, 0.002044, 0.002053, 0.002093, 0.002338, 0.00235, 0.002356, 0.002379, 0.00241, 0.002435, 0.002499, 0.002508, 0.00267, 0.002684, 0.002722, 0.002755, 0.002795, 0.002816, 0.002821, 0.002891, 0.002897, 0.003078, 0.003096, 0.003149, 0.003152, 0.003167, 0.003188, 0.003446, 0.003448, 0.00345, 0.003473, 0.003552, 0.003577, 0.00365, 0.003673, 0.003691, 0.003754, 0.003771, 0.0038, 0.003821, 0.003984, 0.004018, 0.004077, 0.004106, 0.004128, 0.004169, 0.00421, 0.004224, 0.004256, 0.004344, 0.004474, 0.004651, 0.004675, 0.004729, 0.00506, 0.00508, 0.005108, 0.005266, 0.005307, 0.005333, 0.005359, 0.005371, 0.005513, 0.005548, 0.005554, 0.005597, 0.005658, 0.005662, 0.005765, 0.005918, 0.005965, 0.006009, 0.006085, 0.006183, 0.006194, 0.006197, 0.006289, 0.006289, 0.006323, 0.006329, 0.006366, 0.006445, 0.006458, 0.006459, 0.0065, 0.006543, 0.006561, 0.00667, 0.006722, 0.006738, 0.006751, 0.006791, 0.006812, 0.006819, 0.006841, 0.006876, 0.006893, 0.006931, 0.006959, 0.007039, 0.007054, 0.007082, 0.007143, 0.007177, 0.007219, 0.007255, 0.007395, 0.007415, 0.007511, 0.007532, 0.007656, 0.007706, 0.007757, 0.007761, 0.007766, 0.007792, 0.007831, 0.007863, 0.007898, 0.008027, 0.008049, 0.00807, 0.008141, 0.008248, 0.00827, 0.008278, 0.008285, 0.008298, 0.00834, 0.008443, 0.008588, 0.008773, 0.008802, 0.008898, 0.008905, 0.008923, 0.008968, 0.008987, 0.009071, 0.009093, 0.009154, 0.009165, 0.009178, 0.009214, 0.009286, 0.00936, 0.009402, 0.009501, 0.009662, 0.009671, 0.009744, 0.009807, 0.009819, 0.009832, 0.009868, 0.009871, 0.009873, 0.009878, 0.009882, 0.009888, 0.009902, 0.010097, 0.010113, 0.010115, 0.010129, 0.01013, 0.010306, 0.010393, 0.010394, 0.01056, 0.01057, 0.010617, 0.010634, 0.010679, 0.010775, 0.010776, 0.010821, 0.010839, 0.010859, 0.010949, 0.01096, 0.010961, 0.011083, 0.011122, 0.011168, 0.01118, 0.011248, 0.01126, 0.011268, 0.01138, 0.011412, 0.011436, 0.011495, 0.011571, 0.011599, 0.011655, 0.011732, 0.011752, 0.011799, 0.011821, 0.011865, 0.011869, 0.011908, 0.012125, 0.012185, 0.012243, 0.012263, 0.012328, 0.012331, 0.012378, 0.012505, 0.012564, 0.012571, 0.012595, 0.012624, 0.012766, 0.012944, 0.013025, 0.013041, 0.013089, 0.013135, 0.013197, 0.013209, 0.013224, 0.01329, 0.013332, 0.013597, 0.013669, 0.013718, 0.013774, 0.013832, 0.013857, 0.013864, 0.013913, 0.014201, 0.014206, 0.014297, 0.014325, 0.014333, 0.014401, 0.014481, 0.014578, 0.014658, 0.01473, 0.014788, 0.014804, 0.01488, 0.01493, 0.014942, 0.014952, 0.015023, 0.015082, 0.01512, 0.015196, 0.015242, 0.015293, 0.015304, 0.015351, 0.015387, 0.01539, 0.015445, 0.015458, 0.015479, 0.015497, 0.015583, 0.015629, 0.015649, 0.015682, 0.01579, 0.015837, 0.015879, 0.015888, 0.016095, 0.016097, 0.016103, 0.016127, 0.016156, 0.016173, 0.0162, 0.016231, 0.016238, 0.01629, 0.016391, 0.016449, 0.016509, 0.016693, 0.016711, 0.016731, 0.016752, 0.016764, 0.0168, 0.016806, 0.016848, 0.016854, 0.01691, 0.017083, 0.017089, 0.017095, 0.017131, 0.017189, 0.017273, 0.017314, 0.01733, 0.017332, 0.017355, 0.017356, 0.017371, 0.017419, 0.017458, 0.017466, 0.017611, 0.017745, 0.0178, 0.017934, 0.018028, 0.018043, 0.018059, 0.018078, 0.018189, 0.018229, 0.018278, 0.018315, 0.018364, 0.018378, 0.018403, 0.018421, 0.018577, 0.018622, 0.018626, 0.01863, 0.01867, 0.018685, 0.018692, 0.01873, 0.018756, 0.018822, 0.019101, 0.019102, 0.019121, 0.019155, 0.019226, 0.019292, 0.019317, 0.019327, 0.019374, 0.019409, 0.019417, 0.019561, 0.019621, 0.019637, 0.019644, 0.019647, 0.019653, 0.019661, 0.019677, 0.019711, 0.019788, 0.019823, 0.02, 0.020013, 0.020043, 0.020103, 0.020112, 0.02018, 0.020229, 0.020245, 0.020318, 0.020343, 0.020368, 0.020407, 0.020573, 0.02063, 0.020735, 0.020759, 0.020775, 0.020851, 0.020879, 0.020927, 0.020962, 0.020965, 0.020975, 0.021066, 0.021165, 0.021242, 0.021254, 0.021257, 0.02136, 0.021393, 0.021576, 0.021602, 0.021659, 0.021732, 0.021756, 0.021794, 0.021866, 0.021947, 0.021949, 0.022007, 0.02209, 0.022153, 0.022156, 0.022212, 0.022321, 0.02238, 0.022478, 0.022508, 0.022511, 0.022643, 0.022698, 0.022728, 0.022744, 0.022752, 0.022793, 0.022852, 0.022977, 0.023122, 0.023141, 0.023213, 0.02322, 0.023266, 0.023277, 0.023279, 0.023321, 0.023353, 0.023374, 0.023514, 0.023696, 0.023768, 0.023907, 0.023929, 0.024019, 0.024054, 0.024174, 0.024253, 0.024374, 0.024454, 0.024458, 0.024483, 0.024537, 0.024595, 0.024665, 0.024674, 0.024747, 0.024789, 0.024856, 0.024866, 0.024932, 0.024933, 0.025016, 0.02507, 0.02511, 0.02514, 0.025174, 0.025203, 0.02525, 0.025307, 0.025352, 0.025367, 0.025368, 0.02541, 0.025423, 0.025714, 0.025736, 0.025803, 0.025839, 0.025914, 0.025923, 0.025929, 0.025939, 0.026002, 0.026076, 0.026156, 0.026168, 0.026231, 0.026256, 0.026402, 0.02646, 0.026466, 0.026498, 0.02653, 0.026664, 0.02678, 0.026831, 0.026906, 0.026923, 0.026981, 0.027028, 0.027041, 0.027065, 0.027398, 0.027518, 0.027775, 0.027786, 0.027814, 0.027818, 0.027885, 0.027983, 0.028049, 0.028077, 0.028145, 0.028159, 0.028249, 0.028417, 0.028424, 0.028448, 0.028455, 0.028505, 0.028643, 0.028653, 0.028673, 0.028726, 0.028727, 0.028887, 0.028893, 0.028897, 0.028937, 0.029019, 0.029023, 0.029049, 0.029077, 0.029106, 0.029109, 0.029112, 0.02915, 0.029156, 0.029173, 0.029203, 0.029216, 0.029263, 0.029291, 0.029294, 0.029349, 0.029379, 0.029483, 0.029487, 0.029518, 0.029539, 0.02963, 0.029735, 0.029788, 0.029834, 0.029881, 0.029902, 0.029915, 0.029938, 0.030069, 0.030118, 0.030229, 0.030243, 0.03025, 0.030272, 0.030334, 0.030451, 0.030453, 0.030505, 0.030553, 0.030561, 0.030617, 0.030678, 0.030727, 0.030796, 0.030823, 0.031001, 0.031074, 0.031182, 0.031254, 0.031365, 0.031385, 0.031446, 0.031486, 0.031513, 0.031566, 0.031696, 0.03174, 0.031753, 0.0318, 0.03181, 0.031871, 0.031974, 0.032036, 0.032115, 0.032214, 0.032223, 0.032241, 0.032246, 0.032269, 0.03227, 0.032318, 0.03244, 0.032528, 0.032554, 0.032577, 0.032662, 0.032745, 0.032803, 0.032863, 0.032928, 0.033092, 0.033173, 0.033193, 0.033197, 0.033249, 0.033286, 0.033352, 0.033409, 0.033502, 0.033535, 0.033562, 0.033631, 0.03364, 0.033646, 0.033825, 0.033854, 0.034064, 0.034144, 0.034201, 0.034332, 0.034364, 0.034365, 0.034421, 0.034756, 0.034766, 0.034955, 0.03499, 0.034997, 0.035135, 0.035135, 0.035174, 0.035177, 0.035224, 0.035248, 0.035303, 0.035375, 0.035414, 0.035436, 0.035496, 0.035542, 0.035886, 0.035911, 0.035941, 0.035968, 0.035977, 0.035995, 0.036056, 0.036097, 0.03613, 0.036169, 0.036193, 0.036204, 0.036232, 0.036253, 0.036451, 0.03653, 0.036551, 0.036574, 0.036745, 0.036843, 0.03686, 0.036879, 0.036914, 0.036986, 0.036999, 0.037032, 0.037059, 0.037156, 0.037157, 0.037305, 0.037312, 0.037367, 0.037441, 0.037489, 0.037499, 0.037641, 0.037825, 0.037896, 0.037952, 0.038005, 0.038148, 0.038174, 0.038191, 0.038247, 0.038341, 0.03841, 0.038492, 0.038543, 0.038649, 0.038696, 0.038726, 0.038742, 0.038882, 0.038942, 0.038968, 0.039038, 0.039075, 0.039161, 0.039202, 0.039306, 0.039355, 0.039369, 0.039393, 0.039424, 0.039476, 0.039625, 0.039706, 0.039761, 0.039785, 0.039793, 0.039795, 0.039797, 0.039861, 0.039942, 0.039942, 0.040156, 0.040209, 0.040215, 0.040225, 0.040407, 0.040793, 0.040846, 0.040865, 0.04094, 0.041269, 0.041303, 0.041385, 0.041388, 0.041453, 0.041572, 0.041725, 0.041741, 0.041921, 0.041989, 0.042168, 0.042237, 0.042333, 0.042413, 0.042454, 0.042459, 0.042565, 0.042618, 0.042639, 0.042716, 0.042852, 0.04291, 