{"sigma_r": 0.6181, "sigma_i": 3.8254, "m": 1, "seed": 4279818624, "n_k": {"1": 4839, "2": 780, "3": 111, "4": 5, "5": 1, "6+": 0}, "dlogr": [0.0, 0.0, 0.0, 0.0, 0.0, 9.6e-05, 0.000228, 0.000335, 0.00034, 0.00047, 0.001242, 0.001728, 0.001761, 0.001885, 0.001938, 0.00202, 0.002051, 0.002124, 0.002315, 0.002361, 0.002508, 0.00297, 0.003006, 0.003032, 0.00311, 0.003467, 0.003567, 0.003892, 0.00407, 0.00445, 0.005175, 0.005253, 0.005371, 0.005804, 0.005805, 0.006128, 0.006233, 0.006969, 0.007509, 0.007517, 0.007604, 0.007766, 0.007979, 0.008054, 0.00819, 0.008229, 0.008282, 0.008419, 0.00864, 0.00865, 0.008997, 0.009142, 0.009382, 0.009636, 0.00973, 0.00977, 0.009891, 0.010066, 0.010105, 0.01014, 0.010195, 0.010484, 0.010498, 0.010604, 0.010909, 0.010929, 0.010955, 0.01098, 0.01107, 0.011088, 0.01109, 0.011095, 0.011287, 0.011338, 0.011623, 0.011666, 0.011963, 0.011989, 0.012041, 0.012705, 0.012723, 0.012765, 0.013026, 0.013032, 0.013051, 0.013057, 0.013367, 0.013643, 0.013692, 0.013824, 0.013912, 0.014153, 0.014372, 0.015024, 0.015068, 0.015362, 0.015524, 0.015572, 0.015621, 0.015992, 0.016474, 0.016551, 0.016963, 0.017022, 0.017483, 0.017931, 0.018007, 0.018114, 0.018233, 0.01826, 0.01853, 0.018819, 0.01934, 0.01939, 0.019493, 0.019493, 0.019541, 0.019647, 0.019809, 0.019861, 0.019973, 0.020023, 0.020365, 0.020438, 0.020722, 0.020779, 0.021043, 0.021364, 0.021457, 0.021584, 0.021745, 0.022087, 0.022355, 0.022364, 0.022551, 0.022802, 0.022861, 0.022867, 0.023014, 0.02308, 0.023144, 0.023182, 0.023366, 0.023546, 0.023565, 0.023732, 0.023878, 0.024103, 0.024244, 0.024428, 0.024471, 0.024658, 0.025197, 0.025199, 0.025552, 0.025644, 0.025865, 0.026193, 0.026285, 0.026368, 0.026482, 0.026881, 0.026881, 0.026922, 0.027051, 0.027135, 0.027145, 0.027158, 0.027306, 0.027468, 0.027504, 0.027686, 0.027801, 0.027899, 0.028039, 0.028344, 0.028434, 0.028526, 0.029646, 0.029801, 0.029954, 0.030363, 0.03049, 0.030552, 0.031128, 0.031252, 0.031286, 0.031385, 0.031484, 0.031504, 0.031579, 0.031667, 0.031941, 0.031946, 0.032199, 0.032243, 0.032486, 0.032786, 0.032815, 0.033568, 0.03361, 0.03375, 0.033835, 0.034037, 0.034204, 0.034307, 0.034368, 0.034502, 0.034733, 0.034746, 0.035292, 0.035544, 0.035588, 0.035914, 0.035952, 0.036222, 0.036246, 0.036251, 0.036263, 0.036304, 0.036427, 0.036474, 0.036583, 0.036785, 0.036916, 0.03692, 0.037103, 0.037418, 0.037481, 0.037579, 0.037726, 0.038169, 0.038467, 0.038862, 0.039388, 0.039457, 0.039531, 0.039553, 0.039637, 0.039724, 0.04002, 0.040283, 0.040419, 0.040808, 0.040976, 0.041141, 0.041436, 0.041597, 0.041834, 0.0423, 0.042318, 0.042701, 0.042975, 0.043067, 0.043294, 0.043535, 0.043661, 0.043751, 0.043917, 0.044064, 0.04426, 0.044481, 0.04458, 0.044662, 0.044835, 0.044894, 0.045456, 0.045708, 0.045804, 0.047033, 0.047096, 0.047491, 0.047669, 0.048036, 0.048076, 0.048288, 0.048379, 0.048531, 0.048545, 0.048644, 0.048658, 0.049266, 0.049627, 0.049681, 0.049777, 0.04981, 0.049946, 0.050048, 0.050103, 0.050109, 0.050128, 0.050161, 0.050217, 0.050379, 0.050566, 0.050715, 0.051253, 0.052258, 0.052294, 0.052318, 0.052591, 0.052798, 0.052956, 0.0531, 0.053166, 0.053189, 0.053207, 0.053731, 0.053826, 0.05408, 0.054185, 0.054193, 0.054423, 0.054444, 0.054673, 0.054723, 0.054833, 0.055309, 0.056015, 0.056136, 0.056174, 0.056407, 0.05641, 0.056556, 0.057161, 0.057289, 0.057324, 0.05742, 0.057578, 0.057627, 0.057922, 0.058039, 0.058063, 0.058189, 0.058221, 0.058244, 0.058244, 0.058342, 0.058402, 0.058432, 0.058545, 0.058773, 0.058832, 0.05901, 0.059385, 0.059693, 0.059693, 0.059741, 0.059803, 0.06038, 0.060581, 0.060691, 0.060845, 0.061166, 0.061211, 0.061261, 0.06143, 0.061734, 0.061842, 0.062137, 0.062473, 0.062492, 0.062621, 0.062755, 0.063036, 0.063127, 0.063243, 0.063466, 0.064392, 0.064519, 0.064891, 0.065175, 0.065355, 0.06536, 0.065632, 0.065707, 0.065761, 0.065997, 0.066071, 0.066221, 0.066617, 0.06693, 0.067263, 0.067498, 0.067564, 0.067633, 0.067795, 0.06821, 0.068475, 0.068501, 0.068639, 0.068763, 0.068775, 0.06885, 0.069396, 0.069689, 0.070297, 0.070676, 0.070727, 0.070739, 0.07074, 0.070995, 0.07102, 0.071393, 0.0717, 0.071788, 0.071909, 0.072045, 0.072436, 0.072884, 0.072927, 0.072999, 0.073112, 0.073232, 0.073275, 0.073595, 0.073838, 0.074011, 0.074167, 0.074297, 0.074438, 0.074516, 0.075051, 0.075351, 0.075368, 0.075968, 0.076276, 0.07663, 0.076688, 0.076795, 0.076873, 0.076964, 0.077389, 0.077529, 0.077823, 0.078468, 0.07886, 0.079178, 0.079249, 0.07926, 0.079693, 0.079828, 0.08021, 0.08022, 0.080506, 0.080858, 0.081568, 0.081633, 0.081811, 0.082839, 0.083229, 0.083337, 0.083444, 0.083617, 0.084152, 0.08427, 0.084369, 0.08473, 0.084756, 0.084895, 0.084996, 0.085827, 0.085897, 0.085967, 0.086215, 0.086788, 0.087017, 0.087587, 0.087637, 0.088334, 0.088519, 0.088602, 0.089143, 0.08954, 0.089917, 0.090219, 0.090299, 0.090434, 0.090687, 0.090973, 0.091086, 0.091102, 0.091226, 0.091658, 0.09197, 0.092014, 0.092017, 0.093488, 0.093605, 0.09372, 0.09391, 0.093959, 0.094143, 0.094331, 0.094615, 0.09498, 0.094989, 0.095481, 0.095586, 0.095695, 0.09596, 0.096288, 0.096496, 0.09667, 0.097741, 0.098029, 0.098572, 0.099008, 0.099011, 0.099121, 0.099333, 0.099713, 0.099738, 0.099848, 0.099991, 0.100052, 0.100115, 0.100323, 0.100997, 0.101141, 0.101216, 0.102496, 0.10262, 0.102996, 0.103091, 0.103328, 0.103604, 0.10377, 0.103805, 0.104089, 0.104109, 0.104276, 0.104376, 0.104534, 0.105134, 0.105134, 0.105362, 0.105524, 0.106126, 0.106834, 0.106837, 0.107047, 0.107213, 0.107332, 0.107388, 0.107624, 0.107972, 0.10839, 0.108836, 0.109149, 0.109314, 0.109403, 0.109478, 0.109555, 0.109571, 0.110055, 0.111174, 0.111415, 0.111708, 0.111776, 0.112025, 0.112394, 0.112407, 0.112515, 0.112559, 0.113213, 0.113235, 0.113239, 0.113263, 0.113779, 0.113943, 0.114399, 0.11497, 0.115254, 0.115539, 0.11568, 0.116807, 0.116956, 0.11709, 0.117462, 0.118008, 0.118474, 0.118488, 0.118628, 0.119111, 0.119131, 0.119413, 0.119877, 0.120041, 0.120551, 0.120601, 0.12069, 0.121136, 0.121744, 0.122521, 0.122844, 0.123014, 0.123083, 0.123389, 0.123608, 0.123896, 0.123959, 0.124029, 0.124042, 0.124827, 0.125153, 0.125698, 0.125963, 0.126057, 0.12618, 0.126359, 0.126384, 0.126711, 0.126846, 0.12716, 0.127407, 0.127788, 0.128142, 0.128145, 0.128847, 0.128872, 0.129143, 0.129222, 0.129469, 0.129517, 0.130729, 0.131383, 0.131861, 0.132231, 0.132428, 0.132435, 0.133278, 0.133961, 0.134065, 0.134182, 0.134367, 0.13453, 0.134915, 0.135653, 0.135957, 0.136227, 0.136887, 0.136955, 0.137559, 0.137758, 0.13794, 0.139471, 0.139746, 0.139833, 0.139885, 0.140029, 0.140962, 0.141148, 0.141289, 0.141945, 0.141999, 0.142879, 0.144184, 0.144417, 0.145123, 0.145176, 0.145521, 0.145798, 0.146036, 0.146471, 0.147525, 0.14816, 0.148172, 0.149315, 0.149712, 0.150367, 0.151315, 0.151578, 0.151634, 0.151741, 0.152128, 0.152988, 0.154343, 0.154424, 0.154641, 0.155022, 0.155098, 0.15589, 0.156015, 0.156028, 0.156101, 0.156477, 0.1566, 0.157567, 0.157987, 0.158657, 0.159072, 0.159532, 0.15998, 0.159986, 0.160085, 0.160211, 0.160744, 0.161229, 0.161341, 0.16135, 0.161895, 0.162289, 0.162609, 0.163434, 0.163987, 0.166414, 0.167353, 0.167429, 0.168213, 0.168829, 0.1696, 0.170495, 0.172642, 0.172803, 0.173922, 0.174528, 0.175124, 0.175874, 0.176133, 0.176377, 0.176425, 0.177369, 0.177539, 0.177898, 0.1785, 0.178548, 0.179358, 0.179837, 0.179884, 0.180649, 0.180773, 0.182514, 0.1827, 0.182918, 0.183028, 0.184328, 0.185088, 0.18543, 0.185534, 0.185577, 0.185903, 0.187616, 0.187824, 0.188212, 0.189676, 0.190711, 0.191464, 0.191638, 0.191758, 0.19193, 0.193241, 0.193584, 0.195255, 0.19556, 0.195994, 0.196066, 0.196349, 0.196998, 0.197392, 0.198069, 0.198377, 0.199063, 0.199322, 0.200341, 0.200908, 0.201545, 0.202532, 0.205496, 0.205962, 0.207684, 0.207692, 0.208294, 0.20852, 0.208755, 0.209257, 0.209871, 0.211231, 0.211626, 0.212574, 0.21385, 0.213928, 0.214287, 0.214701, 0.21568, 0.216474, 0.217238, 0.218682, 0.218932, 0.219934, 0.220153, 0.220659, 0.220671, 0.221087, 0.22261, 0.222844, 0.223422, 