{"sigma_r": null, "sigma_i": 4.5, "m": 2, "seed": 2038792030, "n_k": {"1": 5060, "2": 662, "3": 78, "4": 4, "5": 0, "6+": 0}, "dlogr": [0.0, 0.000561, 0.000678, 0.000696, 0.000944, 0.001125, 0.001451, 0.00178, 0.001929, 0.002051, 0.003781, 0.003875, 0.006283, 0.00665, 0.006763, 0.006806, 0.007124, 0.007214, 0.007609, 0.007764, 0.008016, 0.008054, 0.008872, 0.009296, 0.009828, 0.010877, 0.012341, 0.01253, 0.012883, 0.013473, 0.013904, 0.013981, 0.014217, 0.014243, 0.015853, 0.015884, 0.017496, 0.018296, 0.019096, 0.019148, 0.019557, 0.019609, 0.019962, 0.019966, 0.02048, 0.020776, 0.020928, 0.021503, 0.021671, 0.021792, 0.022642, 0.023087, 0.024085, 0.024697, 0.025524, 0.025799, 0.026217, 0.026276, 0.02644, 0.026982, 0.028199, 0.028629, 0.028825, 0.029039, 0.029165, 0.029276, 0.02986, 0.030448, 0.030489, 0.030732, 0.031105, 0.031131, 0.032421, 0.032449, 0.032942, 0.033195, 0.033213, 0.033866, 0.033974, 0.034034, 0.034432, 0.034579, 0.034637, 0.03485, 0.035602, 0.035747, 0.035901, 0.036165, 0.036259, 0.036337, 0.036551, 0.036948, 0.03699, 0.037359, 0.038612, 0.038624, 0.03893, 0.039274, 0.039737, 0.040274, 0.041182, 0.041214, 0.041616, 0.041808, 0.04241, 0.042822, 0.043042, 0.043061, 0.043294, 0.043486, 0.044125, 0.044182, 0.04452, 0.044768, 0.045585, 0.045922, 0.045992, 0.046063, 0.046943, 0.047078, 0.048321, 0.048335, 0.048446, 0.048891, 0.048936, 0.050734, 0.051338, 0.051459, 0.05198, 0.052068, 0.052238, 0.052735, 0.053026, 0.053327, 0.053539, 0.053627, 0.054504, 0.054937, 0.055362, 0.055366, 0.055407, 0.055437, 0.055565, 0.056161, 0.056237, 0.05637, 0.057158, 0.058056, 0.058164, 0.058306, 0.058513, 0.058558, 0.058721, 0.05894, 0.05894, 0.059199, 0.059502, 0.059825, 0.059873, 0.059916, 0.060111, 0.061753, 0.061958, 0.062105, 0.062334, 0.062844, 0.063147, 0.063176, 0.06412, 0.064585, 0.064627, 0.064726, 0.065094, 0.065745, 0.066961, 0.06757, 0.070097, 0.070216, 0.07065, 0.071161, 0.071226, 0.071247, 0.071337, 0.071918, 0.072567, 0.072739, 0.072741, 0.07319, 0.073748, 0.074022, 0.074147, 0.074234, 0.074825, 0.075937, 0.076205, 0.076799, 0.078072, 0.078472, 0.079075, 0.079179, 0.079349, 0.080411, 0.081654, 0.082149, 0.082306, 0.082647, 0.08269, 0.083464, 0.083698, 0.083766, 0.083843, 0.084153, 0.084567, 0.084969, 0.085199, 0.08532, 0.085815, 0.086085, 0.086405, 0.086665, 0.086941, 0.087067, 0.08717, 0.088145, 0.088695, 0.089044, 0.089338, 0.089658, 0.089852, 0.09108, 0.091339, 0.091695, 0.091723, 0.091855, 0.092842, 0.09297, 0.093801, 0.093997, 0.094194, 0.094497, 0.094587, 0.095142, 0.09569, 0.095765, 0.096775, 0.097033, 0.097721, 0.098015, 0.09866, 0.099126, 0.099351, 0.100803, 0.101467, 0.101984, 0.102593, 0.103247, 0.10359, 0.103623, 0.104594, 0.104724, 0.105258, 0.105956, 0.106604, 0.107497, 0.108171, 0.10844, 0.109507, 0.109656, 0.110038, 0.110107, 0.110248, 0.110315, 0.110673, 0.11117, 0.111435, 0.111633, 0.112381, 0.112555, 0.113307, 0.113749, 0.11456, 0.114761, 0.115219, 0.115453, 0.116002, 0.116692, 0.116802, 0.117984, 0.118507, 0.119237, 0.119557, 0.119624, 0.119667, 0.119734, 0.120573, 0.120939, 0.121317, 0.121731, 0.122184, 0.12238, 0.122698, 0.123498, 0.124186, 0.12456, 0.124588, 0.124938, 0.124944, 0.125095, 0.125679, 0.126086, 0.12659, 0.126679, 0.127933, 0.129321, 0.129802, 0.130422, 0.130516, 0.130652, 0.130861, 0.131132, 0.131545, 0.131864, 0.132783, 0.135016, 0.135212, 0.135345, 0.135366, 0.135902, 0.136415, 0.13672, 0.136898, 0.137308, 0.137553, 0.137564, 0.139865, 0.139869, 0.139886, 0.140423, 0.140541, 0.141463, 0.1417, 0.14208, 0.142664, 0.142788, 0.143257, 0.143354, 0.144257, 0.14455, 0.144586, 0.144952, 0.146075, 0.14636, 0.146368, 0.146557, 0.147064, 0.148699, 0.148707, 0.149058, 0.149192, 0.149702, 0.149946, 0.150263, 0.150464, 0.151041, 0.151577, 0.152268, 0.15421, 0.154327, 0.155342, 0.155422, 0.155988, 0.155998, 0.156887, 0.157197, 0.157277, 0.15731, 0.158287, 0.158647, 0.158848, 0.159059, 0.159453, 0.160006, 0.16033, 0.160454, 0.161749, 0.16177, 0.161946, 0.162264, 0.162624, 0.162747, 0.164421, 0.165176, 0.166978, 0.167199, 0.167212, 0.169356, 0.169886, 0.170811, 0.171293, 0.171698, 0.172398, 0.172796, 0.173133, 0.173228, 0.173389, 0.174191, 0.174364, 0.174914, 0.175141, 0.176314, 0.17804, 0.178756, 0.178831, 0.179508, 0.179571, 0.180603, 0.180683, 0.180938, 0.181912, 0.183947, 0.184482, 0.18559, 0.187756, 0.188688, 0.190471, 0.191837, 0.192381, 0.193303, 0.194031, 0.194262, 0.194582, 0.196043, 0.196682, 0.196702, 0.19687, 0.197079, 0.197318, 0.197576, 0.197904, 0.1982, 0.198382, 0.198497, 0.19924, 0.200154, 0.200405, 0.200612, 0.20161, 0.201703, 0.201784, 0.20487, 0.204997, 0.205648, 0.206317, 0.206449, 0.206633, 0.20668, 0.208247, 0.209315, 0.209497, 0.210321, 0.210473, 0.21152, 0.212037, 0.212142, 0.212188, 0.21226, 0.213784, 0.214416, 0.214621, 0.215502, 0.215611, 0.215659, 0.215781, 0.21736, 0.217518, 0.218185, 0.218778, 0.221583, 0.221711, 0.222065, 0.223943, 0.223991, 0.225229, 0.225247, 0.22684, 0.228002, 0.228679, 0.230194, 0.231639, 0.231779, 0.233609, 0.234059, 0.236788, 0.237506, 0.237818, 0.238201, 0.239265, 0.23939, 0.24066, 0.240975, 0.241997, 0.24221, 0.242356, 0.242725, 0.243281, 0.243916, 0.244916, 0.245683, 0.245707, 0.246003, 0.246345, 0.246404, 0.246534, 0.247039, 0.247596, 0.248199, 0.248388, 0.248865, 0.249438, 0.250288, 0.251683, 0.25328, 0.253936, 0.258144, 0.25851, 0.259423, 0.259973, 0.260278, 0.260666, 0.261206, 0.261596, 0.262454, 0.262817, 0.263708, 0.2663, 0.266674, 0.267866, 0.268344, 0.268567, 0.269722, 0.269981, 0.271658, 0.271706, 0.272477, 0.272791, 0.273158, 0.273203, 0.27342, 0.273595, 0.273662, 0.276912, 0.278649, 0.279352, 0.280301, 0.281003, 0.281087, 0.282854, 0.283545, 0.283823, 0.284396, 0.284498, 0.285455, 0.286547, 0.286933, 0.287584, 0.288593, 0.289815, 0.290589, 0.291104, 0.291214, 0.292079, 0.294595, 0.294978, 0.296521, 0.297417, 0.298221, 0.299224, 0.301108, 0.301183, 0.301347, 0.301658, 0.303457, 0.304445, 0.306446, 0.306977, 0.310065, 0.310426, 0.311605, 0.312597, 0.313201, 0.313803, 0.313847, 0.315327, 0.315669, 0.316479, 0.316512, 0.316675, 0.317218, 0.318296, 0.319053, 0.32008, 0.320991, 0.321243, 0.321554, 0.323355, 0.323581, 0.324211, 0.32723, 0.32771, 0.328103, 0.330737, 0.330871, 0.334742, 0.335246, 0.336071, 0.336499, 0.337217, 0.337604, 0.339642, 0.339788, 0.340916, 0.345217, 0.346112, 0.351331, 0.351673, 0.356529, 0.36202, 0.363854, 0.365827, 0.366517, 0.366606, 0.366943, 0.370362, 0.374943, 0.376627, 0.377256, 0.379122, 0.379403, 0.380002, 0.380922, 0.383793, 0.38541, 0.388789, 0.390322, 0.390423, 0.392706, 0.397665, 0.397844, 0.400752, 0.401723, 0.403305, 0.403978, 0.404867, 0.405528, 0.409233, 0.409347, 0.410978, 0.411529, 0.411589, 0.412188, 0.415614, 0.416901, 0.420384, 0.424106, 0.42432, 0.426146, 0.428851, 0.434652, 0.436107, 0.436217, 0.438909, 0.440092, 0.448751, 0.450431, 0.455636, 0.457934, 0.45943, 0.460093, 0.462789, 0.471133, 0.472826, 0.473471, 0.473703, 0.484183, 0.484843, 0.488173, 0.499023, 0.505338, 0.513179, 0.514865, 0.517016, 0.520994, 0.521564, 0.522674, 0.522924, 0.531698, 0.534689, 0.535396, 0.538453, 0.539262, 0.54234, 0.554243, 0.556209, 0.558833, 0.559195, 0.559411, 0.562697, 0.564196, 0.566013, 0.568023, 0.569718, 0.570417, 0.572957, 0.592889, 0.600009, 0.60199, 0.604218, 0.604502, 0.606877, 0.610135, 0.613627, 0.622176, 0.632649, 0.636292, 0.642029, 0.646803, 0.650337, 0.661668, 0.664093, 0.664836, 0.670248, 0.670584, 0.670996, 0.676897, 0.678334, 0.681074, 0.681553, 0.683614, 0.687059, 0.690749, 0.691421, 0.694004, 0.698217, 0.700317, 0.703485, 0.706982, 0.707598, 0.707676, 0.707702, 0.713744, 0.715178, 0.716313, 0.717972, 0.718688, 0.719445, 0.721768, 0.728772, 0.736411, 0.744074, 0.74808, 0.756195, 0.763289, 0.763377, 0.767312, 0.780853, 0.80125, 0.802708, 0.810016, 0.813107, 0.814201, 0.822521, 0.823142, 0.829481, 0.830799, 0.834474, 0.836654, 0.838855, 0.839947, 0.840396, 0.841667, 0.843016, 0.850003, 0.850692, 0.861536, 0.867287, 0.867592, 0.873167, 0.873946, 0.874528, 0.879798, 0.881456, 0.882155, 0.88241, 0.883402, 