{"sigma_r": null, "sigma_i": 0.4183, "m": 12, "seed": 3305322913, "n_k": {"1": 3635, "2": 946, "3": 233, "4": 72, "5": 13, "6+": 1}, "dlogr": [0.000218, 0.000277, 0.000312, 0.000321, 0.000405, 0.000496, 0.000595, 0.000873, 0.000885, 0.000923, 0.000968, 0.000994, 0.001274, 0.001463, 0.002113, 0.002216, 0.002673, 0.002788, 0.002979, 0.003113, 0.003171, 0.00331, 0.003633, 0.003673, 0.003873, 0.004173, 0.004961, 0.005048, 0.005112, 0.005135, 0.005256, 0.00545, 0.005461, 0.005511, 0.00556, 0.005935, 0.006143, 0.006176, 0.006465, 0.006577, 0.006902, 0.006952, 0.007089, 0.007198, 0.007494, 0.007613, 0.007623, 0.007746, 0.008315, 0.008432, 0.008879, 0.008979, 0.009005, 0.009073, 0.009091, 0.009425, 0.009465, 0.00956, 0.009693, 0.009992, 0.010133, 0.010189, 0.010534, 0.010647, 0.01088, 0.010977, 0.010977, 0.011379, 0.012041, 0.012236, 0.012724, 0.012864, 0.012914, 0.01296, 0.013153, 0.013239, 0.013427, 0.013504, 0.013589, 0.013673, 0.014091, 0.014485, 0.014868, 0.014991, 0.015185, 0.015232, 0.01532, 0.015451, 0.015548, 0.015614, 0.015712, 0.015747, 0.016034, 0.016408, 0.016421, 0.016513, 0.016765, 0.016834, 0.017339, 0.017513, 0.0178, 0.017844, 0.017972, 0.01805, 0.018241, 0.018395, 0.018544, 0.018573, 0.019232, 0.019504, 0.019592, 0.019834, 0.019954, 0.01996, 0.020322, 0.020435, 0.020495, 0.020693, 0.020921, 0.02097, 0.021061, 0.021309, 0.021632, 0.021671, 0.021764, 0.02215, 0.0222, 0.022271, 0.022364, 0.022592, 0.022727, 0.022795, 0.022865, 0.023018, 0.023592, 0.02391, 0.024013, 0.024023, 0.024128, 0.024315, 0.024369, 0.024673, 0.024722, 0.024738, 0.024825, 0.024865, 0.02519, 0.025762, 0.025853, 0.025972, 0.026073, 0.026133, 0.026311, 0.026367, 0.026528, 0.02653, 0.027189, 0.027435, 0.027722, 0.028027, 0.028072, 0.028085, 0.028229, 0.028356, 0.028472, 0.028509, 0.02867, 0.028709, 0.028864, 0.02891, 0.028946, 0.029156, 0.029577, 0.02966, 0.029813, 0.029852, 0.030465, 0.030785, 0.03089, 0.031142, 0.031361, 0.031363, 0.031379, 0.031495, 0.032061, 0.032653, 0.032799, 0.032916, 0.033, 0.033017, 0.033479, 0.034144, 0.034282, 0.034307, 0.034571, 0.034799, 0.035062, 0.035385, 0.035615, 0.035623, 0.035886, 0.035913, 0.035968, 0.036267, 0.036281, 0.036496, 0.036548, 0.036574, 0.03659, 0.03704, 0.037104, 0.037132, 0.037627, 0.037833, 0.037885, 0.038107, 0.038389, 0.03839, 0.039198, 0.039301, 0.039419, 0.039949, 0.039966, 0.040023, 0.040035, 0.040342, 0.04047, 0.040902, 0.040974, 0.041591, 0.041748, 0.041901, 0.042152, 0.042731, 0.042798, 0.043782, 0.043811, 0.04405, 0.044078, 0.044136, 0.044302, 0.044539, 0.044618, 0.044669, 0.045436, 0.045439, 0.045639, 0.045712, 0.045743, 0.04576, 0.045788, 0.045878, 0.045962, 0.046005, 0.046046, 0.046774, 0.046973, 0.047649, 0.048003, 0.048037, 0.048218, 0.048406, 0.048431, 0.048544, 0.048596, 0.048774, 0.048861, 0.048937, 0.049706, 0.050146, 0.050178, 0.050185, 0.050254, 0.050573, 0.050746, 0.050767, 0.050774, 0.050813, 0.050843, 0.050896, 0.051254, 0.05127, 0.051649, 0.051951, 0.052236, 0.052531, 0.052543, 0.052875, 0.052889, 0.053163, 0.053214, 0.053537, 0.053645, 0.053881, 0.053943, 0.053984, 0.054149, 0.054279, 0.054375, 0.054582, 0.055549, 0.055881, 0.055919, 0.056197, 0.056238, 0.056366, 0.056518, 0.056535, 0.056732, 0.056813, 0.057078, 0.05734, 0.057561, 0.057574, 0.057594, 0.057644, 0.057844, 0.057874, 0.058037, 0.058218, 0.058238, 0.058572, 0.059018, 0.05911, 0.059284, 0.059406, 0.059494, 0.059568, 0.059864, 0.060007, 0.060071, 0.060497, 0.061411, 0.061805, 0.061987, 0.062084, 0.0621, 0.062648, 0.063051, 0.063234, 0.063248, 0.063778, 0.063779, 0.064236, 0.064291, 0.064367, 0.064469, 0.064862, 0.065544, 0.065649, 0.065682, 0.066444, 0.066615, 0.066725, 0.066743, 0.06704, 0.067124, 0.067317, 0.067438, 0.067532, 0.067627, 0.067829, 0.06785, 0.067927, 0.068015, 0.068171, 0.068221, 0.068239, 0.068279, 0.068667, 0.068806, 0.06934, 0.069359, 0.069444, 0.069552, 0.069962, 0.070346, 0.070384, 0.070436, 0.070464, 0.071285, 0.071584, 0.072198, 0.072263, 0.072501, 0.072693, 0.072788, 0.072791, 0.073048, 0.073183, 0.073442, 0.07364, 0.073811, 0.073888, 0.073927, 0.074041, 0.074139, 0.074253, 0.074337, 0.074346, 0.07435, 0.074448, 0.074539, 0.074876, 0.074885, 0.074907, 0.075068, 0.075978, 0.07598, 0.076177, 0.076204, 0.076423, 0.076683, 0.076948, 0.077136, 0.077228, 0.077281, 0.07736, 0.077428, 0.077581, 0.077911, 0.078257, 0.078623, 0.078936, 0.078944, 0.079043, 0.079234, 0.079618, 0.07966, 0.0797, 0.079962, 0.079994, 0.080524, 0.080897, 0.080991, 0.08101, 0.081372, 0.082012, 0.082499, 0.082629, 0.082686, 0.082908, 0.083038, 0.083143, 0.083252, 0.083301, 0.083328, 0.083883, 0.084103, 0.084133, 0.084202, 0.084218, 0.084308, 0.084484, 0.084566, 0.084795, 0.084844, 0.084899, 0.085014, 0.085039, 0.085255, 0.085583, 0.086022, 0.086101, 0.08645, 0.086575, 0.087136, 0.087159, 0.087419, 0.087471, 0.089437, 0.089698, 0.090158, 0.090393, 0.09124, 0.091476, 0.091633, 0.091668, 0.09173, 0.091737, 0.091846, 0.091994, 0.092337, 0.092545, 0.092583, 0.092814, 0.093088, 0.093853, 0.093932, 0.094079, 0.094163, 0.094493, 0.094521, 0.094532, 0.094706, 0.094881, 0.095566, 0.095656, 0.095707, 0.09594, 0.09609, 0.09625, 0.0964, 0.096512, 0.096888, 0.096902, 0.097152, 0.097512, 0.098215, 0.098358, 0.098738, 0.098948, 0.099826, 0.099849, 0.100222, 0.100297, 0.100684, 0.100686, 0.100747, 0.10105, 0.101137, 0.101263, 0.101318, 0.101614, 0.101638, 0.101674, 0.102002, 0.102409, 0.102609, 0.102781, 0.103817, 0.103853, 0.104224, 0.104787, 0.104846, 0.105003, 0.105276, 0.105826, 0.106277, 0.106343, 0.106744, 0.107013, 0.107353, 0.107516, 0.107534, 0.107542, 0.107773, 0.10787, 0.108162, 0.108182, 0.108711, 0.109288, 0.109324, 0.109554, 0.109604, 0.109645, 0.109852, 0.110837, 0.111517, 0.111798, 0.111846, 0.111847, 0.112151, 0.112488, 0.112658, 0.113325, 0.113848, 0.113865, 0.114103, 0.114511, 0.114752, 0.115102, 0.116214, 0.116289, 0.1163, 0.116598, 0.116701, 0.116786, 0.116905, 0.116949, 0.117065, 0.117143, 0.117456, 0.117829, 0.117909, 0.118267, 0.118328, 0.11866, 0.118752, 0.118984, 0.119096, 0.11955, 0.119715, 0.119963, 0.119988, 0.120261, 0.120269, 0.120498, 0.120594, 0.120647, 0.121153, 0.121292, 0.121406, 0.121579, 0.121874, 0.122105, 0.122148, 0.122372, 0.122548, 0.122889, 0.123271, 0.123315, 0.123511, 0.123612, 0.123661, 0.123724, 0.123746, 0.12376, 0.124049, 0.124087, 0.124182, 0.124304, 0.124313, 0.124479, 0.124972, 0.125463, 0.125805, 0.125817, 0.125875, 0.126244, 0.126261, 0.126278, 0.126618, 0.1269, 0.126953, 0.127003, 0.127519, 0.127674, 0.127982, 0.127997, 0.128154, 0.128196, 0.128262, 0.12856, 0.129322, 0.130024, 0.130224, 0.130476, 0.130542, 0.130588, 0.131096, 0.131433, 0.132202, 0.132425, 0.132566, 0.132672, 0.132711, 0.132964, 0.132977, 0.133294, 0.133599, 0.134, 0.134043, 0.13429, 0.134291, 0.135, 0.135307, 0.135808, 0.135925, 0.135951, 0.135978, 0.13615, 0.136348, 0.136476, 0.137137, 0.137455, 0.137715, 0.137743, 0.137996, 0.138293, 0.138626, 0.13867, 0.139111, 0.139113, 0.139502, 0.139932, 0.140858, 0.140892, 0.141128, 0.141432, 0.141464, 0.141692, 0.141822, 0.142486, 0.142642, 0.142664, 0.143233, 0.143637, 0.14398, 0.144265, 0.144499, 0.144641, 0.144689, 0.144736, 0.145215, 0.145379, 0.145466, 0.145991, 0.146369, 0.148235, 0.148394, 0.148713, 0.14895, 0.149261, 0.149288, 0.149309, 0.149408, 0.149453, 0.149495, 0.149692, 0.149918, 0.149944, 0.150576, 0.150882, 0.150952, 0.151443, 0.151735, 0.151966, 0.152226, 0.152297, 0.152564, 0.152611, 0.152978, 0.153093, 0.153267, 0.153363, 0.154058, 0.154268, 0.154607, 0.154763, 0.1554, 0.155649, 0.155844, 0.156044, 0.156095, 0.156177, 0.156718, 0.156797, 0.156843, 0.157001, 0.15709, 0.157121, 0.157465, 0.157528, 0.15756, 0.157967, 0.157994, 0.158309, 0.158831, 0.159058, 0.159238, 0.15944, 0.159573, 0.1596, 0.16049, 0.161254, 0.161909, 0.162103, 0.162393, 0.162425, 0.162435, 0.162608, 0.162951, 0.162968, 0.163002, 0.163074, 0.163285, 0.163345, 0.163645, 0.163691, 0.163745, 0.163953, 0.164415, 0.164489, 0.164685, 0.164798, 0.164824, 0.164846, 0.165025, 0.165037, 0.165283, 0.16614, 0.166401, 0.166457, 