{"sigma_r": 1.5244, "sigma_i": 1.8292, "m": 0, "seed": 2944466262, "n_k": {"1": 4330, "2": 923, "3": 177, "4": 39, "5": 3, "6+": 1}, "dlogr": [0.0, 0.0, 2.3e-05, 8.8e-05, 0.000232, 0.000285, 0.00063, 0.001086, 0.00125, 0.001351, 0.001436, 0.001553, 0.001897, 0.002102, 0.002606, 0.002725, 0.002853, 0.002909, 0.002917, 0.002957, 0.003294, 0.003382, 0.003412, 0.003762, 0.003802, 0.004007, 0.004018, 0.004099, 0.00465, 0.004782, 0.005531, 0.005674, 0.005711, 0.005873, 0.006133, 0.006148, 0.006156, 0.006211, 0.006418, 0.006582, 0.006669, 0.007173, 0.0072, 0.007262, 0.007345, 0.007565, 0.007616, 0.007661, 0.00781, 0.007948, 0.007971, 0.008552, 0.008621, 0.008664, 0.008747, 0.008782, 0.009476, 0.009591, 0.010275, 0.010295, 0.010436, 0.010466, 0.010764, 0.010774, 0.011154, 0.01167, 0.011932, 0.01209, 0.012117, 0.012222, 0.012378, 0.012509, 0.012605, 0.012753, 0.012754, 0.012815, 0.013127, 0.013166, 0.013245, 0.013471, 0.013761, 0.01377, 0.013874, 0.014167, 0.014638, 0.014706, 0.014778, 0.014914, 0.015005, 0.01555, 0.015617, 0.016376, 0.01668, 0.016866, 0.017329, 0.01769, 0.017959, 0.018025, 0.018228, 0.018711, 0.018874, 0.019008, 0.019048, 0.019411, 0.01951, 0.019686, 0.019899, 0.019945, 0.020026, 0.020215, 0.020558, 0.02061, 0.020637, 0.020916, 0.021466, 0.021879, 0.021897, 0.022176, 0.022581, 0.022619, 0.022631, 0.022726, 0.023172, 0.02336, 0.023521, 0.023596, 0.02363, 0.02366, 0.023697, 0.023713, 0.023956, 0.024427, 0.024665, 0.024892, 0.024929, 0.025406, 0.025411, 0.025433, 0.025474, 0.025695, 0.026156, 0.026182, 0.026219, 0.026415, 0.027007, 0.027015, 0.027516, 0.027579, 0.027776, 0.028017, 0.028158, 0.028479, 0.028769, 0.028813, 0.028864, 0.028994, 0.029006, 0.029022, 0.029138, 0.029664, 0.029812, 0.02985, 0.029929, 0.029936, 0.030006, 0.030113, 0.030138, 0.030221, 0.030257, 0.030573, 0.030705, 0.030998, 0.031177, 0.031302, 0.031306, 0.031422, 0.031742, 0.031796, 0.032158, 0.032169, 0.03231, 0.032395, 0.032803, 0.032937, 0.033079, 0.033223, 0.03324, 0.033519, 0.033557, 0.034359, 0.034536, 0.034842, 0.035216, 0.035314, 0.035349, 0.035363, 0.035367, 0.035393, 0.035515, 0.035531, 0.036437, 0.036796, 0.037111, 0.037166, 0.037181, 0.0374, 0.037963, 0.038208, 0.038238, 0.038338, 0.038424, 0.038557, 0.038848, 0.038891, 0.03892, 0.039166, 0.039228, 0.039685, 0.040243, 0.040408, 0.040554, 0.040655, 0.040723, 0.041107, 0.04133, 0.041437, 0.041737, 0.041854, 0.041951, 0.042058, 0.042136, 0.04226, 0.042464, 0.042892, 0.043249, 0.043274, 0.043572, 0.04415, 0.044219, 0.044369, 0.044444, 0.044609, 0.044665, 0.045158, 0.045253, 0.045481, 0.045518, 0.045634, 0.045635, 0.045993, 0.046443, 0.046602, 0.047101, 0.047172, 0.047303, 0.047636, 0.047645, 0.047691, 0.047703, 0.04785, 0.048715, 0.048767, 0.048903, 0.048944, 0.049381, 0.049529, 0.049622, 0.05089, 0.050927, 0.051389, 0.051722, 0.051858, 0.051915, 0.051928, 0.05237, 0.053139, 0.053211, 0.053403, 0.053555, 0.053684, 0.05372, 0.053807, 0.054146, 0.054234, 0.054324, 0.054392, 0.054535, 0.054735, 0.054845, 0.055169, 0.055571, 0.055635, 0.05625, 0.056288, 0.05642, 0.056947, 0.056978, 0.057522, 0.057694, 0.057699, 0.057719, 0.05784, 0.058066, 0.058281, 0.058433, 0.058466, 0.058554, 0.058887, 0.058955, 0.059186, 0.059391, 0.059403, 0.059606, 0.059711, 0.059786, 0.060101, 0.060286, 0.060482, 0.06054, 0.060582, 0.060842, 0.061408, 0.061969, 0.061982, 0.062093, 0.062158, 0.062654, 0.06269, 0.062948, 0.063252, 0.06328, 0.063307, 0.063357, 0.063572, 0.063779, 0.064019, 0.064068, 0.064209, 0.064275, 0.064374, 0.064399, 0.065022, 0.065051, 0.065472, 0.066147, 0.066471, 0.066652, 0.066884, 0.067254, 0.067293, 0.067464, 0.067537, 0.067587, 0.067897, 0.068532, 0.068717, 0.06888, 0.069035, 0.069109, 0.069718, 0.069783, 0.06988, 0.069988, 0.070092, 0.070522, 0.070559, 0.070585, 0.070706, 0.070963, 0.071146, 0.071171, 0.071882, 0.071914, 0.072207, 0.072257, 0.072352, 0.07251, 0.072628, 0.073052, 0.073055, 0.073097, 0.073224, 0.073233, 0.073446, 0.073626, 0.073659, 0.073756, 0.073906, 0.074238, 0.074295, 0.074679, 0.074861, 0.075257, 0.075771, 0.075841, 0.075855, 0.076211, 0.076296, 0.076862, 0.077358, 0.077528, 0.077694, 0.078037, 0.078575, 0.078584, 0.078642, 0.078862, 0.079672, 0.079782, 0.080159, 0.08068, 0.080806, 0.080873, 0.081106, 0.081205, 0.081474, 0.08179, 0.081852, 0.081881, 0.082271, 0.082286, 0.08249, 0.08284, 0.082962, 0.083731, 0.083833, 0.083857, 0.08401, 0.084382, 0.084505, 0.084708, 0.085023, 0.085023, 0.085522, 0.085999, 0.086143, 0.086273, 0.08639, 0.086992, 0.087558, 0.0878, 0.088391, 0.088503, 0.088718, 0.088833, 0.089017, 0.089044, 0.089332, 0.089384, 0.089416, 0.089687, 0.089691, 0.089981, 0.090178, 0.090259, 0.090387, 0.090458, 0.090499, 0.090609, 0.09086, 0.090932, 0.090942, 0.09096, 0.091105, 0.091105, 0.091106, 0.09129, 0.091536, 0.091633, 0.091669, 0.091764, 0.092732, 0.092775, 0.093053, 0.09345, 0.093643, 0.093674, 0.093894, 0.093906, 0.094003, 0.094881, 0.095006, 0.095079, 0.095239, 0.095297, 0.09534, 0.095447, 0.095532, 0.095655, 0.095834, 0.096053, 0.096333, 0.096529, 0.097002, 0.097113, 0.0972, 0.097813, 0.097939, 0.097962, 0.098152, 0.098437, 0.098561, 0.098571, 0.09908, 0.099322, 0.099707, 0.100117, 0.100298, 0.10051, 0.100555, 0.100564, 0.100643, 0.100866, 0.101264, 0.101397, 0.101424, 0.10161, 0.102012, 0.102332, 0.102454, 0.103037, 0.103208, 0.103274, 0.10333, 0.103565, 0.103852, 0.10387, 0.104063, 0.104657, 0.104746, 0.104888, 0.104941, 0.10573, 0.105895, 0.106026, 0.106487, 0.106642, 0.10673, 0.106767, 0.107004, 0.107068, 0.107143, 0.107254, 0.107301, 0.107734, 0.10802, 0.108343, 0.108428, 0.108715, 0.108845, 0.108872, 0.109028, 0.109173, 0.109579, 0.109822, 0.110311, 0.11087, 0.110919, 0.111659, 0.111736, 0.111884, 0.111971, 0.112703, 0.112734, 0.113169, 0.113456, 0.113535, 0.113723, 0.113788, 0.11379, 0.11381, 0.114815, 0.115267, 0.115325, 0.1154, 0.115745, 0.1158, 0.115883, 0.11591, 0.115943, 0.116217, 0.116477, 0.117346, 0.117378, 0.117435, 0.117559, 0.117661, 0.117665, 0.117815, 0.117827, 0.11911, 0.119111, 0.119253, 0.119527, 0.11957, 0.119961, 0.120048, 0.120368, 0.120965, 0.121324, 0.121611, 0.12164, 0.121677, 0.121901, 0.121993, 0.122013, 0.122117, 0.122527, 0.122544, 0.122617, 0.122738, 0.122893, 0.123019, 0.123481, 0.123546, 0.123676, 0.124256, 0.124311, 0.124407, 0.124707, 0.124973, 0.125005, 0.125232, 0.12552, 0.125616, 0.125908, 0.125917, 0.125947, 0.126396, 0.127911, 0.127937, 0.128032, 0.128311, 0.128381, 0.128637, 0.130309, 0.130459, 0.130481, 0.130531, 0.130668, 0.130896, 0.131371, 0.132113, 0.132209, 0.132262, 0.13249, 0.132505, 0.13261, 0.133006, 0.134156, 0.134768, 0.134887, 0.135214, 0.135441, 0.135442, 0.136772, 0.136852, 0.13711, 0.137166, 0.137169, 0.137219, 0.13739, 0.137808, 0.13801, 0.138395, 0.138435, 0.139248, 0.139285, 0.140151, 0.140478, 0.140983, 0.141385, 0.142308, 0.142541, 0.143194, 0.143503, 0.143939, 0.144159, 0.144552, 0.144973, 0.145224, 0.145532, 0.145578, 0.14606, 0.146081, 0.146537, 0.147049, 0.147139, 0.147775, 0.147871, 0.148214, 0.148737, 0.149061, 0.149147, 0.149195, 0.15014, 0.150311, 0.150312, 0.150567, 0.150646, 0.150746, 0.151872, 0.152176, 0.152373, 0.152796, 0.152905, 0.153053, 0.153085, 0.153194, 0.153703, 0.153905, 0.153954, 0.15401, 0.155129, 0.155381, 0.155497, 0.155504, 0.155563, 0.155665, 0.155756, 0.158366, 0.158498, 0.159288, 0.159651, 0.159979, 0.160311, 0.160438, 0.160504, 0.160564, 0.161625, 0.161925, 0.16229, 0.162628, 0.162666, 0.16298, 0.16317, 0.163238, 0.164049, 0.164969, 0.165728, 0.166191, 0.167443, 0.168025, 0.168819, 0.169227, 0.169396, 0.169399, 0.169498, 0.169498, 0.16951, 0.16966, 0.170504, 0.17153, 0.171747, 0.172073, 0.172206, 0.172795, 0.172902, 0.173979, 0.174138, 0.174212, 0.174314, 0.174584, 0.174854, 0.174875, 0.175088, 0.175857, 0.176034, 0.176234, 0.17651, 0.17689, 0.177075, 0.177282, 0.17808, 0.178597, 0.178676, 0.179019, 0.179379, 0.180122, 0.180405, 0.181502, 0.181729, 0.181916, 0.182691, 0.182968, 0.182984, 0.183187, 0.183615, 0.184044, 0.184163, 0.18427, 0.184291, 0.184354, 0.184558, 0.186425, 0.18711, 