{"sigma_r": 2.3939, "sigma_i": 0.2, "m": 15, "seed": 2383015972, "n_k": {"1": 3731, "2": 979, "3": 234, "4": 73, "5": 10, "6+": 3}, "dlogr": [0.0, 2.4e-05, 8.5e-05, 0.000295, 0.000494, 0.000551, 0.000563, 0.000803, 0.000956, 0.001016, 0.001029, 0.001108, 0.001353, 0.00171, 0.001864, 0.00203, 0.002214, 0.002217, 0.00258, 0.002782, 0.002793, 0.003066, 0.003125, 0.003275, 0.003293, 0.003342, 0.003434, 0.003691, 0.003839, 0.003894, 0.003954, 0.004066, 0.004067, 0.004463, 0.0045, 0.00467, 0.005096, 0.005245, 0.005365, 0.005605, 0.006068, 0.006317, 0.006353, 0.006677, 0.006851, 0.006923, 0.006951, 0.007128, 0.007214, 0.007267, 0.00731, 0.007374, 0.007377, 0.007516, 0.00779, 0.00787, 0.007889, 0.0081, 0.008242, 0.008586, 0.008979, 0.009098, 0.009119, 0.009124, 0.009322, 0.009497, 0.009647, 0.009918, 0.009997, 0.010473, 0.010568, 0.010869, 0.010935, 0.010947, 0.011199, 0.011257, 0.011639, 0.01179, 0.012011, 0.012237, 0.012369, 0.012385, 0.012776, 0.012838, 0.012875, 0.012971, 0.012981, 0.01322, 0.013491, 0.013533, 0.013714, 0.014066, 0.014179, 0.014426, 0.014495, 0.014552, 0.014598, 0.014753, 0.01482, 0.014873, 0.015126, 0.015352, 0.015363, 0.015456, 0.015604, 0.015745, 0.015802, 0.016009, 0.016085, 0.016237, 0.016259, 0.016271, 0.016337, 0.016355, 0.016373, 0.016382, 0.016772, 0.016788, 0.017059, 0.017419, 0.017451, 0.01747, 0.017636, 0.017643, 0.017677, 0.017994, 0.018083, 0.018262, 0.018682, 0.019083, 0.019131, 0.019203, 0.019434, 0.020588, 0.020748, 0.020823, 0.020872, 0.02142, 0.021614, 0.02181, 0.022027, 0.022092, 0.02228, 0.022618, 0.022818, 0.022883, 0.023099, 0.023157, 0.023404, 0.023449, 0.023644, 0.024138, 0.024545, 0.025162, 0.025556, 0.025642, 0.025669, 0.025864, 0.026068, 0.026732, 0.027004, 0.027237, 0.027331, 0.027638, 0.027824, 0.027893, 0.028178, 0.028439, 0.028478, 0.028558, 0.028598, 0.028606, 0.028713, 0.029465, 0.02959, 0.029658, 0.029928, 0.030452, 0.03046, 0.03049, 0.030587, 0.030704, 0.030708, 0.031013, 0.031474, 0.032044, 0.032093, 0.032185, 0.032408, 0.032519, 0.032647, 0.032764, 0.03291, 0.033041, 0.033127, 0.033374, 0.033453, 0.033488, 0.033563, 0.033608, 0.033679, 0.034311, 0.034642, 0.034658, 0.034887, 0.035048, 0.035215, 0.035441, 0.035712, 0.036034, 0.036042, 0.036051, 0.0362, 0.036333, 0.036385, 0.036418, 0.036551, 0.036745, 0.037143, 0.037255, 0.037296, 0.037389, 0.037437, 0.037572, 0.037875, 0.037975, 0.03815, 0.038186, 0.038302, 0.038882, 0.039016, 0.039256, 0.039477, 0.039865, 0.040157, 0.040483, 0.040506, 0.040908, 0.041436, 0.041684, 0.041807, 0.042231, 0.042247, 0.042298, 0.0424, 0.042412, 0.042866, 0.043259, 0.043496, 0.043644, 0.043858, 0.043861, 0.043877, 0.043973, 0.044223, 0.044224, 0.04425, 0.044316, 0.044343, 0.044634, 0.045133, 0.04541, 0.045571, 0.045866, 0.045887, 0.046119, 0.046572, 0.047133, 0.047173, 0.047336, 0.047413, 0.04778, 0.047828, 0.048021, 0.048297, 0.048367, 0.048397, 0.048433, 0.048751, 0.048756, 0.048785, 0.04897, 0.049068, 0.049115, 0.049133, 0.049134, 0.049428, 0.049708, 0.049771, 0.0501, 0.050234, 0.050544, 0.050801, 0.051442, 0.051724, 0.051872, 0.052362, 0.052721, 0.052792, 0.052994, 0.053303, 0.053347, 0.053416, 0.053437, 0.053892, 0.054873, 0.05489, 0.054929, 0.054944, 0.055023, 0.055394, 0.055641, 0.056088, 0.056387, 0.056475, 0.056594, 0.056671, 0.056993, 0.057205, 0.05775, 0.057799, 0.058187, 0.058307, 0.058446, 0.058477, 0.058726, 0.058776, 0.058793, 0.059109, 0.059184, 0.059293, 0.059515, 0.059901, 0.059934, 0.060159, 0.060725, 0.060753, 0.060844, 0.061011, 0.061461, 0.061709, 0.061732, 0.061874, 0.061932, 0.061999, 0.062113, 0.062131, 0.062327, 0.062364, 0.062631, 0.062643, 0.062728, 0.062852, 0.063294, 0.063413, 0.063963, 0.064154, 0.064422, 0.064484, 0.064718, 0.064824, 0.064846, 0.065018, 0.065169, 0.065274, 0.065647, 0.065739, 0.066141, 0.066476, 0.066518, 0.066594, 0.066681, 0.066694, 0.067, 0.067042, 0.067083, 0.067126, 0.067351, 0.067362, 0.067384, 0.067462, 0.068492, 0.068767, 0.06908, 0.069149, 0.069164, 0.069287, 0.069409, 0.069622, 0.069632, 0.06964, 0.070094, 0.070168, 0.070217, 0.070439, 0.070448, 0.070567, 0.07128, 0.071302, 0.071474, 0.071487, 0.071656, 0.071689, 0.071693, 0.071987, 0.072076, 0.072174, 0.072302, 0.072785, 0.072852, 0.073341, 0.073619, 0.074024, 0.074054, 0.074504, 0.074824, 0.074984, 0.075061, 0.075072, 0.075293, 0.075391, 0.075644, 0.075784, 0.075837, 0.076311, 0.076566, 0.076667, 0.076844, 0.076925, 0.077119, 0.077339, 0.077457, 0.077517, 0.077732, 0.078579, 0.078777, 0.079634, 0.080137, 0.080204, 0.080927, 0.081251, 0.081441, 0.08145, 0.0815, 0.081801, 0.081909, 0.082281, 0.082469, 0.082471, 0.082619, 0.082629, 0.082959, 0.082985, 0.083008, 0.083092, 0.083265, 0.083292, 0.083419, 0.083446, 0.083506, 0.083786, 0.084029, 0.084119, 0.084355, 0.084513, 0.084612, 0.084844, 0.085147, 0.085615, 0.085633, 0.085659, 0.08609, 0.086354, 0.086668, 0.086733, 0.086752, 0.086842, 0.08704, 0.08714, 0.087323, 0.087663, 0.087675, 0.087777, 0.087974, 0.088374, 0.088895, 0.089331, 0.089458, 0.089647, 0.089723, 0.089856, 0.089944, 0.090185, 0.090385, 0.090511, 0.090756, 0.090983, 0.091071, 0.09121, 0.091216, 0.091352, 0.091496, 0.091912, 0.092041, 0.092224, 0.092732, 0.092794, 0.093074, 0.093209, 0.093698, 0.093788, 0.093823, 0.093824, 0.09425, 0.094446, 0.094578, 0.094792, 0.095023, 0.095167, 0.095278, 0.095756, 0.096374, 0.096415, 0.096455, 0.096621, 0.096671, 0.096755, 0.096943, 0.097033, 0.097529, 0.097871, 0.097914, 0.097924, 0.098289, 0.098564, 0.098654, 0.09873, 0.098791, 0.098844, 0.098844, 0.099238, 0.099721, 0.099833, 0.100199, 0.100222, 0.100285, 0.100444, 0.10069, 0.100763, 0.100955, 0.101116, 0.101202, 0.101247, 0.101469, 0.101703, 0.101839, 0.102112, 0.10246, 0.10255, 0.102632, 0.102906, 0.102932, 0.103022, 0.103246, 0.103421, 0.103458, 0.103729, 0.103842, 0.10396, 0.104046, 0.104381, 0.1045, 0.104801, 0.104852, 0.104952, 0.104985, 0.104996, 0.10579, 0.105807, 0.10588, 0.105942, 0.106119, 0.106165, 0.106213, 0.106217, 0.106379, 0.106404, 0.106562, 0.106815, 0.10704, 0.107504, 0.107511, 0.107644, 0.107688, 0.10769, 0.107998, 0.108054, 0.108106, 0.108139, 0.108542, 0.108651, 0.108703, 0.108784, 0.109286, 0.109426, 0.109429, 0.109456, 0.109588, 0.109867, 0.109913, 0.110128, 0.110288, 0.110641, 0.111069, 0.111185, 0.111306, 0.111366, 0.111434, 0.112184, 0.112486, 0.112987, 0.113109, 0.113252, 0.113693, 0.113721, 0.113756, 0.113877, 0.11388, 0.114079, 0.114087, 0.114226, 0.114278, 0.114493, 0.114839, 0.1149, 0.115305, 0.115486, 0.115901, 0.116047, 0.116161, 0.116438, 0.116517, 0.116798, 0.117169, 0.117496, 0.117878, 0.118501, 0.118551, 0.118963, 0.119015, 0.119167, 0.119181, 0.11919, 0.119229, 0.119231, 0.119253, 0.119279, 0.119328, 0.119694, 0.119714, 0.119799, 0.119865, 0.119888, 0.119899, 0.120134, 0.120719, 0.120771, 0.120994, 0.12117, 0.121471, 0.122331, 0.123412, 0.123544, 0.123759, 0.123846, 0.124026, 0.12407, 0.124187, 0.124297, 0.124384, 0.124716, 0.124796, 0.125319, 0.125627, 0.125867, 0.125914, 0.125968, 0.126179, 0.126353, 0.126712, 0.126839, 0.127114, 0.127265, 0.127712, 0.12783, 0.127941, 0.128895, 0.128913, 0.128926, 0.12919, 0.129625, 0.130007, 0.130503, 0.131411, 0.131666, 0.132603, 0.132685, 0.133027, 0.13374, 0.133832, 0.133865, 0.134316, 0.134679, 0.134813, 0.134917, 0.134939, 0.135063, 0.135335, 0.135368, 0.135444, 0.135862, 0.135905, 0.136031, 0.1363, 0.136327, 0.136366, 0.137371, 0.137445, 0.137548, 0.137944, 0.137954, 0.137993, 0.138053, 0.13819, 0.138416, 0.138529, 0.138691, 0.138808, 0.138819, 0.139145, 0.139182, 0.139203, 0.13921, 0.140225, 0.140599, 0.140836, 0.140889, 0.140971, 0.141338, 0.141569, 0.141604, 0.141605, 0.141895, 0.142221, 0.142376, 0.142446, 0.142656, 0.143327, 0.143887, 0.143906, 0.144158, 0.144216, 0.144562, 0.144955, 0.145789, 0.146247, 0.146513, 0.146599, 0.146827, 0.146932, 0.14722, 0.147625, 0.147746, 0.147918, 0.148317, 0.14882, 0.148982, 0.149438, 0.14944, 0.149529, 0.150675, 0.151061, 0.151136, 0.151163, 0.15132, 0.151373, 0.151522, 0.151694, 0.152125, 0.152412, 0.153229, 0.153242, 0.153568, 0.153596, 