{"sigma_r": 3.0, "sigma_i": 1.8292, "m": 13, "seed": 120635598, "n_k": {"1": 4272, "2": 891, "3": 168, "4": 28, "5": 4, "6+": 0}, "dlogr": [9.9e-05, 0.000238, 0.000599, 0.001768, 0.001925, 0.002576, 0.002664, 0.002706, 0.002821, 0.003066, 0.003445, 0.003908, 0.003986, 0.004556, 0.004705, 0.004892, 0.005034, 0.005593, 0.005961, 0.006284, 0.006482, 0.007117, 0.007178, 0.0072, 0.007338, 0.007352, 0.007675, 0.007942, 0.008132, 0.008137, 0.008287, 0.00833, 0.008892, 0.009107, 0.009417, 0.009423, 0.009731, 0.009879, 0.00994, 0.01039, 0.011085, 0.011143, 0.011261, 0.01128, 0.011425, 0.011655, 0.011685, 0.011778, 0.011874, 0.011969, 0.011994, 0.012486, 0.012824, 0.013189, 0.013216, 0.013222, 0.013237, 0.013559, 0.013639, 0.013765, 0.014342, 0.014351, 0.01466, 0.014788, 0.015232, 0.015427, 0.015456, 0.015573, 0.016134, 0.016148, 0.016286, 0.016525, 0.016801, 0.017074, 0.017624, 0.017765, 0.017837, 0.017871, 0.017975, 0.018029, 0.018419, 0.018643, 0.01866, 0.019098, 0.01949, 0.019559, 0.019602, 0.019657, 0.020289, 0.020724, 0.020742, 0.020884, 0.021045, 0.02123, 0.021353, 0.022071, 0.022281, 0.022423, 0.022537, 0.022804, 0.022865, 0.023029, 0.023427, 0.023504, 0.023535, 0.023721, 0.024478, 0.024547, 0.024688, 0.024744, 0.024948, 0.025032, 0.025193, 0.02544, 0.025915, 0.025959, 0.026148, 0.026237, 0.026238, 0.026401, 0.026565, 0.02708, 0.027341, 0.0275, 0.027926, 0.027981, 0.027997, 0.028291, 0.029437, 0.029534, 0.029768, 0.029933, 0.030089, 0.030163, 0.030212, 0.03045, 0.030484, 0.030667, 0.030961, 0.031163, 0.031424, 0.031456, 0.031696, 0.031846, 0.031949, 0.032085, 0.032199, 0.032423, 0.032548, 0.032922, 0.032952, 0.032968, 0.033055, 0.03317, 0.033304, 0.033873, 0.033905, 0.034052, 0.034316, 0.034423, 0.034491, 0.034787, 0.034952, 0.03497, 0.03497, 0.035477, 0.03555, 0.035656, 0.035925, 0.036169, 0.036605, 0.03662, 0.036706, 0.036853, 0.037067, 0.037459, 0.037494, 0.037596, 0.038045, 0.038268, 0.038457, 0.038626, 0.038742, 0.038927, 0.038944, 0.039221, 0.039549, 0.039595, 0.039786, 0.03985, 0.039996, 0.040046, 0.04063, 0.040704, 0.041046, 0.041151, 0.04139, 0.041489, 0.042251, 0.042273, 0.042639, 0.043223, 0.0433, 0.043564, 0.04374, 0.043816, 0.043921, 0.044186, 0.04439, 0.044454, 0.044665, 0.044726, 0.044757, 0.044835, 0.045503, 0.045701, 0.045728, 0.046057, 0.046126, 0.046708, 0.046922, 0.047136, 0.047278, 0.047414, 0.047804, 0.047886, 0.048619, 0.048742, 0.049552, 0.049567, 0.049605, 0.050055, 0.05086, 0.051212, 0.051349, 0.051434, 0.051659, 0.051896, 0.051903, 0.051955, 0.052484, 0.052686, 0.053192, 0.053426, 0.054174, 0.05428, 0.054373, 0.054697, 0.055427, 0.055668, 0.055839, 0.055893, 0.055951, 0.056094, 0.056216, 0.05679, 0.05704, 0.057075, 0.057238, 0.057247, 0.057376, 0.057458, 0.057576, 0.057593, 0.057715, 0.057871, 0.058458, 0.05879, 0.058856, 0.058985, 0.059103, 0.059268, 0.059305, 0.059307, 0.059586, 0.060006, 0.060091, 0.0601, 0.06027, 0.060506, 0.060516, 0.060719, 0.061073, 0.061098, 0.06169, 0.061945, 0.061975, 0.062143, 0.06222, 0.062675, 0.062897, 0.062973, 0.063348, 0.063382, 0.064109, 0.064192, 0.064463, 0.06513, 0.065406, 0.06567, 0.066208, 0.066302, 0.066725, 0.066944, 0.067013, 0.067143, 0.067268, 0.067295, 0.067423, 0.067608, 0.067747, 0.068107, 0.068249, 0.068632, 0.069422, 0.069525, 0.070318, 0.070909, 0.070925, 0.071032, 0.071179, 0.071324, 0.071431, 0.072247, 0.072272, 0.072738, 0.072776, 0.072795, 0.0729, 0.072971, 0.073049, 0.073128, 0.073736, 0.073756, 0.073789, 0.07388, 0.074173, 0.074452, 0.074584, 0.074693, 0.074764, 0.074837, 0.074903, 0.074953, 0.075276, 0.075573, 0.075596, 0.075627, 0.075678, 0.075939, 0.076079, 0.07624, 0.076284, 0.076288, 0.07629, 0.07661, 0.076673, 0.076682, 0.076685, 0.076752, 0.076923, 0.077309, 0.077483, 0.07805, 0.078102, 0.078767, 0.078799, 0.078907, 0.079117, 0.079617, 0.079643, 0.080501, 0.081041, 0.081447, 0.081682, 0.081962, 0.082101, 0.082828, 0.082836, 0.082857, 0.082863, 0.083152, 0.083898, 0.084734, 0.084776, 0.085058, 0.085187, 0.085592, 0.085733, 0.085914, 0.086527, 0.087574, 0.087903, 0.088055, 0.088208, 0.088258, 0.088382, 0.088459, 0.089409, 0.089744, 0.089878, 0.090094, 0.090156, 0.090608, 0.090644, 0.09078, 0.090974, 0.091163, 0.091241, 0.091446, 0.091599, 0.091646, 0.092116, 0.092164, 0.092568, 0.093101, 0.093799, 0.09394, 0.094639, 0.094717, 0.095238, 0.095558, 0.095569, 0.095738, 0.09602, 0.096047, 0.096126, 0.096242, 0.096358, 0.096563, 0.096667, 0.097203, 0.097625, 0.098183, 0.099477, 0.099534, 0.099763, 0.099785, 0.099885, 0.100163, 0.100357, 0.100515, 0.100956, 0.100978, 0.10115, 0.101565, 0.101781, 0.101918, 0.10203, 0.102073, 0.102396, 0.1027, 0.103133, 0.103221, 0.103255, 0.103524, 0.104414, 0.10453, 0.10459, 0.105078, 0.105303, 0.105941, 0.106077, 0.106638, 0.106873, 0.106963, 0.108037, 0.108507, 0.10855, 0.10875, 0.108905, 0.109456, 0.109561, 0.110017, 0.110317, 0.110618, 0.11063, 0.1108, 0.110844, 0.111081, 0.1111, 0.111242, 0.111296, 0.111573, 0.111793, 0.112001, 0.112188, 0.112838, 0.112982, 0.113385, 0.113402, 0.113508, 0.114517, 0.11462, 0.114636, 0.114667, 0.114998, 0.115036, 0.115037, 0.115449, 0.115516, 0.115653, 0.11595, 0.116265, 0.116394, 0.116431, 0.116804, 0.116819, 0.116912, 0.117227, 0.117698, 0.117729, 0.117825, 0.117945, 0.118555, 0.118749, 0.118913, 0.119974, 0.120068, 0.120155, 0.120453, 0.121056, 0.121087, 0.121403, 0.121626, 0.12182, 0.122134, 0.12264, 0.122673, 0.12278, 0.123193, 0.123245, 0.124024, 0.124358, 0.124577, 0.125252, 0.125293, 0.125357, 0.12549, 0.125854, 0.126075, 0.126096, 0.126154, 0.12617, 0.126881, 0.127507, 0.127617, 0.128109, 0.128195, 0.128213, 0.128276, 0.128409, 0.128878, 0.128942, 0.128966, 0.129033, 0.129477, 0.129991, 0.130017, 0.130095, 0.130563, 0.131869, 0.132868, 0.13314, 0.133948, 0.134334, 0.134418, 0.134525, 0.134749, 0.134824, 0.135067, 0.135073, 0.135292, 0.135337, 0.135339, 0.135693, 0.135808, 0.136126, 0.136175, 0.136462, 0.136592, 0.136752, 0.136846, 0.136931, 0.136976, 0.137021, 0.137127, 0.137268, 0.137485, 0.137851, 0.137967, 0.137995, 0.13801, 0.138443, 0.138608, 0.138733, 0.139381, 0.139428, 0.13961, 0.139632, 0.13973, 0.139992, 0.140143, 0.140274, 0.140532, 0.1407, 0.140945, 0.140974, 0.141198, 0.141731, 0.141918, 0.142332, 0.142458, 0.143135, 0.143731, 0.143867, 0.144811, 0.145096, 0.145382, 0.145506, 0.14602, 0.146044, 0.146065, 0.146215, 0.146259, 0.146529, 0.146832, 0.146943, 0.147139, 0.147484, 0.147627, 0.148001, 0.148777, 0.148806, 0.148828, 0.149755, 0.149969, 0.150789, 0.150951, 0.15101, 0.151074, 0.151075, 0.151184, 0.151205, 0.151216, 0.151656, 0.152288, 0.152775, 0.153419, 0.153678, 0.153768, 0.153877, 0.154, 0.154062, 0.154083, 0.154101, 0.154134, 0.154242, 0.154301, 0.154384, 0.155768, 0.156186, 0.1562, 0.156416, 0.156601, 0.156838, 0.157363, 0.157548, 0.157659, 0.15822, 0.158249, 0.159079, 0.159242, 0.1594, 0.159859, 0.159965, 0.160006, 0.160861, 0.161322, 0.162007, 0.162329, 0.16253, 0.162559, 0.163058, 0.163348, 0.163567, 0.164814, 0.165016, 0.165284, 0.165362, 0.165528, 0.166084, 0.166313, 0.166324, 0.166489, 0.166737, 0.167016, 0.167182, 0.167615, 0.167648, 0.168426, 0.168511, 0.168875, 0.168881, 0.168932, 0.168995, 0.169163, 0.169786, 0.170328, 0.170512, 0.171174, 0.171655, 0.171953, 0.172131, 0.172937, 0.173319, 0.173724, 0.174719, 0.175117, 0.175343, 0.175729, 0.176827, 0.177721, 0.177772, 0.178936, 0.179191, 0.179318, 0.18023, 0.180419, 0.180893, 0.181008, 0.18162, 0.181657, 0.182005, 0.182812, 0.182866, 0.182978, 0.183431, 0.183504, 0.183919, 0.184526, 0.184765, 0.18503, 0.185032, 0.185861, 0.185931, 0.185944, 0.186061, 0.186199, 0.186876, 0.187286, 0.187462, 0.188654, 0.188716, 0.188769, 0.189035, 0.18946, 0.189588, 0.18963, 0.189641, 0.189662, 0.189824, 0.189884, 0.190161, 0.191396, 0.191405, 0.191449, 0.191495, 0.191595, 0.19185, 0.191946, 0.192155, 0.193476, 0.19351, 0.193779, 0.194415, 0.195887, 0.196177, 0.196411, 0.197231, 0.19734, 0.198246, 0.198921, 0.199366, 0.199913, 0.200065, 0.200071, 0.200405, 0.2005, 0.200983, 0.201075, 0.201759, 0.202048, 0.202517, 0.202517, 