{"sigma_r": 1.9103, "sigma_i": 1.8292, "m": 12, "seed": 1517907536, "n_k": {"1": 4259, "2": 980, "3": 189, "4": 25, "5": 2, "6+": 1}, "dlogr": [0.0, 0.000119, 0.000713, 0.000737, 0.000784, 0.000881, 0.001044, 0.001096, 0.001335, 0.001577, 0.001751, 0.001891, 0.002285, 0.002339, 0.002534, 0.002614, 0.002865, 0.003154, 0.003159, 0.003301, 0.003385, 0.003548, 0.00363, 0.003751, 0.003957, 0.004057, 0.004111, 0.004136, 0.00445, 0.004683, 0.004744, 0.004776, 0.004974, 0.005116, 0.005327, 0.005395, 0.00545, 0.00553, 0.005967, 0.006474, 0.007123, 0.007279, 0.007309, 0.007667, 0.007898, 0.007914, 0.008121, 0.008163, 0.008215, 0.008281, 0.008551, 0.008665, 0.008722, 0.008739, 0.00879, 0.008888, 0.00921, 0.009217, 0.009537, 0.009768, 0.010537, 0.010814, 0.010951, 0.010978, 0.011019, 0.011057, 0.011268, 0.011294, 0.011374, 0.011584, 0.011968, 0.012152, 0.012178, 0.012688, 0.012702, 0.013244, 0.013318, 0.013387, 0.0137, 0.013954, 0.013999, 0.01407, 0.014226, 0.014391, 0.014551, 0.014583, 0.01516, 0.015272, 0.015293, 0.015906, 0.01592, 0.016411, 0.016454, 0.016758, 0.016811, 0.016991, 0.017128, 0.017154, 0.017421, 0.017685, 0.017734, 0.018145, 0.018184, 0.019125, 0.019162, 0.019239, 0.019441, 0.019553, 0.019631, 0.019962, 0.020166, 0.02045, 0.020637, 0.021017, 0.021243, 0.021555, 0.021674, 0.02201, 0.022041, 0.022047, 0.022578, 0.022701, 0.022767, 0.022772, 0.023295, 0.023542, 0.023666, 0.02372, 0.023748, 0.024093, 0.024226, 0.024939, 0.024993, 0.025, 0.025074, 0.026099, 0.026176, 0.026181, 0.026691, 0.02671, 0.027031, 0.02715, 0.027448, 0.028246, 0.028478, 0.028642, 0.028976, 0.029244, 0.029698, 0.029844, 0.029951, 0.030001, 0.030282, 0.030786, 0.031469, 0.03167, 0.031742, 0.03206, 0.032229, 0.032231, 0.032337, 0.032726, 0.032788, 0.032846, 0.033036, 0.033041, 0.033212, 0.033237, 0.033507, 0.033613, 0.034137, 0.034304, 0.034714, 0.035692, 0.035761, 0.036212, 0.036276, 0.036761, 0.036868, 0.03688, 0.036955, 0.037023, 0.037043, 0.037714, 0.037846, 0.037979, 0.038121, 0.038235, 0.038421, 0.038826, 0.039235, 0.039294, 0.039475, 0.039478, 0.039878, 0.040096, 0.040118, 0.040128, 0.040584, 0.041086, 0.041561, 0.0417, 0.041777, 0.041842, 0.041894, 0.041945, 0.042159, 0.042187, 0.042335, 0.042375, 0.042403, 0.042589, 0.043368, 0.043374, 0.044062, 0.044351, 0.044392, 0.044442, 0.044569, 0.044718, 0.044968, 0.045066, 0.045157, 0.045164, 0.04521, 0.045388, 0.045403, 0.045414, 0.04568, 0.045748, 0.045963, 0.046108, 0.046291, 0.046868, 0.047302, 0.047726, 0.047736, 0.047935, 0.048376, 0.048583, 0.048843, 0.048855, 0.048987, 0.049249, 0.0493, 0.049321, 0.049431, 0.04953, 0.049559, 0.049829, 0.049845, 0.050086, 0.050088, 0.050229, 0.050245, 0.050503, 0.050651, 0.050657, 0.050781, 0.050878, 0.051003, 0.051757, 0.051961, 0.052125, 0.052139, 0.052601, 0.052953, 0.053017, 0.05331, 0.05333, 0.053419, 0.053445, 0.053586, 0.05371, 0.053759, 0.054036, 0.054067, 0.054094, 0.054108, 0.054116, 0.054163, 0.054304, 0.054374, 0.054441, 0.054458, 0.054467, 0.054698, 0.054699, 0.054742, 0.054885, 0.055631, 0.055678, 0.055772, 0.055956, 0.056143, 0.056194, 0.05647, 0.056631, 0.056634, 0.056637, 0.056641, 0.05676, 0.056927, 0.05715, 0.05732, 0.057583, 0.058079, 0.058189, 0.058371, 0.058517, 0.058805, 0.059209, 0.059347, 0.059379, 0.059498, 0.059613, 0.059634, 0.059637, 0.059707, 0.060037, 0.060185, 0.060247, 0.060304, 0.060519, 0.060525, 0.060679, 0.06112, 0.061713, 0.061897, 0.061979, 0.062531, 0.062612, 0.063001, 0.063098, 0.063481, 0.063799, 0.063829, 0.063927, 0.064125, 0.064223, 0.065185, 0.065292, 0.066098, 0.066184, 0.066191, 0.06626, 0.066438, 0.066447, 0.066483, 0.06652, 0.066564, 0.066717, 0.067218, 0.067262, 0.067263, 0.067481, 0.067617, 0.067858, 0.067975, 0.068227, 0.068275, 0.068365, 0.068524, 0.068637, 0.068694, 0.068813, 0.069078, 0.069138, 0.06926, 0.069434, 0.069781, 0.069786, 0.070096, 0.070145, 0.070265, 0.070649, 0.07069, 0.070973, 0.071336, 0.071561, 0.071601, 0.071921, 0.071958, 0.072177, 0.072396, 0.072526, 0.072583, 0.072638, 0.072892, 0.072955, 0.073325, 0.073387, 0.073936, 0.07436, 0.074377, 0.074389, 0.074433, 0.074598, 0.074717, 0.074848, 0.075067, 0.07515, 0.075241, 0.075944, 0.076057, 0.076376, 0.076585, 0.076673, 0.077715, 0.077828, 0.077933, 0.077952, 0.077956, 0.077959, 0.078218, 0.078271, 0.078436, 0.078505, 0.078584, 0.078609, 0.078756, 0.079339, 0.079667, 0.079726, 0.0798, 0.079899, 0.079909, 0.080264, 0.080558, 0.080638, 0.080949, 0.081265, 0.08138, 0.081471, 0.081946, 0.082023, 0.082059, 0.082491, 0.082638, 0.082895, 0.082961, 0.083256, 0.083278, 0.083629, 0.083658, 0.083662, 0.084089, 0.08437, 0.084405, 0.084588, 0.084624, 0.084803, 0.084983, 0.084985, 0.085229, 0.085804, 0.085893, 0.086541, 0.087139, 0.08719, 0.087244, 0.087277, 0.087281, 0.087295, 0.087813, 0.08795, 0.088154, 0.088701, 0.088875, 0.088927, 0.089079, 0.089099, 0.089233, 0.089737, 0.089895, 0.090482, 0.090848, 0.091274, 0.092036, 0.092089, 0.092185, 0.092329, 0.09242, 0.092513, 0.093128, 0.093188, 0.093736, 0.094244, 0.094262, 0.094514, 0.094541, 0.094681, 0.094926, 0.095347, 0.096204, 0.096276, 0.096418, 0.096501, 0.097044, 0.09707, 0.097106, 0.097783, 0.097788, 0.098159, 0.098348, 0.098362, 0.098926, 0.099228, 0.099386, 0.099575, 0.099614, 0.099679, 0.099917, 0.099938, 0.100092, 0.100495, 0.100496, 0.101651, 0.101764, 0.101891, 0.102063, 0.102083, 0.102507, 0.103462, 0.10355, 0.103567, 0.10419, 0.104201, 0.104323, 0.104453, 0.104563, 0.104758, 0.104824, 0.10525, 0.105743, 0.106412, 0.106419, 0.106654, 0.106809, 0.106961, 0.107371, 0.107412, 0.107479, 0.107763, 0.107962, 0.108378, 0.108974, 0.108996, 0.110024, 0.110162, 0.110163, 0.110309, 0.110364, 0.110497, 0.110592, 0.110601, 0.11072, 0.110801, 0.110976, 0.111552, 0.112199, 0.112297, 0.112341, 0.112844, 0.113092, 0.11319, 0.113295, 0.113879, 0.114591, 0.115326, 0.115969, 0.116077, 0.116688, 0.117488, 0.118, 0.118119, 0.118299, 0.118452, 0.118507, 0.118561, 0.119109, 0.119131, 0.119493, 0.119559, 0.119868, 0.119924, 0.120035, 0.120255, 0.120427, 0.120668, 0.121353, 0.12174, 0.121813, 0.122104, 0.122159, 0.122307, 0.12249, 0.122525, 0.123437, 0.123683, 0.123756, 0.123917, 0.125432, 0.125439, 0.125707, 0.125769, 0.126025, 0.126404, 0.127309, 0.127375, 0.127897, 0.128159, 0.128414, 0.128436, 0.128601, 0.12912, 0.12917, 0.129216, 0.129288, 0.129438, 0.129497, 0.129887, 0.129984, 0.130416, 0.130561, 0.130763, 0.130937, 0.131003, 0.131206, 0.131232, 0.131705, 0.131788, 0.131867, 0.132014, 0.132329, 0.132411, 0.133226, 0.133716, 0.134393, 0.13463, 0.134633, 0.134755, 0.135051, 0.135146, 0.135262, 0.135847, 0.135851, 0.136678, 0.136724, 0.13709, 0.137155, 0.13731, 0.137341, 0.137446, 0.137693, 0.137695, 0.137858, 0.138104, 0.138741, 0.139771, 0.139914, 0.140367, 0.141198, 0.141274, 0.141655, 0.14167, 0.141978, 0.142123, 0.142696, 0.143223, 0.143721, 0.144563, 0.144603, 0.145217, 0.145247, 0.14636, 0.146379, 0.147013, 0.147027, 0.147148, 0.147207, 0.147307, 0.147312, 0.147576, 0.147785, 0.14786, 0.147952, 0.148168, 0.148609, 0.149032, 0.149123, 0.149389, 0.149673, 0.149706, 0.150339, 0.151379, 0.151565, 0.151573, 0.151678, 0.152537, 0.15321, 0.153352, 0.153786, 0.153883, 0.154249, 0.154379, 0.155149, 0.155256, 0.155428, 0.155658, 0.155687, 0.15573, 0.15663, 0.156833, 0.157065, 0.157681, 0.158084, 0.158452, 0.158479, 0.158933, 0.159209, 0.159302, 0.159502, 0.159584, 0.159825, 0.159856, 0.15986, 0.159999, 0.160042, 0.160684, 0.160967, 0.161045, 0.161061, 0.161384, 0.161777, 0.162206, 0.16255, 0.162921, 0.163405, 0.163566, 0.163882, 0.164187, 0.164288, 0.164295, 0.164547, 0.166042, 0.166258, 0.166919, 0.167128, 0.167245, 0.167268, 0.167452, 0.167544, 0.167732, 0.167932, 0.17027, 0.17076, 0.170881, 0.171164, 0.171257, 0.172161, 0.172238, 0.172823, 0.172883, 0.172884, 0.173178, 0.173212, 0.173986, 0.174341, 0.175955, 0.176055, 0.176089, 0.176158, 0.176172, 0.176344, 0.176411, 0.177468, 0.177644, 0.17797, 0.178555, 0.178698, 0.17872, 0.178731, 0.178785, 0.178804, 0.178982, 0.179064, 0.179516, 0.179748, 0.179813, 0.180059, 0.18033, 0.180813, 0.181002, 