{"sigma_r": 1.5244, "sigma_i": 1.1186, "m": 14, "seed": 1029470011, "n_k": {"1": 3875, "2": 955, "3": 203, "4": 38, "5": 5, "6+": 1}, "dlogr": [1.3e-05, 5.5e-05, 7.3e-05, 0.000747, 0.001044, 0.001124, 0.001295, 0.001361, 0.001439, 0.001495, 0.001537, 0.001541, 0.001913, 0.002228, 0.002265, 0.002304, 0.002417, 0.002774, 0.003049, 0.00306, 0.003078, 0.003104, 0.003231, 0.003681, 0.003921, 0.004232, 0.004239, 0.004277, 0.004282, 0.0043, 0.004474, 0.00453, 0.004713, 0.004746, 0.004775, 0.004913, 0.004962, 0.00507, 0.005284, 0.005439, 0.005531, 0.005648, 0.005653, 0.005743, 0.005895, 0.005937, 0.006046, 0.006145, 0.006417, 0.006521, 0.006645, 0.006861, 0.006913, 0.006931, 0.006988, 0.007732, 0.007963, 0.008122, 0.008258, 0.008604, 0.008786, 0.008959, 0.008974, 0.009036, 0.009434, 0.00949, 0.009717, 0.009884, 0.009934, 0.010049, 0.010371, 0.010417, 0.010852, 0.010963, 0.011062, 0.011502, 0.011674, 0.01185, 0.011986, 0.012128, 0.012309, 0.012348, 0.012529, 0.012579, 0.01258, 0.012756, 0.013036, 0.01314, 0.013186, 0.013213, 0.013224, 0.013347, 0.013634, 0.014257, 0.014403, 0.014628, 0.014695, 0.014821, 0.014904, 0.015076, 0.015835, 0.016008, 0.016174, 0.016486, 0.016859, 0.017006, 0.017291, 0.017327, 0.017622, 0.017863, 0.017868, 0.018729, 0.019001, 0.019158, 0.019522, 0.019554, 0.019613, 0.019921, 0.020237, 0.020259, 0.020452, 0.020572, 0.020782, 0.021154, 0.021528, 0.021675, 0.021679, 0.02215, 0.022601, 0.02272, 0.022849, 0.02345, 0.023628, 0.02386, 0.02392, 0.024367, 0.024921, 0.025052, 0.025191, 0.025291, 0.025307, 0.025359, 0.025549, 0.025592, 0.025702, 0.025878, 0.025938, 0.026023, 0.026202, 0.026627, 0.026778, 0.026935, 0.026991, 0.027337, 0.027588, 0.027634, 0.027725, 0.027793, 0.027892, 0.02794, 0.028152, 0.028156, 0.028189, 0.028195, 0.028494, 0.028509, 0.028565, 0.028835, 0.028869, 0.028989, 0.029282, 0.029401, 0.029458, 0.029612, 0.029688, 0.029703, 0.029834, 0.030205, 0.030378, 0.030603, 0.031359, 0.031611, 0.03177, 0.032068, 0.032464, 0.032535, 0.032738, 0.032866, 0.032971, 0.033062, 0.033091, 0.033187, 0.0333, 0.033388, 0.033558, 0.033707, 0.033872, 0.033883, 0.033983, 0.034055, 0.034075, 0.034397, 0.034706, 0.034771, 0.035586, 0.035775, 0.036038, 0.036283, 0.036452, 0.036541, 0.036641, 0.036828, 0.037091, 0.037298, 0.037525, 0.037583, 0.038119, 0.038464, 0.038763, 0.039007, 0.039008, 0.03901, 0.039081, 0.039227, 0.039233, 0.039408, 0.03947, 0.039759, 0.039998, 0.040023, 0.040086, 0.040095, 0.040109, 0.040283, 0.040296, 0.040318, 0.040929, 0.041227, 0.041394, 0.041413, 0.04145, 0.041495, 0.041711, 0.041746, 0.041843, 0.04243, 0.042439, 0.042443, 0.042506, 0.042823, 0.042874, 0.042877, 0.042947, 0.043155, 0.04427, 0.044388, 0.044423, 0.044583, 0.04472, 0.044955, 0.044979, 0.044987, 0.045126, 0.045272, 0.045274, 0.0454, 0.045454, 0.045614, 0.045785, 0.046021, 0.046356, 0.046498, 0.046706, 0.046953, 0.046998, 0.047078, 0.047437, 0.047474, 0.047532, 0.047949, 0.048162, 0.04817, 0.048223, 0.048385, 0.048539, 0.048619, 0.049359, 0.049427, 0.050331, 0.051027, 0.051047, 0.05107, 0.051239, 0.051639, 0.051654, 0.051747, 0.05175, 0.051885, 0.052029, 0.052187, 0.052384, 0.052387, 0.052693, 0.052773, 0.053258, 0.0537, 0.05421, 0.054503, 0.054981, 0.055194, 0.055426, 0.055532, 0.055736, 0.055743, 0.055842, 0.056021, 0.056106, 0.056445, 0.056556, 0.057512, 0.058463, 0.058479, 0.058531, 0.058822, 0.059393, 0.059448, 0.059701, 0.059706, 0.05981, 0.059879, 0.060586, 0.060618, 0.060651, 0.060984, 0.061056, 0.061068, 0.061236, 0.061343, 0.061614, 0.061741, 0.061926, 0.062089, 0.062275, 0.062535, 0.062955, 0.06311, 0.063242, 0.063412, 0.063658, 0.063748, 0.063868, 0.063943, 0.064074, 0.064145, 0.064237, 0.064281, 0.06436, 0.064498, 0.064533, 0.065142, 0.065182, 0.065391, 0.065444, 0.065448, 0.065602, 0.06569, 0.065805, 0.066126, 0.066355, 0.066357, 0.066617, 0.067191, 0.067675, 0.067967, 0.067995, 0.068198, 0.068254, 0.068352, 0.068596, 0.069095, 0.069142, 0.06935, 0.069693, 0.069962, 0.070088, 0.070151, 0.071665, 0.071878, 0.071997, 0.07236, 0.072847, 0.072854, 0.073168, 0.073371, 0.073381, 0.073565, 0.073567, 0.073797, 0.073801, 0.074337, 0.07461, 0.075011, 0.075077, 0.075243, 0.075256, 0.075413, 0.075416, 0.075524, 0.076238, 0.076348, 0.076488, 0.076667, 0.07693, 0.076997, 0.077195, 0.077208, 0.07729, 0.077447, 0.077478, 0.077862, 0.077885, 0.077903, 0.078028, 0.078102, 0.078619, 0.07944, 0.079442, 0.079508, 0.079521, 0.079882, 0.079897, 0.080556, 0.080759, 0.080931, 0.081028, 0.081102, 0.081171, 0.081377, 0.081993, 0.08214, 0.082757, 0.083221, 0.083317, 0.083432, 0.083687, 0.083817, 0.083979, 0.084016, 0.0841, 0.084185, 0.084249, 0.084986, 0.085745, 0.086063, 0.086302, 0.086609, 0.086978, 0.087007, 0.087346, 0.087435, 0.087644, 0.087678, 0.087997, 0.088118, 0.088158, 0.088203, 0.088454, 0.08861, 0.088653, 0.088869, 0.089774, 0.089899, 0.090589, 0.090629, 0.090657, 0.090789, 0.09121, 0.091919, 0.092756, 0.092891, 0.092913, 0.09301, 0.093043, 0.093204, 0.093407, 0.093504, 0.093541, 0.093765, 0.093872, 0.094168, 0.09425, 0.094484, 0.094767, 0.094772, 0.095073, 0.095177, 0.095414, 0.095737, 0.096089, 0.096136, 0.096172, 0.096571, 0.096611, 0.096838, 0.09684, 0.097001, 0.097268, 0.098204, 0.098847, 0.098981, 0.099058, 0.099154, 0.099285, 0.099447, 0.099774, 0.100122, 0.100165, 0.100375, 0.100932, 0.100959, 0.101565, 0.101621, 0.102573, 0.102706, 0.102713, 0.102761, 0.103018, 0.10309, 0.103227, 0.103267, 0.103337, 0.103486, 0.103538, 0.104054, 0.104665, 0.104867, 0.104872, 0.105022, 0.105297, 0.105711, 0.105875, 0.105946, 0.106507, 0.10681, 0.106919, 0.107275, 0.107305, 0.107529, 0.107599, 0.107609, 0.107753, 0.107772, 0.107817, 0.108274, 0.108444, 0.108901, 0.109049, 0.109215, 0.109536, 0.109623, 0.109651, 0.109763, 0.110319, 0.110387, 0.110544, 0.110737, 0.11075, 0.110766, 0.110778, 0.111115, 0.111312, 0.111961, 0.112025, 0.112579, 0.112785, 0.112912, 0.112922, 0.113949, 0.11462, 0.114754, 0.115172, 0.115783, 0.11598, 0.116315, 0.116456, 0.116534, 0.116538, 0.11692, 0.116958, 0.117151, 0.117378, 0.117668, 0.11799, 0.118144, 0.118262, 0.118374, 0.118794, 0.119281, 0.119702, 0.12028, 0.120286, 0.120649, 0.120664, 0.121136, 0.121168, 0.121493, 0.122011, 0.122079, 0.122279, 0.122358, 0.122461, 0.122548, 0.122549, 0.122957, 0.123864, 0.124079, 0.124104, 0.124114, 0.124341, 0.124393, 0.124482, 0.124964, 0.124977, 0.125278, 0.125291, 0.125423, 0.12544, 0.12549, 0.125525, 0.125591, 0.125881, 0.127236, 0.127391, 0.127626, 0.127832, 0.128131, 0.128185, 0.128238, 0.128246, 0.128361, 0.128401, 0.128818, 0.128989, 0.129455, 0.129615, 0.129679, 0.129927, 0.130277, 0.131068, 0.131108, 0.131237, 0.131246, 0.13126, 0.131457, 0.132514, 0.132608, 0.133057, 0.133659, 0.133778, 0.13381, 0.135135, 0.13539, 0.135515, 0.135731, 0.136112, 0.136303, 0.136806, 0.136809, 0.136917, 0.136999, 0.137362, 0.13739, 0.137393, 0.137498, 0.137545, 0.138073, 0.138654, 0.13866, 0.139236, 0.139738, 0.139916, 0.139976, 0.14014, 0.140392, 0.140478, 0.140494, 0.140787, 0.141458, 0.141583, 0.141881, 0.142855, 0.143459, 0.143534, 0.144182, 0.14428, 0.144329, 0.144347, 0.144455, 0.144674, 0.145348, 0.145989, 0.146052, 0.146264, 0.146495, 0.146771, 0.14693, 0.146968, 0.147301, 0.147431, 0.147522, 0.148298, 0.149305, 0.149763, 0.150062, 0.15029, 0.150309, 0.150449, 0.150782, 0.151229, 0.15134, 0.151569, 0.151764, 0.151779, 0.15183, 0.151846, 0.152342, 0.152557, 0.152861, 0.153118, 0.15336, 0.15367, 0.153995, 0.153999, 0.154095, 0.154183, 0.154838, 0.154945, 0.15498, 0.155498, 0.155692, 0.155981, 0.156277, 0.156432, 0.156481, 0.156487, 0.156766, 0.157087, 0.157207, 0.15726, 0.157622, 0.157745, 0.157784, 0.157889, 0.158018, 0.158055, 0.15812, 0.158794, 0.159633, 0.160075, 0.160184, 0.160303, 0.160645, 0.160655, 0.161694, 0.161792, 0.161937, 0.161999, 0.162067, 0.162081, 0.1623, 0.162354, 0.162501, 0.162587, 0.162618, 0.162899, 0.163067, 0.163233, 0.163347, 0.163384, 0.163608, 0.163664, 0.163799, 0.163963, 0.16417, 0.164371, 0.164632, 0.164663, 0.164694, 0.165015, 0.16507, 0.165444, 0.165597, 0.166124, 0.166397,