{"sigma_r": 0.7746, "sigma_i": 0.8747, "m": 6, "seed": 689924289, "n_k": {"1": 3748, "2": 971, "3": 235, "4": 68, "5": 11, "6+": 1}, "dlogr": [0.0, 0.0, 0.0, 0.0, 0.0, 0.000127, 0.000173, 0.000246, 0.000299, 0.000384, 0.000399, 0.000682, 0.00088, 0.00108, 0.001288, 0.001394, 0.00145, 0.001536, 0.001619, 0.00179, 0.002008, 0.002276, 0.002306, 0.002352, 0.002352, 0.00249, 0.002591, 0.002817, 0.002889, 0.003138, 0.003163, 0.003303, 0.003378, 0.003519, 0.00353, 0.003612, 0.003614, 0.003616, 0.003683, 0.003822, 0.003921, 0.00397, 0.004083, 0.004121, 0.004276, 0.004293, 0.004327, 0.004498, 0.004599, 0.004635, 0.004992, 0.005168, 0.005206, 0.00536, 0.005452, 0.005626, 0.00573, 0.005893, 0.005909, 0.006024, 0.006033, 0.006092, 0.006199, 0.00622, 0.006453, 0.006508, 0.006571, 0.00666, 0.006713, 0.006791, 0.006833, 0.006875, 0.007427, 0.007445, 0.007448, 0.007927, 0.007946, 0.008196, 0.008271, 0.008333, 0.008389, 0.008431, 0.008505, 0.008683, 0.008704, 0.008987, 0.009214, 0.009445, 0.009532, 0.009592, 0.009876, 0.009885, 0.009996, 0.010055, 0.01006, 0.010061, 0.010188, 0.010258, 0.010818, 0.010854, 0.011035, 0.011191, 0.011192, 0.011273, 0.01143, 0.0115, 0.011531, 0.011588, 0.011594, 0.011594, 0.011656, 0.011795, 0.011901, 0.01196, 0.011994, 0.011995, 0.012049, 0.01212, 0.012328, 0.012484, 0.012644, 0.01266, 0.012934, 0.013059, 0.013083, 0.013226, 0.013351, 0.013699, 0.013919, 0.013932, 0.014063, 0.014174, 0.014331, 0.014478, 0.014491, 0.014722, 0.015116, 0.0152, 0.01528, 0.015321, 0.015358, 0.015453, 0.015578, 0.016235, 0.016287, 0.016355, 0.016429, 0.016565, 0.016655, 0.016681, 0.016812, 0.016894, 0.017472, 0.01764, 0.017705, 0.018067, 0.018275, 0.018319, 0.018391, 0.018425, 0.018809, 0.018905, 0.018923, 0.019057, 0.019088, 0.019461, 0.019718, 0.019735, 0.019802, 0.020015, 0.020032, 0.020096, 0.020099, 0.020151, 0.020313, 0.020335, 0.020433, 0.020437, 0.020933, 0.020962, 0.020987, 0.021055, 0.021182, 0.021206, 0.021253, 0.021327, 0.021422, 0.021521, 0.0218, 0.021916, 0.022031, 0.022097, 0.022137, 0.022443, 0.022529, 0.022813, 0.023309, 0.023456, 0.023512, 0.023897, 0.023905, 0.023923, 0.024196, 0.024207, 0.024481, 0.024494, 0.024577, 0.02458, 0.02489, 0.024998, 0.02505, 0.025056, 0.025079, 0.025098, 0.025111, 0.025153, 0.025196, 0.02564, 0.02568, 0.025746, 0.025825, 0.025825, 0.025831, 0.025856, 0.025955, 0.026, 0.026114, 0.026346, 0.02643, 0.026476, 0.026591, 0.026616, 0.026694, 0.026699, 0.026835, 0.026914, 0.026931, 0.02695, 0.027047, 0.02715, 0.027162, 0.027164, 0.027246, 0.027442, 0.027777, 0.027794, 0.02781, 0.027814, 0.027819, 0.027898, 0.027962, 0.028119, 0.028132, 0.02816, 0.028233, 0.028274, 0.028562, 0.028766, 0.028937, 0.029161, 0.029488, 0.029824, 0.030028, 0.030128, 0.030143, 0.030214, 0.030351, 0.030707, 0.030768, 0.03099, 0.031067, 0.031178, 0.031305, 0.0314, 0.031526, 0.031649, 0.031865, 0.032094, 0.032143, 0.032213, 0.03224, 0.032682, 0.032803, 0.032886, 0.032892, 0.033341, 0.033454, 0.033483, 0.033507, 0.033771, 0.033778, 0.033866, 0.033928, 0.034083, 0.034182, 0.034257, 0.034258, 0.034259, 0.034593, 0.034763, 0.034766, 0.034791, 0.034878, 0.034887, 0.035132, 0.035159, 0.03516, 0.035446, 0.03582, 0.035921, 0.035933, 0.036627, 0.036628, 0.036952, 0.037139, 0.037157, 0.037237, 0.03724, 0.037385, 0.037411, 0.037411, 0.037585, 0.037638, 0.037661, 0.038188, 0.03845, 0.038457, 0.038481, 0.038562, 0.038583, 0.038608, 0.038732, 0.039005, 0.039235, 0.039235, 0.039306, 0.0394, 0.040032, 0.040266, 0.040278, 0.040314, 0.040618, 0.040832, 0.040845, 0.040864, 0.040877, 0.041195, 0.041361, 0.041409, 0.04154, 0.041574, 0.041837, 0.041938, 0.041981, 0.042423, 0.042507, 0.042734, 0.042902, 0.042924, 0.043022, 0.04306, 0.043193, 0.043571, 0.043624, 0.043718, 0.043793, 0.04381, 0.043917, 0.043931, 0.044039, 0.044086, 0.044148, 0.044208, 0.044231, 0.044244, 0.044499, 0.044643, 0.044721, 0.04473, 0.045028, 0.045081, 0.045117, 0.045289, 0.045324, 0.045436, 0.045621, 0.045657, 0.045837, 0.045867, 0.045885, 0.045927, 0.046355, 0.046401, 0.046488, 0.046569, 0.046676, 0.046763, 0.046868, 0.046952, 0.04705, 0.047292, 0.047309, 0.047322, 0.047361, 0.047403, 0.047777, 0.0478, 0.047848, 0.047892, 0.0479, 0.048054, 0.048082, 0.048186, 0.048541, 0.048704, 0.048761, 0.048791, 0.04889, 0.049056, 0.049146, 0.0492, 0.049296, 0.049316, 0.049403, 0.049453, 0.05005, 0.050682, 0.050718, 0.050765, 0.051079, 0.051557, 0.051571, 0.051987, 0.052838, 0.05285, 0.052859, 0.052931, 0.052943, 0.053023, 0.053065, 0.053289, 0.053309, 0.053318, 0.053373, 0.053382, 0.053468, 0.053653, 0.053676, 0.053808, 0.053826, 0.053864, 0.05409, 0.054174, 0.054643, 0.055203, 0.055257, 0.055553, 0.055576, 0.055673, 0.055854, 0.055974, 0.055996, 0.056082, 0.056137, 0.056328, 0.056351, 0.05644, 0.056553, 0.056613, 0.056646, 0.057031, 0.057084, 0.057183, 0.057276, 0.057735, 0.057836, 0.058016, 0.058074, 0.058159, 0.058259, 0.058446, 0.058447, 0.058465, 0.058566, 0.058587, 0.058832, 0.058833, 0.059005, 0.059068, 0.05907, 0.059322, 0.059501, 0.05958, 0.059622, 0.059706, 0.059881, 0.059882, 0.059912, 0.059999, 0.060121, 0.060143, 0.06025, 0.060362, 0.060411, 0.060413, 0.060469, 0.060637, 0.061101, 0.061231, 0.061247, 0.061335, 0.061446, 0.061503, 0.061526, 0.061541, 0.061561, 0.061638, 0.061684, 0.061777, 0.062089, 0.0622, 0.062363, 0.062421, 0.062513, 0.062625, 0.062712, 0.062774, 0.062913, 0.062937, 0.062986, 0.063007, 0.063138, 0.063275, 0.063488, 0.063556, 0.063709, 0.063759, 0.063908, 0.064121, 0.064153, 0.06461, 0.064744, 0.065004, 0.065099, 0.065189, 0.065332, 0.065339, 0.065395, 0.065633, 0.065764, 0.065855, 0.065937, 0.066001, 0.066089, 0.066097, 0.066281, 0.066299, 0.06633, 0.066334, 0.066483, 0.06671, 0.066725, 0.066799, 0.06684, 0.066872, 0.066877, 0.067008, 0.067008, 0.067138, 0.067433, 0.067591, 0.067597, 0.067854, 0.067884, 0.067934, 0.067949, 0.068022, 0.06808, 0.068298, 0.0683, 0.068309, 0.06881, 0.068849, 0.068856, 0.068986, 0.069026, 0.069214, 0.069291, 0.069325, 0.069361, 0.069467, 0.069589, 0.069762, 0.069818, 0.06987, 0.069939, 0.07006, 0.070178, 0.070298, 0.070759, 0.071063, 0.071223, 0.071391, 0.071394, 0.071786, 0.071859, 0.071973, 0.072246, 0.072255, 0.072297, 0.072496, 0.07258, 0.072632, 0.072642, 0.072786, 0.073125, 0.073211, 0.073278, 0.073297, 0.073317, 0.073336, 0.073378, 0.073432, 0.073862, 0.073894, 0.073915, 0.073955, 0.074086, 0.074246, 0.07432, 0.074423, 0.074588, 0.074811, 0.075093, 0.075773, 0.075999, 0.076038, 0.076306, 0.076431, 0.076449, 0.076964, 0.076969, 0.077038, 0.077075, 0.077137, 0.077191, 0.077416, 0.077512, 0.07761, 0.077837, 0.077899, 0.077948, 0.078178, 0.078273, 0.078312, 0.078323, 0.078416, 0.078592, 0.078763, 0.078813, 0.078854, 0.07886, 0.078907, 0.079104, 0.07912, 0.079187, 0.079256, 0.079403, 0.079528, 0.080092, 0.080315, 0.080454, 0.080524, 0.080642, 0.080707, 0.080949, 0.081095, 0.081262, 0.082155, 0.082204, 0.082304, 0.082483, 0.082709, 0.082739, 0.082759, 0.08278, 0.082787, 0.083018, 0.083328, 0.083536, 0.083667, 0.083749, 0.083903, 0.083935, 0.084271, 0.084272, 0.085171, 0.085178, 0.085323, 0.085333, 0.085421, 0.085428, 0.08546, 0.085484, 0.085505, 0.085535, 0.08577, 0.085777, 0.08584, 0.085967, 0.086052, 0.086624, 0.08688, 0.086987, 0.0876, 0.08808, 0.088403, 0.088628, 0.088719, 0.089158, 0.089299, 0.089405, 0.089437, 0.089549, 0.089801, 0.09, 0.090273, 0.090367, 0.090453, 0.090558, 0.090669, 0.091029, 0.091315, 0.091405, 0.091428, 0.091549, 0.09193, 0.092109, 0.092318, 0.09255, 0.092938, 0.093035, 0.093566, 0.09372, 0.093821, 0.094019, 0.094249, 0.094283, 0.094309, 0.094468, 0.094488, 0.094649, 0.09468, 0.094682, 0.094747, 0.094837, 0.095106, 0.095209, 0.095217, 0.09539, 0.095465, 0.095537, 0.09558, 0.095862, 0.095935, 0.09599, 0.096014, 0.096467, 0.096521, 0.096599, 0.096836, 0.096907, 0.096985, 0.097105, 0.097145, 0.097238, 0.097473, 0.0975, 0.097559, 0.097609, 0.097902, 0.0983, 0.098348, 0.098434, 0.09854, 0.0988, 0.098853, 0.098995, 0.09903, 0.099067, 0.099158, 0.099406, 0.099543, 0.100129, 0.100138, 0.100337, 0.100555, 0.100634, 0.100712, 