{"sigma_r": 3.0, "sigma_i": 2.9914, "m": 5, "seed": 2225180490, "n_k": {"1": 4718, "2": 794, "3": 117, "4": 20, "5": 1, "6+": 1}, "dlogr": [0.0, 2.2e-05, 0.000342, 0.000888, 0.001169, 0.001736, 0.002586, 0.002606, 0.00264, 0.002814, 0.003359, 0.003459, 0.003757, 0.004026, 0.004129, 0.004336, 0.004655, 0.005192, 0.00524, 0.005597, 0.005869, 0.005878, 0.006025, 0.006234, 0.006293, 0.006612, 0.006972, 0.007251, 0.007919, 0.008142, 0.00816, 0.008318, 0.008351, 0.008802, 0.008814, 0.008853, 0.008887, 0.009107, 0.009586, 0.009682, 0.009833, 0.009842, 0.010304, 0.010636, 0.010737, 0.011588, 0.011732, 0.012085, 0.013077, 0.013632, 0.013742, 0.013993, 0.014923, 0.014964, 0.014993, 0.015072, 0.01519, 0.015215, 0.01523, 0.015428, 0.015724, 0.015841, 0.01606, 0.016181, 0.016749, 0.016819, 0.016881, 0.016978, 0.017057, 0.017083, 0.017149, 0.017392, 0.017495, 0.017963, 0.018533, 0.019198, 0.019612, 0.019658, 0.020138, 0.020332, 0.020456, 0.020515, 0.020897, 0.021159, 0.021402, 0.021555, 0.021608, 0.02181, 0.022699, 0.022762, 0.022826, 0.022906, 0.022911, 0.023919, 0.02394, 0.024262, 0.024675, 0.024726, 0.024892, 0.025907, 0.02624, 0.026376, 0.026413, 0.026491, 0.026748, 0.026793, 0.027041, 0.027285, 0.027461, 0.027851, 0.027875, 0.028118, 0.02832, 0.028412, 0.028434, 0.028442, 0.028659, 0.028936, 0.029118, 0.02919, 0.029211, 0.02947, 0.029509, 0.030244, 0.031055, 0.031379, 0.031552, 0.031712, 0.031819, 0.03265, 0.032907, 0.032945, 0.03298, 0.033515, 0.033659, 0.034496, 0.034594, 0.034668, 0.03473, 0.034744, 0.034924, 0.035045, 0.036118, 0.036165, 0.036308, 0.036459, 0.036507, 0.036601, 0.036854, 0.036864, 0.036903, 0.036935, 0.037209, 0.037599, 0.037853, 0.038235, 0.038569, 0.039233, 0.039434, 0.039778, 0.039887, 0.040028, 0.040127, 0.040236, 0.040813, 0.04138, 0.041493, 0.042091, 0.042121, 0.042126, 0.042169, 0.042364, 0.042502, 0.042543, 0.043513, 0.043739, 0.043816, 0.043839, 0.044009, 0.044275, 0.045052, 0.045107, 0.045114, 0.045758, 0.045803, 0.046169, 0.04633, 0.046613, 0.047826, 0.048328, 0.048381, 0.048722, 0.048898, 0.049099, 0.049158, 0.049258, 0.049441, 0.050441, 0.050664, 0.051134, 0.05165, 0.051967, 0.052315, 0.052931, 0.053315, 0.053719, 0.053859, 0.054342, 0.054435, 0.054484, 0.054824, 0.054884, 0.054996, 0.055248, 0.055354, 0.055763, 0.055937, 0.056221, 0.056228, 0.05623, 0.056231, 0.056421, 0.057586, 0.057603, 0.058133, 0.058174, 0.058337, 0.058658, 0.058677, 0.059007, 0.059102, 0.059494, 0.05966, 0.059777, 0.059802, 0.059929, 0.060224, 0.060254, 0.060303, 0.060565, 0.061172, 0.061381, 0.061456, 0.062181, 0.062318, 0.062633, 0.062751, 0.063102, 0.063707, 0.063716, 0.064863, 0.064942, 0.065139, 0.06516, 0.065161, 0.065187, 0.065519, 0.06572, 0.06599, 0.066046, 0.066132, 0.066441, 0.066643, 0.066879, 0.067008, 0.067114, 0.06721, 0.067691, 0.0678, 0.068357, 0.069387, 0.07043, 0.070873, 0.071105, 0.071533, 0.071806, 0.071979, 0.072209, 0.072417, 0.072595, 0.072758, 0.073035, 0.073114, 0.073757, 0.074204, 0.074382, 0.074679, 0.074835, 0.075456, 0.075594, 0.075826, 0.076077, 0.07668, 0.076738, 0.077847, 0.078074, 0.078269, 0.078316, 0.078382, 0.078411, 0.078625, 0.078724, 0.079338, 0.079638, 0.080164, 0.080353, 0.080546, 0.080597, 0.080612, 0.080639, 0.0808, 0.081159, 0.081741, 0.082544, 0.083022, 0.083244, 0.083413, 0.083674, 0.084186, 0.085347, 0.085571, 0.086272, 0.086289, 0.086405, 0.087406, 0.087755, 0.08791, 0.087915, 0.088008, 0.088468, 0.088688, 0.08872, 0.088864, 0.089056, 0.089168, 0.089255, 0.08946, 0.089929, 0.090182, 0.090782, 0.091306, 0.091393, 0.091528, 0.092149, 0.092546, 0.092741, 0.092801, 0.092974, 0.093538, 0.093936, 0.094028, 0.094351, 0.094671, 0.094922, 0.095225, 0.096701, 0.096712, 0.09674, 0.096776, 0.097228, 0.097308, 0.097869, 0.098094, 0.099003, 0.099145, 0.099182, 0.099598, 0.099922, 0.10059, 0.100671, 0.100847, 0.100892, 0.101142, 0.101637, 0.101888, 0.102537, 0.102852, 0.103048, 0.103182, 0.103393, 0.104059, 0.10467, 0.105193, 0.1052, 0.105315, 0.105352, 0.106153, 0.106293, 0.10675, 0.106863, 0.107097, 0.107343, 0.10794, 0.108141, 0.108631, 0.108928, 0.109438, 0.110197, 0.110684, 0.110815, 0.111319, 0.111441, 0.111552, 0.114087, 0.114096, 0.11419, 0.114364, 0.114416, 0.114691, 0.114822, 0.115072, 0.115083, 0.117099, 0.117137, 0.117612, 0.117647, 0.117747, 0.118051, 0.118534, 0.118956, 0.119094, 0.119556, 0.11993, 0.11996, 0.120275, 0.120891, 0.121671, 0.121713, 0.122337, 0.122492, 0.124379, 0.124525, 0.124707, 0.124772, 0.125008, 0.125406, 0.127113, 0.127297, 0.127316, 0.128166, 0.128513, 0.128786, 0.128857, 0.128938, 0.129027, 0.129231, 0.129578, 0.129922, 0.130121, 0.130969, 0.131011, 0.131103, 0.13212, 0.13222, 0.13259, 0.132684, 0.133018, 0.133552, 0.133727, 0.133961, 0.13422, 0.134282, 0.134495, 0.135041, 0.135235, 0.135458, 0.135548, 0.136019, 0.136152, 0.136225, 0.13646, 0.13661, 0.136617, 0.136727, 0.137629, 0.137644, 0.138939, 0.138962, 0.140606, 0.140677, 0.141629, 0.141737, 0.142349, 0.142457, 0.142703, 0.14273, 0.14283, 0.143033, 0.143227, 0.143585, 0.143775, 0.144679, 0.144681, 0.145178, 0.145207, 0.145288, 0.145601, 0.145796, 0.145869, 0.146305, 0.146439, 0.146756, 0.146834, 0.147141, 0.148833, 0.14891, 0.149383, 0.149598, 0.150146, 0.15095, 0.151535, 0.15154, 0.151713, 0.151799, 0.152563, 0.152811, 0.153094, 0.153525, 0.154057, 0.154603, 0.154669, 0.154769, 0.154908, 0.155476, 0.156793, 0.157533, 0.157615, 0.15779, 0.157874, 0.157949, 0.158988, 0.159418, 0.160005, 0.160208, 0.160513, 0.160563, 0.160567, 0.160648, 0.160655, 0.161727, 0.163012, 0.163443, 0.165312, 0.166593, 0.16674, 0.167756, 0.168035, 0.168585, 0.168803, 0.169069, 0.169204, 0.171059, 0.171518, 0.171586, 0.171732, 0.171747, 0.171995, 0.172498, 0.172725, 0.173058, 0.173368, 0.173478, 0.174293, 0.174747, 0.17485, 0.175603, 0.178375, 0.18043, 0.180777, 0.180828, 0.181161, 0.181885, 0.182024, 0.182135, 0.182256, 0.182719, 0.183707, 0.184362, 0.184488, 0.186799, 0.186918, 0.187104, 0.187278, 0.188121, 0.188768, 0.188871, 0.189079, 0.189095, 0.189285, 0.190127, 0.190195, 0.191205, 0.191207, 0.191302, 0.193271, 0.193335, 0.193629, 0.194048, 0.194686, 0.194858, 0.195247, 0.195587, 0.195597, 0.19631, 0.196418, 0.196424, 0.196657, 0.197804, 0.198297, 0.198982, 0.199583, 0.199829, 0.200278, 0.200707, 0.200772, 0.200796, 0.201285, 0.201547, 0.202134, 0.202229, 0.202457, 0.202608, 0.203631, 0.203779, 0.204719, 0.204882, 0.20658, 0.207228, 0.207914, 0.208097, 0.208168, 0.208352, 0.208988, 0.208992, 0.209216, 0.209245, 0.210358, 0.210383, 0.211101, 0.211788, 0.212505, 0.212657, 0.212854, 0.212958, 0.214158, 0.21471, 0.2165, 0.217093, 0.217202, 0.217686, 0.218803, 0.219121, 0.2194, 0.219616, 0.219901, 0.220487, 0.221904, 0.222055, 0.222743, 0.223631, 0.223728, 0.224021, 0.224212, 0.224259, 0.224271, 0.224754, 0.225186, 0.226096, 0.226282, 0.226434, 0.227064, 0.22735, 0.227965, 0.228501, 0.229691, 0.230201, 0.230296, 0.23049, 0.23097, 0.231495, 0.23155, 0.231553, 0.231623, 0.232783, 0.232816, 0.233588, 0.233594, 0.23365, 0.234196, 0.23435, 0.234608, 0.235359, 0.235722, 0.236096, 0.23635, 0.236447, 0.236704, 0.236729, 0.237773, 0.237807, 0.238656, 0.238876, 0.239433, 0.239801, 0.239809, 0.239934, 0.240494, 0.240734, 0.242294, 0.242352, 0.242485, 0.24309, 0.243221, 0.243273, 0.243389, 0.243427, 0.24343, 0.243558, 0.245621, 0.246188, 0.246511, 0.246929, 0.247287, 0.247365, 0.247773, 0.248471, 0.249468, 0.250136, 0.250309, 0.250472, 0.251088, 0.251155, 0.251389, 0.251506, 0.251988, 0.252002, 0.252393, 0.253081, 0.253112, 0.254205, 0.254525, 0.255012, 0.255538, 0.256191, 0.256351, 0.258713, 0.258746, 0.260443, 0.261763, 0.262271, 0.262361, 0.262468, 0.262672, 0.262711, 0.264272, 0.26467, 0.266965, 0.268145, 0.268212, 0.268657, 0.269241, 0.269262, 0.269358, 0.271509, 0.272186, 0.273369, 0.274789, 0.275159, 0.27563, 0.276691, 0.277835, 0.278041, 0.278884, 0.279646, 0.279877, 0.282977, 0.283978, 0.284601, 0.285049, 0.285529, 0.286119, 0.287617, 0.288545, 0.290336, 0.291541, 0.291657, 0.292028, 0.292942, 0.293218, 0.294706, 0.294878, 0.295688, 0.295696, 0.296175, 