{"sigma_r": 2.0, "sigma_i": 1.5, "m": 2, "seed": 3810209837, "n_k": {"1": 4123, "2": 978, "3": 185, "4": 32, "5": 7, "6+": 1}, "dlogr": [0.0, 0.000173, 0.00046, 0.000475, 0.000623, 0.000906, 0.001398, 0.001584, 0.001657, 0.001794, 0.002275, 0.002418, 0.002429, 0.002523, 0.002552, 0.002694, 0.002792, 0.002955, 0.003032, 0.003235, 0.003643, 0.003716, 0.004054, 0.004093, 0.004494, 0.004969, 0.005488, 0.005864, 0.006124, 0.007177, 0.007478, 0.007548, 0.00763, 0.007687, 0.007941, 0.008123, 0.008147, 0.008309, 0.00855, 0.008691, 0.008743, 0.008745, 0.008872, 0.008937, 0.009125, 0.009206, 0.009447, 0.009693, 0.009883, 0.010274, 0.010433, 0.010471, 0.010798, 0.011, 0.01105, 0.011115, 0.011155, 0.011218, 0.011309, 0.011381, 0.011512, 0.011995, 0.012716, 0.013143, 0.013406, 0.013794, 0.01448, 0.01517, 0.015258, 0.015312, 0.015349, 0.015554, 0.015665, 0.01573, 0.016262, 0.016475, 0.016573, 0.017201, 0.017273, 0.017476, 0.01751, 0.017892, 0.017934, 0.018103, 0.01885, 0.018971, 0.019157, 0.019311, 0.019355, 0.019456, 0.019684, 0.019701, 0.019808, 0.019907, 0.019912, 0.019923, 0.020088, 0.020279, 0.020995, 0.02119, 0.021428, 0.021623, 0.021719, 0.021917, 0.022011, 0.022054, 0.022414, 0.022546, 0.023296, 0.023548, 0.023574, 0.023651, 0.02372, 0.024151, 0.024516, 0.024551, 0.024562, 0.024844, 0.024959, 0.024973, 0.025022, 0.02512, 0.025651, 0.025652, 0.026006, 0.026173, 0.026304, 0.026677, 0.026701, 0.026939, 0.026984, 0.027202, 0.027217, 0.027575, 0.027588, 0.02764, 0.027677, 0.027813, 0.027888, 0.027904, 0.028008, 0.028163, 0.028234, 0.028277, 0.028462, 0.028519, 0.028557, 0.028645, 0.02908, 0.029189, 0.029195, 0.029319, 0.029448, 0.029726, 0.029853, 0.030854, 0.030911, 0.031281, 0.031285, 0.031726, 0.03184, 0.031929, 0.031934, 0.032479, 0.032723, 0.032776, 0.033164, 0.033182, 0.033307, 0.033475, 0.034146, 0.034197, 0.034434, 0.034738, 0.034864, 0.035006, 0.0351, 0.035414, 0.03578, 0.035789, 0.035806, 0.035815, 0.035934, 0.036, 0.036171, 0.036337, 0.03645, 0.036764, 0.03726, 0.037356, 0.037452, 0.03748, 0.037517, 0.03755, 0.037634, 0.038652, 0.038721, 0.038796, 0.039044, 0.039091, 0.03911, 0.039817, 0.039836, 0.040153, 0.040446, 0.041259, 0.041326, 0.041661, 0.041736, 0.04206, 0.042354, 0.04245, 0.042494, 0.042607, 0.042702, 0.042748, 0.04331, 0.043353, 0.043579, 0.043583, 0.043805, 0.043892, 0.043997, 0.044133, 0.044463, 0.044652, 0.044751, 0.044757, 0.044996, 0.045072, 0.045134, 0.045218, 0.045233, 0.04536, 0.045414, 0.045485, 0.04554, 0.045887, 0.046097, 0.04622, 0.04632, 0.046407, 0.046656, 0.046907, 0.04692, 0.047025, 0.047558, 0.047739, 0.047914, 0.047916, 0.047964, 0.048172, 0.0483, 0.048487, 0.048704, 0.048946, 0.049529, 0.049703, 0.049711, 0.049803, 0.04988, 0.049913, 0.049993, 0.050255, 0.050967, 0.051675, 0.051928, 0.051962, 0.052019, 0.052339, 0.052391, 0.052407, 0.052644, 0.052697, 0.05285, 0.052897, 0.052946, 0.052946, 0.052962, 0.053254, 0.053308, 0.053871, 0.054274, 0.054399, 0.05461, 0.054809, 0.054862, 0.054971, 0.055432, 0.05584, 0.055991, 0.056001, 0.056013, 0.056063, 0.056136, 0.056212, 0.056226, 0.056256, 0.056272, 0.056452, 0.056871, 0.057086, 0.05715, 0.057287, 0.057546, 0.057743, 0.058038, 0.058208, 0.058233, 0.058326, 0.058343, 0.058464, 0.059378, 0.059412, 0.059503, 0.059934, 0.060188, 0.060193, 0.060432, 0.060769, 0.060926, 0.061008, 0.061361, 0.061605, 0.06187, 0.062077, 0.06221, 0.063074, 0.063307, 0.063517, 0.0638, 0.064238, 0.064408, 0.064441, 0.0645, 0.064763, 0.06483, 0.06552, 0.065774, 0.065864, 0.065965, 0.066025, 0.066062, 0.0665, 0.066576, 0.066945, 0.066971, 0.066972, 0.067387, 0.067596, 0.068006, 0.068143, 0.068189, 0.068464, 0.068751, 0.068808, 0.068997, 0.069277, 0.06941, 0.069412, 0.069591, 0.069775, 0.069947, 0.070185, 0.070187, 0.070207, 0.070474, 0.070659, 0.070809, 0.071107, 0.071322, 0.071323, 0.071395, 0.071416, 0.071572, 0.071595, 0.071602, 0.071631, 0.071701, 0.071739, 0.071764, 0.072003, 0.072058, 0.072155, 0.072347, 0.072407, 0.07254, 0.072549, 0.072674, 0.072878, 0.072937, 0.073062, 0.073309, 0.073693, 0.074125, 0.074241, 0.074336, 0.074356, 0.074478, 0.074948, 0.075083, 0.075334, 0.075424, 0.075583, 0.075951, 0.07614, 0.076312, 0.07639, 0.077237, 0.077659, 0.077684, 0.078055, 0.078089, 0.078247, 0.078369, 0.078419, 0.078703, 0.078706, 0.079015, 0.079312, 0.079397, 0.080049, 0.080197, 0.080991, 0.081052, 0.081059, 0.081205, 0.081361, 0.081555, 0.081653, 0.081679, 0.081788, 0.081874, 0.082788, 0.083142, 0.083598, 0.08363, 0.083829, 0.084127, 0.084165, 0.084201, 0.084391, 0.084608, 0.084742, 0.084798, 0.085416, 0.085511, 0.085807, 0.086202, 0.086225, 0.086707, 0.086745, 0.086811, 0.087184, 0.087786, 0.087888, 0.087997, 0.08801, 0.088034, 0.088356, 0.088725, 0.088821, 0.089418, 0.089919, 0.090071, 0.090106, 0.090573, 0.090733, 0.091172, 0.091337, 0.092403, 0.092654, 0.09303, 0.093062, 0.093801, 0.094349, 0.094567, 0.094624, 0.094663, 0.094784, 0.095088, 0.095436, 0.096809, 0.097321, 0.09766, 0.097962, 0.098129, 0.098272, 0.098285, 0.098484, 0.098845, 0.098913, 0.099786, 0.099943, 0.100123, 0.100205, 0.10023, 0.100267, 0.100401, 0.100663, 0.100861, 0.10098, 0.101001, 0.101302, 0.101311, 0.101379, 0.101412, 0.10192, 0.102205, 0.102247, 0.10247, 0.102616, 0.102621, 0.102675, 0.102742, 0.102797, 0.102997, 0.103344, 0.103525, 0.103527, 0.104266, 0.104292, 0.104689, 0.104958, 0.105, 0.105213, 0.105326, 0.105567, 0.105715, 0.105831, 0.105943, 0.105953, 0.105976, 0.106269, 0.106709, 0.106819, 0.10682, 0.106866, 0.10687, 0.107007, 0.107471, 0.107693, 0.108465, 0.109025, 0.10929, 0.109457, 0.109762, 0.110258, 0.110722, 0.11077, 0.110775, 0.111378, 0.111565, 0.111875, 0.112244, 0.112366, 0.112419, 0.112628, 0.113299, 0.113843, 0.113959, 0.114014, 0.114481, 0.114609, 0.114956, 0.115006, 0.115469, 0.115525, 0.1156, 0.116044, 0.116278, 0.116362, 0.11712, 0.117719, 0.117943, 0.117959, 0.118043, 0.118303, 0.118378, 0.119355, 0.119399, 0.119451, 0.120046, 0.120488, 0.12055, 0.121004, 0.121286, 0.121563, 0.12237, 0.122622, 0.122712, 0.122718, 0.122823, 0.123183, 0.12324, 0.123429, 0.123496, 0.123609, 0.12377, 0.123822, 0.123837, 0.124689, 0.125224, 0.125232, 0.12528, 0.125415, 0.126943, 0.127091, 0.12716, 0.127492, 0.127533, 0.127914, 0.128203, 0.128848, 0.128927, 0.129009, 0.12923, 0.129475, 0.129778, 0.130072, 0.130557, 0.130703, 0.131047, 0.131383, 0.131856, 0.13196, 0.132335, 0.132594, 0.132712, 0.132743, 0.132784, 0.133601, 0.13403, 0.134279, 0.134586, 0.13474, 0.13489, 0.135078, 0.135159, 0.135237, 0.135301, 0.13563, 0.136032, 0.136152, 0.136191, 0.136206, 0.136654, 0.136661, 0.137163, 0.137213, 0.137264, 0.137367, 0.137554, 0.138302, 0.138325, 0.138376, 0.138671, 0.138843, 0.138957, 0.139011, 0.139467, 0.139756, 0.139981, 0.140394, 0.140955, 0.140976, 0.141195, 0.141403, 0.142077, 0.142207, 0.142275, 0.142393, 0.142596, 0.143503, 0.143567, 0.144415, 0.144494, 0.144765, 0.144766, 0.145274, 0.145379, 0.145438, 0.145728, 0.145762, 0.145839, 0.145901, 0.146246, 0.146311, 0.146334, 0.147146, 0.147157, 0.14752, 0.14759, 0.147638, 0.14823, 0.148982, 0.149094, 0.149126, 0.149234, 0.149314, 0.149636, 0.150169, 0.150324, 0.15069, 0.150825, 0.15115, 0.151409, 0.153038, 0.15321, 0.153621, 0.153701, 0.153963, 0.15406, 0.154311, 0.154752, 0.154794, 0.155784, 0.156074, 0.15633, 0.156429, 0.156638, 0.157035, 0.157649, 0.157809, 0.157865, 0.158524, 0.158561, 0.158713, 0.158996, 0.159195, 0.159558, 0.159582, 0.15977, 0.160134, 0.160367, 0.160419, 0.160783, 0.161003, 0.161321, 0.161701, 0.161876, 0.162121, 0.162149, 0.162211, 0.162461, 0.162846, 0.162923, 0.163052, 0.16324, 0.163346, 0.163641, 0.164629, 0.164684, 0.164968, 0.165045, 0.165057, 0.165348, 0.165606, 0.165788, 0.16602, 0.16607, 0.166176, 0.166188, 0.16627, 0.167027, 0.167448, 0.167814, 0.16805, 0.168072, 0.168371, 0.168651, 0.168815, 0.168872, 0.169785, 0.17019, 0.170515, 0.170979, 0.1714, 0.171638, 0.171772, 0.171977, 0.172563, 0.172805, 0.172915, 0.173199, 0.173278, 0.173314, 0.174336, 0.174924, 0.175013, 0.175506, 0.175804, 0.176213, 0.177147, 0.177306, 0.177538, 0.177656, 