{"sigma_r": 1.2164, "sigma_i": 0.4183, "m": 5, "seed": 3538481251, "n_k": {"1": 3750, "2": 946, "3": 268, "4": 59, "5": 16, "6+": 6}, "dlogr": [0.0, 4.6e-05, 0.00015, 0.000233, 0.000443, 0.000574, 0.000914, 0.000914, 0.001054, 0.001353, 0.001447, 0.001797, 0.001865, 0.001922, 0.001988, 0.001997, 0.002008, 0.002012, 0.002118, 0.00229, 0.002379, 0.002511, 0.002564, 0.002641, 0.002792, 0.002963, 0.002967, 0.002984, 0.003157, 0.003555, 0.003653, 0.004052, 0.004084, 0.004151, 0.004175, 0.004362, 0.004375, 0.004486, 0.0045, 0.004551, 0.00472, 0.004898, 0.004899, 0.005041, 0.005071, 0.005178, 0.005238, 0.005288, 0.005705, 0.006253, 0.006374, 0.006616, 0.006881, 0.006964, 0.007273, 0.007532, 0.007562, 0.007577, 0.007724, 0.007746, 0.00789, 0.008053, 0.008203, 0.008673, 0.008798, 0.008834, 0.008907, 0.00895, 0.008978, 0.009139, 0.009186, 0.009544, 0.009575, 0.009693, 0.010075, 0.010181, 0.010503, 0.01051, 0.010532, 0.010574, 0.010609, 0.010955, 0.010962, 0.01135, 0.01139, 0.011562, 0.011571, 0.011609, 0.011884, 0.011963, 0.012061, 0.012087, 0.012319, 0.012415, 0.012487, 0.012498, 0.012593, 0.012836, 0.012911, 0.013046, 0.01311, 0.013224, 0.013239, 0.01338, 0.013386, 0.013512, 0.013659, 0.013689, 0.013704, 0.013714, 0.013876, 0.013991, 0.014017, 0.014024, 0.014049, 0.01446, 0.014491, 0.014562, 0.014801, 0.014883, 0.015093, 0.015143, 0.015144, 0.015572, 0.015767, 0.015778, 0.015849, 0.016151, 0.016175, 0.016325, 0.016384, 0.016533, 0.016721, 0.016723, 0.016863, 0.016867, 0.017127, 0.017334, 0.017357, 0.017432, 0.017533, 0.017635, 0.017764, 0.018098, 0.018273, 0.018288, 0.018552, 0.018612, 0.018633, 0.01865, 0.01876, 0.019045, 0.019118, 0.019372, 0.019376, 0.019397, 0.020182, 0.020235, 0.020383, 0.020447, 0.020449, 0.020471, 0.020982, 0.021012, 0.021155, 0.02148, 0.021623, 0.021825, 0.021866, 0.021901, 0.021958, 0.022366, 0.022491, 0.022657, 0.022693, 0.022708, 0.022764, 0.022878, 0.023095, 0.02316, 0.023253, 0.023269, 0.023274, 0.023551, 0.02357, 0.023883, 0.023891, 0.023921, 0.024029, 0.024033, 0.024151, 0.024617, 0.024623, 0.024625, 0.024713, 0.025293, 0.025476, 0.025509, 0.025586, 0.0257, 0.025924, 0.026104, 0.026182, 0.026238, 0.026521, 0.026704, 0.026991, 0.027021, 0.027041, 0.027186, 0.027356, 0.027466, 0.02754, 0.027545, 0.027638, 0.027929, 0.02799, 0.028172, 0.028201, 0.028242, 0.028452, 0.028588, 0.028692, 0.028921, 0.029046, 0.029312, 0.029372, 0.029707, 0.029717, 0.029991, 0.030366, 0.030532, 0.030563, 0.030883, 0.030898, 0.031071, 0.031204, 0.031351, 0.03177, 0.031772, 0.032019, 0.032094, 0.032579, 0.03313, 0.033378, 0.033444, 0.033446, 0.033611, 0.033653, 0.034239, 0.034249, 0.034319, 0.034736, 0.035686, 0.035704, 0.035708, 0.035749, 0.036018, 0.036139, 0.036199, 0.036323, 0.036354, 0.036391, 0.036427, 0.036665, 0.036748, 0.036958, 0.037007, 0.037184, 0.037321, 0.037332, 0.037348, 0.037355, 0.037366, 0.037499, 0.037528, 0.037549, 0.037888, 0.038031, 0.038096, 0.03813, 0.038161, 0.038348, 0.038381, 0.038485, 0.038651, 0.038804, 0.03891, 0.039032, 0.039227, 0.039829, 0.03988, 0.039954, 0.040113, 0.040201, 0.040343, 0.040395, 0.040408, 0.040603, 0.040716, 0.040717, 0.040808, 0.041047, 0.041056, 0.041158, 0.041543, 0.042112, 0.042325, 0.042366, 0.042457, 0.042555, 0.042934, 0.043563, 0.04366, 0.04374, 0.043774, 0.043792, 0.04401, 0.044029, 0.044299, 0.044517, 0.044595, 0.044733, 0.045193, 0.045339, 0.045667, 0.045896, 0.045906, 0.045942, 0.046187, 0.046354, 0.046468, 0.046813, 0.046816, 0.046913, 0.047267, 0.047428, 0.047688, 0.047922, 0.047985, 0.048252, 0.04826, 0.048491, 0.048513, 0.048528, 0.048768, 0.048881, 0.048985, 0.049143, 0.049274, 0.049416, 0.049515, 0.049545, 0.049672, 0.049729, 0.049762, 0.049932, 0.049972, 0.049996, 0.050404, 0.0505, 0.050755, 0.050885, 0.050991, 0.051388, 0.051448, 0.051486, 0.05164, 0.051709, 0.051732, 0.051736, 0.051881, 0.052157, 0.052367, 0.052468, 0.052655, 0.052687, 0.052884, 0.053009, 0.053112, 0.053673, 0.053689, 0.053971, 0.054101, 0.054301, 0.054496, 0.054556, 0.054623, 0.054704, 0.054877, 0.054915, 0.055184, 0.055254, 0.055362, 0.055769, 0.055816, 0.055913, 0.056108, 0.056613, 0.056721, 0.056753, 0.056906, 0.057118, 0.057148, 0.057309, 0.057352, 0.057835, 0.057845, 0.057916, 0.058002, 0.058204, 0.058218, 0.05824, 0.058275, 0.058296, 0.0583, 0.058482, 0.058524, 0.058597, 0.058661, 0.058661, 0.058904, 0.059223, 0.059269, 0.059296, 0.059381, 0.059476, 0.059518, 0.059906, 0.060185, 0.060519, 0.060561, 0.060678, 0.060796, 0.061064, 0.06107, 0.061172, 0.061209, 0.061314, 0.061333, 0.061334, 0.06222, 0.062238, 0.062374, 0.062582, 0.062779, 0.062793, 0.063071, 0.06324, 0.0633, 0.064156, 0.064226, 0.06424, 0.064313, 0.064314, 0.064362, 0.064406, 0.064487, 0.064648, 0.064714, 0.064721, 0.064875, 0.064927, 0.064967, 0.064975, 0.065346, 0.065397, 0.065526, 0.065901, 0.065945, 0.066144, 0.066365, 0.066379, 0.066422, 0.066508, 0.06652, 0.066549, 0.066568, 0.066781, 0.066905, 0.066995, 0.067732, 0.068174, 0.068202, 0.068256, 0.068295, 0.068398, 0.068451, 0.068755, 0.068797, 0.069362, 0.069489, 0.069629, 0.069777, 0.069817, 0.069834, 0.070025, 0.070036, 0.070049, 0.070325, 0.070334, 0.070644, 0.071144, 0.071226, 0.07129, 0.071584, 0.071594, 0.071843, 0.072255, 0.072269, 0.072306, 0.072512, 0.072607, 0.072801, 0.072869, 0.072893, 0.073154, 0.073182, 0.073198, 0.073862, 0.074235, 0.074419, 0.074443, 0.074842, 0.074843, 0.074875, 0.074968, 0.074988, 0.07537, 0.075419, 0.075661, 0.075679, 0.075699, 0.075855, 0.076205, 0.076611, 0.076658, 0.076743, 0.077407, 0.077846, 0.077909, 0.078655, 0.078904, 0.079196, 0.079458, 0.079852, 0.080013, 0.080195, 0.080228, 0.080306, 0.080403, 0.080407, 0.080429, 0.080894, 0.081125, 0.081445, 0.081734, 0.081909, 0.08194, 0.081971, 0.082016, 0.082175, 0.08228, 0.082563, 0.082563, 0.083042, 0.083098, 0.08357, 0.08359, 0.083694, 0.0837, 0.08397, 0.084018, 0.084676, 0.084814, 0.085014, 0.085029, 0.0852, 0.085296, 0.085419, 0.085704, 0.085777, 0.085869, 0.086021, 0.086664, 0.086676, 0.087014, 0.087157, 0.087454, 0.087718, 0.087834, 0.088282, 0.088302, 0.088695, 0.088736, 0.088895, 0.089055, 0.089414, 0.089439, 0.089529, 0.089977, 0.090224, 0.090427, 0.09053, 0.090555, 0.090945, 0.091082, 0.091259, 0.091513, 0.091569, 0.091602, 0.091957, 0.092132, 0.092178, 0.092503, 0.09254, 0.092572, 0.092622, 0.092745, 0.092785, 0.092849, 0.092919, 0.093011, 0.093154, 0.093199, 0.093379, 0.093622, 0.093909, 0.093929, 0.094263, 0.094792, 0.094821, 0.094823, 0.095052, 0.095393, 0.095679, 0.095747, 0.095806, 0.096168, 0.096313, 0.096315, 0.096362, 0.096701, 0.096873, 0.097018, 0.097083, 0.097309, 0.097575, 0.097656, 0.097868, 0.098038, 0.098324, 0.098525, 0.098904, 0.099076, 0.099346, 0.099732, 0.099856, 0.100065, 0.100076, 0.100291, 0.100352, 0.100519, 0.100781, 0.100883, 0.100977, 0.101582, 0.101727, 0.101879, 0.101945, 0.102106, 0.102174, 0.10245, 0.102541, 0.102594, 0.102823, 0.102835, 0.102894, 0.102956, 0.10297, 0.103, 0.103502, 0.103591, 0.103828, 0.103948, 0.10405, 0.104074, 0.104266, 0.104295, 0.104968, 0.10533, 0.105404, 0.105598, 0.10574, 0.105758, 0.105758, 0.105989, 0.106045, 0.106195, 0.106527, 0.106593, 0.106833, 0.107034, 0.107265, 0.10731, 0.107374, 0.107382, 0.107425, 0.107536, 0.10765, 0.107729, 0.107845, 0.108393, 0.109193, 0.109469, 0.109522, 0.109592, 0.109605, 0.109881, 0.11005, 0.110196, 0.110277, 0.110701, 0.110758, 0.110944, 0.110995, 0.111157, 0.111296, 0.111391, 0.111757, 0.111777, 0.111898, 0.111993, 0.112024, 0.112317, 0.112478, 0.112483, 0.112564, 0.112603, 0.112859, 0.113112, 0.113311, 0.11348, 0.11376, 0.114147, 0.114154, 0.114191, 0.114298, 0.11455, 0.114614, 0.114807, 0.114918, 0.115023, 0.115086, 0.115318, 0.115441, 0.115672, 0.115959, 0.116065, 0.116175, 0.116441, 0.116697, 0.116776, 0.117013, 0.11721, 0.118019, 0.118347, 0.11835, 0.118429, 0.118751, 0.118966, 0.119041, 0.119576, 0.1197, 0.120142, 0.120254, 0.120467, 0.120561, 0.121046, 0.121402, 0.121517, 0.121538, 0.121581, 0.121685, 0.121714, 0.121752, 0.121855, 0.122522, 0.122682, 0.123183, 0.123288, 0.123692, 0.123727, 