{"sigma_r": 1.5244, "sigma_i": 0.8747, "m": 5, "seed": 1179801636, "n_k": {"1": 3824, "2": 947, "3": 267, "4": 47, "5": 12, "6+": 2}, "dlogr": [0.000505, 0.000749, 0.000966, 0.001046, 0.001388, 0.00164, 0.00166, 0.001691, 0.001784, 0.002038, 0.002115, 0.002232, 0.002329, 0.002339, 0.002536, 0.002622, 0.002883, 0.003263, 0.003291, 0.003559, 0.003677, 0.003902, 0.004026, 0.004062, 0.004066, 0.0043, 0.004401, 0.004412, 0.00487, 0.005039, 0.005085, 0.005434, 0.005708, 0.005906, 0.005983, 0.00609, 0.006268, 0.006541, 0.006787, 0.006856, 0.00689, 0.00719, 0.007369, 0.007446, 0.00746, 0.007502, 0.007508, 0.007656, 0.007879, 0.008029, 0.00821, 0.008244, 0.008377, 0.00843, 0.008546, 0.009305, 0.009344, 0.00953, 0.009875, 0.01007, 0.010229, 0.010362, 0.010598, 0.010989, 0.011011, 0.011144, 0.011245, 0.011262, 0.011282, 0.011284, 0.011299, 0.011487, 0.011553, 0.012132, 0.012134, 0.012387, 0.012393, 0.012696, 0.01357, 0.013592, 0.013784, 0.014593, 0.014825, 0.014828, 0.014837, 0.015076, 0.015136, 0.015177, 0.015558, 0.015572, 0.015612, 0.015627, 0.015697, 0.015748, 0.01579, 0.015816, 0.016301, 0.016524, 0.016903, 0.016984, 0.017188, 0.017342, 0.017368, 0.01739, 0.017431, 0.017584, 0.017599, 0.017979, 0.018161, 0.018423, 0.018773, 0.018842, 0.019174, 0.019527, 0.020077, 0.020091, 0.020203, 0.020775, 0.020788, 0.020902, 0.021111, 0.021131, 0.021261, 0.021487, 0.021553, 0.021597, 0.022079, 0.022451, 0.02248, 0.022775, 0.022792, 0.022858, 0.022951, 0.023069, 0.023132, 0.023325, 0.023519, 0.023619, 0.023624, 0.02367, 0.023687, 0.023857, 0.023918, 0.024368, 0.024379, 0.024395, 0.024482, 0.024512, 0.024789, 0.024913, 0.024926, 0.02496, 0.025364, 0.025593, 0.02579, 0.025836, 0.025937, 0.026144, 0.026158, 0.026246, 0.026411, 0.026556, 0.026582, 0.026685, 0.026784, 0.027009, 0.027489, 0.027551, 0.027702, 0.027777, 0.027943, 0.027986, 0.028233, 0.02834, 0.028507, 0.028652, 0.028792, 0.028862, 0.028947, 0.028964, 0.029269, 0.030164, 0.030211, 0.030231, 0.030233, 0.03053, 0.030678, 0.030685, 0.03081, 0.03099, 0.031044, 0.03132, 0.031401, 0.031483, 0.031602, 0.031642, 0.031751, 0.031877, 0.032029, 0.032091, 0.032231, 0.032611, 0.032647, 0.032673, 0.032812, 0.033015, 0.033063, 0.033099, 0.033146, 0.033249, 0.033255, 0.033258, 0.03328, 0.033442, 0.033444, 0.033746, 0.033758, 0.033794, 0.033901, 0.034056, 0.034228, 0.034383, 0.034593, 0.03465, 0.03481, 0.034927, 0.035043, 0.035063, 0.035181, 0.035665, 0.035681, 0.035794, 0.036105, 0.036185, 0.036542, 0.03668, 0.036689, 0.037012, 0.037344, 0.03741, 0.037479, 0.037594, 0.037675, 0.037781, 0.038028, 0.038066, 0.03809, 0.03822, 0.038256, 0.038353, 0.038426, 0.038553, 0.038594, 0.038718, 0.039048, 0.039065, 0.039452, 0.039684, 0.039733, 0.039762, 0.039824, 0.039943, 0.040225, 0.040256, 0.040299, 0.040389, 0.040504, 0.040535, 0.040635, 0.040788, 0.040942, 0.041038, 0.041282, 0.041286, 0.04143, 0.041562, 0.041618, 0.041621, 0.041672, 0.042138, 0.042477, 0.042515, 0.042982, 0.043332, 0.044083, 0.044245, 0.044326, 0.044725, 0.044813, 0.044986, 0.045207, 0.045347, 0.045403, 0.045638, 0.0457, 0.045765, 0.045852, 0.045917, 0.046099, 0.046127, 0.046189, 0.046203, 0.046216, 0.04622, 0.046348, 0.046521, 0.046526, 0.046588, 0.046689, 0.046779, 0.04692, 0.046944, 0.047144, 0.04793, 0.047947, 0.04811, 0.048169, 0.04822, 0.048283, 0.048353, 0.048353, 0.048457, 0.048508, 0.048761, 0.048781, 0.048902, 0.049066, 0.049188, 0.049324, 0.049412, 0.049483, 0.049534, 0.049558, 0.049732, 0.050002, 0.050111, 0.050271, 0.0508, 0.0512, 0.051385, 0.051417, 0.051641, 0.051815, 0.051888, 0.052156, 0.052267, 0.052681, 0.052998, 0.053143, 0.053277, 0.05335, 0.053406, 0.053543, 0.053893, 0.053897, 0.05404, 0.054191, 0.054259, 0.054371, 0.054379, 0.054408, 0.054626, 0.054643, 0.054856, 0.054933, 0.055012, 0.055043, 0.055323, 0.055524, 0.055675, 0.055715, 0.055787, 0.055867, 0.056006, 0.05601, 0.056336, 0.056428, 0.056454, 0.056469, 0.056589, 0.056637, 0.05679, 0.057005, 0.05705, 0.057723, 0.057761, 0.058032, 0.058146, 0.058354, 0.058547, 0.058694, 0.058773, 0.058823, 0.058845, 0.058885, 0.058905, 0.058968, 0.059433, 0.059599, 0.059611, 0.05964, 0.059705, 0.059729, 0.05997, 0.059983, 0.060132, 0.060403, 0.060556, 0.060697, 0.060743, 0.060818, 0.060894, 0.060954, 0.061009, 0.061385, 0.061389, 0.061507, 0.06158, 0.061602, 0.061945, 0.062297, 0.062448, 0.062934, 0.063041, 0.063139, 0.063181, 0.063396, 0.063679, 0.063724, 0.0641, 0.064192, 0.064223, 0.064313, 0.064534, 0.06469, 0.065152, 0.065431, 0.065476, 0.065767, 0.066098, 0.066222, 0.06644, 0.06662, 0.06698, 0.067423, 0.067647, 0.067916, 0.067921, 0.06794, 0.068518, 0.068804, 0.068846, 0.068971, 0.069034, 0.069203, 0.069354, 0.069537, 0.069893, 0.069936, 0.070111, 0.070229, 0.07052, 0.070549, 0.071156, 0.07165, 0.072088, 0.072139, 0.072244, 0.072336, 0.072352, 0.072668, 0.072787, 0.072794, 0.072852, 0.073773, 0.073821, 0.074097, 0.074262, 0.074583, 0.075738, 0.075746, 0.076057, 0.076552, 0.076826, 0.076865, 0.076897, 0.076956, 0.077008, 0.078157, 0.078179, 0.078357, 0.078368, 0.07921, 0.079219, 0.079462, 0.079528, 0.07978, 0.079788, 0.079817, 0.080155, 0.080183, 0.08037, 0.0805, 0.080504, 0.081291, 0.081371, 0.081457, 0.08154, 0.081696, 0.081756, 0.081962, 0.082033, 0.082109, 0.082438, 0.08249, 0.082502, 0.08275, 0.082932, 0.083251, 0.083404, 0.083508, 0.084102, 0.084109, 0.084278, 0.084713, 0.084741, 0.084882, 0.084908, 0.085051, 0.085157, 0.08572, 0.085817, 0.086105, 0.08628, 0.086384, 0.086459, 0.086467, 0.086838, 0.086929, 0.087069, 0.087093, 0.087299, 0.087442, 0.087591, 0.087606, 0.087736, 0.087864, 0.087983, 0.088116, 0.088427, 0.088698, 0.088721, 0.088972, 0.089021, 0.089172, 0.089314, 0.089716, 0.089923, 0.090255, 0.090563, 0.090804, 0.090945, 0.091301, 0.091306, 0.09144, 0.091462, 0.091577, 0.091715, 0.091796, 0.092196, 0.092351, 0.092428, 0.092757, 0.093181, 0.093188, 0.093206, 0.09323, 0.09336, 0.093395, 0.093717, 0.093832, 0.094108, 0.094118, 0.09417, 0.094527, 0.09463, 0.094888, 0.095018, 0.09512, 0.095341, 0.09541, 0.095495, 0.095586, 0.095692, 0.095701, 0.095816, 0.096037, 0.096184, 0.096229, 0.096419, 0.096452, 0.096522, 0.096526, 0.096663, 0.096865, 0.097001, 0.097256, 0.097502, 0.097721, 0.097946, 0.098018, 0.098255, 0.09834, 0.098419, 0.09845, 0.098694, 0.098707, 0.098759, 0.09912, 0.099297, 0.099486, 0.099505, 0.099557, 0.099661, 0.099693, 0.09973, 0.100009, 0.100175, 0.100213, 0.100254, 0.100691, 0.10073, 0.100802, 0.101045, 0.10156, 0.101758, 0.102311, 0.102339, 0.102525, 0.102644, 0.102692, 0.103046, 0.103095, 0.103328, 0.103551, 0.10411, 0.104236, 0.104239, 0.104339, 0.104427, 0.10454, 0.104738, 0.104888, 0.104909, 0.104974, 0.105069, 0.105477, 0.105581, 0.10573, 0.105849, 0.106208, 0.106632, 0.106775, 0.107039, 0.107228, 0.107556, 0.107754, 0.107942, 0.108236, 0.108684, 0.108822, 0.108919, 0.109045, 0.109146, 0.109504, 0.109592, 0.109682, 0.109971, 0.11012, 0.110175, 0.110279, 0.11043, 0.11056, 0.110738, 0.110874, 0.11096, 0.111386, 0.111651, 0.111963, 0.1121, 0.112413, 0.112455, 0.112599, 0.112808, 0.112884, 0.113062, 0.113087, 0.113183, 0.113392, 0.113451, 0.113542, 0.113742, 0.114124, 0.114352, 0.114852, 0.115297, 0.115431, 0.115573, 0.115668, 0.115825, 0.116224, 0.116402, 0.117011, 0.117442, 0.117538, 0.117546, 0.118303, 0.118371, 0.118512, 0.118556, 0.118597, 0.118846, 0.118897, 0.119523, 0.119567, 0.119795, 0.119795, 0.119804, 0.119922, 0.120294, 0.120495, 0.120663, 0.121217, 0.121424, 0.12155, 0.121694, 0.121832, 0.122055, 0.122116, 0.122209, 0.122256, 0.12246, 0.122552, 0.122761, 0.122968, 0.123243, 0.123323, 0.123661, 0.124206, 0.124415, 0.124761, 0.125271, 0.12572, 0.125778, 0.126204, 0.12642, 0.126736, 0.126903, 0.127422, 0.127437, 0.127798, 0.129049, 0.129064, 0.129266, 0.12945, 0.129486, 0.129534, 0.130118, 0.130192, 0.130204, 0.130226, 0.130581, 0.130582, 0.130601, 0.130653, 0.130717, 0.130725, 0.130789, 0.131033, 0.131304, 0.131637, 0.13178, 0.13194, 0.132247, 0.132275, 0.13242, 0.132621, 0.132667, 0.133527, 0.133596, 0.133698, 0.134277, 0.135083, 0.135096, 0.135105, 