{"sigma_r": 1.5244, "sigma_i": 1.4304, "m": 0, "seed": 2708031265, "n_k": {"1": 4150, "2": 928, "3": 194, "4": 38, "5": 4, "6+": 0}, "dlogr": [0.0, 0.0, 0.0001, 0.000184, 0.000238, 0.000531, 0.000691, 0.000978, 0.001074, 0.001115, 0.001197, 0.001224, 0.001572, 0.001754, 0.002049, 0.002244, 0.002246, 0.002407, 0.00248, 0.002592, 0.002648, 0.002668, 0.002763, 0.002768, 0.002821, 0.003061, 0.00321, 0.003267, 0.003589, 0.003627, 0.00364, 0.003757, 0.00407, 0.004456, 0.004473, 0.00457, 0.004584, 0.004738, 0.004829, 0.005011, 0.005321, 0.005441, 0.005656, 0.005684, 0.005767, 0.006192, 0.006311, 0.00633, 0.006409, 0.00645, 0.006721, 0.006857, 0.00694, 0.007324, 0.007374, 0.00745, 0.007459, 0.007609, 0.007667, 0.007871, 0.008005, 0.008391, 0.008861, 0.008971, 0.009313, 0.009364, 0.009384, 0.009661, 0.010013, 0.010081, 0.010152, 0.010252, 0.010435, 0.010609, 0.010833, 0.011265, 0.011433, 0.011607, 0.0117, 0.011742, 0.012074, 0.012485, 0.012668, 0.01268, 0.012704, 0.012774, 0.013791, 0.013892, 0.014129, 0.01429, 0.014382, 0.014476, 0.014528, 0.014588, 0.015111, 0.015199, 0.015351, 0.01572, 0.015874, 0.016507, 0.016655, 0.0167, 0.016947, 0.017563, 0.017566, 0.018448, 0.018623, 0.019346, 0.019597, 0.019683, 0.019741, 0.019957, 0.020292, 0.020329, 0.020767, 0.021055, 0.021065, 0.021113, 0.021261, 0.021267, 0.021356, 0.021418, 0.021597, 0.021604, 0.021622, 0.022029, 0.022042, 0.022079, 0.022377, 0.022417, 0.022448, 0.022472, 0.02272, 0.023049, 0.023238, 0.023736, 0.023741, 0.024273, 0.024366, 0.02447, 0.024547, 0.025277, 0.025283, 0.025343, 0.025486, 0.025513, 0.025717, 0.025789, 0.025833, 0.025889, 0.026191, 0.026195, 0.02635, 0.026584, 0.026687, 0.026762, 0.027067, 0.027114, 0.027252, 0.027409, 0.027552, 0.028025, 0.028078, 0.028123, 0.028172, 0.028199, 0.028217, 0.028442, 0.028523, 0.02864, 0.028753, 0.028869, 0.029037, 0.029224, 0.029229, 0.029302, 0.029589, 0.029701, 0.0298, 0.030093, 0.03011, 0.03043, 0.030466, 0.030867, 0.03088, 0.03103, 0.031349, 0.031395, 0.031645, 0.031752, 0.031858, 0.032031, 0.0321, 0.032267, 0.033117, 0.033204, 0.033343, 0.033483, 0.033525, 0.033572, 0.033846, 0.033874, 0.033943, 0.033965, 0.034058, 0.034091, 0.034094, 0.034378, 0.034594, 0.034637, 0.034643, 0.034852, 0.035153, 0.035419, 0.035474, 0.036452, 0.037024, 0.037127, 0.037865, 0.037942, 0.038025, 0.038058, 0.038154, 0.038291, 0.038444, 0.039218, 0.039264, 0.039703, 0.039787, 0.039841, 0.039962, 0.040788, 0.041045, 0.041119, 0.041571, 0.041835, 0.04227, 0.042307, 0.042534, 0.042795, 0.043007, 0.043239, 0.043555, 0.044418, 0.044421, 0.044707, 0.044799, 0.045173, 0.045548, 0.045844, 0.045844, 0.045867, 0.045995, 0.046182, 0.046345, 0.04638, 0.046511, 0.046557, 0.046726, 0.046827, 0.046978, 0.047288, 0.047333, 0.047433, 0.047463, 0.047488, 0.048996, 0.049054, 0.049111, 0.049192, 0.049484, 0.049554, 0.049826, 0.049966, 0.050149, 0.050189, 0.050318, 0.05035, 0.05067, 0.050743, 0.050784, 0.050865, 0.051239, 0.051251, 0.051295, 0.051411, 0.051826, 0.052018, 0.052227, 0.052258, 0.05232, 0.052361, 0.052362, 0.052387, 0.052493, 0.052745, 0.052999, 0.053182, 0.053274, 0.053847, 0.054143, 0.05439, 0.054457, 0.054475, 0.054481, 0.054499, 0.054739, 0.054791, 0.054916, 0.055332, 0.055784, 0.056003, 0.056141, 0.056964, 0.057035, 0.057497, 0.057597, 0.057628, 0.057674, 0.05782, 0.057931, 0.058086, 0.058218, 0.0584, 0.058539, 0.058735, 0.058852, 0.058885, 0.059568, 0.059594, 0.059663, 0.059745, 0.05979, 0.060249, 0.06031, 0.060337, 0.060454, 0.060524, 0.060914, 0.06136, 0.061529, 0.061881, 0.062038, 0.06208, 0.062222, 0.062286, 0.062448, 0.062529, 0.062552, 0.062715, 0.06282, 0.062864, 0.062924, 0.062951, 0.06298, 0.063286, 0.063693, 0.063935, 0.064071, 0.064246, 0.064296, 0.06457, 0.064616, 0.064621, 0.064627, 0.064684, 0.064744, 0.065287, 0.065802, 0.065898, 0.066133, 0.066941, 0.06701, 0.067431, 0.067605, 0.067627, 0.06783, 0.067931, 0.067996, 0.068128, 0.068671, 0.069124, 0.069126, 0.069187, 0.06921, 0.06923, 0.06989, 0.070065, 0.070092, 0.070121, 0.070222, 0.070274, 0.07068, 0.070777, 0.071227, 0.071269, 0.071521, 0.071529, 0.071584, 0.071732, 0.071893, 0.072006, 0.072181, 0.072359, 0.07253, 0.072638, 0.072743, 0.072917, 0.073046, 0.073115, 0.073157, 0.073243, 0.073343, 0.073553, 0.073605, 0.073809, 0.0741, 0.074264, 0.07443, 0.074516, 0.074566, 0.075035, 0.07513, 0.075237, 0.075259, 0.075362, 0.076005, 0.076072, 0.07685, 0.076955, 0.077099, 0.077144, 0.077276, 0.077312, 0.077403, 0.077493, 0.077544, 0.077648, 0.077803, 0.07788, 0.077965, 0.078354, 0.078688, 0.079004, 0.079167, 0.079309, 0.079415, 0.079626, 0.080237, 0.080282, 0.080495, 0.080521, 0.080634, 0.080882, 0.081019, 0.081219, 0.081783, 0.08186, 0.081984, 0.082023, 0.082199, 0.08223, 0.082341, 0.082408, 0.083259, 0.083455, 0.083756, 0.084165, 0.084199, 0.084635, 0.084662, 0.085029, 0.085103, 0.085381, 0.085436, 0.085474, 0.085494, 0.085523, 0.085589, 0.085591, 0.085616, 0.085674, 0.086231, 0.086394, 0.086442, 0.087153, 0.087269, 0.087428, 0.087629, 0.088039, 0.088273, 0.088359, 0.088517, 0.088612, 0.088622, 0.0887, 0.088767, 0.088817, 0.088961, 0.08901, 0.089399, 0.089801, 0.089963, 0.090324, 0.090368, 0.090551, 0.090741, 0.090772, 0.091288, 0.091465, 0.091716, 0.091863, 0.09219, 0.092257, 0.092423, 0.092445, 0.092578, 0.092625, 0.09273, 0.09304, 0.093103, 0.093381, 0.093617, 0.093629, 0.093859, 0.094041, 0.094044, 0.094259, 0.0943, 0.094874, 0.094899, 0.095196, 0.095374, 0.095482, 0.09621, 0.096867, 0.097185, 0.097593, 0.097764, 0.097915, 0.097961, 0.098023, 0.098039, 0.098186, 0.098422, 0.098442, 0.098826, 0.099321, 0.099649, 0.1001, 0.100649, 0.100901, 0.101228, 0.101514, 0.102168, 0.102354, 0.102459, 0.103088, 0.103139, 0.103153, 0.103173, 0.104013, 0.104079, 0.104239, 0.104605, 0.104694, 0.105203, 0.105527, 0.105784, 0.105941, 0.106128, 0.106404, 0.106477, 0.106729, 0.107472, 0.107588, 0.107956, 0.108096, 0.108312, 0.108383, 0.108537, 0.108812, 0.108929, 0.108929, 0.109015, 0.109107, 0.110091, 0.110194, 0.110378, 0.110493, 0.110672, 0.111116, 0.111377, 0.111464, 0.111559, 0.111646, 0.111814, 0.112001, 0.112147, 0.112216, 0.112246, 0.112405, 0.112623, 0.112674, 0.112677, 0.112902, 0.113019, 0.11342, 0.114088, 0.11458, 0.114771, 0.114813, 0.114885, 0.114888, 0.115049, 0.115099, 0.115301, 0.115439, 0.11544, 0.115504, 0.115622, 0.115832, 0.116089, 0.116151, 0.116736, 0.116831, 0.117328, 0.117926, 0.117934, 0.119204, 0.119645, 0.119679, 0.119878, 0.120625, 0.120801, 0.121035, 0.121126, 0.12131, 0.121402, 0.121553, 0.121666, 0.12174, 0.121884, 0.121983, 0.122107, 0.122211, 0.122924, 0.122943, 0.122972, 0.123108, 0.123346, 0.123399, 0.123401, 0.123459, 0.123469, 0.123843, 0.123901, 0.124248, 0.125021, 0.125524, 0.125627, 0.126167, 0.12635, 0.126995, 0.127165, 0.127406, 0.127463, 0.127588, 0.127633, 0.127904, 0.12797, 0.128063, 0.128385, 0.128699, 0.1289, 0.129622, 0.1297, 0.129804, 0.13004, 0.130825, 0.130828, 0.131172, 0.131266, 0.131424, 0.13169, 0.131765, 0.131835, 0.13221, 0.132247, 0.132427, 0.132533, 0.133086, 0.133219, 0.133223, 0.133351, 0.133397, 0.133423, 0.133654, 0.133664, 0.133721, 0.134381, 0.135165, 0.136016, 0.137056, 0.137202, 0.137307, 0.137422, 0.137593, 0.137786, 0.138384, 0.138512, 0.138593, 0.138939, 0.139762, 0.140171, 0.14045, 0.140515, 0.14063, 0.140799, 0.140814, 0.141885, 0.142427, 0.143138, 0.143813, 0.144104, 0.144945, 0.145064, 0.145141, 0.145539, 0.145636, 0.145766, 0.145829, 0.146571, 0.147028, 0.147225, 0.147252, 0.14831, 0.148323, 0.148483, 0.14867, 0.148717, 0.148729, 0.15018, 0.150678, 0.150736, 0.151097, 0.151578, 0.151907, 0.152252, 0.152798, 0.153062, 0.15347, 0.153526, 0.154201, 0.154483, 0.154984, 0.155377, 0.155568, 0.155625, 0.15586, 0.15602, 0.156573, 0.156604, 0.156609, 0.156766, 0.157082, 0.15726, 0.1574, 0.157459, 0.157521, 0.158111, 0.158351, 0.158757, 0.158878, 0.159013, 0.159144, 0.159543, 0.160094, 0.160479, 0.160763, 0.161074, 0.162019, 0.162267, 0.162569, 0.162896, 0.163187, 0.163271, 0.163613, 0.16389, 0.163937, 0.163994, 0.164513, 0.164569, 0.164676, 0.16473, 0.164786, 