{"sigma_r": 1.5244, "sigma_i": 1.8292, "m": 4, "seed": 3441996158, "n_k": {"1": 4289, "2": 958, "3": 183, "4": 28, "5": 3, "6+": 0}, "dlogr": [0.000265, 0.000483, 0.000569, 0.000612, 0.000842, 0.001215, 0.001471, 0.001655, 0.001797, 0.001914, 0.002173, 0.002346, 0.002455, 0.002614, 0.002765, 0.002963, 0.003391, 0.003671, 0.003936, 0.0045, 0.004748, 0.005029, 0.005294, 0.005525, 0.00556, 0.005571, 0.005901, 0.006145, 0.006227, 0.006258, 0.006559, 0.006574, 0.006729, 0.006753, 0.007489, 0.007495, 0.007541, 0.007984, 0.008154, 0.008282, 0.008298, 0.008544, 0.008677, 0.009166, 0.009547, 0.009797, 0.009998, 0.010268, 0.010658, 0.010762, 0.010889, 0.010951, 0.011208, 0.011247, 0.011249, 0.011404, 0.011785, 0.011897, 0.012352, 0.013231, 0.013338, 0.013777, 0.01379, 0.01399, 0.014298, 0.014425, 0.014712, 0.014713, 0.014844, 0.014905, 0.014992, 0.01509, 0.015376, 0.016206, 0.016236, 0.016383, 0.016602, 0.017471, 0.017928, 0.018112, 0.018377, 0.018513, 0.01857, 0.018636, 0.019099, 0.019689, 0.019828, 0.020008, 0.020897, 0.021101, 0.021418, 0.021434, 0.021444, 0.02149, 0.021653, 0.021755, 0.022352, 0.022386, 0.022569, 0.022585, 0.022636, 0.02278, 0.023189, 0.023383, 0.023472, 0.023574, 0.02368, 0.023785, 0.02403, 0.024322, 0.024437, 0.024627, 0.024747, 0.024912, 0.025204, 0.025249, 0.02594, 0.026074, 0.026128, 0.026202, 0.026401, 0.026758, 0.026876, 0.026913, 0.027024, 0.027096, 0.028039, 0.028336, 0.028342, 0.028483, 0.02878, 0.029272, 0.029335, 0.029571, 0.03039, 0.030477, 0.030645, 0.031071, 0.031478, 0.031596, 0.031905, 0.032572, 0.032644, 0.032887, 0.032986, 0.033154, 0.033241, 0.033248, 0.034565, 0.03488, 0.035584, 0.035959, 0.036056, 0.036339, 0.036374, 0.037471, 0.0375, 0.038109, 0.038268, 0.038284, 0.038448, 0.038532, 0.03854, 0.038643, 0.038728, 0.038943, 0.039111, 0.039393, 0.039426, 0.039622, 0.03995, 0.040211, 0.040371, 0.040399, 0.040429, 0.04079, 0.040986, 0.041014, 0.041054, 0.041558, 0.041632, 0.042082, 0.042634, 0.043235, 0.043289, 0.043347, 0.043529, 0.043566, 0.043935, 0.044, 0.044183, 0.044426, 0.044429, 0.044429, 0.044593, 0.044621, 0.044787, 0.044858, 0.045015, 0.04513, 0.045895, 0.045928, 0.046095, 0.04615, 0.046272, 0.046802, 0.046844, 0.046875, 0.046962, 0.047145, 0.04725, 0.047401, 0.04748, 0.047509, 0.047518, 0.047538, 0.047639, 0.047875, 0.047879, 0.048094, 0.04827, 0.04831, 0.048319, 0.048359, 0.048462, 0.049205, 0.049614, 0.049788, 0.050392, 0.050509, 0.05064, 0.050882, 0.051404, 0.051925, 0.052251, 0.052503, 0.052755, 0.052772, 0.053335, 0.053553, 0.053716, 0.053792, 0.053874, 0.054003, 0.054013, 0.054143, 0.05421, 0.054234, 0.054311, 0.05445, 0.054538, 0.054985, 0.055048, 0.055643, 0.055648, 0.055718, 0.055801, 0.055874, 0.055987, 0.056013, 0.056096, 0.056464, 0.056757, 0.057549, 0.058477, 0.058989, 0.059281, 0.059331, 0.059421, 0.059547, 0.059729, 0.05989, 0.059933, 0.060462, 0.060513, 0.060606, 0.061445, 0.061486, 0.061534, 0.062047, 0.062428, 0.062522, 0.062911, 0.063072, 0.063111, 0.063132, 0.0634, 0.063659, 0.06371, 0.063772, 0.06422, 0.064374, 0.064586, 0.064643, 0.064876, 0.065024, 0.065217, 0.065264, 0.065428, 0.065525, 0.065594, 0.065626, 0.065704, 0.065725, 0.065746, 0.065794, 0.06588, 0.06599, 0.065995, 0.066365, 0.066406, 0.066416, 0.066708, 0.066725, 0.066963, 0.067055, 0.067169, 0.067342, 0.067376, 0.067597, 0.067601, 0.067648, 0.06767, 0.068378, 0.068522, 0.068683, 0.068999, 0.069244, 0.06926, 0.069296, 0.069341, 0.06943, 0.069699, 0.069773, 0.06989, 0.069932, 0.070007, 0.070138, 0.070185, 0.070204, 0.070642, 0.070693, 0.071561, 0.071563, 0.072235, 0.072262, 0.072303, 0.072366, 0.072675, 0.072724, 0.072947, 0.073109, 0.074079, 0.074653, 0.074812, 0.074917, 0.075197, 0.075222, 0.075575, 0.075603, 0.075634, 0.075879, 0.076039, 0.076062, 0.076844, 0.077122, 0.077275, 0.077294, 0.077698, 0.078071, 0.078222, 0.07834, 0.078794, 0.078876, 0.079208, 0.080049, 0.080273, 0.080342, 0.080632, 0.080878, 0.080895, 0.081205, 0.081268, 0.081327, 0.081394, 0.081585, 0.081713, 0.08175, 0.082069, 0.08224, 0.082756, 0.083127, 0.083353, 0.083372, 0.083385, 0.083402, 0.083445, 0.083546, 0.084085, 0.084157, 0.084259, 0.084261, 0.084299, 0.084326, 0.084702, 0.084738, 0.084828, 0.084992, 0.085096, 0.085256, 0.08532, 0.08545, 0.085901, 0.086088, 0.086135, 0.086649, 0.086739, 0.086838, 0.08686, 0.087015, 0.087083, 0.087383, 0.087716, 0.087838, 0.088022, 0.088478, 0.088797, 0.088907, 0.089193, 0.089238, 0.089983, 0.090479, 0.090953, 0.091093, 0.0917, 0.091866, 0.091894, 0.092129, 0.09282, 0.092846, 0.092874, 0.092933, 0.092982, 0.093599, 0.094055, 0.094193, 0.094415, 0.094636, 0.094755, 0.094969, 0.095411, 0.095495, 0.095504, 0.095586, 0.095816, 0.096007, 0.096098, 0.096135, 0.096366, 0.096399, 0.097084, 0.097226, 0.097444, 0.097702, 0.097912, 0.098047, 0.098234, 0.098458, 0.098499, 0.09863, 0.098749, 0.099378, 0.099503, 0.099709, 0.099797, 0.100244, 0.10035, 0.100746, 0.100815, 0.10082, 0.101257, 0.101357, 0.101499, 0.101867, 0.102222, 0.102287, 0.103681, 0.103885, 0.104134, 0.104154, 0.104178, 0.104459, 0.104695, 0.104812, 0.104899, 0.104974, 0.105017, 0.105236, 0.105255, 0.105279, 0.105654, 0.106022, 0.106224, 0.106431, 0.106544, 0.106796, 0.107132, 0.107323, 0.10802, 0.108214, 0.108438, 0.108582, 0.109067, 0.109073, 0.10973, 0.110117, 0.110325, 0.110749, 0.110774, 0.110794, 0.110934, 0.111327, 0.111947, 0.111982, 0.112106, 0.112219, 0.112436, 0.112621, 0.112838, 0.113215, 0.113455, 0.113981, 0.114244, 0.114367, 0.114531, 0.114569, 0.114592, 0.1146, 0.114711, 0.114925, 0.114944, 0.115251, 0.115485, 0.115873, 0.116552, 0.116974, 0.117469, 0.117492, 0.117535, 0.11768, 0.118593, 0.118749, 0.118922, 0.118994, 0.119324, 0.119388, 0.119393, 0.119451, 0.120461, 0.120471, 0.12049, 0.120761, 0.120908, 0.120947, 0.121251, 0.121483, 0.121566, 0.121956, 0.121969, 0.122151, 0.122415, 0.122517, 0.122786, 0.12287, 0.122931, 0.122934, 0.122992, 0.123288, 0.123481, 0.12359, 0.123693, 0.123779, 0.123991, 0.124023, 0.124302, 0.124323, 0.124475, 0.12464, 0.124695, 0.125603, 0.12577, 0.125978, 0.126483, 0.12673, 0.126838, 0.126916, 0.127174, 0.127223, 0.127304, 0.12742, 0.127436, 0.127452, 0.127569, 0.127626, 0.127773, 0.127849, 0.128009, 0.128115, 0.128204, 0.128703, 0.128788, 0.1288, 0.128992, 0.129325, 0.129704, 0.130028, 0.130082, 0.130274, 0.130614, 0.1308, 0.130837, 0.130856, 0.131166, 0.131368, 0.131593, 0.131949, 0.132133, 0.13294, 0.133178, 0.133202, 0.133935, 0.134095, 0.134117, 0.134286, 0.13445, 0.134549, 0.13511, 0.135323, 0.135515, 0.135717, 0.13671, 0.136727, 0.137032, 0.137075, 0.137088, 0.137215, 0.137441, 0.138082, 0.138395, 0.138811, 0.139114, 0.139333, 0.139749, 0.139875, 0.139888, 0.140425, 0.140513, 0.140546, 0.140836, 0.140997, 0.141608, 0.141761, 0.141798, 0.142238, 0.142298, 0.142863, 0.143105, 0.143455, 0.144062, 0.144207, 0.144407, 0.144612, 0.144732, 0.144813, 0.145134, 0.145812, 0.14589, 0.145965, 0.146521, 0.146701, 0.147083, 0.147422, 0.147813, 0.148855, 0.148933, 0.14896, 0.14981, 0.151003, 0.151008, 0.151195, 0.151267, 0.152101, 0.152885, 0.153086, 0.153697, 0.153793, 0.153862, 0.154408, 0.154741, 0.155656, 0.155846, 0.156059, 0.156171, 0.156461, 0.156761, 0.156946, 0.157012, 0.157082, 0.157161, 0.15732, 0.157339, 0.157355, 0.157619, 0.157684, 0.157739, 0.157791, 0.157894, 0.157976, 0.158086, 0.158293, 0.159383, 0.159627, 0.160108, 0.1605, 0.160581, 0.160867, 0.161483, 0.161776, 0.161832, 0.161928, 0.162028, 0.162552, 0.162675, 0.163046, 0.163175, 0.163222, 0.163284, 0.16347, 0.163575, 0.163732, 0.163789, 0.163824, 0.163874, 0.164097, 0.164743, 0.164912, 0.165177, 0.165236, 0.165288, 0.165398, 0.165431, 0.165587, 0.165644, 0.166376, 0.166664, 0.166881, 0.166916, 0.167725, 0.168454, 0.168701, 0.168732, 0.168871, 0.169129, 0.169425, 0.169498, 0.169994, 0.171124, 0.172078, 0.172177, 0.172573, 0.172874, 0.172942, 0.172952, 0.173294, 0.173842, 0.174152, 0.174258, 0.174349, 0.174421, 0.174442, 0.174596, 0.175709, 0.176133, 0.176543, 0.176624, 0.177496, 0.177636, 0.177754, 0.177765, 0.178043, 0.178233, 0.178582, 0.178598, 0.17861, 