{"sigma_r": 0.9707, "sigma_i": 0.684, "m": 5, "seed": 1579151076, "n_k": {"1": 3839, "2": 977, "3": 281, "4": 57, "5": 9, "6+": 3}, "dlogr": [0.0, 0.0, 3e-06, 0.000168, 0.000245, 0.000294, 0.00038, 0.000539, 0.000768, 0.00094, 0.00101, 0.001041, 0.001075, 0.001193, 0.001261, 0.001266, 0.001488, 0.001509, 0.001572, 0.001673, 0.001689, 0.001726, 0.001939, 0.001995, 0.00216, 0.002236, 0.002242, 0.002294, 0.002295, 0.002318, 0.002325, 0.002833, 0.002849, 0.00285, 0.003101, 0.003276, 0.003554, 0.003715, 0.003755, 0.003763, 0.003854, 0.003975, 0.004139, 0.004241, 0.004276, 0.004354, 0.004639, 0.004678, 0.004728, 0.005093, 0.005203, 0.005272, 0.005347, 0.005381, 0.005649, 0.005961, 0.006046, 0.006518, 0.006525, 0.006544, 0.006653, 0.006868, 0.006952, 0.007283, 0.007395, 0.007401, 0.008043, 0.008093, 0.008271, 0.008346, 0.008724, 0.008795, 0.008929, 0.009139, 0.009175, 0.00926, 0.009558, 0.009589, 0.009682, 0.0098, 0.009959, 0.009974, 0.010356, 0.010636, 0.010921, 0.010931, 0.010968, 0.011023, 0.011076, 0.011145, 0.01157, 0.011576, 0.011588, 0.011841, 0.011891, 0.011941, 0.011995, 0.012279, 0.012409, 0.012658, 0.013047, 0.013066, 0.013305, 0.013452, 0.013509, 0.013628, 0.013675, 0.013933, 0.013968, 0.013996, 0.014034, 0.014043, 0.014067, 0.014089, 0.014124, 0.014124, 0.014504, 0.014543, 0.014596, 0.014671, 0.014943, 0.015018, 0.015048, 0.015246, 0.015269, 0.015417, 0.015527, 0.015713, 0.01579, 0.015814, 0.01614, 0.016311, 0.016318, 0.016575, 0.016613, 0.016858, 0.017443, 0.017476, 0.017511, 0.0178, 0.017827, 0.018324, 0.018486, 0.018684, 0.018799, 0.018938, 0.018973, 0.019022, 0.019175, 0.019667, 0.019725, 0.019887, 0.020226, 0.020326, 0.020444, 0.02045, 0.020547, 0.020724, 0.020755, 0.020826, 0.02111, 0.021369, 0.021377, 0.021506, 0.021533, 0.021536, 0.021636, 0.021697, 0.021808, 0.021937, 0.021983, 0.02238, 0.022422, 0.022558, 0.02271, 0.023026, 0.023252, 0.023278, 0.023377, 0.023384, 0.023421, 0.023451, 0.023481, 0.023525, 0.023733, 0.023901, 0.023989, 0.024109, 0.024156, 0.02484, 0.025058, 0.025106, 0.025187, 0.025272, 0.025368, 0.025479, 0.025486, 0.025535, 0.02575, 0.025751, 0.025759, 0.025852, 0.026086, 0.026117, 0.026389, 0.026445, 0.026632, 0.026775, 0.027029, 0.027041, 0.027117, 0.027448, 0.027667, 0.027675, 0.027744, 0.027938, 0.027953, 0.02796, 0.02805, 0.028284, 0.028285, 0.028559, 0.028759, 0.0288, 0.029012, 0.02914, 0.029378, 0.029568, 0.029573, 0.029611, 0.029646, 0.02971, 0.029739, 0.030016, 0.030064, 0.030083, 0.030234, 0.030278, 0.030339, 0.030354, 0.03039, 0.030824, 0.030878, 0.031157, 0.031323, 0.031426, 0.031571, 0.031585, 0.031659, 0.03169, 0.031947, 0.032006, 0.032046, 0.032082, 0.032424, 0.032643, 0.03282, 0.032918, 0.032948, 0.033357, 0.033372, 0.033425, 0.033777, 0.03396, 0.034119, 0.03434, 0.034905, 0.035114, 0.035379, 0.035534, 0.035646, 0.035903, 0.036215, 0.036272, 0.03639, 0.036577, 0.036811, 0.036914, 0.037701, 0.037782, 0.037826, 0.038133, 0.038158, 0.038239, 0.038396, 0.038411, 0.038418, 0.038638, 0.03892, 0.038982, 0.039237, 0.03926, 0.039269, 0.03938, 0.039469, 0.039587, 0.039635, 0.039661, 0.039742, 0.040441, 0.040761, 0.040892, 0.040994, 0.041017, 0.041058, 0.04106, 0.041144, 0.041319, 0.04136, 0.041405, 0.041518, 0.041677, 0.041789, 0.04188, 0.041897, 0.041953, 0.042156, 0.042224, 0.042316, 0.04237, 0.042584, 0.042914, 0.042914, 0.043027, 0.043046, 0.043063, 0.043115, 0.04329, 0.043728, 0.044025, 0.044267, 0.044421, 0.044598, 0.044868, 0.0449, 0.045526, 0.045916, 0.045964, 0.046044, 0.046116, 0.046309, 0.04638, 0.046406, 0.046454, 0.046489, 0.046603, 0.046641, 0.046725, 0.046745, 0.046801, 0.046808, 0.046819, 0.046856, 0.046882, 0.046904, 0.047054, 0.047132, 0.047322, 0.047402, 0.047492, 0.047515, 0.047551, 0.047623, 0.04767, 0.047673, 0.047801, 0.048192, 0.048285, 0.048439, 0.048483, 0.048543, 0.048612, 0.048664, 0.048745, 0.048872, 0.048917, 0.049155, 0.049239, 0.049263, 0.049503, 0.049567, 0.049796, 0.049797, 0.05018, 0.050205, 0.050483, 0.050747, 0.050854, 0.05097, 0.051033, 0.051287, 0.051296, 0.052256, 0.052384, 0.052645, 0.052734, 0.052952, 0.05303, 0.053041, 0.053298, 0.053535, 0.053555, 0.053617, 0.053823, 0.053832, 0.053986, 0.05416, 0.054223, 0.054785, 0.054815, 0.054982, 0.054991, 0.055075, 0.055139, 0.055337, 0.055646, 0.055689, 0.056052, 0.056088, 0.056279, 0.056333, 0.056428, 0.056527, 0.056643, 0.056709, 0.056711, 0.056868, 0.057094, 0.057186, 0.057274, 0.057548, 0.057838, 0.057932, 0.058594, 0.059029, 0.059429, 0.059439, 0.059801, 0.059852, 0.059959, 0.06008, 0.060233, 0.06033, 0.060431, 0.060831, 0.060881, 0.061007, 0.061045, 0.061047, 0.061065, 0.061246, 0.061327, 0.061358, 0.061594, 0.061696, 0.0617, 0.061775, 0.061783, 0.061789, 0.061871, 0.061884, 0.06197, 0.06215, 0.062289, 0.062335, 0.062357, 0.062379, 0.062432, 0.06278, 0.062991, 0.063002, 0.063095, 0.063352, 0.063502, 0.0636, 0.063846, 0.063945, 0.064242, 0.064261, 0.06446, 0.064519, 0.064547, 0.064569, 0.064595, 0.064664, 0.064729, 0.064741, 0.064833, 0.064894, 0.064896, 0.064981, 0.065002, 0.065387, 0.065398, 0.065405, 0.065446, 0.065709, 0.065806, 0.066203, 0.066257, 0.066288, 0.066429, 0.066434, 0.066986, 0.06723, 0.067396, 0.0674, 0.067416, 0.067529, 0.067585, 0.067607, 0.06791, 0.068079, 0.068208, 0.068219, 0.068237, 0.068278, 0.068478, 0.068528, 0.068778, 0.068943, 0.068945, 0.069049, 0.069075, 0.069201, 0.069206, 0.069214, 0.069245, 0.069262, 0.069274, 0.069286, 0.069366, 0.069523, 0.069525, 0.069729, 0.069795, 0.070056, 0.070087, 0.070419, 0.070475, 0.070554, 0.070604, 0.070648, 0.071061, 0.07115, 0.071244, 0.071289, 0.07155, 0.071704, 0.071766, 0.071849, 0.07202, 0.072131, 0.07225, 0.072272, 0.07235, 0.072537, 0.072632, 0.072761, 0.072848, 0.072874, 0.073142, 0.073155, 0.073194, 0.073297, 0.073381, 0.07379, 0.074526, 0.074659, 0.074659, 0.074749, 0.074785, 0.074947, 0.075072, 0.075137, 0.075222, 0.075296, 0.075349, 0.075364, 0.075389, 0.075392, 0.0754, 0.075519, 0.075552, 0.075563, 0.075946, 0.076223, 0.076235, 0.076284, 0.076347, 0.076376, 0.076399, 0.076502, 0.076858, 0.076959, 0.077255, 0.077347, 0.077512, 0.077524, 0.077747, 0.077837, 0.077935, 0.077959, 0.077964, 0.077967, 0.078219, 0.078306, 0.078615, 0.07886, 0.078988, 0.079127, 0.079255, 0.079766, 0.080029, 0.08034, 0.080668, 0.081199, 0.081208, 0.081295, 0.081315, 0.081342, 0.081503, 0.08169, 0.081802, 0.081899, 0.081932, 0.081943, 0.082125, 0.082201, 0.082334, 0.082687, 0.082739, 0.082893, 0.083096, 0.083149, 0.083198, 0.083208, 0.083291, 0.083367, 0.083409, 0.083799, 0.084025, 0.08427, 0.084567, 0.084615, 0.085, 0.085223, 0.085225, 0.08526, 0.085473, 0.085768, 0.086097, 0.086146, 0.086362, 0.08639, 0.086395, 0.086418, 0.086531, 0.08661, 0.08688, 0.086949, 0.087218, 0.087221, 0.087227, 0.087461, 0.087461, 0.087637, 0.0877, 0.087765, 0.087835, 0.087886, 0.087937, 0.087996, 0.088035, 0.088225, 0.088325, 0.08851, 0.088758, 0.088808, 0.089216, 0.089259, 0.089304, 0.089328, 0.090065, 0.090286, 0.090393, 0.090514, 0.090612, 0.090981, 0.090987, 0.091268, 0.091274, 0.091398, 0.091428, 0.091767, 0.091837, 0.091874, 0.092101, 0.092224, 0.092232, 0.092391, 0.093134, 0.093421, 0.093634, 0.093747, 0.093931, 0.09421, 0.094753, 0.095016, 0.095352, 0.095442, 0.095641, 0.095666, 0.09571, 0.095776, 0.095847, 0.095906, 0.095996, 0.096589, 0.096664, 0.096733, 0.09696, 0.097198, 0.097564, 0.097815, 0.097936, 0.098117, 0.098129, 0.098207, 0.098265, 0.09845, 0.098551, 0.09863, 0.098665, 0.098959, 0.099111, 0.099263, 0.099268, 0.0994, 0.09956, 0.099606, 0.099888, 0.099899, 0.10009, 0.100093, 0.100165, 0.10026, 0.100556, 0.100569, 0.100775, 0.10119, 0.101712, 0.101876, 0.101978, 0.102146, 0.102336, 0.102524, 0.102586, 0.102607, 0.102621, 0.102702, 0.102901, 0.10293, 0.10305, 0.103265, 0.10365, 0.103657, 0.103697, 0.103864, 0.103884, 0.103888, 0.104144, 0.104257, 0.104501, 0.104543, 0.104671, 0.104788, 0.104915, 0.104999, 0.105374, 0.10558, 0.105738, 0.106028, 0.106362, 0.106386, 0.10645, 0.106757, 0.106759, 0.106917, 0.106971, 0.107305, 0.107646, 0.107817, 0.107852, 0.107894, 0.107953, 0.108019, 