{"sigma_r": 2.3939, "sigma_i": 0.2558, "m": 2, "seed": 2470078326, "n_k": {"1": 3791, "2": 927, "3": 256, "4": 67, "5": 24, "6+": 3}, "dlogr": [0.0, 5.1e-05, 0.000388, 0.000392, 0.000405, 0.000444, 0.00048, 0.000488, 0.000611, 0.000684, 0.000692, 0.00071, 0.001174, 0.001579, 0.001622, 0.001697, 0.001743, 0.002332, 0.002965, 0.003314, 0.003484, 0.00353, 0.003654, 0.003721, 0.003726, 0.004145, 0.004237, 0.004364, 0.004465, 0.004522, 0.004586, 0.004669, 0.005515, 0.005614, 0.005654, 0.005666, 0.00567, 0.005756, 0.005843, 0.005977, 0.006051, 0.006099, 0.006524, 0.006611, 0.006839, 0.007008, 0.007126, 0.007222, 0.00729, 0.008073, 0.008268, 0.008764, 0.008764, 0.009082, 0.009152, 0.009366, 0.009372, 0.009581, 0.009621, 0.010534, 0.010562, 0.010756, 0.010863, 0.0111, 0.011367, 0.011473, 0.011491, 0.011567, 0.011681, 0.011692, 0.01172, 0.011722, 0.011953, 0.01223, 0.012763, 0.012834, 0.012837, 0.013577, 0.013677, 0.013976, 0.014093, 0.014154, 0.014157, 0.014227, 0.014734, 0.014814, 0.01482, 0.014877, 0.015214, 0.01577, 0.015807, 0.016077, 0.016186, 0.016205, 0.016229, 0.016602, 0.016737, 0.016817, 0.017009, 0.017426, 0.017589, 0.017597, 0.017758, 0.017784, 0.01779, 0.017857, 0.017997, 0.018042, 0.018186, 0.018274, 0.018381, 0.018407, 0.01842, 0.018684, 0.018834, 0.018835, 0.018909, 0.01899, 0.019044, 0.019089, 0.019592, 0.01964, 0.020039, 0.020192, 0.020247, 0.020646, 0.020898, 0.021269, 0.02136, 0.021825, 0.021923, 0.021964, 0.02198, 0.02203, 0.022057, 0.022093, 0.022235, 0.022493, 0.022736, 0.023246, 0.023347, 0.02341, 0.023541, 0.023624, 0.023826, 0.024241, 0.02427, 0.024955, 0.025158, 0.025165, 0.025309, 0.025506, 0.02551, 0.025725, 0.025909, 0.026188, 0.026199, 0.026363, 0.026419, 0.026423, 0.026502, 0.026546, 0.02715, 0.027488, 0.027595, 0.027788, 0.027851, 0.028069, 0.028145, 0.028252, 0.02874, 0.028897, 0.029234, 0.029527, 0.030153, 0.030197, 0.030332, 0.030379, 0.030381, 0.030612, 0.03075, 0.030922, 0.030935, 0.031047, 0.031275, 0.031325, 0.03136, 0.031415, 0.031647, 0.03168, 0.031824, 0.031925, 0.032022, 0.032159, 0.032548, 0.032568, 0.032612, 0.032622, 0.032657, 0.032965, 0.0331, 0.033119, 0.033129, 0.033143, 0.033761, 0.033974, 0.034664, 0.034683, 0.035139, 0.035202, 0.035692, 0.035822, 0.035848, 0.035917, 0.035944, 0.036043, 0.036166, 0.036422, 0.037096, 0.037391, 0.037541, 0.037833, 0.038207, 0.038286, 0.038448, 0.038483, 0.038581, 0.038595, 0.038642, 0.038675, 0.038859, 0.039194, 0.039254, 0.039328, 0.039359, 0.039461, 0.039474, 0.039563, 0.039586, 0.039663, 0.039752, 0.03988, 0.04006, 0.040364, 0.040444, 0.040603, 0.040813, 0.040929, 0.040958, 0.041109, 0.041147, 0.04133, 0.041346, 0.041696, 0.041765, 0.041936, 0.042082, 0.042714, 0.042771, 0.042906, 0.043046, 0.043422, 0.043507, 0.043629, 0.043729, 0.0438, 0.044628, 0.04519, 0.045308, 0.045438, 0.045536, 0.045587, 0.045801, 0.046066, 0.046345, 0.046366, 0.046439, 0.046442, 0.04656, 0.046845, 0.046975, 0.04699, 0.04756, 0.047777, 0.047778, 0.047963, 0.048099, 0.048157, 0.048235, 0.048251, 0.048347, 0.048456, 0.048524, 0.048578, 0.048727, 0.048778, 0.049103, 0.049109, 0.049222, 0.049317, 0.049422, 0.049556, 0.0498, 0.049938, 0.050427, 0.050602, 0.050661, 0.050865, 0.050988, 0.051111, 0.051174, 0.051745, 0.051813, 0.052225, 0.052338, 0.0524, 0.052528, 0.052611, 0.052634, 0.052911, 0.053496, 0.053841, 0.054743, 0.054904, 0.055174, 0.055311, 0.055425, 0.055435, 0.05565, 0.05607, 0.05626, 0.056621, 0.056819, 0.057268, 0.057315, 0.05739, 0.057597, 0.057709, 0.057735, 0.057803, 0.05791, 0.058375, 0.058766, 0.059108, 0.059214, 0.059606, 0.05984, 0.059959, 0.060479, 0.060503, 0.060803, 0.060994, 0.061074, 0.061091, 0.061105, 0.061462, 0.061677, 0.061764, 0.06183, 0.061938, 0.062019, 0.062031, 0.062034, 0.062194, 0.062305, 0.062641, 0.062755, 0.062788, 0.062853, 0.06289, 0.062983, 0.063026, 0.063065, 0.063089, 0.063116, 0.063206, 0.063702, 0.064057, 0.064239, 0.06442, 0.064494, 0.064628, 0.064745, 0.064888, 0.064949, 0.065004, 0.065118, 0.065131, 0.065222, 0.065265, 0.065267, 0.065426, 0.065449, 0.065567, 0.065597, 0.065642, 0.065854, 0.066215, 0.066277, 0.066308, 0.066782, 0.066861, 0.066955, 0.066965, 0.067014, 0.067147, 0.067259, 0.067525, 0.067655, 0.067657, 0.0679, 0.06793, 0.068009, 0.068017, 0.068481, 0.068762, 0.069166, 0.06938, 0.069386, 0.06939, 0.069586, 0.06991, 0.069934, 0.070575, 0.07077, 0.07094, 0.07118, 0.071409, 0.071464, 0.071951, 0.07198, 0.07201, 0.072153, 0.07218, 0.072245, 0.072339, 0.072371, 0.072475, 0.072604, 0.072882, 0.072906, 0.073226, 0.073438, 0.073799, 0.073817, 0.07384, 0.074001, 0.074018, 0.074026, 0.07456, 0.074666, 0.074732, 0.074746, 0.074754, 0.075747, 0.077007, 0.077309, 0.077537, 0.077671, 0.077775, 0.077931, 0.077948, 0.077962, 0.078057, 0.078184, 0.078186, 0.078671, 0.078804, 0.078889, 0.078944, 0.079296, 0.079362, 0.079394, 0.079469, 0.079486, 0.079541, 0.079632, 0.079744, 0.079744, 0.081015, 0.081432, 0.081506, 0.081715, 0.082131, 0.083207, 0.083617, 0.083914, 0.084104, 0.084198, 0.084548, 0.084682, 0.084828, 0.084841, 0.085487, 0.085608, 0.085746, 0.085759, 0.085779, 0.085812, 0.085883, 0.086223, 0.086247, 0.086271, 0.08646, 0.086586, 0.086963, 0.087462, 0.087519, 0.087554, 0.087632, 0.087676, 0.087771, 0.087957, 0.088064, 0.088452, 0.088729, 0.08879, 0.088796, 0.088825, 0.088863, 0.088921, 0.089307, 0.089354, 0.090033, 0.090565, 0.090622, 0.091218, 0.091608, 0.091626, 0.091769, 0.092013, 0.092068, 0.09208, 0.092204, 0.092231, 0.092279, 0.092555, 0.092852, 0.092862, 0.093133, 0.093265, 0.093355, 0.093459, 0.093676, 0.093767, 0.093944, 0.09405, 0.094093, 0.094799, 0.094952, 0.09501, 0.095017, 0.095291, 0.095449, 0.0955, 0.095521, 0.095664, 0.096108, 0.096432, 0.09671, 0.096984, 0.09703, 0.097097, 0.097281, 0.097323, 0.097474, 0.097499, 0.097705, 0.097884, 0.098141, 0.098304, 0.098539, 0.099268, 0.099315, 0.09961, 0.099785, 0.099917, 0.100002, 0.10012, 0.100361, 0.100458, 0.100479, 0.100708, 0.100948, 0.101147, 0.101519, 0.10206, 0.102086, 0.10218, 0.102232, 0.102304, 0.1024, 0.102454, 0.102537, 0.102696, 0.102995, 0.103026, 0.103034, 0.10321, 0.103235, 0.103269, 0.103318, 0.103318, 0.103357, 0.103389, 0.103431, 0.103681, 0.104156, 0.104304, 0.104342, 0.104487, 0.104549, 0.104764, 0.104782, 0.104802, 0.104805, 0.105058, 0.105311, 0.105514, 0.105547, 0.105564, 0.105687, 0.106039, 0.106377, 0.106391, 0.106617, 0.106627, 0.106832, 0.107733, 0.108009, 0.108035, 0.108146, 0.108253, 0.108634, 0.108684, 0.108715, 0.108773, 0.109296, 0.109544, 0.109645, 0.109711, 0.110402, 0.110537, 0.110643, 0.11075, 0.11077, 0.110935, 0.111116, 0.111502, 0.111684, 0.112078, 0.112364, 0.112476, 0.112645, 0.112715, 0.112729, 0.112817, 0.112834, 0.113044, 0.113118, 0.11331, 0.113314, 0.113466, 0.11362, 0.113646, 0.114158, 0.114325, 0.114859, 0.114906, 0.115114, 0.115115, 0.115211, 0.115397, 0.115566, 0.116096, 0.116163, 0.116537, 0.117478, 0.117754, 0.117947, 0.118259, 0.118307, 0.118875, 0.119189, 0.119299, 0.120052, 0.120558, 0.120602, 0.120735, 0.120796, 0.121334, 0.12175, 0.122616, 0.122639, 0.122878, 0.123098, 0.123366, 0.123445, 0.123501, 0.12355, 0.124694, 0.12484, 0.125236, 0.125329, 0.1256, 0.125738, 0.125781, 0.126152, 0.126595, 0.126842, 0.127045, 0.127168, 0.127256, 0.127368, 0.127495, 0.127616, 0.127657, 0.127768, 0.127832, 0.127872, 0.127992, 0.12817, 0.128449, 0.128454, 0.128905, 0.129147, 0.129294, 0.129347, 0.129558, 0.129965, 0.130223, 0.13057, 0.130577, 0.13093, 0.13143, 0.131467, 0.131687, 0.132135, 0.132204, 0.132505, 0.132507, 0.132592, 0.132609, 0.132803, 0.13282, 0.132898, 0.132947, 0.133195, 0.133589, 0.133686, 0.133859, 0.133887, 0.134169, 0.134263, 0.134372, 0.134494, 0.134501, 0.134953, 0.135154, 0.135413, 0.135832, 0.136048, 0.1362, 0.13662, 0.136823, 0.136952, 0.137216, 0.137659, 0.137677, 0.137701, 0.137715, 0.13807, 0.138086, 0.138109, 0.138144, 0.138571, 0.138629, 0.138808, 0.138836, 0.138992, 0.139228, 0.139305, 0.139471, 0.139897, 0.140353, 0.14056, 0.140605, 0.140726, 0.140867, 0.141567, 0.141709, 0.141814, 0.141897, 0.142142, 0.142309, 0.142463, 