{"sigma_r": 0.9707, "sigma_i": 0.2, "m": 5, "seed": 1238973622, "n_k": {"1": 3659, "2": 910, "3": 266, "4": 62, "5": 19, "6+": 3}, "dlogr": [0.0, 0.0, 0.000189, 0.000376, 0.000422, 0.000681, 0.000753, 0.001273, 0.001557, 0.001583, 0.001612, 0.001701, 0.001825, 0.001832, 0.002016, 0.002176, 0.002262, 0.002313, 0.002504, 0.002641, 0.003191, 0.003245, 0.003472, 0.003891, 0.003992, 0.004129, 0.004685, 0.004717, 0.00483, 0.004835, 0.004947, 0.004971, 0.004995, 0.005475, 0.005571, 0.005599, 0.005961, 0.006044, 0.00618, 0.006213, 0.006959, 0.007395, 0.007461, 0.007723, 0.007877, 0.008039, 0.008078, 0.008336, 0.008437, 0.008447, 0.008636, 0.008645, 0.008649, 0.008734, 0.00879, 0.008963, 0.009045, 0.009132, 0.009386, 0.009419, 0.00944, 0.00977, 0.009847, 0.009904, 0.009977, 0.010595, 0.010624, 0.010671, 0.010758, 0.010818, 0.010841, 0.010922, 0.011098, 0.011109, 0.01117, 0.01125, 0.011594, 0.011873, 0.011939, 0.011993, 0.012041, 0.012312, 0.012324, 0.012474, 0.012525, 0.012555, 0.012642, 0.012732, 0.012778, 0.012784, 0.012786, 0.0128, 0.012821, 0.01285, 0.01285, 0.012864, 0.012872, 0.012888, 0.013107, 0.013685, 0.013764, 0.01389, 0.014514, 0.014542, 0.014655, 0.014671, 0.01505, 0.015197, 0.015232, 0.015247, 0.015285, 0.01532, 0.015462, 0.015927, 0.01598, 0.015986, 0.015998, 0.016003, 0.016205, 0.016275, 0.016451, 0.016614, 0.016636, 0.016785, 0.016945, 0.016986, 0.017008, 0.017065, 0.01757, 0.017579, 0.017839, 0.017872, 0.01803, 0.018049, 0.018273, 0.018378, 0.018423, 0.018526, 0.01855, 0.018687, 0.018762, 0.018824, 0.019403, 0.01953, 0.019632, 0.019793, 0.020162, 0.020252, 0.020279, 0.020426, 0.020497, 0.02057, 0.020711, 0.020858, 0.021031, 0.021509, 0.021566, 0.021571, 0.02161, 0.021611, 0.02165, 0.021799, 0.022134, 0.02214, 0.022324, 0.022572, 0.022655, 0.022683, 0.022688, 0.022744, 0.023176, 0.023372, 0.023436, 0.023541, 0.023617, 0.023704, 0.023728, 0.023792, 0.023906, 0.024049, 0.024114, 0.024225, 0.024391, 0.024405, 0.024526, 0.024527, 0.024781, 0.024784, 0.024813, 0.024953, 0.025464, 0.025592, 0.0256, 0.025629, 0.025741, 0.025804, 0.025822, 0.026003, 0.02612, 0.026221, 0.026308, 0.026395, 0.026534, 0.027321, 0.027603, 0.027681, 0.027682, 0.027708, 0.027794, 0.028062, 0.028069, 0.028163, 0.02846, 0.028481, 0.028682, 0.028732, 0.028748, 0.028844, 0.029014, 0.029203, 0.029365, 0.029438, 0.029554, 0.029654, 0.029658, 0.029741, 0.029789, 0.029883, 0.030128, 0.030185, 0.030335, 0.030337, 0.030529, 0.030569, 0.030624, 0.03065, 0.030651, 0.030718, 0.030833, 0.030851, 0.030986, 0.031034, 0.031104, 0.031303, 0.031305, 0.031508, 0.031581, 0.03168, 0.031706, 0.031842, 0.031851, 0.032069, 0.032428, 0.032596, 0.032785, 0.032952, 0.032982, 0.032994, 0.033019, 0.033037, 0.033077, 0.033174, 0.033362, 0.033651, 0.034087, 0.034116, 0.034125, 0.034194, 0.034253, 0.034342, 0.03443, 0.034508, 0.034631, 0.03469, 0.034721, 0.034803, 0.034837, 0.034965, 0.034994, 0.035081, 0.035215, 0.035238, 0.035334, 0.035519, 0.035555, 0.035953, 0.036092, 0.036145, 0.036378, 0.036607, 0.036772, 0.036806, 0.036945, 0.036989, 0.037107, 0.037316, 0.037325, 0.037368, 0.037388, 0.037555, 0.03767, 0.03809, 0.038133, 0.038518, 0.038776, 0.038892, 0.038923, 0.039063, 0.039124, 0.0392, 0.03936, 0.039421, 0.039537, 0.039546, 0.03982, 0.040399, 0.040401, 0.040538, 0.040675, 0.040855, 0.040905, 0.041032, 0.041128, 0.041233, 0.041715, 0.041734, 0.041797, 0.041927, 0.042088, 0.042163, 0.042184, 0.042247, 0.042286, 0.042443, 0.042506, 0.042538, 0.042652, 0.042708, 0.042748, 0.042835, 0.042974, 0.043074, 0.043087, 0.043093, 0.043485, 0.043527, 0.043563, 0.043613, 0.043651, 0.04389, 0.044014, 0.04407, 0.044081, 0.044383, 0.044401, 0.044507, 0.044638, 0.044655, 0.04494, 0.045384, 0.045483, 0.045715, 0.045773, 0.045982, 0.046135, 0.046166, 0.046843, 0.047021, 0.047077, 0.047091, 0.047134, 0.047357, 0.047368, 0.047665, 0.047704, 0.047819, 0.047908, 0.048031, 0.048196, 0.048336, 0.048554, 0.048662, 0.048823, 0.048981, 0.049008, 0.049038, 0.049085, 0.04926, 0.049407, 0.049457, 0.049978, 0.05035, 0.050864, 0.050882, 0.050884, 0.050899, 0.051157, 0.05116, 0.05121, 0.051242, 0.0513, 0.05132, 0.051329, 0.051361, 0.051384, 0.051406, 0.051516, 0.051577, 0.051614, 0.051674, 0.051726, 0.052098, 0.052211, 0.052503, 0.052505, 0.052539, 0.052689, 0.052977, 0.053192, 0.053342, 0.0535, 0.053749, 0.054004, 0.05493, 0.054981, 0.055245, 0.055641, 0.05577, 0.056105, 0.056109, 0.05621, 0.056258, 0.05636, 0.056504, 0.056684, 0.057011, 0.057062, 0.057094, 0.057159, 0.057226, 0.057284, 0.0574, 0.057439, 0.057695, 0.057718, 0.057768, 0.057899, 0.0583, 0.058346, 0.058347, 0.058376, 0.058378, 0.058613, 0.059083, 0.059106, 0.059247, 0.05943, 0.059461, 0.059548, 0.059625, 0.059657, 0.060006, 0.060265, 0.060265, 0.060566, 0.060958, 0.060985, 0.061377, 0.061449, 0.061481, 0.061691, 0.061712, 0.061758, 0.06182, 0.062001, 0.062217, 0.062235, 0.062552, 0.062749, 0.062775, 0.062922, 0.063276, 0.063276, 0.06343, 0.063621, 0.063664, 0.06371, 0.06378, 0.063881, 0.064112, 0.064203, 0.064295, 0.064333, 0.064653, 0.064673, 0.064704, 0.064809, 0.064977, 0.065465, 0.065503, 0.065573, 0.065864, 0.066072, 0.066196, 0.066249, 0.066489, 0.066533, 0.066567, 0.066886, 0.067047, 0.067164, 0.067876, 0.067884, 0.067959, 0.067959, 0.068038, 0.06808, 0.06812, 0.068121, 0.068834, 0.068861, 0.068989, 0.069179, 0.069291, 0.069309, 0.069353, 0.069421, 0.06944, 0.069462, 0.06981, 0.069854, 0.070049, 0.07006, 0.070166, 0.070204, 0.070535, 0.070715, 0.070941, 0.070947, 0.070955, 0.071147, 0.071256, 0.071279, 0.071307, 0.071792, 0.072162, 0.07229, 0.07243, 0.072488, 0.072552, 0.072622, 0.072695, 0.072796, 0.073001, 0.073097, 0.073112, 0.073293, 0.073977, 0.074151, 0.074152, 0.074206, 0.07421, 0.074377, 0.074407, 0.074757, 0.074823, 0.07492, 0.075187, 0.075228, 0.075548, 0.075548, 0.075581, 0.075738, 0.076181, 0.076505, 0.076561, 0.07659, 0.076844, 0.076954, 0.077117, 0.077214, 0.077374, 0.07829, 0.078527, 0.078624, 0.07873, 0.078751, 0.078936, 0.079023, 0.079065, 0.079421, 0.079458, 0.079549, 0.079867, 0.08003, 0.080252, 0.080498, 0.080715, 0.080754, 0.080852, 0.080957, 0.080962, 0.080996, 0.081016, 0.081027, 0.081221, 0.081494, 0.081765, 0.082081, 0.082148, 0.082341, 0.082403, 0.08284, 0.082859, 0.083022, 0.083113, 0.083258, 0.083742, 0.084034, 0.084059, 0.084111, 0.084495, 0.084578, 0.084614, 0.084723, 0.085353, 0.08536, 0.08559, 0.085753, 0.085874, 0.085916, 0.086255, 0.086573, 0.086682, 0.086971, 0.087114, 0.087144, 0.087391, 0.087424, 0.087571, 0.087599, 0.087635, 0.087844, 0.088234, 0.088336, 0.088533, 0.088702, 0.088822, 0.088932, 0.089115, 0.089479, 0.089776, 0.08999, 0.090203, 0.090206, 0.090249, 0.090431, 0.090568, 0.090628, 0.090631, 0.090675, 0.090979, 0.091, 0.091104, 0.091363, 0.091865, 0.092017, 0.092111, 0.092164, 0.092289, 0.092348, 0.092528, 0.092557, 0.092598, 0.092661, 0.092769, 0.0929, 0.093101, 0.093138, 0.093262, 0.093305, 0.093606, 0.093678, 0.094167, 0.094205, 0.094217, 0.09481, 0.094835, 0.094843, 0.094887, 0.094901, 0.095029, 0.095085, 0.09534, 0.095481, 0.095559, 0.09567, 0.095709, 0.095726, 0.095992, 0.096089, 0.096413, 0.096561, 0.096641, 0.096726, 0.096828, 0.096924, 0.097216, 0.097848, 0.09788, 0.097925, 0.098001, 0.098276, 0.098435, 0.098456, 0.09867, 0.098746, 0.098812, 0.098842, 0.098842, 0.098973, 0.099565, 0.099602, 0.099678, 0.099823, 0.100237, 0.100364, 0.100461, 0.10052, 0.100715, 0.10075, 0.100796, 0.1008, 0.101191, 0.101247, 0.101367, 0.101383, 0.101484, 0.101586, 0.102249, 0.102311, 0.103144, 0.103256, 0.103258, 0.1033, 0.103465, 0.103529, 0.10356, 0.103588, 0.103755, 0.103875, 0.103964, 0.104186, 0.104546, 0.104624, 0.104715, 0.105036, 0.105235, 0.10537, 0.105402, 0.105407, 0.105529, 0.105811, 0.105936, 0.106068, 0.106518, 0.106705, 0.106743, 0.107062, 0.107142, 0.107318, 0.10737, 0.107438, 0.10756, 0.107771, 0.107838, 0.108002, 0.108036, 0.108897, 0.108966, 0.109243, 0.109339, 0.109437, 0.109673, 0.109727, 0.109805, 0.10983, 0.110219, 0.110607, 0.110646, 0.110649, 0.110909, 0.111139, 0.111361, 0.111367, 0.111608, 0.111738,