{"sigma_r": 2.3939, "sigma_i": 0.4183, "m": 5, "seed": 3381623530, "n_k": {"1": 3737, "2": 963, "3": 239, "4": 65, "5": 10, "6+": 0}, "dlogr": [0.0, 0.000172, 0.00023, 0.000687, 0.00069, 0.000816, 0.000859, 0.001036, 0.001037, 0.001077, 0.001122, 0.001292, 0.001423, 0.001713, 0.001819, 0.002195, 0.002298, 0.002395, 0.00279, 0.002873, 0.003161, 0.003175, 0.003203, 0.003346, 0.003457, 0.003695, 0.003935, 0.004101, 0.004134, 0.004321, 0.00438, 0.004381, 0.004622, 0.004799, 0.004935, 0.004963, 0.005051, 0.005075, 0.005258, 0.005379, 0.005413, 0.005557, 0.005629, 0.005736, 0.005737, 0.006072, 0.006097, 0.006239, 0.006444, 0.006633, 0.006653, 0.006874, 0.007157, 0.007287, 0.007392, 0.007487, 0.007733, 0.007783, 0.00779, 0.007794, 0.007834, 0.007866, 0.008069, 0.008255, 0.008266, 0.008382, 0.008828, 0.009206, 0.009209, 0.009496, 0.009748, 0.009874, 0.010068, 0.010213, 0.010225, 0.010773, 0.010877, 0.010979, 0.01114, 0.011521, 0.011521, 0.011536, 0.011604, 0.01173, 0.011822, 0.012084, 0.012474, 0.012517, 0.012656, 0.012722, 0.012763, 0.0129, 0.013506, 0.013546, 0.013961, 0.014298, 0.014322, 0.014484, 0.014537, 0.015403, 0.015445, 0.015497, 0.015581, 0.015671, 0.015828, 0.015872, 0.016213, 0.016315, 0.016677, 0.017135, 0.017145, 0.017424, 0.017551, 0.017683, 0.017838, 0.017848, 0.017886, 0.017902, 0.018254, 0.018592, 0.018871, 0.019407, 0.019542, 0.019653, 0.019889, 0.020036, 0.020329, 0.020534, 0.020586, 0.020913, 0.020984, 0.021104, 0.021352, 0.022182, 0.022361, 0.022436, 0.022554, 0.022694, 0.02289, 0.022953, 0.022987, 0.023446, 0.023881, 0.024043, 0.024385, 0.024596, 0.024695, 0.024701, 0.024789, 0.024896, 0.025011, 0.025212, 0.025366, 0.025406, 0.025429, 0.02576, 0.025876, 0.025928, 0.026143, 0.026443, 0.026692, 0.026825, 0.027015, 0.027132, 0.027203, 0.027855, 0.028033, 0.028052, 0.028768, 0.028933, 0.02961, 0.02989, 0.030056, 0.030173, 0.030295, 0.030618, 0.030827, 0.030842, 0.031116, 0.031321, 0.031449, 0.03158, 0.031621, 0.031656, 0.031815, 0.031903, 0.032156, 0.032241, 0.032286, 0.032809, 0.033017, 0.033362, 0.033619, 0.033798, 0.033823, 0.034018, 0.034247, 0.03425, 0.034537, 0.034693, 0.034827, 0.034964, 0.035431, 0.035686, 0.035736, 0.036047, 0.036057, 0.036406, 0.036423, 0.036529, 0.036568, 0.036774, 0.0369, 0.03694, 0.037009, 0.037049, 0.037064, 0.037203, 0.037221, 0.037316, 0.03765, 0.03773, 0.037786, 0.038084, 0.038093, 0.038093, 0.038153, 0.038194, 0.038215, 0.038243, 0.038583, 0.038674, 0.038925, 0.039025, 0.039239, 0.039366, 0.039399, 0.039677, 0.040684, 0.040881, 0.040969, 0.041101, 0.041269, 0.041339, 0.0414, 0.041534, 0.041623, 0.041733, 0.041844, 0.041882, 0.041941, 0.042126, 0.042196, 0.042319, 0.042871, 0.042924, 0.043176, 0.043287, 0.043435, 0.043547, 0.043574, 0.043595, 0.043717, 0.044057, 0.044094, 0.044926, 0.04494, 0.045756, 0.045841, 0.045863, 0.046299, 0.04653, 0.046675, 0.046801, 0.047138, 0.047202, 0.047303, 0.04783, 0.048019, 0.048233, 0.048614, 0.048892, 0.048903, 0.049042, 0.049396, 0.049631, 0.049678, 0.049781, 0.050117, 0.050237, 0.050306, 0.050512, 0.050556, 0.050566, 0.051516, 0.051696, 0.051878, 0.051959, 0.052186, 0.052655, 0.053169, 0.053267, 0.053408, 0.053441, 0.054231, 0.054292, 0.054427, 0.054435, 0.054525, 0.054812, 0.055002, 0.055564, 0.055673, 0.055876, 0.05588, 0.055995, 0.056052, 0.056178, 0.056211, 0.056376, 0.056768, 0.057013, 0.057451, 0.057848, 0.057877, 0.057915, 0.057991, 0.05804, 0.058876, 0.059027, 0.05912, 0.059295, 0.059504, 0.059561, 0.059576, 0.059584, 0.059646, 0.059681, 0.05992, 0.06045, 0.060584, 0.060714, 0.061062, 0.061152, 0.06116, 0.061392, 0.061627, 0.061979, 0.062268, 0.062316, 0.062339, 0.06251, 0.063173, 0.063311, 0.063648, 0.06391, 0.064466, 0.064506, 0.064507, 0.065171, 0.065236, 0.065404, 0.065432, 0.06576, 0.065995, 0.066505, 0.066568, 0.066669, 0.066769, 0.066961, 0.066993, 0.06703, 0.067481, 0.067485, 0.067488, 0.06753, 0.068105, 0.068745, 0.068914, 0.069053, 0.069289, 0.069414, 0.069472, 0.069557, 0.069564, 0.069755, 0.070504, 0.070526, 0.07061, 0.070613, 0.071011, 0.071763, 0.071797, 0.071883, 0.071895, 0.072403, 0.072473, 0.072546, 0.072708, 0.072723, 0.072826, 0.072887, 0.073007, 0.073036, 0.073224, 0.073282, 0.073353, 0.073796, 0.073983, 0.074344, 0.074578, 0.074699, 0.074856, 0.075024, 0.075233, 0.075358, 0.075667, 0.075756, 0.07579, 0.076018, 0.076245, 0.076821, 0.077254, 0.07751, 0.078042, 0.078563, 0.078808, 0.07887, 0.079063, 0.07923, 0.079314, 0.079565, 0.080154, 0.080339, 0.080391, 0.08059, 0.080631, 0.080987, 0.08107, 0.081174, 0.081174, 0.081587, 0.081714, 0.081884, 0.082125, 0.082154, 0.082252, 0.082433, 0.082513, 0.082596, 0.082744, 0.082808, 0.082895, 0.082903, 0.083451, 0.083503, 0.083812, 0.083906, 0.083927, 0.083994, 0.083999, 0.08407, 0.084362, 0.084679, 0.08516, 0.085414, 0.085527, 0.085745, 0.086344, 0.086594, 0.08711, 0.087384, 0.08774, 0.087769, 0.087912, 0.088075, 0.088081, 0.088208, 0.088245, 0.088274, 0.08828, 0.088569, 0.088701, 0.088797, 0.088962, 0.089003, 0.089203, 0.089221, 0.089309, 0.089918, 0.089921, 0.09003, 0.090071, 0.090422, 0.09051, 0.090943, 0.091041, 0.091055, 0.091077, 0.091248, 0.091346, 0.091704, 0.091964, 0.092352, 0.092496, 0.092911, 0.093007, 0.093325, 0.093518, 0.093899, 0.093991, 0.094016, 0.094023, 0.094066, 0.094841, 0.09569, 0.095834, 0.095892, 0.096123, 0.096173, 0.096378, 0.096502, 0.096539, 0.096548, 0.096625, 0.096741, 0.097167, 0.09735, 0.09771, 0.097726, 0.097956, 0.098027, 0.098168, 0.09846, 0.098658, 0.098849, 0.098981, 0.099381, 0.099426, 0.099612, 0.099996, 0.100313, 0.10071, 0.100719, 0.100882, 0.101047, 0.101438, 0.101896, 0.102091, 0.102237, 0.102275, 0.102374, 0.102435, 0.102577, 0.103046, 0.103127, 0.103394, 0.103651, 0.103719, 0.104934, 0.10514, 0.105153, 0.105192, 0.105521, 0.105759, 0.106765, 0.106919, 0.107063, 0.107515, 0.108156, 0.10833, 0.108378, 0.10843, 0.108491, 0.108754, 0.109146, 0.109175, 0.109573, 0.109599, 0.109987, 0.110202, 0.110224, 0.110298, 0.110894, 0.111081, 0.1111, 0.111268, 0.11146, 0.111539, 0.111659, 0.111929, 0.112038, 0.112117, 0.112282, 0.112366, 0.112517, 0.112549, 0.112572, 0.112759, 0.112802, 0.112927, 0.112983, 0.113148, 0.113363, 0.113458, 0.113502, 0.113544, 0.113584, 0.113753, 0.113846, 0.113877, 0.114271, 0.11433, 0.114421, 0.114561, 0.115064, 0.115234, 0.11526, 0.115407, 0.115524, 0.115531, 0.115744, 0.115802, 0.116067, 0.116223, 0.116261, 0.117075, 0.117182, 0.117223, 0.117344, 0.117622, 0.118481, 0.118755, 0.119167, 0.119571, 0.119711, 0.119733, 0.119904, 0.119993, 0.120091, 0.120219, 0.121079, 0.121164, 0.121733, 0.121765, 0.121865, 0.121887, 0.122218, 0.122316, 0.122466, 0.122647, 0.122884, 0.123029, 0.123135, 0.123424, 0.124025, 0.124038, 0.124328, 0.124536, 0.124688, 0.124831, 0.125472, 0.12567, 0.125737, 0.125882, 0.125911, 0.125915, 0.125915, 0.126713, 0.126833, 0.127035, 0.127166, 0.127451, 0.127521, 0.127619, 0.12768, 0.127947, 0.128009, 0.128014, 0.128139, 0.128321, 0.129031, 0.129033, 0.129254, 0.12933, 0.129501, 0.12977, 0.129781, 0.129799, 0.129942, 0.129994, 0.130145, 0.130734, 0.130735, 0.131423, 0.131558, 0.131594, 0.131611, 0.131692, 0.131927, 0.132774, 0.13283, 0.132863, 0.133099, 0.133188, 0.133194, 0.133338, 0.133686, 0.133869, 0.134079, 0.134234, 0.134731, 0.135065, 0.135616, 0.136018, 0.136502, 0.13692, 0.137046, 0.137111, 0.137348, 0.138331, 0.13847, 0.138579, 0.138616, 0.138857, 0.138919, 0.139214, 0.139372, 0.139421, 0.139506, 0.139549, 0.139754, 0.139916, 0.139925, 0.139952, 0.140233, 0.140236, 0.140322, 0.140468, 0.140796, 0.140948, 0.141128, 0.14123, 0.141876, 0.142455, 0.14282, 0.142836, 0.143183, 0.143221, 0.143399, 0.143404, 0.143603, 0.143848, 0.144126, 0.144738, 0.144764, 0.144811, 0.144968, 0.145171, 0.145224, 0.145503, 0.145578, 0.145591, 0.145836, 0.146013, 0.146174, 0.146533, 0.146907, 0.146989, 0.147275, 0.147423, 0.147602, 0.147926, 0.148632, 0.14888, 0.149192, 0.149859, 0.149889, 0.150272, 0.150277, 0.150625, 0.150859, 0.150995, 0.15109, 0.151117, 0.151187, 0.151255, 0.151482, 0.151492, 0.151771, 0.151833, 0.151875, 0.151924, 