{"sigma_r": 3.0, "sigma_i": 0.5349, "m": 0, "seed": 248502606, "n_k": {"1": 3863, "2": 951, "3": 258, "4": 70, "5": 14, "6+": 2}, "dlogr": [0.0, 0.000356, 0.000567, 0.000643, 0.000683, 0.000754, 0.000774, 0.000933, 0.001411, 0.001429, 0.001463, 0.001517, 0.002046, 0.002103, 0.002489, 0.002497, 0.002783, 0.002955, 0.00299, 0.003137, 0.003705, 0.004035, 0.004215, 0.004378, 0.004589, 0.004893, 0.004978, 0.005005, 0.005096, 0.005192, 0.005228, 0.005237, 0.005472, 0.005517, 0.005926, 0.006175, 0.006551, 0.00665, 0.00695, 0.007317, 0.007408, 0.007446, 0.007494, 0.00769, 0.007878, 0.007906, 0.008404, 0.008689, 0.00924, 0.00925, 0.009359, 0.009708, 0.010381, 0.010932, 0.01095, 0.010988, 0.011352, 0.011549, 0.011612, 0.011634, 0.011686, 0.011802, 0.012032, 0.012288, 0.012487, 0.012725, 0.012908, 0.012961, 0.013053, 0.013196, 0.013374, 0.013483, 0.013564, 0.013626, 0.013774, 0.013961, 0.014009, 0.01404, 0.014117, 0.014146, 0.014315, 0.014816, 0.014976, 0.015158, 0.015159, 0.015285, 0.015308, 0.015549, 0.015595, 0.01567, 0.016188, 0.01622, 0.016272, 0.01645, 0.016595, 0.016835, 0.016979, 0.016982, 0.01707, 0.017613, 0.017758, 0.017818, 0.017858, 0.017997, 0.018086, 0.018206, 0.018292, 0.018452, 0.018526, 0.018614, 0.018873, 0.018904, 0.01892, 0.019003, 0.019046, 0.019142, 0.019225, 0.01942, 0.01949, 0.019582, 0.019639, 0.019735, 0.019742, 0.019878, 0.019935, 0.020114, 0.02036, 0.020366, 0.020444, 0.02052, 0.020616, 0.020623, 0.020675, 0.020699, 0.021176, 0.021233, 0.021271, 0.02155, 0.021712, 0.021816, 0.021983, 0.022017, 0.023377, 0.023378, 0.023446, 0.023719, 0.024202, 0.024214, 0.024327, 0.024443, 0.024479, 0.024627, 0.024681, 0.024732, 0.024795, 0.024965, 0.025095, 0.025095, 0.025242, 0.025414, 0.025733, 0.025894, 0.025954, 0.0261, 0.02621, 0.026992, 0.027026, 0.027521, 0.027634, 0.027726, 0.027871, 0.028015, 0.028231, 0.028381, 0.028424, 0.028579, 0.028697, 0.028907, 0.02894, 0.029082, 0.029141, 0.02924, 0.029525, 0.030017, 0.030082, 0.030171, 0.030432, 0.030469, 0.030917, 0.032097, 0.032164, 0.03218, 0.032263, 0.032265, 0.032658, 0.032687, 0.032704, 0.032843, 0.03306, 0.033311, 0.033649, 0.03367, 0.03389, 0.033996, 0.034036, 0.034403, 0.034713, 0.034728, 0.034746, 0.034764, 0.03493, 0.035065, 0.035271, 0.035374, 0.035618, 0.035767, 0.035962, 0.035979, 0.036173, 0.036232, 0.036366, 0.036613, 0.036902, 0.037075, 0.03733, 0.03733, 0.037411, 0.037824, 0.038107, 0.03843, 0.038545, 0.038724, 0.038845, 0.038988, 0.039146, 0.039446, 0.039643, 0.039699, 0.039758, 0.039979, 0.039994, 0.040102, 0.04012, 0.040393, 0.040422, 0.04083, 0.041051, 0.041351, 0.041494, 0.041687, 0.041812, 0.041832, 0.04196, 0.04212, 0.042294, 0.042467, 0.042621, 0.043085, 0.04312, 0.04324, 0.043287, 0.043333, 0.043372, 0.043418, 0.043707, 0.043909, 0.043921, 0.044094, 0.044116, 0.044167, 0.04422, 0.044243, 0.044841, 0.045275, 0.045342, 0.045381, 0.046257, 0.046653, 0.046674, 0.046795, 0.046798, 0.047212, 0.047335, 0.047409, 0.04744, 0.047575, 0.047603, 0.04786, 0.048197, 0.0483, 0.048336, 0.048672, 0.048772, 0.048964, 0.04927, 0.049584, 0.049656, 0.04967, 0.049886, 0.050073, 0.050185, 0.050743, 0.050985, 0.051063, 0.051171, 0.051286, 0.051427, 0.051669, 0.051677, 0.052008, 0.052235, 0.052352, 0.052566, 0.052568, 0.052753, 0.052773, 0.052917, 0.053026, 0.053218, 0.053553, 0.053599, 0.053806, 0.05387, 0.053914, 0.053952, 0.05398, 0.054114, 0.0542, 0.05428, 0.054611, 0.054658, 0.054674, 0.054748, 0.054813, 0.05499, 0.055104, 0.055292, 0.055328, 0.055388, 0.055607, 0.05561, 0.055742, 0.055898, 0.056079, 0.056168, 0.056573, 0.056657, 0.057285, 0.05736, 0.057362, 0.057421, 0.057614, 0.057771, 0.057937, 0.057963, 0.058245, 0.058427, 0.058537, 0.058707, 0.058805, 0.0591, 0.059154, 0.059156, 0.059292, 0.05981, 0.060171, 0.060338, 0.060428, 0.060519, 0.060726, 0.060919, 0.061093, 0.061169, 0.06131, 0.061587, 0.061938, 0.062115, 0.062288, 0.062475, 0.062611, 0.062782, 0.062967, 0.062977, 0.063318, 0.063416, 0.06354, 0.063831, 0.063927, 0.064347, 0.064432, 0.064449, 0.064505, 0.064578, 0.064769, 0.06481, 0.064922, 0.06499, 0.065213, 0.065603, 0.065732, 0.066079, 0.066135, 0.066176, 0.06619, 0.066296, 0.066442, 0.066851, 0.066869, 0.066979, 0.067439, 0.067498, 0.067711, 0.067856, 0.068098, 0.068249, 0.068736, 0.068747, 0.069134, 0.069464, 0.069644, 0.069704, 0.070596, 0.070754, 0.070875, 0.071006, 0.071036, 0.071325, 0.071381, 0.071603, 0.07171, 0.072257, 0.072331, 0.072422, 0.072791, 0.073007, 0.073099, 0.073154, 0.07331, 0.073442, 0.073643, 0.073705, 0.073967, 0.07399, 0.074191, 0.07457, 0.074866, 0.075112, 0.075761, 0.075804, 0.07584, 0.076024, 0.076173, 0.076296, 0.076649, 0.076678, 0.076733, 0.0768, 0.076971, 0.077113, 0.077206, 0.077417, 0.077527, 0.077805, 0.077889, 0.077938, 0.077993, 0.078041, 0.078115, 0.078136, 0.078417, 0.078595, 0.078653, 0.078857, 0.078979, 0.079223, 0.079491, 0.079505, 0.079697, 0.079772, 0.079844, 0.079872, 0.079964, 0.07999, 0.080215, 0.08028, 0.08051, 0.080592, 0.080749, 0.080853, 0.081054, 0.082002, 0.082015, 0.082141, 0.082656, 0.082729, 0.082786, 0.083219, 0.083236, 0.083696, 0.084563, 0.085533, 0.085538, 0.086674, 0.086827, 0.087028, 0.087624, 0.087714, 0.087977, 0.087982, 0.088091, 0.088106, 0.088158, 0.088389, 0.088454, 0.08848, 0.088657, 0.088692, 0.088827, 0.088964, 0.089606, 0.08977, 0.09012, 0.09022, 0.090427, 0.090497, 0.090554, 0.090674, 0.09123, 0.091375, 0.091419, 0.091523, 0.091563, 0.092355, 0.092686, 0.092754, 0.093064, 0.093285, 0.093328, 0.093758, 0.09378, 0.093998, 0.094678, 0.094768, 0.094796, 0.09494, 0.095116, 0.095123, 0.095403, 0.09572, 0.096248, 0.096308, 0.096355, 0.096542, 0.09659, 0.096629, 0.096727, 0.09709, 0.097179, 0.097481, 0.0979, 0.098425, 0.098548, 0.098575, 0.098967, 0.09919, 0.099338, 0.099492, 0.100241, 0.100372, 0.100472, 0.100593, 0.100707, 0.100712, 0.100913, 0.101207, 0.101437, 0.101599, 0.102029, 0.102344, 0.102525, 0.102658, 0.102762, 0.10335, 0.103851, 0.103965, 0.104193, 0.104503, 0.104643, 0.104661, 0.104718, 0.1049, 0.105039, 0.105114, 0.105467, 0.105511, 0.105519, 0.105628, 0.105639, 0.105937, 0.106267, 0.106752, 0.106872, 0.107186, 0.107356, 0.107416, 0.107429, 0.107484, 0.108051, 0.108248, 0.108295, 0.108499, 0.108664, 0.108767, 0.108781, 0.109514, 0.109632, 0.109634, 0.110439, 0.110748, 0.111148, 0.11135, 0.111459, 0.111644, 0.112494, 0.112584, 0.112802, 0.11302, 0.113028, 0.113339, 0.113341, 0.113641, 0.114622, 0.114903, 0.115131, 0.115606, 0.115628, 0.116249, 0.116525, 0.116814, 0.117123, 0.117204, 0.117371, 0.118039, 0.119227, 0.119371, 0.119548, 0.119675, 0.11973, 0.119767, 0.120309, 0.120481, 0.120741, 0.121067, 0.121167, 0.121208, 0.121844, 0.121985, 0.122338, 0.122391, 0.122398, 0.122423, 0.122455, 0.122543, 0.122719, 0.122859, 0.123448, 0.123546, 0.123673, 0.123799, 0.123887, 0.124003, 0.124195, 0.124379, 0.124451, 0.125159, 0.125259, 0.12532, 0.125758, 0.125789, 0.12585, 0.125894, 0.126264, 0.126729, 0.126867, 0.126894, 0.127278, 0.127342, 0.127502, 0.127571, 0.127739, 0.127748, 0.12798, 0.128219, 0.128555, 0.128615, 0.128804, 0.129214, 0.129282, 0.12948, 0.129529, 0.130491, 0.130496, 0.130914, 0.130992, 0.131014, 0.13114, 0.131264, 0.131272, 0.132027, 0.132067, 0.132078, 0.132254, 0.132469, 0.132573, 0.132857, 0.133057, 0.133176, 0.133321, 0.133325, 0.133496, 0.133689, 0.13373, 0.134085, 0.134291, 0.134409, 0.13449, 0.134614, 0.134686, 0.13477, 0.134955, 0.135043, 0.135168, 0.135268, 0.135278, 0.135342, 0.135788, 0.135813, 0.135991, 0.136014, 0.136068, 0.136164, 0.136711, 0.136836, 0.136853, 0.138284, 0.139008, 0.139479, 0.139602, 0.139688, 0.139757, 0.140164, 0.140248, 0.140258, 0.140371, 0.141175, 0.141305, 0.141584, 0.141589, 0.141742, 0.141881, 0.142405, 0.142452, 0.142744, 0.143023, 0.143258, 0.143337, 0.143407, 0.143476, 0.144157, 0.144394, 0.144416, 0.144477, 0.14498, 0.145161, 0.145355, 0.145372, 0.145388, 0.145466, 0.145979, 0.146118, 0.146233, 0.146466, 0.146656, 0.146668, 0.146755, 0.146798, 0.147655, 0.148285, 0.148413, 0.148783, 0.148787, 0.148847, 0.149441, 0.149453, 0.149857, 0.14997, 