{"sigma_r": 1.9103, "sigma_i": 0.3271, "m": 2, "seed": 2144667294, "n_k": {"1": 3618, "2": 887, "3": 267, "4": 78, "5": 15, "6+": 1}, "dlogr": [0.0, 0.0, 7.6e-05, 0.000143, 0.000814, 0.001199, 0.001234, 0.001249, 0.001798, 0.002357, 0.002369, 0.002371, 0.002383, 0.003018, 0.003233, 0.003318, 0.00338, 0.00366, 0.003788, 0.003874, 0.004182, 0.004198, 0.004237, 0.004456, 0.004753, 0.00529, 0.005359, 0.005597, 0.005649, 0.005774, 0.00595, 0.005965, 0.006344, 0.0064, 0.007108, 0.007211, 0.00726, 0.00729, 0.0074, 0.007409, 0.007496, 0.00781, 0.007832, 0.007988, 0.00801, 0.00834, 0.008408, 0.00846, 0.008545, 0.008807, 0.00884, 0.009026, 0.009029, 0.009178, 0.009415, 0.009545, 0.009601, 0.009634, 0.009645, 0.009735, 0.009807, 0.01065, 0.010681, 0.010786, 0.010854, 0.010867, 0.011318, 0.011426, 0.011583, 0.011596, 0.011644, 0.011683, 0.012028, 0.012094, 0.012155, 0.012516, 0.012525, 0.012678, 0.012783, 0.012812, 0.01315, 0.013722, 0.013797, 0.014132, 0.0143, 0.01469, 0.014886, 0.014939, 0.014945, 0.015138, 0.01525, 0.015326, 0.015631, 0.015795, 0.015916, 0.01626, 0.016363, 0.016396, 0.016585, 0.016613, 0.016691, 0.017533, 0.017614, 0.017623, 0.017744, 0.018457, 0.018462, 0.018472, 0.018629, 0.018781, 0.018886, 0.018894, 0.018923, 0.019147, 0.019241, 0.019684, 0.019691, 0.019756, 0.019953, 0.019984, 0.020391, 0.020608, 0.020871, 0.02101, 0.021262, 0.021357, 0.021379, 0.021486, 0.021719, 0.021881, 0.022397, 0.022423, 0.022536, 0.022652, 0.022678, 0.022993, 0.023314, 0.023415, 0.023419, 0.023648, 0.023798, 0.023886, 0.023907, 0.024023, 0.024727, 0.024806, 0.025005, 0.025007, 0.025073, 0.025081, 0.025109, 0.025154, 0.025167, 0.02548, 0.025573, 0.025608, 0.02614, 0.026225, 0.026377, 0.026499, 0.026626, 0.027333, 0.027397, 0.02742, 0.027555, 0.027632, 0.027758, 0.028029, 0.028198, 0.028228, 0.028372, 0.028708, 0.028891, 0.028895, 0.029015, 0.029025, 0.02904, 0.029102, 0.029594, 0.029664, 0.030317, 0.030457, 0.030756, 0.030916, 0.030985, 0.030986, 0.03117, 0.031274, 0.031346, 0.031365, 0.031458, 0.031616, 0.031716, 0.031734, 0.03174, 0.031789, 0.032124, 0.032141, 0.032145, 0.032242, 0.032328, 0.032364, 0.032969, 0.032991, 0.033324, 0.03337, 0.033723, 0.033761, 0.033923, 0.034239, 0.034327, 0.034584, 0.03474, 0.034868, 0.035036, 0.03551, 0.036093, 0.03614, 0.036186, 0.036236, 0.036343, 0.036964, 0.037129, 0.037167, 0.037355, 0.037398, 0.037447, 0.037489, 0.037922, 0.03797, 0.03797, 0.03836, 0.038456, 0.038471, 0.038527, 0.038563, 0.038569, 0.03867, 0.039084, 0.039408, 0.039476, 0.039778, 0.039874, 0.039912, 0.039942, 0.040325, 0.040352, 0.040434, 0.040436, 0.040617, 0.041081, 0.041133, 0.041372, 0.041387, 0.041568, 0.041902, 0.042476, 0.042525, 0.042593, 0.042653, 0.042725, 0.042862, 0.042885, 0.043026, 0.043356, 0.043435, 0.043781, 0.043998, 0.044094, 0.04425, 0.045057, 0.045183, 0.045221, 0.045262, 0.045321, 0.04548, 0.045509, 0.045698, 0.045902, 0.046243, 0.046269, 0.046421, 0.046754, 0.046937, 0.047282, 0.04732, 0.047384, 0.047757, 0.047782, 0.047801, 0.047936, 0.048075, 0.048358, 0.048362, 0.048957, 0.048958, 0.049024, 0.049064, 0.049429, 0.049822, 0.050026, 0.050067, 0.050171, 0.050252, 0.050435, 0.050498, 0.050548, 0.05062, 0.050784, 0.051434, 0.051503, 0.052334, 0.052956, 0.052981, 0.053106, 0.053229, 0.053241, 0.053535, 0.053561, 0.053676, 0.053731, 0.053734, 0.053749, 0.053922, 0.054196, 0.054341, 0.054501, 0.05497, 0.054982, 0.055217, 0.055256, 0.055307, 0.05538, 0.05551, 0.055548, 0.055631, 0.055681, 0.055724, 0.055742, 0.055885, 0.056258, 0.056366, 0.056496, 0.056539, 0.056665, 0.05692, 0.05706, 0.057072, 0.057127, 0.057621, 0.057626, 0.057928, 0.058093, 0.058104, 0.058367, 0.058801, 0.059383, 0.059562, 0.059925, 0.060091, 0.060115, 0.061121, 0.061217, 0.061254, 0.061339, 0.061471, 0.062272, 0.062564, 0.062574, 0.062645, 0.063083, 0.063116, 0.063123, 0.063174, 0.06339, 0.063757, 0.064008, 0.064052, 0.064479, 0.064511, 0.064605, 0.064668, 0.064895, 0.065011, 0.065361, 0.065576, 0.065797, 0.066055, 0.066071, 0.066169, 0.066181, 0.066205, 0.066369, 0.066373, 0.066433, 0.066521, 0.066681, 0.067315, 0.067377, 0.067627, 0.067664, 0.068202, 0.068225, 0.06866, 0.069209, 0.069925, 0.070096, 0.070425, 0.070449, 0.070488, 0.070504, 0.070743, 0.071046, 0.071156, 0.07122, 0.071382, 0.071482, 0.071669, 0.0717, 0.071743, 0.071838, 0.071867, 0.071986, 0.072364, 0.072826, 0.072951, 0.072971, 0.072993, 0.072996, 0.073258, 0.073307, 0.073393, 0.073413, 0.0735, 0.074073, 0.074256, 0.074328, 0.074522, 0.074608, 0.075076, 0.075098, 0.075119, 0.075235, 0.075304, 0.075395, 0.075655, 0.075859, 0.07586, 0.076001, 0.076059, 0.076354, 0.076363, 0.076516, 0.076781, 0.07687, 0.076954, 0.077103, 0.077129, 0.077593, 0.077936, 0.07794, 0.078043, 0.078146, 0.078291, 0.078672, 0.078801, 0.079221, 0.079738, 0.079768, 0.079828, 0.07987, 0.079933, 0.080293, 0.080402, 0.080566, 0.080816, 0.08105, 0.081063, 0.081103, 0.081768, 0.081883, 0.081949, 0.082038, 0.082051, 0.082059, 0.08212, 0.082274, 0.082455, 0.082673, 0.082684, 0.082709, 0.082825, 0.083534, 0.083719, 0.083915, 0.083964, 0.084189, 0.084409, 0.084417, 0.084582, 0.084607, 0.084613, 0.084624, 0.084854, 0.084941, 0.085042, 0.085108, 0.085303, 0.085469, 0.085582, 0.085737, 0.086885, 0.087208, 0.087299, 0.087343, 0.087664, 0.087715, 0.087739, 0.087752, 0.087828, 0.088095, 0.088145, 0.088153, 0.088291, 0.088316, 0.088462, 0.088579, 0.088637, 0.088954, 0.088988, 0.089115, 0.089514, 0.089554, 0.089555, 0.089626, 0.089774, 0.089811, 0.089972, 0.090265, 0.090296, 0.090466, 0.090713, 0.090829, 0.091548, 0.091731, 0.091914, 0.091918, 0.092116, 0.092682, 0.093072, 0.093518, 0.094345, 0.094492, 0.094692, 0.094905, 0.094976, 0.096235, 0.096305, 0.096324, 0.096353, 0.096431, 0.096684, 0.096755, 0.096763, 0.096809, 0.097056, 0.09724, 0.097524, 0.097596, 0.097777, 0.09809, 0.098267, 0.098425, 0.098514, 0.098552, 0.098739, 0.098958, 0.099, 0.099019, 0.099135, 0.099176, 0.099226, 0.09935, 0.099547, 0.099647, 0.099694, 0.099964, 0.100018, 0.100078, 0.100124, 0.100222, 0.100707, 0.100837, 0.100907, 0.101025, 0.101155, 0.101542, 0.101676, 0.101858, 0.102222, 0.102876, 0.103384, 0.103628, 0.103669, 0.105118, 0.105295, 0.105344, 0.10644, 0.106576, 0.10688, 0.107189, 0.107522, 0.108247, 0.108263, 0.108288, 0.108589, 0.108617, 0.108664, 0.10873, 0.108773, 0.108976, 0.109289, 0.109601, 0.110258, 0.110268, 0.110511, 0.110551, 0.110704, 0.110709, 0.111, 0.111112, 0.111316, 0.111514, 0.111676, 0.111819, 0.112063, 0.112085, 0.112117, 0.112358, 0.113575, 0.113848, 0.114144, 0.11432, 0.114349, 0.114425, 0.114478, 0.114511, 0.114513, 0.114711, 0.114845, 0.115403, 0.115817, 0.116127, 0.11621, 0.116242, 0.116352, 0.116595, 0.11688, 0.11695, 0.11715, 0.117233, 0.117273, 0.117435, 0.117712, 0.1178, 0.117869, 0.117979, 0.118174, 0.118352, 0.118603, 0.119426, 0.119518, 0.119635, 0.119794, 0.120388, 0.120489, 0.120693, 0.120762, 0.120766, 0.120766, 0.121056, 0.121134, 0.121154, 0.121917, 0.122275, 0.12249, 0.122565, 0.123004, 0.123192, 0.123303, 0.123937, 0.124038, 0.124115, 0.124221, 0.124309, 0.124309, 0.124559, 0.124893, 0.125342, 0.125363, 0.125584, 0.125889, 0.126002, 0.126107, 0.126454, 0.126532, 0.126688, 0.126985, 0.127103, 0.127129, 0.127305, 0.127306, 0.127377, 0.127433, 0.127753, 0.127804, 0.127941, 0.128264, 0.128937, 0.128952, 0.129336, 0.129375, 0.129602, 0.130492, 0.130554, 0.130852, 0.131118, 0.131137, 0.131187, 0.13152, 0.131614, 0.131766, 0.132125, 0.132335, 0.132716, 0.132839, 0.133202, 0.133241, 0.133319, 0.133491, 0.133647, 0.134126, 0.134363, 0.134541, 0.134623, 0.134694, 0.135113, 0.135356, 0.136105, 0.136226, 0.136827, 0.136832, 0.136938, 0.13713, 0.137428, 0.137727, 0.137845, 0.138027, 0.138209, 0.138612, 0.138663, 0.138927, 0.138961, 0.139257, 0.139493, 0.139497, 0.139528, 0.140002, 0.140118, 0.140465, 0.140742, 0.140877, 0.14105, 0.141134, 0.141254, 0.141373, 0.141376, 0.141605, 0.141877, 0.141967, 0.14199, 0.142217, 0.143007, 0.143274, 0.143428, 0.143541, 0.143825, 0.144085, 0.14421, 0.144655, 0.144786, 0.145051, 0.14509, 0.145612, 0.145695, 