{"sigma_r": 1.2164, "sigma_i": 1.4304, "m": 6, "seed": 1191326603, "n_k": {"1": 3510, "2": 838, "3": 193, "4": 34, "5": 4, "6+": 1}, "dlogr": [0.0, 0.0, 0.0, 0.0, 0.000116, 0.000227, 0.000337, 0.000343, 0.000433, 0.000509, 0.000521, 0.000554, 0.000745, 0.000748, 0.00076, 0.000777, 0.00102, 0.001187, 0.001213, 0.001581, 0.001602, 0.00176, 0.002204, 0.002275, 0.00266, 0.002911, 0.002962, 0.002977, 0.003096, 0.003187, 0.003365, 0.003485, 0.003663, 0.003961, 0.003979, 0.003981, 0.004094, 0.004103, 0.004149, 0.004419, 0.004515, 0.004804, 0.004833, 0.004987, 0.005062, 0.00512, 0.005683, 0.006085, 0.006182, 0.006206, 0.006425, 0.006854, 0.007226, 0.007534, 0.008105, 0.008171, 0.008345, 0.008634, 0.008646, 0.008837, 0.0092, 0.009498, 0.010078, 0.010249, 0.010261, 0.010299, 0.010564, 0.010765, 0.010891, 0.011132, 0.011255, 0.011494, 0.011728, 0.012627, 0.012831, 0.013224, 0.013449, 0.013763, 0.013929, 0.013977, 0.013983, 0.014011, 0.014101, 0.014788, 0.015064, 0.015123, 0.015275, 0.015604, 0.015747, 0.015834, 0.016356, 0.016478, 0.016502, 0.016702, 0.016707, 0.016753, 0.01699, 0.017391, 0.017655, 0.01772, 0.017958, 0.018081, 0.018191, 0.018198, 0.018249, 0.018294, 0.018425, 0.018646, 0.018782, 0.018787, 0.018827, 0.019309, 0.019427, 0.019521, 0.019576, 0.019727, 0.019833, 0.019943, 0.019944, 0.019946, 0.020375, 0.020443, 0.020489, 0.020524, 0.020593, 0.02086, 0.020885, 0.020897, 0.020947, 0.021054, 0.021073, 0.021207, 0.021252, 0.021266, 0.021379, 0.021561, 0.021582, 0.021759, 0.021814, 0.021919, 0.022046, 0.022136, 0.022219, 0.022275, 0.02232, 0.022814, 0.023156, 0.023268, 0.023273, 0.023332, 0.0234, 0.023594, 0.023649, 0.023775, 0.023882, 0.023889, 0.023927, 0.024585, 0.02496, 0.025191, 0.025263, 0.02535, 0.025717, 0.025738, 0.025741, 0.026024, 0.026029, 0.026744, 0.02695, 0.027086, 0.027721, 0.027796, 0.027964, 0.028143, 0.028277, 0.028352, 0.028553, 0.028667, 0.029321, 0.029369, 0.029568, 0.029864, 0.029964, 0.029975, 0.030236, 0.030358, 0.030405, 0.03046, 0.030563, 0.031409, 0.031414, 0.031889, 0.032208, 0.032391, 0.032667, 0.032699, 0.033214, 0.0335, 0.033748, 0.034058, 0.034137, 0.034231, 0.034364, 0.03482, 0.035004, 0.035428, 0.035716, 0.036294, 0.036441, 0.036463, 0.036562, 0.03678, 0.036782, 0.036908, 0.036963, 0.037316, 0.037468, 0.037492, 0.037616, 0.037693, 0.037837, 0.038092, 0.038234, 0.038716, 0.038827, 0.038884, 0.039146, 0.039275, 0.039832, 0.039909, 0.040268, 0.040448, 0.040503, 0.040555, 0.040643, 0.040784, 0.040944, 0.040987, 0.041186, 0.041205, 0.041353, 0.041432, 0.041632, 0.041703, 0.0424, 0.042454, 0.042618, 0.04343, 0.043826, 0.043986, 0.044096, 0.044118, 0.044833, 0.045256, 0.045344, 0.045651, 0.04566, 0.046196, 0.046974, 0.047264, 0.047899, 0.048229, 0.048376, 0.048786, 0.048795, 0.049199, 0.049374, 0.049429, 0.049452, 0.049756, 0.050404, 0.050429, 0.050818, 0.050888, 0.051177, 0.051306, 0.051556, 0.051797, 0.051937, 0.052086, 0.052279, 0.052354, 0.052413, 0.052596, 0.052973, 0.052989, 0.053189, 0.053495, 0.054186, 0.054344, 0.054367, 0.055081, 0.055129, 0.055515, 0.055552, 0.055605, 0.05573, 0.055798, 0.055915, 0.056012, 0.056181, 0.056336, 0.056421, 0.056503, 0.056731, 0.056761, 0.057377, 0.057778, 0.057829, 0.057964, 0.058114, 0.058125, 0.058196, 0.058288, 0.058674, 0.058873, 0.058875, 0.059082, 0.060331, 0.06095, 0.061066, 0.061194, 0.061485, 0.061557, 0.061814, 0.061864, 0.061869, 0.061959, 0.062183, 0.062245, 0.062768, 0.062883, 0.062915, 0.062941, 0.063036, 0.063098, 0.063134, 0.063169, 0.063451, 0.063744, 0.063934, 0.064283, 0.064481, 0.064909, 0.065214, 0.065817, 0.065818, 0.066049, 0.066065, 0.066157, 0.066322, 0.066398, 0.066454, 0.066535, 0.066901, 0.066983, 0.066985, 0.067097, 0.067105, 0.067198, 0.06735, 0.067564, 0.067581, 0.06807, 0.068124, 0.068378, 0.068423, 0.06851, 0.068521, 0.068607, 0.06878, 0.06942, 0.069582, 0.069628, 0.069917, 0.070076, 0.070239, 0.070243, 0.070294, 0.070508, 0.070761, 0.070954, 0.070955, 0.07111, 0.071277, 0.071572, 0.072165, 0.072456, 0.072531, 0.07266, 0.073185, 0.073238, 0.073291, 0.073691, 0.073704, 0.073975, 0.074693, 0.074872, 0.074974, 0.075486, 0.075489, 0.075617, 0.075701, 0.075703, 0.075865, 0.075954, 0.076007, 0.076033, 0.076104, 0.076134, 0.076199, 0.076275, 0.076611, 0.07675, 0.077045, 0.077222, 0.077253, 0.077406, 0.07746, 0.07752, 0.077661, 0.07798, 0.078037, 0.078073, 0.078109, 0.078239, 0.078642, 0.078675, 0.078786, 0.078824, 0.078962, 0.07906, 0.079418, 0.079559, 0.079648, 0.079783, 0.079928, 0.079959, 0.080713, 0.080818, 0.08096, 0.081428, 0.081544, 0.081673, 0.08189, 0.081985, 0.082051, 0.082775, 0.083052, 0.083652, 0.083897, 0.084331, 0.084569, 0.08495, 0.085091, 0.085338, 0.086768, 0.086792, 0.08689, 0.087019, 0.087139, 0.087632, 0.087671, 0.087702, 0.087784, 0.08816, 0.088272, 0.088647, 0.088693, 0.088739, 0.089555, 0.089657, 0.08967, 0.089713, 0.089786, 0.089919, 0.090088, 0.090312, 0.090528, 0.090604, 0.090621, 0.090821, 0.091612, 0.092402, 0.092495, 0.092691, 0.092739, 0.093053, 0.093691, 0.094304, 0.094313, 0.095289, 0.095469, 0.095488, 0.095501, 0.096742, 0.097009, 0.097264, 0.097597, 0.097797, 0.097875, 0.097898, 0.098068, 0.098196, 0.098207, 0.09867, 0.099062, 0.099215, 0.099263, 0.099622, 0.099652, 0.099947, 0.100404, 0.10044, 0.100751, 0.100775, 0.10113, 0.10128, 0.101323, 0.101487, 0.10157, 0.101679, 0.101763, 0.102261, 0.102431, 0.102442, 0.102668, 0.102794, 0.102809, 0.103135, 0.103143, 0.103196, 0.103466, 0.103858, 0.104099, 0.105006, 0.105038, 0.105627, 0.106288, 0.106385, 0.106514, 0.106553, 0.106816, 0.107801, 0.107905, 0.107963, 0.10823, 0.108386, 0.1084, 0.108459, 0.108953, 0.108983, 0.10929, 0.10931, 0.109955, 0.11048, 0.110989, 0.111135, 0.111174, 0.11133, 0.112034, 0.112086, 0.112262, 0.112301, 0.112326, 0.112719, 0.112872, 0.112967, 0.113205, 0.113453, 0.113768, 0.114107, 0.114367, 0.114557, 0.115266, 0.115642, 0.115928, 0.115988, 0.116035, 0.116187, 0.116221, 0.116343, 0.116696, 0.116722, 0.116725, 0.116758, 0.117248, 0.117603, 0.117646, 0.117793, 0.117947, 0.118606, 0.118822, 0.118927, 0.120356, 0.120616, 0.12082, 0.120919, 0.121151, 0.122384, 0.122698, 0.122762, 0.122764, 0.122847, 0.122946, 0.123773, 0.123878, 0.123964, 0.124097, 0.124291, 0.124524, 0.124587, 0.124693, 0.125274, 0.125592, 0.125874, 0.125928, 0.126317, 0.126954, 0.126991, 0.127175, 0.127208, 0.12731, 0.127334, 0.127626, 0.127666, 0.127803, 0.127885, 0.128389, 0.12895, 0.128955, 0.128966, 0.129178, 0.130179, 0.13071, 0.130755, 0.131669, 0.131716, 0.13178, 0.131825, 0.132537, 0.133182, 0.133364, 0.133507, 0.133563, 0.134469, 0.134582, 0.134868, 0.134968, 0.135048, 0.135319, 0.135539, 0.136139, 0.136248, 0.136903, 0.137164, 0.137171, 0.137705, 0.138222, 0.138591, 0.138618, 0.138726, 0.138826, 0.138889, 0.138908, 0.139069, 0.13924, 0.139256, 0.139852, 0.13987, 0.140073, 0.140468, 0.14104, 0.141143, 0.141576, 0.142194, 0.142229, 0.142502, 0.142778, 0.142897, 0.143004, 0.144095, 0.144275, 0.144717, 0.144983, 0.145192, 0.14524, 0.145343, 0.145445, 0.146233, 0.146241, 0.146312, 0.146745, 0.146746, 0.146879, 0.14709, 0.147382, 0.147727, 0.147951, 0.14797, 0.148187, 0.148863, 0.148885, 0.148894, 0.148961, 0.149812, 0.150061, 0.150269, 0.150416, 0.15099, 0.15136, 0.151397, 0.151895, 0.151974, 0.152359, 0.152735, 0.152791, 0.152836, 0.152962, 0.153042, 0.153313, 0.153787, 0.153946, 0.154117, 0.154438, 0.154547, 0.15458, 0.154614, 0.154895, 0.154966, 0.154968, 0.156346, 0.156393, 0.156511, 0.156551, 0.156965, 0.157013, 0.157086, 0.157652, 0.158068, 0.158952, 0.159527, 0.16028, 0.16037, 0.160491, 0.16091, 0.161287, 0.161331, 0.161368, 0.161485, 0.161565, 0.161709, 0.161976, 0.162262, 0.162433, 0.162447, 0.162684, 0.162871, 0.163303, 0.163758, 0.164455, 0.165144, 0.165251, 0.165685, 0.166659, 0.16738, 0.167629, 0.167702, 0.168934, 0.169166, 0.169353, 0.169854, 0.169979, 0.171373, 0.17166, 0.171699, 0.171726, 0.172202, 0.172452, 0.17278, 0.172955, 0.173166, 0.174108, 0.174624, 0.174799, 0.1752, 0.175289, 0.175646, 0.175922, 0.176047, 0.176081, 0.176155, 0.176802, 0.17727, 0.177737, 