{"sigma_r": 0.9707, "sigma_i": 0.684, "m": 7, "seed": 796554499, "n_k": {"1": 3348, "2": 816, "3": 198, "4": 58, "5": 13, "6+": 1}, "dlogr": [0.0, 0.0, 0.000183, 0.000914, 0.001061, 0.001123, 0.001188, 0.001202, 0.001372, 0.001416, 0.001497, 0.001779, 0.00215, 0.002178, 0.002239, 0.002422, 0.002557, 0.002654, 0.002858, 0.002884, 0.002924, 0.002994, 0.003022, 0.003436, 0.003559, 0.003659, 0.003665, 0.003688, 0.004088, 0.004104, 0.004206, 0.004549, 0.004718, 0.005313, 0.005578, 0.005864, 0.00602, 0.006303, 0.006437, 0.006472, 0.006549, 0.006606, 0.006695, 0.006718, 0.006745, 0.006976, 0.007026, 0.007403, 0.007421, 0.007422, 0.007501, 0.007703, 0.00771, 0.007772, 0.007849, 0.007975, 0.008044, 0.008664, 0.008714, 0.008785, 0.008806, 0.00938, 0.009404, 0.009505, 0.00965, 0.00983, 0.010534, 0.010591, 0.010845, 0.010845, 0.011002, 0.011441, 0.011448, 0.011861, 0.011989, 0.012022, 0.012426, 0.012485, 0.012542, 0.012706, 0.01326, 0.013262, 0.013417, 0.013474, 0.014024, 0.014217, 0.014801, 0.014839, 0.014879, 0.014961, 0.015036, 0.015047, 0.015168, 0.015263, 0.01552, 0.015593, 0.015603, 0.015751, 0.015928, 0.016537, 0.016837, 0.017335, 0.017373, 0.017399, 0.017649, 0.017698, 0.017706, 0.017733, 0.017915, 0.017937, 0.018045, 0.018278, 0.018536, 0.018826, 0.018867, 0.018952, 0.019298, 0.019442, 0.019546, 0.019609, 0.019898, 0.019978, 0.020038, 0.020096, 0.020295, 0.020378, 0.020434, 0.020464, 0.020794, 0.020796, 0.020849, 0.020854, 0.020905, 0.021319, 0.021439, 0.021687, 0.021775, 0.021876, 0.021993, 0.02209, 0.022131, 0.022227, 0.022376, 0.022566, 0.022607, 0.022644, 0.02274, 0.022923, 0.023106, 0.023166, 0.023181, 0.023246, 0.023305, 0.023423, 0.023489, 0.023531, 0.02362, 0.023938, 0.023982, 0.024141, 0.024183, 0.024416, 0.024436, 0.024478, 0.024636, 0.02484, 0.024955, 0.024983, 0.025071, 0.025097, 0.025398, 0.025421, 0.025475, 0.02554, 0.02579, 0.02587, 0.025887, 0.025995, 0.026386, 0.026635, 0.026663, 0.02668, 0.026823, 0.027116, 0.02717, 0.027375, 0.027414, 0.027441, 0.027523, 0.027558, 0.027579, 0.027699, 0.027699, 0.027736, 0.028106, 0.028171, 0.028701, 0.028734, 0.028843, 0.029175, 0.029437, 0.029537, 0.029573, 0.029603, 0.029612, 0.029831, 0.029992, 0.030017, 0.030038, 0.030157, 0.030163, 0.030188, 0.03025, 0.030277, 0.030883, 0.031021, 0.031031, 0.031041, 0.031059, 0.031168, 0.031282, 0.031478, 0.031628, 0.031697, 0.031877, 0.031994, 0.032007, 0.032562, 0.03305, 0.033114, 0.033246, 0.033681, 0.0337, 0.033793, 0.034024, 0.034244, 0.034293, 0.034301, 0.034334, 0.034432, 0.034656, 0.034799, 0.034878, 0.034885, 0.03516, 0.035201, 0.035336, 0.035413, 0.035646, 0.035689, 0.03591, 0.036115, 0.036154, 0.036449, 0.036611, 0.036762, 0.03693, 0.03695, 0.037391, 0.037467, 0.037678, 0.037947, 0.03795, 0.039081, 0.039101, 0.039155, 0.039353, 0.03937, 0.039854, 0.04005, 0.040558, 0.040784, 0.040857, 0.040951, 0.040963, 0.041008, 0.041199, 0.04128, 0.041309, 0.04141, 0.04173, 0.04179, 0.04186, 0.04195, 0.042034, 0.042201, 0.042323, 0.042328, 0.042388, 0.042442, 0.042657, 0.042826, 0.042968, 0.043057, 0.043153, 0.043293, 0.043386, 0.043409, 0.043485, 0.043541, 0.043596, 0.044212, 0.044237, 0.044426, 0.044794, 0.045024, 0.045073, 0.045117, 0.045291, 0.045476, 0.045485, 0.045547, 0.045755, 0.045757, 0.045774, 0.045883, 0.046055, 0.046102, 0.046181, 0.046366, 0.046481, 0.046829, 0.046928, 0.046941, 0.046957, 0.046974, 0.047227, 0.047324, 0.047635, 0.047978, 0.047992, 0.048245, 0.048385, 0.048493, 0.048575, 0.048912, 0.048957, 0.049047, 0.049173, 0.049178, 0.049626, 0.049796, 0.049879, 0.049991, 0.050455, 0.050553, 0.05079, 0.05081, 0.05087, 0.050916, 0.050938, 0.051606, 0.052093, 0.052272, 0.052711, 0.053105, 0.05348, 0.053546, 0.053694, 0.054028, 0.054031, 0.054475, 0.054946, 0.055304, 0.055636, 0.055717, 0.055842, 0.056337, 0.056412, 0.056441, 0.057014, 0.057027, 0.057196, 0.057228, 0.057432, 0.057879, 0.057983, 0.058096, 0.058321, 0.058395, 0.058896, 0.059223, 0.059375, 0.05946, 0.059654, 0.059734, 0.059801, 0.059868, 0.059912, 0.060067, 0.060163, 0.060596, 0.06061, 0.060683, 0.061028, 0.061192, 0.061393, 0.061678, 0.061755, 0.061861, 0.06204, 0.062184, 0.062349, 0.062353, 0.062547, 0.062578, 0.062909, 0.063454, 0.063478, 0.0635, 0.06356, 0.063609, 0.063634, 0.063749, 0.063837, 0.063917, 0.064042, 0.064077, 0.064135, 0.064215, 0.064334, 0.064591, 0.064672, 0.064779, 0.064995, 0.065118, 0.065654, 0.066198, 0.066367, 0.066578, 0.06658, 0.066791, 0.067174, 0.06777, 0.067909, 0.068004, 0.068125, 0.068495, 0.068597, 0.068703, 0.06873, 0.068866, 0.068919, 0.069098, 0.069132, 0.069157, 0.069276, 0.069383, 0.069697, 0.069788, 0.070076, 0.070143, 0.070327, 0.070561, 0.070608, 0.070999, 0.071015, 0.071291, 0.07147, 0.071836, 0.07189, 0.072395, 0.072463, 0.072938, 0.072947, 0.073011, 0.073043, 0.073426, 0.073505, 0.073538, 0.073826, 0.073922, 0.07416, 0.074194, 0.074515, 0.074552, 0.074557, 0.074751, 0.074762, 0.074972, 0.074976, 0.075022, 0.075133, 0.07514, 0.075451, 0.075456, 0.075559, 0.075584, 0.075755, 0.075758, 0.075934, 0.076011, 0.076095, 0.076118, 0.076361, 0.076414, 0.076701, 0.076725, 0.076972, 0.077008, 0.077494, 0.077671, 0.077829, 0.07805, 0.078082, 0.078312, 0.078509, 0.078989, 0.078991, 0.078996, 0.079193, 0.079394, 0.080577, 0.080708, 0.081134, 0.081516, 0.081669, 0.081967, 0.082002, 0.08207, 0.082084, 0.082266, 0.082313, 0.082925, 0.083094, 0.08318, 0.083269, 0.083654, 0.083806, 0.083845, 0.083879, 0.084116, 0.084126, 0.084253, 0.084425, 0.08465, 0.085634, 0.085635, 0.085712, 0.085868, 0.086073, 0.086074, 0.086238, 0.086243, 0.08652, 0.086796, 0.086822, 0.086991, 0.086997, 0.08701, 0.087094, 0.087242, 0.08742, 0.087535, 0.087741, 0.087828, 0.088085, 0.088179, 0.088218, 0.088334, 0.088384, 0.088426, 0.088549, 0.088706, 0.08898, 0.089016, 0.089183, 0.089259, 0.089296, 0.089409, 0.089416, 0.089545, 0.089563, 0.089729, 0.08979, 0.089964, 0.090045, 0.090159, 0.090303, 0.090396, 0.090989, 0.091159, 0.091373, 0.091419, 0.091808, 0.092045, 0.092193, 0.092305, 0.092893, 0.092905, 0.093055, 0.09344, 0.093639, 0.093667, 0.093757, 0.09404, 0.094138, 0.09414, 0.094224, 0.094376, 0.09465, 0.094725, 0.094746, 0.094895, 0.09556, 0.095589, 0.095902, 0.095997, 0.096226, 0.096337, 0.096943, 0.096955, 0.097097, 0.097198, 0.097267, 0.097432, 0.097696, 0.097762, 0.097765, 0.097791, 0.09789, 0.097929, 0.098233, 0.098422, 0.098579, 0.099158, 0.099324, 0.09946, 0.10024, 0.100371, 0.100389, 0.100432, 0.100572, 0.10071, 0.100839, 0.101408, 0.101516, 0.101805, 0.101941, 0.101961, 0.101987, 0.102048, 0.102669, 0.102686, 0.102705, 0.103039, 0.1036, 0.103694, 0.103791, 0.103972, 0.104093, 0.10418, 0.104273, 0.104342, 0.1049, 0.105174, 0.1055, 0.105556, 0.105624, 0.10601, 0.106103, 0.106292, 0.106574, 0.106718, 0.106804, 0.106952, 0.10724, 0.107484, 0.107526, 0.107695, 0.107942, 0.108079, 0.108099, 0.108531, 0.108551, 0.108555, 0.1087, 0.109269, 0.109502, 0.109692, 0.109737, 0.110347, 0.110761, 0.111442, 0.111512, 0.111712, 0.112361, 0.112563, 0.11272, 0.112952, 0.113074, 0.113111, 0.113288, 0.11346, 0.11376, 0.11413, 0.114133, 0.11436, 0.114759, 0.114887, 0.11512, 0.115153, 0.11518, 0.115264, 0.115349, 0.115895, 0.11592, 0.116055, 0.116408, 0.116452, 0.116629, 0.116755, 0.11685, 0.116992, 0.117158, 0.117228, 0.117282, 0.1173, 0.117752, 0.118012, 0.118086, 0.11809, 0.118487, 0.118534, 0.11875, 0.118846, 0.118942, 0.119092, 0.119166, 0.119304, 0.11933, 0.119338, 0.119425, 0.119471, 0.119694, 0.119719, 0.120408, 0.120903, 0.120986, 0.121224, 0.121244, 0.121247, 0.121345, 0.121461, 0.122076, 0.122313, 0.122665, 0.123074, 0.123185, 0.123217, 0.124432, 0.124817, 0.124852, 0.124896, 0.125078, 0.125245, 0.125337, 0.125539, 0.12561, 0.125706, 0.12658, 0.12662, 0.126623, 0.126632, 0.126643, 0.127057, 0.12719, 0.127288, 0.127845, 0.127993, 0.128067, 0.128171, 0.128174, 0.128204, 0.128359, 0.128656, 0.128711, 0.129314, 0.129512, 0.12955, 0.130249, 0.130843, 0.13086, 0.130883, 0.131007, 0.131425, 0.131489, 0.13167, 0.132552, 0.132695, 0.133184, 0.133453, 0.133488, 0.133544, 0.133572, 0.134347, 0.135356,