{"sigma_r": 0.9707, "sigma_i": 1.4304, "m": 7, "seed": 387927948, "n_k": {"1": 3672, "2": 817, "3": 187, "4": 35, "5": 2, "6+": 2}, "dlogr": [0.0, 0.0, 0.0, 0.0, 0.0, 2e-06, 2.6e-05, 0.00044, 0.000479, 0.000531, 0.000668, 0.000733, 0.000962, 0.000976, 0.001065, 0.001139, 0.001484, 0.001522, 0.001668, 0.001716, 0.001875, 0.001902, 0.002223, 0.002257, 0.002606, 0.003029, 0.003344, 0.00354, 0.003733, 0.004223, 0.004348, 0.005292, 0.005384, 0.005491, 0.0056, 0.006744, 0.006766, 0.006938, 0.007295, 0.007339, 0.007579, 0.008285, 0.008321, 0.00843, 0.00851, 0.008972, 0.009021, 0.009271, 0.009459, 0.009808, 0.009977, 0.010217, 0.010331, 0.01037, 0.010437, 0.010705, 0.010939, 0.011246, 0.011346, 0.011349, 0.011371, 0.011389, 0.011559, 0.011691, 0.011742, 0.011746, 0.011818, 0.012231, 0.012279, 0.012279, 0.012284, 0.012514, 0.012749, 0.012868, 0.013117, 0.013138, 0.013188, 0.013384, 0.013423, 0.013659, 0.013735, 0.013819, 0.013882, 0.013989, 0.014044, 0.014231, 0.014253, 0.014375, 0.014428, 0.014454, 0.014473, 0.014774, 0.015134, 0.015391, 0.015406, 0.015433, 0.015567, 0.015597, 0.016017, 0.016969, 0.017048, 0.01709, 0.017372, 0.017395, 0.017601, 0.017919, 0.018118, 0.018197, 0.018215, 0.018303, 0.019101, 0.019212, 0.01935, 0.019385, 0.020329, 0.020361, 0.020379, 0.020381, 0.020448, 0.020748, 0.020805, 0.020843, 0.020852, 0.020901, 0.021617, 0.021741, 0.021771, 0.021934, 0.022061, 0.022236, 0.022338, 0.022699, 0.022857, 0.022944, 0.023109, 0.02317, 0.023514, 0.023537, 0.023614, 0.023874, 0.023973, 0.024037, 0.024307, 0.024375, 0.024635, 0.024811, 0.025394, 0.02542, 0.025517, 0.025831, 0.025867, 0.026171, 0.026278, 0.026344, 0.026421, 0.026632, 0.027017, 0.027192, 0.027661, 0.027933, 0.028025, 0.028274, 0.028383, 0.028405, 0.02851, 0.028522, 0.028535, 0.028604, 0.028629, 0.028889, 0.029081, 0.029283, 0.029326, 0.029377, 0.029508, 0.029544, 0.029823, 0.029828, 0.029965, 0.030305, 0.030309, 0.030326, 0.030809, 0.030824, 0.031036, 0.031436, 0.03179, 0.032061, 0.032145, 0.032294, 0.03263, 0.033133, 0.033253, 0.033272, 0.033325, 0.033543, 0.03355, 0.033806, 0.034209, 0.034264, 0.034505, 0.034655, 0.03472, 0.03529, 0.035505, 0.035843, 0.036173, 0.036667, 0.037576, 0.03797, 0.038035, 0.038086, 0.038133, 0.038142, 0.038181, 0.038234, 0.038679, 0.038939, 0.038959, 0.039153, 0.039704, 0.039868, 0.039879, 0.040011, 0.04006, 0.040202, 0.04023, 0.040656, 0.041096, 0.041313, 0.041395, 0.041561, 0.041832, 0.041937, 0.042218, 0.042432, 0.042562, 0.04258, 0.0429, 0.042992, 0.043078, 0.043156, 0.043244, 0.043411, 0.043765, 0.043806, 0.043926, 0.043957, 0.044153, 0.044356, 0.044434, 0.044559, 0.0446, 0.04464, 0.044777, 0.044818, 0.044822, 0.044906, 0.045274, 0.045315, 0.045454, 0.045523, 0.04564, 0.045706, 0.04585, 0.045878, 0.046448, 0.04648, 0.046483, 0.04649, 0.046651, 0.046714, 0.046838, 0.047133, 0.047249, 0.047474, 0.047607, 0.048064, 0.048119, 0.048375, 0.048448, 0.048983, 0.049414, 0.049454, 0.049474, 0.049505, 0.049649, 0.049671, 0.05018, 0.050357, 0.050507, 0.050575, 0.050603, 0.051222, 0.05149, 0.051758, 0.051924, 0.05227, 0.052358, 0.052534, 0.052913, 0.053024, 0.053153, 0.053333, 0.053378, 0.05343, 0.053948, 0.054612, 0.054691, 0.05519, 0.055283, 0.055654, 0.055998, 0.05606, 0.056182, 0.056465, 0.056533, 0.05674, 0.05679, 0.05684, 0.056973, 0.057252, 0.05783, 0.058313, 0.058487, 0.05858, 0.058597, 0.058654, 0.058995, 0.059155, 0.059189, 0.059226, 0.059321, 0.059533, 0.059536, 0.05957, 0.059805, 0.060051, 0.060386, 0.060404, 0.060412, 0.060463, 0.060568, 0.06093, 0.061037, 0.061526, 0.061534, 0.06166, 0.061711, 0.061883, 0.062398, 0.062445, 0.062723, 0.062963, 0.062991, 0.063067, 0.063281, 0.063329, 0.063551, 0.063565, 0.063743, 0.063905, 0.063916, 0.063923, 0.064081, 0.064729, 0.064768, 0.064839, 0.064867, 0.065205, 0.065397, 0.065449, 0.06565, 0.065968, 0.066168, 0.066173, 0.066198, 0.066596, 0.06674, 0.067106, 0.067738, 0.067843, 0.068257, 0.068577, 0.068582, 0.068623, 0.069397, 0.069545, 0.069677, 0.069736, 0.069753, 0.069794, 0.070265, 0.070451, 0.070701, 0.070742, 0.070888, 0.071069, 0.071147, 0.071536, 0.071795, 0.071914, 0.071978, 0.072415, 0.072583, 0.072839, 0.073065, 0.073162, 0.073287, 0.073523, 0.073696, 0.074133, 0.074177, 0.074418, 0.074451, 0.074457, 0.0749, 0.074941, 0.075078, 0.075091, 0.075159, 0.075359, 0.075394, 0.075564, 0.075817, 0.076302, 0.076399, 0.076464, 0.076727, 0.077059, 0.077141, 0.077204, 0.07731, 0.077366, 0.077466, 0.077579, 0.077612, 0.077933, 0.078152, 0.078475, 0.078626, 0.078674, 0.078802, 0.079457, 0.079559, 0.079967, 0.080077, 0.080332, 0.080769, 0.080931, 0.081012, 0.081133, 0.081528, 0.081609, 0.083307, 0.083481, 0.083522, 0.08364, 0.083746, 0.083896, 0.084045, 0.084202, 0.084249, 0.084338, 0.084448, 0.084962, 0.084964, 0.08526, 0.085442, 0.085583, 0.085817, 0.085844, 0.085996, 0.086014, 0.086096, 0.086204, 0.086238, 0.086564, 0.086572, 0.086784, 0.087131, 0.087935, 0.088156, 0.088717, 0.089138, 0.089347, 0.089405, 0.089982, 0.09005, 0.090112, 0.090227, 0.090388, 0.090771, 0.090903, 0.091047, 0.091243, 0.091445, 0.091573, 0.091692, 0.091915, 0.092533, 0.092844, 0.092887, 0.093116, 0.093118, 0.093181, 0.093446, 0.093888, 0.094159, 0.094729, 0.095005, 0.095014, 0.095356, 0.095458, 0.095808, 0.09582, 0.09583, 0.095935, 0.096136, 0.096464, 0.097651, 0.09777, 0.097865, 0.098208, 0.098519, 0.098547, 0.098975, 0.099047, 0.099126, 0.0993, 0.099588, 0.099748, 0.099752, 0.10015, 0.100463, 0.100574, 0.100642, 0.100662, 0.100711, 0.10087, 0.100993, 0.101067, 0.101127, 0.101136, 0.101141, 0.101391, 0.101431, 0.101513, 0.101711, 0.101796, 0.102066, 0.102171, 0.102275, 0.102404, 0.102469, 0.102585, 0.102892, 0.103469, 0.103545, 0.103999, 0.104107, 0.10418, 0.104298, 0.104512, 0.105162, 0.105315, 0.105319, 0.10544, 0.105498, 0.1055, 0.105656, 0.105714, 0.105791, 0.105841, 0.106046, 0.106966, 0.107424, 0.107427, 0.107465, 0.107895, 0.108826, 0.109005, 0.109043, 0.110118, 0.110317, 0.110353, 0.110552, 0.111289, 0.11138, 0.111578, 0.111784, 0.112113, 0.112336, 0.112505, 0.112958, 0.113065, 0.11371, 0.114459, 0.114619, 0.114624, 0.114632, 0.114938, 0.114952, 0.115006, 0.115081, 0.115344, 0.115761, 0.116347, 0.116391, 0.116516, 0.117041, 0.117513, 0.117687, 0.117722, 0.11815, 0.118267, 0.118337, 0.118479, 0.11865, 0.118794, 0.118848, 0.119594, 0.119838, 0.120126, 0.120628, 0.120777, 0.121164, 0.121615, 0.121805, 0.121984, 0.122107, 0.122192, 0.122354, 0.122544, 0.123322, 0.123335, 0.123346, 0.123486, 0.1236, 0.123661, 0.123939, 0.124439, 0.124815, 0.124827, 0.125212, 0.12522, 0.125567, 0.125714, 0.12574, 0.125983, 0.126096, 0.126207, 0.126254, 0.126751, 0.126813, 0.126955, 0.127438, 0.127463, 0.127494, 0.128553, 0.128811, 0.128825, 0.128959, 0.129237, 0.129746, 0.13045, 0.130585, 0.130591, 0.130689, 0.130809, 0.131224, 0.131702, 0.131733, 0.131975, 0.132502, 0.132592, 0.13272, 0.133006, 0.133757, 0.13376, 0.1339, 0.134093, 0.134598, 0.134617, 0.135125, 0.135261, 0.135337, 0.135527, 0.135573, 0.135627, 0.135804, 0.135848, 0.136475, 0.136512, 0.136549, 0.136621, 0.136887, 0.13692, 0.137176, 0.137407, 0.137895, 0.138194, 0.13883, 0.138917, 0.138951, 0.139009, 0.139016, 0.139041, 0.13927, 0.139369, 0.139476, 0.139519, 0.139578, 0.139777, 0.140054, 0.140667, 0.140717, 0.140857, 0.14119, 0.141438, 0.142168, 0.142378, 0.142965, 0.143219, 0.143432, 0.14387, 0.14399, 0.144336, 0.144763, 0.144894, 0.144972, 0.144973, 0.145058, 0.145544, 0.146254, 0.146376, 0.146677, 0.146684, 0.147217, 0.147591, 0.147899, 0.148399, 0.148787, 0.1497, 0.149701, 0.14974, 0.149866, 0.15, 0.15, 0.150441, 0.150456, 0.15066, 0.150811, 0.151194, 0.151272, 0.151533, 0.151773, 0.152038, 0.152352, 0.152391, 0.152462, 0.152892, 0.152946, 0.153281, 0.153524, 0.153873, 0.154511, 0.154702, 0.155436, 0.155968, 0.156089, 0.156275, 0.156281, 0.156422, 0.156498, 0.157042, 0.157397, 0.157647, 0.157725, 0.157752, 0.158481, 0.159228, 0.159268, 0.15928, 0.159812, 0.160147, 0.160232, 0.160549, 0.160719, 0.160898, 0.160961, 0.161306, 0.161612, 0.161866, 0.162123, 0.162435, 0.162639, 0.162658, 