{"sigma_r": 3.0, "sigma_i": 0.2, "m": 3, "seed": 3362380608, "n_k": {"1": 3324, "2": 854, "3": 231, "4": 57, "5": 17, "6+": 2}, "dlogr": [5e-06, 0.000129, 0.000135, 0.000314, 0.000399, 0.000429, 0.000518, 0.000535, 0.00063, 0.000794, 0.001049, 0.00123, 0.001561, 0.001764, 0.001893, 0.001942, 0.002132, 0.002236, 0.002297, 0.002361, 0.002386, 0.002784, 0.002844, 0.002889, 0.002895, 0.002911, 0.002976, 0.003022, 0.003205, 0.004155, 0.004474, 0.004642, 0.005495, 0.005944, 0.005951, 0.006123, 0.006502, 0.006989, 0.007252, 0.00798, 0.008019, 0.008401, 0.008563, 0.008676, 0.009128, 0.009204, 0.009424, 0.009668, 0.010172, 0.010185, 0.010319, 0.010364, 0.010492, 0.010509, 0.01056, 0.010949, 0.011044, 0.011055, 0.01111, 0.011369, 0.011426, 0.011583, 0.011901, 0.012131, 0.012237, 0.01256, 0.01263, 0.012808, 0.013008, 0.013229, 0.013564, 0.013613, 0.013613, 0.013631, 0.013665, 0.013888, 0.014406, 0.014536, 0.014662, 0.014869, 0.014972, 0.015004, 0.015025, 0.01544, 0.015528, 0.015572, 0.015774, 0.015955, 0.016037, 0.016157, 0.016228, 0.016233, 0.016378, 0.016448, 0.016616, 0.016693, 0.017122, 0.017217, 0.017349, 0.017362, 0.017451, 0.017692, 0.017891, 0.018746, 0.018933, 0.019577, 0.019661, 0.019777, 0.019797, 0.020124, 0.020344, 0.020389, 0.020502, 0.020799, 0.02088, 0.021186, 0.021234, 0.021235, 0.021455, 0.021538, 0.021862, 0.022062, 0.022135, 0.022181, 0.022388, 0.022449, 0.022505, 0.022919, 0.023001, 0.02314, 0.023316, 0.023788, 0.023815, 0.023928, 0.024116, 0.024204, 0.024216, 0.024963, 0.024979, 0.025417, 0.025563, 0.025818, 0.026071, 0.026531, 0.026548, 0.026553, 0.026609, 0.027057, 0.027566, 0.027804, 0.027857, 0.028427, 0.028649, 0.028998, 0.029226, 0.029475, 0.029592, 0.029652, 0.029751, 0.030321, 0.03053, 0.030909, 0.031229, 0.031508, 0.031616, 0.031956, 0.031977, 0.032096, 0.032121, 0.032728, 0.03274, 0.032926, 0.033009, 0.033407, 0.03348, 0.033737, 0.034013, 0.034064, 0.034094, 0.034102, 0.034508, 0.034632, 0.03489, 0.035043, 0.035056, 0.035244, 0.035487, 0.035772, 0.035775, 0.036089, 0.036146, 0.036356, 0.036374, 0.036515, 0.036604, 0.036828, 0.036851, 0.037116, 0.037237, 0.037312, 0.037696, 0.03818, 0.038266, 0.038446, 0.039093, 0.039132, 0.039201, 0.039322, 0.040034, 0.040047, 0.040393, 0.040401, 0.040803, 0.04087, 0.041658, 0.041942, 0.042001, 0.042464, 0.043216, 0.043336, 0.043498, 0.043655, 0.044155, 0.04493, 0.04507, 0.04511, 0.04512, 0.046435, 0.046588, 0.047233, 0.047805, 0.048014, 0.04829, 0.048511, 0.048571, 0.04861, 0.048811, 0.048885, 0.049153, 0.049483, 0.049673, 0.049942, 0.050232, 0.051054, 0.051103, 0.05133, 0.051747, 0.052025, 0.052033, 0.052112, 0.05214, 0.052151, 0.052671, 0.052931, 0.053042, 0.053251, 0.053864, 0.053934, 0.054293, 0.054634, 0.054709, 0.055109, 0.055449, 0.056046, 0.056228, 0.056541, 0.05664, 0.057016, 0.05738, 0.057431, 0.057523, 0.057602, 0.05776, 0.0578, 0.057847, 0.058045, 0.058149, 0.058228, 0.058297, 0.058502, 0.058902, 0.058966, 0.059027, 0.059159, 0.059622, 0.059679, 0.05996, 0.060108, 0.06024, 0.060529, 0.060664, 0.060943, 0.061001, 0.061078, 0.061089, 0.061123, 0.061251, 0.061258, 0.061289, 0.061333, 0.061567, 0.061574, 0.061632, 0.061705, 0.061728, 0.061967, 0.062055, 0.062061, 0.062069, 0.062369, 0.062458, 0.062602, 0.062782, 0.063027, 0.063239, 0.063304, 0.06332, 0.063408, 0.063488, 0.06404, 0.064228, 0.064383, 0.064587, 0.064727, 0.065201, 0.06608, 0.066277, 0.066554, 0.067137, 0.067167, 0.067419, 0.06749, 0.067845, 0.068058, 0.068135, 0.06828, 0.068311, 0.068331, 0.068515, 0.068674, 0.068751, 0.068863, 0.069012, 0.069072, 0.06915, 0.069537, 0.069884, 0.07004, 0.070269, 0.070443, 0.070677, 0.071002, 0.071054, 0.071682, 0.071785, 0.073026, 0.073057, 0.073795, 0.073968, 0.074053, 0.07406, 0.074197, 0.074527, 0.074529, 0.074666, 0.074776, 0.074933, 0.075036, 0.075081, 0.075567, 0.07562, 0.075642, 0.075684, 0.075758, 0.075763, 0.076078, 0.076233, 0.076672, 0.077578, 0.07906, 0.07916, 0.079503, 0.079662, 0.079807, 0.080467, 0.080542, 0.080771, 0.080864, 0.081038, 0.081139, 0.081288, 0.08161, 0.082438, 0.082538, 0.082687, 0.08272, 0.082845, 0.083001, 0.08308, 0.083544, 0.083711, 0.084066, 0.084235, 0.084315, 0.08461, 0.084647, 0.08491, 0.084984, 0.084994, 0.085026, 0.085248, 0.085299, 0.085733, 0.085923, 0.085923, 0.086124, 0.086438, 0.086485, 0.086498, 0.086507, 0.087157, 0.087221, 0.087513, 0.0876, 0.087673, 0.087792, 0.087846, 0.08804, 0.088117, 0.088158, 0.088209, 0.088276, 0.088515, 0.088582, 0.088626, 0.088837, 0.088902, 0.088916, 0.088962, 0.088987, 0.08924, 0.089344, 0.089587, 0.090057, 0.090096, 0.09019, 0.090449, 0.091075, 0.091297, 0.092652, 0.093694, 0.09417, 0.094333, 0.094877, 0.094889, 0.095142, 0.095149, 0.095218, 0.095631, 0.095966, 0.096227, 0.09631, 0.096372, 0.096437, 0.09663, 0.096881, 0.097138, 0.097159, 0.097428, 0.097585, 0.097729, 0.09823, 0.098923, 0.099054, 0.099142, 0.099144, 0.100804, 0.101091, 0.101262, 0.101286, 0.10133, 0.101416, 0.101837, 0.101904, 0.102476, 0.102678, 0.102746, 0.102836, 0.102955, 0.10324, 0.103244, 0.103322, 0.103448, 0.103622, 0.103789, 0.10383, 0.103852, 0.104457, 0.10506, 0.105467, 0.105469, 0.105488, 0.10586, 0.106392, 0.106425, 0.106601, 0.106651, 0.106658, 0.106709, 0.106786, 0.106873, 0.10693, 0.107048, 0.107112, 0.107464, 0.107546, 0.107711, 0.108155, 0.108635, 0.108759, 0.108776, 0.10883, 0.108866, 0.109659, 0.110012, 0.110055, 0.110116, 0.110157, 0.110351, 0.110506, 0.110791, 0.111217, 0.111293, 0.11156, 0.111641, 0.111685, 0.112195, 0.112805, 0.112937, 0.113145, 0.11315, 0.113702, 0.113865, 0.113921, 0.114485, 0.114532, 0.114678, 0.114782, 0.115052, 0.115285, 0.115382, 0.115426, 0.115447, 0.115696, 0.116144, 0.116207, 0.116228, 0.116449, 0.116475, 0.116821, 0.117259, 0.117726, 0.117931, 0.117963, 0.118279, 0.11834, 0.118632, 0.118633, 0.11875, 0.120308, 0.120403, 0.1205, 0.120631, 0.121005, 0.121039, 0.12209, 0.122106, 0.122544, 0.122879, 0.122985, 0.123853, 0.124003, 0.124117, 0.124171, 0.124703, 0.124848, 0.125154, 0.125431, 0.125486, 0.125584, 0.125963, 0.126398, 0.126467, 0.126534, 0.126992, 0.12721, 0.127928, 0.128253, 0.128583, 0.128611, 0.128808, 0.12882, 0.128854, 0.129012, 0.129067, 0.129133, 0.129877, 0.129946, 0.130446, 0.130724, 0.130853, 0.13098, 0.131026, 0.131692, 0.131838, 0.131897, 0.131928, 0.131967, 0.132188, 0.132701, 0.13273, 0.132869, 0.132946, 0.133277, 0.133708, 0.133812, 0.134017, 0.134433, 0.134679, 0.134787, 0.134796, 0.135058, 0.135266, 0.135499, 0.13613, 0.13632, 0.136659, 0.136706, 0.137651, 0.137668, 0.137914, 0.138006, 0.138197, 0.13842, 0.138536, 0.138563, 0.13878, 0.138797, 0.138891, 0.138893, 0.139321, 0.139388, 0.139543, 0.139706, 0.139813, 0.140285, 0.140312, 0.140608, 0.141312, 0.141323, 0.1415, 0.141638, 0.141757, 0.142123, 0.142215, 0.142422, 0.142903, 0.143049, 0.144118, 0.14416, 0.144238, 0.144521, 0.144541, 0.144906, 0.145573, 0.146141, 0.146182, 0.146256, 0.146261, 0.146357, 0.147811, 0.147938, 0.148037, 0.149739, 0.150048, 0.150413, 0.150639, 0.150988, 0.151082, 0.152082, 0.152126, 0.152349, 0.152557, 0.152594, 0.152822, 0.15318, 0.154877, 0.155471, 0.155573, 0.155702, 0.156081, 0.156107, 0.156181, 0.156655, 0.156717, 0.156779, 0.156915, 0.157093, 0.157136, 0.157519, 0.157735, 0.158052, 0.158121, 0.158498, 0.158507, 0.158592, 0.158667, 0.15884, 0.159184, 0.159588, 0.159898, 0.160794, 0.160826, 0.161057, 0.161146, 0.161226, 0.161269, 0.161305, 0.161533, 0.161563, 0.161652, 0.161923, 0.162031, 0.162043, 0.162576, 0.162781, 0.163035, 0.16322, 0.163454, 0.163474, 0.163736, 0.164052, 0.164299, 0.164374, 0.164539, 0.164635, 0.1648, 0.165109, 0.165394, 0.165501, 0.165565, 0.165771, 0.165772, 0.166131, 0.166765, 0.167593, 0.168388, 0.168949, 0.170677, 0.17071, 0.171087, 0.171205, 0.171439, 0.171595, 0.171707, 0.172097, 0.172495, 0.172714, 0.173462, 0.173467, 0.173622, 0.173655, 0.173767, 0.174273, 0.174386, 0.174732, 0.175141, 0.17519, 0.175247, 0.175587, 0.175794, 0.176258, 0.176368, 0.176427, 0.176537, 0.176548, 0.176609, 0.176704, 0.176776, 0.17724, 0.177262, 0.177558, 0.177884, 0.177974, 0.178589, 