{"sigma_r": 1.2164, "sigma_i": 0.8747, "m": 6, "seed": 1298948865, "n_k": {"1": 3384, "2": 863, "3": 213, "4": 39, "5": 9, "6+": 1}, "dlogr": [8.6e-05, 0.000403, 0.000408, 0.00046, 0.000671, 0.000719, 0.001298, 0.001367, 0.001457, 0.001784, 0.002064, 0.002109, 0.002226, 0.002321, 0.002574, 0.002801, 0.002988, 0.003064, 0.003074, 0.003464, 0.00357, 0.003852, 0.003928, 0.004027, 0.004089, 0.004333, 0.00507, 0.005122, 0.005144, 0.005489, 0.005512, 0.005569, 0.005783, 0.005807, 0.006089, 0.006324, 0.00642, 0.006476, 0.006558, 0.006578, 0.006815, 0.006822, 0.007053, 0.00714, 0.007375, 0.007399, 0.007548, 0.007894, 0.007915, 0.008268, 0.008519, 0.008638, 0.008657, 0.008775, 0.008795, 0.009048, 0.009459, 0.009517, 0.009628, 0.00983, 0.010072, 0.010187, 0.010255, 0.01034, 0.010706, 0.010822, 0.010829, 0.010903, 0.010938, 0.011071, 0.011075, 0.011163, 0.011201, 0.011888, 0.011961, 0.012026, 0.012418, 0.012481, 0.012893, 0.013004, 0.013366, 0.013395, 0.013675, 0.013689, 0.014062, 0.014474, 0.014491, 0.014831, 0.01493, 0.015354, 0.015416, 0.015456, 0.01552, 0.015629, 0.01616, 0.016252, 0.016294, 0.016439, 0.016576, 0.016598, 0.01703, 0.017603, 0.017663, 0.017832, 0.017956, 0.017994, 0.018314, 0.018562, 0.018732, 0.018746, 0.018894, 0.019061, 0.019182, 0.019483, 0.019727, 0.020045, 0.020388, 0.020436, 0.020463, 0.020547, 0.020589, 0.021026, 0.021234, 0.021241, 0.02127, 0.021576, 0.021707, 0.021725, 0.021855, 0.021892, 0.022079, 0.022603, 0.023351, 0.023513, 0.02357, 0.023808, 0.02386, 0.023968, 0.024018, 0.024213, 0.024297, 0.024354, 0.024555, 0.024822, 0.024966, 0.02529, 0.025371, 0.025389, 0.025428, 0.02553, 0.025834, 0.025926, 0.025949, 0.026239, 0.026516, 0.026523, 0.026555, 0.02667, 0.026685, 0.027142, 0.027149, 0.02719, 0.027771, 0.027849, 0.027887, 0.02804, 0.028275, 0.02842, 0.028543, 0.028738, 0.028771, 0.028864, 0.029421, 0.029548, 0.029674, 0.029708, 0.029913, 0.030086, 0.030126, 0.030324, 0.030842, 0.030846, 0.03097, 0.031182, 0.03131, 0.031345, 0.031945, 0.032104, 0.032145, 0.03275, 0.033007, 0.033173, 0.033432, 0.033664, 0.034146, 0.034387, 0.034418, 0.034804, 0.034876, 0.034956, 0.035085, 0.035233, 0.03548, 0.035695, 0.035724, 0.035758, 0.035873, 0.035943, 0.036006, 0.036088, 0.03653, 0.0366, 0.036881, 0.036962, 0.037142, 0.037285, 0.037371, 0.037647, 0.037717, 0.037733, 0.037823, 0.037824, 0.038312, 0.038418, 0.0386, 0.038715, 0.038944, 0.039036, 0.039082, 0.039086, 0.039185, 0.039469, 0.039669, 0.039945, 0.040096, 0.040175, 0.040298, 0.040353, 0.0404, 0.04068, 0.04075, 0.04083, 0.041009, 0.041126, 0.041126, 0.041146, 0.04119, 0.041413, 0.04142, 0.041515, 0.041573, 0.041647, 0.041986, 0.042156, 0.042202, 0.042322, 0.042359, 0.042643, 0.042793, 0.042835, 0.043217, 0.043506, 0.043658, 0.043912, 0.044089, 0.044371, 0.044684, 0.044903, 0.044909, 0.045009, 0.045134, 0.045215, 0.045285, 0.045482, 0.045805, 0.046616, 0.046727, 0.047239, 0.047508, 0.047611, 0.047765, 0.047987, 0.048043, 0.048153, 0.048371, 0.048371, 0.048395, 0.048804, 0.048856, 0.049395, 0.04977, 0.049907, 0.049959, 0.050469, 0.050503, 0.050809, 0.051003, 0.051177, 0.051281, 0.051614, 0.051832, 0.051854, 0.051889, 0.051954, 0.05268, 0.052938, 0.053158, 0.053381, 0.053428, 0.053502, 0.053829, 0.054081, 0.054125, 0.054386, 0.054411, 0.054614, 0.054797, 0.054856, 0.055893, 0.056038, 0.056055, 0.056203, 0.056287, 0.056586, 0.056771, 0.057376, 0.057382, 0.057471, 0.057597, 0.057725, 0.057956, 0.058376, 0.058486, 0.058506, 0.05864, 0.058937, 0.059201, 0.059375, 0.059634, 0.05967, 0.05978, 0.059911, 0.060047, 0.060111, 0.060341, 0.060758, 0.060833, 0.061146, 0.061315, 0.061325, 0.061428, 0.061689, 0.062277, 0.062328, 0.062495, 0.062682, 0.06272, 0.062752, 0.062771, 0.062817, 0.062999, 0.063249, 0.063549, 0.063654, 0.063868, 0.064051, 0.064108, 0.064544, 0.064579, 0.064895, 0.065346, 0.065429, 0.065556, 0.065626, 0.065742, 0.065753, 0.065947, 0.06601, 0.066073, 0.066102, 0.06641, 0.066917, 0.067451, 0.067494, 0.067678, 0.067933, 0.068219, 0.068367, 0.068458, 0.068461, 0.068548, 0.068836, 0.068956, 0.069048, 0.069118, 0.069522, 0.069583, 0.070512, 0.070601, 0.070753, 0.071181, 0.071327, 0.071749, 0.071881, 0.072077, 0.072098, 0.072126, 0.072414, 0.072586, 0.072696, 0.072731, 0.072926, 0.073011, 0.073042, 0.073174, 0.073259, 0.073269, 0.073365, 0.073562, 0.073699, 0.074059, 0.074109, 0.074658, 0.074936, 0.074938, 0.07504, 0.075187, 0.075208, 0.075453, 0.076026, 0.07615, 0.076352, 0.07638, 0.0765, 0.07666, 0.076925, 0.078244, 0.078271, 0.078463, 0.078489, 0.078652, 0.079053, 0.079296, 0.079746, 0.07985, 0.079965, 0.079989, 0.080232, 0.080241, 0.080416, 0.080726, 0.08094, 0.081211, 0.081322, 0.081676, 0.081725, 0.081993, 0.082136, 0.082141, 0.082363, 0.08252, 0.082608, 0.082622, 0.082692, 0.082725, 0.082766, 0.082934, 0.083001, 0.083078, 0.083421, 0.083658, 0.083892, 0.084173, 0.084214, 0.084533, 0.084742, 0.084879, 0.084913, 0.085077, 0.085691, 0.085782, 0.085952, 0.086274, 0.086298, 0.086593, 0.087394, 0.087407, 0.087498, 0.087598, 0.087617, 0.087772, 0.087944, 0.087968, 0.087985, 0.088039, 0.088236, 0.088423, 0.088557, 0.088601, 0.088668, 0.088677, 0.089352, 0.089574, 0.08974, 0.090001, 0.090277, 0.090359, 0.090605, 0.090796, 0.09092, 0.091083, 0.091099, 0.091305, 0.091396, 0.091495, 0.091583, 0.091602, 0.091685, 0.091869, 0.092516, 0.09279, 0.092845, 0.092878, 0.093322, 0.093359, 0.093979, 0.094479, 0.094907, 0.09508, 0.095125, 0.095241, 0.095295, 0.095751, 0.095937, 0.095974, 0.096671, 0.096739, 0.096886, 0.097033, 0.097069, 0.097197, 0.09813, 0.098414, 0.09849, 0.098571, 0.098861, 0.098981, 0.098983, 0.099246, 0.099484, 0.099492, 0.099652, 0.099687, 0.099699, 0.099921, 0.100156, 0.100612, 0.100671, 0.101172, 0.101218, 0.1015, 0.102332, 0.102432, 0.102548, 0.102647, 0.102878, 0.103156, 0.103438, 0.103453, 0.103509, 0.103839, 0.103852, 0.104136, 0.10453, 0.105182, 0.10522, 0.105461, 0.106635, 0.107024, 0.107137, 0.107363, 0.107524, 0.107555, 0.107848, 0.108006, 0.108128, 0.108654, 0.108693, 0.108902, 0.109313, 0.109765, 0.109973, 0.110163, 0.110216, 0.11026, 0.110805, 0.110933, 0.110993, 0.111033, 0.111063, 0.111438, 0.111468, 0.111576, 0.1116, 0.112944, 0.113298, 0.113494, 0.114027, 0.114348, 0.114612, 0.114926, 0.114999, 0.115352, 0.115509, 0.115741, 0.115801, 0.11583, 0.115983, 0.116214, 0.116216, 0.116346, 0.116658, 0.116763, 0.116806, 0.11687, 0.116928, 0.11707, 0.117141, 0.117187, 0.117268, 0.117471, 0.117897, 0.118191, 0.118247, 0.118886, 0.118889, 0.118993, 0.119068, 0.11932, 0.119545, 0.119734, 0.119809, 0.119921, 0.120463, 0.120953, 0.121036, 0.121049, 0.121096, 0.121411, 0.12163, 0.12243, 0.122434, 0.122503, 0.122568, 0.122739, 0.122776, 0.123065, 0.123232, 0.123591, 0.123865, 0.12421, 0.124285, 0.124553, 0.124638, 0.124752, 0.124763, 0.124797, 0.125058, 0.125447, 0.125478, 0.125509, 0.125539, 0.125609, 0.125732, 0.125925, 0.126344, 0.126681, 0.126845, 0.126966, 0.12699, 0.127412, 0.127452, 0.128085, 0.128775, 0.128791, 0.12924, 0.129607, 0.129623, 0.129907, 0.130076, 0.130121, 0.130204, 0.130291, 0.130295, 0.130751, 0.130792, 0.130881, 0.130966, 0.131335, 0.131456, 0.131958, 0.132335, 0.132434, 0.132724, 0.132915, 0.132927, 0.133461, 0.134248, 0.134764, 0.135511, 0.135702, 0.135745, 0.135756, 0.136172, 0.136445, 0.136541, 0.136689, 0.136725, 0.136749, 0.136904, 0.136923, 0.13732, 0.138079, 0.138583, 0.138749, 0.139208, 0.14017, 0.140448, 0.140585, 0.141024, 0.141219, 0.141289, 0.141373, 0.141675, 0.142328, 0.142663, 0.143097, 0.143615, 0.144112, 0.144244, 0.14464, 0.144705, 0.14499, 0.145151, 0.145423, 0.145926, 0.14635, 0.147038, 0.147101, 0.14741, 0.147483, 0.147592, 0.147869, 0.148171, 0.14824, 0.148452, 0.148489, 0.148674, 0.149175, 0.149449, 0.150462, 0.150612, 0.151548, 0.15162, 0.151721, 0.151813, 0.151869, 0.151923, 0.152227, 0.152317, 0.152362, 0.152496, 0.152848, 0.153183, 0.153489, 0.15359, 0.153734, 0.153848, 0.154232, 0.154423, 0.154826, 0.154876, 0.154954, 0.155146, 0.155525, 0.156325, 0.156334, 0.156359, 0.156408, 0.156729, 0.157012, 0.157034, 0.157292, 0.157793, 