{"sigma_r": 1.5244, "sigma_i": 0.4183, "m": 0, "seed": 31782227, "n_k": {"1": 3406, "2": 803, "3": 252, "4": 53, "5": 13, "6+": 2}, "dlogr": [0.0, 0.000109, 0.000675, 0.000878, 0.000886, 0.001274, 0.001448, 0.001469, 0.00168, 0.001727, 0.001745, 0.001849, 0.001978, 0.002235, 0.002542, 0.002589, 0.002597, 0.002686, 0.002774, 0.002844, 0.003172, 0.003302, 0.00335, 0.00352, 0.003712, 0.003769, 0.003812, 0.003836, 0.003998, 0.004286, 0.004564, 0.004565, 0.004744, 0.005418, 0.005451, 0.005808, 0.005886, 0.005961, 0.006165, 0.006254, 0.006404, 0.006455, 0.006774, 0.007081, 0.007143, 0.007418, 0.007503, 0.008163, 0.008225, 0.008522, 0.008576, 0.008798, 0.008816, 0.009029, 0.00904, 0.009076, 0.009187, 0.009408, 0.009558, 0.009667, 0.009702, 0.010348, 0.010675, 0.010737, 0.010903, 0.010908, 0.010957, 0.011148, 0.011397, 0.011462, 0.011504, 0.011534, 0.011705, 0.012104, 0.012181, 0.012202, 0.012247, 0.012269, 0.012496, 0.012549, 0.012829, 0.012839, 0.013094, 0.013164, 0.013181, 0.013452, 0.013458, 0.013697, 0.013828, 0.013974, 0.013975, 0.014071, 0.014426, 0.014482, 0.014602, 0.014737, 0.014778, 0.014882, 0.014928, 0.01493, 0.015178, 0.0156, 0.015722, 0.015843, 0.015891, 0.015977, 0.016104, 0.016108, 0.016161, 0.01628, 0.016398, 0.016542, 0.016636, 0.017107, 0.017543, 0.017861, 0.017979, 0.017999, 0.017999, 0.018003, 0.018822, 0.018882, 0.019016, 0.019124, 0.019149, 0.019486, 0.019715, 0.019772, 0.019997, 0.020146, 0.020363, 0.020387, 0.020549, 0.020682, 0.020692, 0.02086, 0.021363, 0.021408, 0.021467, 0.021584, 0.02176, 0.021834, 0.021868, 0.021927, 0.021938, 0.022014, 0.022075, 0.022223, 0.02247, 0.022809, 0.023068, 0.023137, 0.023295, 0.02349, 0.023497, 0.024179, 0.02443, 0.024825, 0.02514, 0.025464, 0.025575, 0.025682, 0.02584, 0.026149, 0.026216, 0.026535, 0.026797, 0.026877, 0.026948, 0.027034, 0.027069, 0.027731, 0.027745, 0.027939, 0.027976, 0.02866, 0.02884, 0.028953, 0.029333, 0.030095, 0.030286, 0.030682, 0.030705, 0.030842, 0.031129, 0.031154, 0.031392, 0.031527, 0.031795, 0.031816, 0.03186, 0.031911, 0.032275, 0.032315, 0.03232, 0.0325, 0.032543, 0.033135, 0.033146, 0.033317, 0.033318, 0.033951, 0.034024, 0.034323, 0.034355, 0.03436, 0.034628, 0.034856, 0.034988, 0.035012, 0.035024, 0.035078, 0.035115, 0.035129, 0.035159, 0.035161, 0.03521, 0.035296, 0.035649, 0.035746, 0.035808, 0.035972, 0.035991, 0.036163, 0.036338, 0.036563, 0.036857, 0.037064, 0.037153, 0.037374, 0.037468, 0.037549, 0.037908, 0.037966, 0.038072, 0.038288, 0.038542, 0.03866, 0.038788, 0.038871, 0.039217, 0.039221, 0.039426, 0.039534, 0.039717, 0.040265, 0.040577, 0.040802, 0.040861, 0.041001, 0.041154, 0.041288, 0.04208, 0.042546, 0.042649, 0.042711, 0.042732, 0.04296, 0.04318, 0.043218, 0.04362, 0.044165, 0.044183, 0.044239, 0.04459, 0.045607, 0.045658, 0.046239, 0.046244, 0.046319, 0.046442, 0.046591, 0.047025, 0.047095, 0.047434, 0.047442, 0.047999, 0.048106, 0.04813, 0.04823, 0.048493, 0.048535, 0.048662, 0.049108, 0.049388, 0.04996, 0.050133, 0.050258, 0.051022, 0.051093, 0.051264, 0.051296, 0.051333, 0.05156, 0.051683, 0.05213, 0.052159, 0.052349, 0.052674, 0.053142, 0.05316, 0.053295, 0.053414, 0.053527, 0.053833, 0.053906, 0.054529, 0.054565, 0.054595, 0.054651, 0.05511, 0.055364, 0.055451, 0.055548, 0.055597, 0.055794, 0.055931, 0.056037, 0.056138, 0.056437, 0.056857, 0.056932, 0.056948, 0.057199, 0.05726, 0.057473, 0.057716, 0.058224, 0.058341, 0.058454, 0.058684, 0.058741, 0.058845, 0.059017, 0.059062, 0.059145, 0.059179, 0.059232, 0.059317, 0.059524, 0.060074, 0.0601, 0.060158, 0.060181, 0.060541, 0.060815, 0.060832, 0.060882, 0.060914, 0.060919, 0.061049, 0.061259, 0.061509, 0.061554, 0.062829, 0.063048, 0.063392, 0.063406, 0.064133, 0.064216, 0.064322, 0.06465, 0.064764, 0.06487, 0.065061, 0.065116, 0.065287, 0.06604, 0.066128, 0.066229, 0.066453, 0.066821, 0.066904, 0.066933, 0.067096, 0.067379, 0.067645, 0.068018, 0.068123, 0.068805, 0.069218, 0.069242, 0.069361, 0.069954, 0.070338, 0.070606, 0.070918, 0.071144, 0.071196, 0.071239, 0.07164, 0.071742, 0.071782, 0.071946, 0.072001, 0.072055, 0.072081, 0.072196, 0.072321, 0.072542, 0.072898, 0.073014, 0.073491, 0.073494, 0.073838, 0.073899, 0.074153, 0.074172, 0.074605, 0.074737, 0.074741, 0.074985, 0.075033, 0.075047, 0.075146, 0.075336, 0.075528, 0.075717, 0.075725, 0.075907, 0.07698, 0.077639, 0.078309, 0.078391, 0.078392, 0.078411, 0.078918, 0.078949, 0.078976, 0.079682, 0.079746, 0.080141, 0.080475, 0.080618, 0.080967, 0.081031, 0.081033, 0.081216, 0.081234, 0.081618, 0.081648, 0.081707, 0.081736, 0.081793, 0.081835, 0.081865, 0.082223, 0.082345, 0.082395, 0.082662, 0.082816, 0.082831, 0.083176, 0.083279, 0.083383, 0.083576, 0.083642, 0.083644, 0.083933, 0.084643, 0.085258, 0.085505, 0.085533, 0.085939, 0.08615, 0.086789, 0.086816, 0.086837, 0.087225, 0.087453, 0.087941, 0.087949, 0.088279, 0.088539, 0.088778, 0.088986, 0.089409, 0.089584, 0.089927, 0.090439, 0.090606, 0.090649, 0.090835, 0.090917, 0.09115, 0.091151, 0.091189, 0.091191, 0.091342, 0.091705, 0.091892, 0.09212, 0.092308, 0.092352, 0.092444, 0.09297, 0.092975, 0.093189, 0.093285, 0.093295, 0.093436, 0.09359, 0.093835, 0.093953, 0.093982, 0.094053, 0.094153, 0.094228, 0.09436, 0.094517, 0.094655, 0.094745, 0.094747, 0.095365, 0.095675, 0.095797, 0.096151, 0.096425, 0.096912, 0.097077, 0.097132, 0.097639, 0.097716, 0.097766, 0.098065, 0.09807, 0.098126, 0.098452, 0.098534, 0.098804, 0.098822, 0.098917, 0.09916, 0.099332, 0.099397, 0.099502, 0.099639, 0.099766, 0.100507, 0.100574, 0.100986, 0.101346, 0.101418, 0.101581, 0.102044, 0.102177, 0.102233, 0.102562, 0.102563, 0.102841, 0.102851, 0.103103, 0.103479, 0.103594, 0.104235, 0.104363, 0.104925, 0.104938, 0.104972, 0.105043, 0.105152, 0.105246, 0.105346, 0.105504, 0.105579, 0.10564, 0.105852, 0.105906, 0.106041, 0.106066, 0.106114, 0.106238, 0.106266, 0.10655, 0.10682, 0.1071, 0.107359, 0.107618, 0.107662, 0.107757, 0.108216, 0.108587, 0.109057, 0.109085, 0.109204, 0.109236, 0.109441, 0.109671, 0.109813, 0.109855, 0.110247, 0.110409, 0.1106, 0.110641, 0.110889, 0.111199, 0.111463, 0.111823, 0.111853, 0.112093, 0.112227, 0.11259, 0.112623, 0.112674, 0.11271, 0.112872, 0.113266, 0.113289, 0.113632, 0.114235, 0.114389, 0.114844, 0.115263, 0.11528, 0.115322, 0.115427, 0.115606, 0.115724, 0.115795, 0.116157, 0.116253, 0.116368, 0.116662, 0.116782, 0.116816, 0.116896, 0.116981, 0.117053, 0.117177, 0.117296, 0.117627, 0.117632, 0.117669, 0.118227, 0.118351, 0.118619, 0.118671, 0.118723, 0.118814, 0.118866, 0.118971, 0.11941, 0.119533, 0.119809, 0.120086, 0.120539, 0.120602, 0.120725, 0.120834, 0.120861, 0.121045, 0.121178, 0.121475, 0.121503, 0.12153, 0.122018, 0.122314, 0.122416, 0.122491, 0.122684, 0.123041, 0.1237, 0.123841, 0.124152, 0.124293, 0.124553, 0.124636, 0.124722, 0.124865, 0.125104, 0.125364, 0.125441, 0.125464, 0.125863, 0.126517, 0.126865, 0.127193, 0.128026, 0.128311, 0.128405, 0.128708, 0.128891, 0.129121, 0.129462, 0.129821, 0.129987, 0.131115, 0.131214, 0.131499, 0.131556, 0.13178, 0.132616, 0.132696, 0.13282, 0.133347, 0.133397, 0.133996, 0.134007, 0.134022, 0.134431, 0.134762, 0.134847, 0.135197, 0.135743, 0.135769, 0.135945, 0.135991, 0.136114, 0.136237, 0.13657, 0.136775, 0.136958, 0.137076, 0.137281, 0.13756, 0.137995, 0.138469, 0.138749, 0.139342, 0.139805, 0.140087, 0.140218, 0.140249, 0.14027, 0.140607, 0.141749, 0.141918, 0.142013, 0.142465, 0.1428, 0.142816, 0.143018, 0.143112, 0.14313, 0.1433, 0.143813, 0.14387, 0.144018, 0.144361, 0.144371, 0.144679, 0.144836, 0.144845, 0.145023, 0.145571, 0.146596, 0.146952, 0.147509, 0.147731, 0.147825, 0.14813, 0.148563, 0.148586, 0.148623, 0.148937, 0.149012, 0.149497, 0.149643, 0.149856, 0.150001, 0.15054, 0.15069, 0.150763, 0.150946, 0.152111, 0.152142, 0.152359, 0.152492, 0.152552, 0.152728, 0.153519, 0.15367, 0.153734, 0.153852, 0.154048, 0.154104, 0.154911, 0.155528, 0.155528, 0.155647, 0.155848, 0.156686, 0.157667, 0.157802, 0.157971, 0.158053, 0.158134, 0.158322, 0.158883, 0.159205, 0.159253, 0.159601, 0.159767, 0.159855, 