{"sigma_r": 2.3939, "sigma_i": 0.2558, "m": 0, "seed": 1609344521, "n_k": {"1": 3271, "2": 900, "3": 226, "4": 52, "5": 18, "6+": 3}, "dlogr": [3e-06, 5.2e-05, 8.9e-05, 9.4e-05, 0.00027, 0.000279, 0.000422, 0.000586, 0.001141, 0.001248, 0.00164, 0.001661, 0.001817, 0.001821, 0.001986, 0.002073, 0.00217, 0.002652, 0.00269, 0.003155, 0.003232, 0.003366, 0.003523, 0.003556, 0.003605, 0.004165, 0.004325, 0.004527, 0.004591, 0.004851, 0.005032, 0.005057, 0.005201, 0.005328, 0.005403, 0.005528, 0.005546, 0.005646, 0.005768, 0.00601, 0.006094, 0.006097, 0.006121, 0.006172, 0.006213, 0.006216, 0.006258, 0.006281, 0.006462, 0.007049, 0.007058, 0.007234, 0.007279, 0.007282, 0.007399, 0.00744, 0.007454, 0.007907, 0.008111, 0.008197, 0.008223, 0.008657, 0.008695, 0.008812, 0.008925, 0.008973, 0.009075, 0.009344, 0.009829, 0.0099, 0.010109, 0.010128, 0.010593, 0.0106, 0.010916, 0.011208, 0.011277, 0.011981, 0.012104, 0.012173, 0.012427, 0.01244, 0.012463, 0.012688, 0.012748, 0.01275, 0.012843, 0.012855, 0.012867, 0.012984, 0.013279, 0.013721, 0.014148, 0.014444, 0.014635, 0.014705, 0.014864, 0.015882, 0.01619, 0.016397, 0.016414, 0.016419, 0.016515, 0.016931, 0.017026, 0.017239, 0.017472, 0.017527, 0.017661, 0.017691, 0.017835, 0.01788, 0.017914, 0.018028, 0.018126, 0.018158, 0.018176, 0.018218, 0.018514, 0.018651, 0.018685, 0.018978, 0.01916, 0.019226, 0.019355, 0.019416, 0.019549, 0.019606, 0.019826, 0.019995, 0.020114, 0.020185, 0.020359, 0.020421, 0.020434, 0.020728, 0.020787, 0.020838, 0.020842, 0.020967, 0.021031, 0.021114, 0.021199, 0.021491, 0.02187, 0.021967, 0.022733, 0.023006, 0.023275, 0.023333, 0.023431, 0.02352, 0.023575, 0.023606, 0.023759, 0.023799, 0.023811, 0.023933, 0.023955, 0.024293, 0.02438, 0.024732, 0.024864, 0.024885, 0.025225, 0.025805, 0.02612, 0.026381, 0.026764, 0.026798, 0.0268, 0.026807, 0.027244, 0.02731, 0.027537, 0.027582, 0.027692, 0.027854, 0.028007, 0.028531, 0.028671, 0.028785, 0.028799, 0.029028, 0.029234, 0.029431, 0.029539, 0.029883, 0.030135, 0.030463, 0.030643, 0.030951, 0.031181, 0.031948, 0.032038, 0.03236, 0.032368, 0.032703, 0.032937, 0.033209, 0.033218, 0.033227, 0.033633, 0.034092, 0.034232, 0.035246, 0.035427, 0.035654, 0.035708, 0.035895, 0.036061, 0.036072, 0.036141, 0.03634, 0.036942, 0.037004, 0.037544, 0.037732, 0.038065, 0.038071, 0.038681, 0.038736, 0.038861, 0.039045, 0.039112, 0.03963, 0.039645, 0.039666, 0.039731, 0.040161, 0.040234, 0.040388, 0.040392, 0.040509, 0.040686, 0.040721, 0.041117, 0.041233, 0.041273, 0.041551, 0.041642, 0.041719, 0.041866, 0.041937, 0.042139, 0.042306, 0.042342, 0.042409, 0.042584, 0.042655, 0.042846, 0.043014, 0.043153, 0.043205, 0.043545, 0.043594, 0.043607, 0.043643, 0.044117, 0.044269, 0.04432, 0.044337, 0.04442, 0.044626, 0.044703, 0.044709, 0.045203, 0.045378, 0.045625, 0.046571, 0.046598, 0.046638, 0.046714, 0.046781, 0.047061, 0.047098, 0.047222, 0.047228, 0.047277, 0.047974, 0.047989, 0.048025, 0.048048, 0.048064, 0.048499, 0.048622, 0.048775, 0.048896, 0.04898, 0.049058, 0.049191, 0.049377, 0.049669, 0.049879, 0.050058, 0.0504, 0.050561, 0.05059, 0.050596, 0.050684, 0.050713, 0.050795, 0.050894, 0.05103, 0.051114, 0.051348, 0.051363, 0.051599, 0.051603, 0.052192, 0.052397, 0.052737, 0.052739, 0.052754, 0.052847, 0.052905, 0.052941, 0.053006, 0.053234, 0.0533, 0.053462, 0.053711, 0.053771, 0.054447, 0.054789, 0.055269, 0.05527, 0.055417, 0.055439, 0.055907, 0.056064, 0.056086, 0.056098, 0.056212, 0.056365, 0.056506, 0.056727, 0.057143, 0.057195, 0.057278, 0.057513, 0.057751, 0.057926, 0.057966, 0.058311, 0.058462, 0.058523, 0.058841, 0.058872, 0.059449, 0.059533, 0.06005, 0.060101, 0.060208, 0.060239, 0.060311, 0.060337, 0.060423, 0.060711, 0.060808, 0.060954, 0.061606, 0.06187, 0.062413, 0.062482, 0.062736, 0.062782, 0.062804, 0.062888, 0.062935, 0.062939, 0.06323, 0.063303, 0.063397, 0.064003, 0.064101, 0.064146, 0.06421, 0.064496, 0.064513, 0.064521, 0.064666, 0.064822, 0.065003, 0.065048, 0.065103, 0.065191, 0.06521, 0.065256, 0.065345, 0.065572, 0.066468, 0.066471, 0.066825, 0.066872, 0.067213, 0.067256, 0.067426, 0.067795, 0.067847, 0.06786, 0.067984, 0.068204, 0.068726, 0.06881, 0.068876, 0.068904, 0.069465, 0.069567, 0.069816, 0.070075, 0.070164, 0.070361, 0.071088, 0.071097, 0.071257, 0.071401, 0.071438, 0.071484, 0.07169, 0.07177, 0.071784, 0.072008, 0.072031, 0.072964, 0.073086, 0.073268, 0.073401, 0.073683, 0.073796, 0.073901, 0.074028, 0.074164, 0.074498, 0.074529, 0.074693, 0.074777, 0.074795, 0.075122, 0.075161, 0.075328, 0.07596, 0.076004, 0.076012, 0.076073, 0.076309, 0.076331, 0.076609, 0.076701, 0.077475, 0.077663, 0.077823, 0.078112, 0.078216, 0.078311, 0.07838, 0.078726, 0.078747, 0.078829, 0.07946, 0.079679, 0.079902, 0.079923, 0.080024, 0.080561, 0.080895, 0.081155, 0.08116, 0.08117, 0.081455, 0.081489, 0.081599, 0.081643, 0.081662, 0.081782, 0.08189, 0.082166, 0.082364, 0.082374, 0.082533, 0.083013, 0.083243, 0.083308, 0.083387, 0.083634, 0.083793, 0.084086, 0.084583, 0.08473, 0.084831, 0.085066, 0.085166, 0.085354, 0.085488, 0.085524, 0.085527, 0.085548, 0.085589, 0.085796, 0.085991, 0.086108, 0.086703, 0.086809, 0.087027, 0.087206, 0.087219, 0.087611, 0.087706, 0.087743, 0.087954, 0.088109, 0.088341, 0.088379, 0.088453, 0.088617, 0.088806, 0.088896, 0.089149, 0.089286, 0.089449, 0.089566, 0.089605, 0.089679, 0.089753, 0.08999, 0.090258, 0.090838, 0.090953, 0.091066, 0.091465, 0.091505, 0.091516, 0.091578, 0.091626, 0.091718, 0.092073, 0.092085, 0.09292, 0.093353, 0.093748, 0.093876, 0.094176, 0.094559, 0.094605, 0.094974, 0.095094, 0.095833, 0.095835, 0.095925, 0.09603, 0.096183, 0.097156, 0.097168, 0.097289, 0.098632, 0.098895, 0.098934, 0.098973, 0.099072, 0.099122, 0.099169, 0.099287, 0.099362, 0.099418, 0.099424, 0.099606, 0.100127, 0.10029, 0.100525, 0.100678, 0.100697, 0.101127, 0.101284, 0.10129, 0.101493, 0.101503, 0.101505, 0.101684, 0.101969, 0.102061, 0.102088, 0.102127, 0.102395, 0.102606, 0.102646, 0.102684, 0.103266, 0.103378, 0.103395, 0.103823, 0.103896, 0.103963, 0.104021, 0.104236, 0.104528, 0.104814, 0.104838, 0.10517, 0.105268, 0.105303, 0.105701, 0.105762, 0.106149, 0.106166, 0.10649, 0.106521, 0.10683, 0.107519, 0.107637, 0.108557, 0.108638, 0.108895, 0.109271, 0.109394, 0.109436, 0.109448, 0.109509, 0.110076, 0.110141, 0.110203, 0.111165, 0.111386, 0.111541, 0.111771, 0.111985, 0.112552, 0.112681, 0.112711, 0.1134, 0.11448, 0.114528, 0.114634, 0.114934, 0.115301, 0.11534, 0.115343, 0.115432, 0.115479, 0.116163, 0.116389, 0.116533, 0.11684, 0.116889, 0.116952, 0.117157, 0.117508, 0.117525, 0.117693, 0.117808, 0.117869, 0.11797, 0.118313, 0.118446, 0.118452, 0.118719, 0.119257, 0.11992, 0.119938, 0.120341, 0.120346, 0.120477, 0.12081, 0.121401, 0.121591, 0.121724, 0.121975, 0.122409, 0.122489, 0.122657, 0.123005, 0.123902, 0.12424, 0.124367, 0.124419, 0.124799, 0.125118, 0.125609, 0.125923, 0.125964, 0.126, 0.12602, 0.126223, 0.12651, 0.126817, 0.127306, 0.127351, 0.127352, 0.127472, 0.128018, 0.128721, 0.128753, 0.129055, 0.130047, 0.130179, 0.130434, 0.131586, 0.131632, 0.132081, 0.132341, 0.132399, 0.132649, 0.132882, 0.133015, 0.133637, 0.133675, 0.134122, 0.134137, 0.134353, 0.135304, 0.135389, 0.135476, 0.136026, 0.136184, 0.136202, 0.136587, 0.136648, 0.136783, 0.136933, 0.137201, 0.137517, 0.137539, 0.137572, 0.13788, 0.137942, 0.138427, 0.138471, 0.138489, 0.138769, 0.138934, 0.139014, 0.139167, 0.139841, 0.140296, 0.140313, 0.140694, 0.140755, 0.140935, 0.141056, 0.141348, 0.141665, 0.142381, 0.142865, 0.14288, 0.143258, 0.143282, 0.143327, 0.143419, 0.14361, 0.143636, 0.14378, 0.143785, 0.144335, 0.144768, 0.1449, 0.145239, 0.145737, 0.145969, 0.146132, 0.146284, 0.146485, 0.147054, 0.147199, 0.147497, 0.147594, 0.147672, 0.148405, 0.148414, 0.148624, 0.14904, 0.149202, 0.149471, 0.149496, 0.14988, 0.149939, 0.150018, 0.150089, 0.150139, 0.150319, 0.150354, 0.151134, 0.151263, 0.151496, 0.151586, 0.1522, 0.152341, 0.152423, 0.152718, 0.152827, 0.152868, 0.152931, 0.15299, 0.153307, 0.153736, 0.153794, 