{"sigma_r": 2.3939, "sigma_i": 0.2, "m": 2, "seed": 314794520, "n_k": {"1": 3324, "2": 781, "3": 267, "4": 64, "5": 17, "6+": 1}, "dlogr": [0.0, 0.000218, 0.000274, 0.000391, 0.000738, 0.000854, 0.001134, 0.0015, 0.001555, 0.001609, 0.00192, 0.002025, 0.002394, 0.002525, 0.002705, 0.003024, 0.003362, 0.003699, 0.003964, 0.004433, 0.004461, 0.004465, 0.00456, 0.004736, 0.004871, 0.005178, 0.005352, 0.005389, 0.005447, 0.005752, 0.005801, 0.005897, 0.006117, 0.006119, 0.006145, 0.006334, 0.006384, 0.006433, 0.006511, 0.007141, 0.007166, 0.007347, 0.007798, 0.007959, 0.008008, 0.008094, 0.008252, 0.008318, 0.008417, 0.008816, 0.008889, 0.009446, 0.009633, 0.010039, 0.010245, 0.010603, 0.010612, 0.010923, 0.011171, 0.011228, 0.011303, 0.011846, 0.012297, 0.012358, 0.012392, 0.012953, 0.013, 0.013153, 0.013309, 0.013344, 0.013504, 0.013961, 0.014265, 0.014326, 0.014381, 0.014523, 0.014593, 0.014912, 0.014998, 0.015195, 0.015458, 0.015625, 0.015856, 0.016156, 0.016564, 0.016825, 0.017016, 0.01735, 0.017377, 0.017415, 0.017484, 0.017623, 0.017722, 0.01792, 0.018107, 0.018163, 0.018318, 0.01869, 0.019397, 0.019421, 0.019449, 0.020002, 0.02035, 0.020402, 0.020438, 0.020665, 0.020778, 0.021163, 0.021164, 0.021662, 0.022053, 0.022086, 0.022094, 0.022211, 0.022259, 0.022371, 0.022508, 0.022536, 0.02256, 0.022647, 0.022721, 0.023561, 0.023904, 0.024056, 0.024232, 0.024796, 0.024993, 0.025067, 0.025384, 0.025838, 0.025852, 0.02626, 0.026388, 0.026525, 0.026822, 0.026835, 0.026875, 0.027011, 0.027245, 0.027289, 0.027458, 0.02765, 0.028013, 0.028157, 0.028491, 0.028801, 0.028866, 0.028969, 0.029134, 0.029193, 0.029239, 0.029285, 0.029468, 0.029658, 0.029738, 0.029805, 0.029814, 0.029823, 0.029898, 0.030044, 0.030179, 0.030227, 0.030401, 0.030421, 0.030564, 0.030614, 0.030671, 0.031113, 0.031142, 0.031306, 0.031596, 0.031633, 0.032193, 0.032378, 0.03287, 0.033457, 0.033676, 0.033772, 0.033786, 0.033867, 0.033986, 0.033991, 0.034099, 0.034239, 0.034262, 0.034341, 0.03475, 0.035476, 0.03553, 0.035624, 0.035941, 0.036125, 0.036191, 0.036256, 0.036583, 0.03668, 0.036887, 0.037147, 0.037618, 0.037836, 0.037884, 0.037917, 0.038309, 0.038746, 0.03884, 0.039066, 0.03943, 0.039598, 0.039805, 0.039857, 0.039918, 0.03994, 0.039982, 0.040019, 0.040129, 0.040184, 0.040657, 0.040871, 0.041431, 0.041477, 0.042204, 0.042237, 0.042295, 0.042394, 0.042605, 0.042879, 0.043263, 0.043864, 0.044592, 0.044748, 0.04515, 0.045254, 0.045457, 0.045467, 0.04587, 0.04588, 0.045908, 0.045941, 0.046229, 0.04635, 0.046366, 0.046369, 0.046497, 0.047479, 0.04766, 0.048004, 0.048037, 0.048193, 0.048233, 0.048549, 0.049162, 0.049463, 0.049489, 0.049575, 0.049749, 0.049793, 0.04987, 0.050068, 0.050086, 0.050254, 0.050313, 0.050556, 0.05057, 0.050863, 0.051085, 0.051141, 0.051207, 0.051671, 0.05169, 0.051768, 0.051885, 0.052134, 0.052389, 0.052405, 0.052495, 0.052869, 0.053054, 0.053278, 0.053882, 0.054622, 0.054692, 0.054714, 0.05485, 0.055147, 0.055171, 0.05539, 0.055817, 0.056098, 0.056149, 0.056259, 0.056268, 0.056665, 0.057104, 0.057169, 0.057429, 0.057548, 0.057817, 0.057949, 0.05801, 0.058059, 0.058271, 0.058389, 0.058476, 0.05877, 0.059003, 0.059153, 0.059464, 0.059516, 0.059689, 0.060379, 0.060456, 0.060481, 0.060774, 0.060911, 0.060942, 0.060966, 0.061031, 0.061667, 0.061724, 0.061845, 0.061861, 0.061887, 0.061963, 0.062228, 0.062418, 0.062507, 0.062704, 0.062868, 0.062938, 0.063176, 0.06325, 0.063376, 0.063533, 0.063628, 0.063712, 0.063803, 0.064159, 0.064211, 0.064543, 0.064563, 0.064745, 0.064906, 0.065345, 0.065386, 0.06563, 0.065748, 0.066162, 0.066705, 0.066825, 0.067011, 0.06717, 0.067707, 0.067723, 0.067745, 0.067773, 0.068215, 0.068372, 0.068413, 0.068594, 0.068659, 0.069325, 0.06946, 0.069749, 0.070544, 0.070629, 0.070634, 0.070729, 0.070738, 0.070799, 0.070816, 0.070958, 0.07169, 0.071701, 0.071907, 0.072183, 0.072253, 0.072281, 0.07257, 0.072642, 0.072732, 0.073253, 0.073901, 0.074094, 0.074215, 0.074245, 0.074816, 0.075151, 0.075241, 0.075258, 0.07533, 0.076364, 0.076614, 0.076733, 0.076753, 0.076954, 0.076979, 0.077053, 0.077077, 0.077507, 0.078129, 0.078314, 0.078335, 0.078532, 0.078859, 0.079279, 0.079463, 0.079724, 0.079768, 0.079855, 0.079932, 0.080295, 0.080403, 0.080474, 0.080516, 0.080869, 0.08115, 0.081223, 0.081673, 0.081733, 0.081964, 0.082107, 0.082279, 0.08231, 0.083205, 0.083241, 0.083657, 0.083873, 0.083992, 0.084532, 0.084567, 0.084732, 0.084775, 0.08484, 0.084938, 0.085213, 0.085296, 0.085362, 0.085591, 0.085739, 0.085879, 0.086373, 0.086435, 0.086673, 0.086936, 0.08702, 0.087303, 0.087476, 0.087583, 0.087602, 0.087611, 0.087816, 0.087878, 0.087927, 0.088118, 0.088143, 0.088341, 0.088382, 0.088498, 0.088646, 0.088998, 0.08925, 0.089442, 0.089784, 0.089899, 0.090081, 0.090093, 0.090293, 0.090301, 0.090376, 0.090648, 0.09093, 0.091039, 0.091058, 0.091474, 0.091504, 0.091807, 0.092471, 0.092495, 0.092642, 0.092765, 0.093113, 0.093168, 0.093377, 0.093392, 0.09369, 0.093971, 0.094058, 0.094427, 0.09463, 0.095834, 0.096341, 0.096501, 0.096644, 0.096647, 0.096706, 0.09673, 0.096781, 0.096959, 0.097011, 0.097122, 0.097765, 0.097869, 0.097959, 0.098251, 0.098415, 0.098546, 0.098775, 0.098856, 0.099017, 0.099058, 0.099213, 0.099323, 0.09978, 0.099798, 0.099807, 0.099839, 0.100024, 0.100393, 0.100768, 0.10096, 0.101099, 0.101476, 0.101581, 0.101645, 0.101771, 0.101875, 0.101958, 0.101989, 0.102193, 0.102264, 0.10282, 0.103173, 0.103497, 0.103808, 0.103899, 0.104121, 0.104129, 0.104138, 0.104458, 0.104498, 0.10487, 0.104914, 0.105067, 0.105099, 0.105182, 0.105236, 0.105413, 0.106149, 0.106222, 0.106257, 0.106592, 0.106922, 0.10708, 0.107361, 0.107459, 0.10751, 0.107738, 0.107753, 0.107764, 0.108102, 0.108188, 0.108223, 0.108373, 0.10869, 0.108695, 0.108833, 0.109037, 0.109084, 0.109135, 0.109173, 0.109576, 0.109691, 0.110138, 0.110188, 0.110385, 0.110524, 0.110931, 0.111291, 0.111501, 0.111635, 0.111869, 0.1119, 0.112036, 0.11219, 0.112785, 0.113146, 0.113353, 0.113383, 0.113767, 0.1139, 0.114175, 0.114607, 0.115033, 0.115495, 0.115782, 0.115981, 0.116209, 0.11629, 0.116414, 0.116429, 0.116539, 0.116748, 0.116824, 0.117347, 0.117463, 0.117668, 0.117915, 0.118758, 0.118981, 0.119071, 0.119577, 0.119871, 0.119995, 0.120077, 0.120363, 0.120531, 0.120706, 0.120836, 0.121213, 0.121225, 0.121292, 0.121982, 0.122882, 0.123311, 0.12356, 0.12389, 0.124107, 0.124126, 0.124296, 0.124456, 0.124523, 0.12462, 0.124682, 0.124793, 0.124903, 0.126089, 0.126379, 0.126819, 0.126872, 0.1269, 0.12729, 0.127361, 0.127524, 0.127619, 0.127945, 0.128161, 0.128259, 0.12862, 0.128685, 0.128884, 0.129048, 0.129473, 0.129774, 0.130171, 0.130436, 0.130488, 0.130689, 0.131078, 0.131135, 0.131227, 0.132139, 0.132435, 0.132669, 0.132861, 0.133069, 0.133082, 0.133517, 0.133939, 0.133977, 0.133989, 0.134682, 0.135344, 0.135599, 0.135645, 0.135835, 0.135854, 0.135974, 0.136469, 0.136526, 0.136931, 0.137118, 0.137438, 0.137915, 0.138427, 0.138576, 0.138999, 0.139375, 0.139536, 0.139575, 0.139712, 0.139743, 0.139876, 0.140276, 0.140451, 0.140649, 0.141381, 0.142239, 0.14244, 0.142612, 0.142859, 0.143232, 0.14333, 0.143484, 0.143512, 0.143877, 0.144169, 0.144351, 0.144445, 0.144961, 0.14529, 0.14558, 0.145728, 0.145959, 0.146443, 0.146675, 0.146684, 0.146911, 0.147087, 0.147954, 0.148406, 0.148493, 0.148528, 0.148544, 0.148997, 0.149077, 0.14943, 0.149793, 0.149914, 0.150117, 0.150428, 0.150464, 0.150538, 0.150946, 0.150996, 0.151149, 0.151241, 0.151247, 0.151286, 0.151394, 0.151727, 0.151891, 0.15285, 0.152884, 0.152938, 0.153047, 0.153391, 0.1534, 0.153454, 0.153503, 0.153565, 0.153857, 0.153887, 0.154173, 0.154584, 0.154725, 0.155517, 0.15567, 0.155675, 0.156195, 0.156241, 0.1566, 0.157028, 0.15704, 0.159327, 0.159349, 0.159548, 0.159718, 0.15998, 0.16012, 0.160155, 0.160164, 0.160224, 0.160649, 0.160828, 0.161157, 0.161349, 0.161367, 0.161483, 0.161964, 0.162086, 0.162468, 0.162477, 0.162623, 0.16333, 0.163405, 0.163971, 0.164149, 0.164164, 0.164312, 0.164601, 0.164636, 0.164711, 0.165123, 0.165124, 0.165344,