{"sigma_r": 1.9103, "sigma_i": 1.1186, "m": 0, "seed": 2911920342, "n_k": {"1": 3501, "2": 841, "3": 204, "4": 32, "5": 6, "6+": 1}, "dlogr": [0.0, 0.0, 8.5e-05, 0.000127, 0.000509, 0.000688, 0.000881, 0.001196, 0.001702, 0.001951, 0.002005, 0.002039, 0.002104, 0.002864, 0.002956, 0.003664, 0.003837, 0.003842, 0.003983, 0.004613, 0.004643, 0.004891, 0.004914, 0.005227, 0.005766, 0.005841, 0.005926, 0.006068, 0.007358, 0.007679, 0.007821, 0.00784, 0.008086, 0.008108, 0.008112, 0.008673, 0.009068, 0.009591, 0.009877, 0.010016, 0.010112, 0.010117, 0.010399, 0.010637, 0.010796, 0.01153, 0.011781, 0.01207, 0.012366, 0.012447, 0.012858, 0.012978, 0.013004, 0.013339, 0.014115, 0.014551, 0.015086, 0.015204, 0.015828, 0.016029, 0.016039, 0.016122, 0.016152, 0.016786, 0.017136, 0.01718, 0.017234, 0.017548, 0.017632, 0.01768, 0.017899, 0.018027, 0.018042, 0.019174, 0.019176, 0.01923, 0.019378, 0.019709, 0.020239, 0.020419, 0.020489, 0.020656, 0.020945, 0.022209, 0.022479, 0.02271, 0.022716, 0.022846, 0.023622, 0.023757, 0.024127, 0.024239, 0.024261, 0.024262, 0.024343, 0.024614, 0.024787, 0.02488, 0.024887, 0.024917, 0.024994, 0.025138, 0.025365, 0.026135, 0.026229, 0.027062, 0.027181, 0.027223, 0.027487, 0.027689, 0.027736, 0.027737, 0.027811, 0.02791, 0.027917, 0.02817, 0.028337, 0.02836, 0.028854, 0.029448, 0.029503, 0.029522, 0.029531, 0.029565, 0.029622, 0.030624, 0.031243, 0.031836, 0.031841, 0.032119, 0.032581, 0.032694, 0.032797, 0.033029, 0.033131, 0.033308, 0.033394, 0.033481, 0.033529, 0.033571, 0.033662, 0.034175, 0.034369, 0.034394, 0.03442, 0.034493, 0.034681, 0.034768, 0.034944, 0.035298, 0.03575, 0.036119, 0.036213, 0.036215, 0.03625, 0.036359, 0.036502, 0.036746, 0.037244, 0.037398, 0.037882, 0.038196, 0.038528, 0.038559, 0.039161, 0.039181, 0.039206, 0.041052, 0.041324, 0.041658, 0.041667, 0.04175, 0.041948, 0.041968, 0.042191, 0.042572, 0.042634, 0.042852, 0.043067, 0.043107, 0.043309, 0.043332, 0.04365, 0.043756, 0.043772, 0.043845, 0.044436, 0.045499, 0.045817, 0.04584, 0.046184, 0.046451, 0.046498, 0.047015, 0.047016, 0.047113, 0.047309, 0.047388, 0.047666, 0.048026, 0.04809, 0.04843, 0.048707, 0.048754, 0.048817, 0.048962, 0.048973, 0.048989, 0.049089, 0.049132, 0.04945, 0.049768, 0.049789, 0.049938, 0.05016, 0.050476, 0.050747, 0.051062, 0.05107, 0.051117, 0.051132, 0.051621, 0.051857, 0.052006, 0.052189, 0.052298, 0.052418, 0.052797, 0.053461, 0.053835, 0.053862, 0.054568, 0.054615, 0.054831, 0.054942, 0.055153, 0.055253, 0.055441, 0.05547, 0.055639, 0.055716, 0.05632, 0.056402, 0.056484, 0.056524, 0.056941, 0.056991, 0.057395, 0.057428, 0.057546, 0.057736, 0.058367, 0.058781, 0.058892, 0.058937, 0.059244, 0.059399, 0.060085, 0.060339, 0.060381, 0.06077, 0.061022, 0.061049, 0.061226, 0.061638, 0.061737, 0.061916, 0.061945, 0.062168, 0.062281, 0.062368, 0.062863, 0.063023, 0.063412, 0.063559, 0.063893, 0.063986, 0.064106, 0.064204, 0.064629, 0.064634, 0.064695, 0.065195, 0.065258, 0.065273, 0.065521, 0.065777, 0.065978, 0.066516, 0.066704, 0.066924, 0.067244, 0.068017, 0.068115, 0.068322, 0.068485, 0.069026, 0.069036, 0.069281, 0.069303, 0.069358, 0.069576, 0.069851, 0.069982, 0.0716, 0.071643, 0.07186, 0.071991, 0.072211, 0.072669, 0.072808, 0.072834, 0.072879, 0.073045, 0.07331, 0.073367, 0.073404, 0.073587, 0.073684, 0.074277, 0.074323, 0.074554, 0.074769, 0.074917, 0.074964, 0.074977, 0.075123, 0.075437, 0.075561, 0.075854, 0.075915, 0.075921, 0.076259, 0.076474, 0.076762, 0.076921, 0.076928, 0.077097, 0.077106, 0.077201, 0.077344, 0.077357, 0.077832, 0.078138, 0.078329, 0.078763, 0.07889, 0.078898, 0.078913, 0.078941, 0.079021, 0.079213, 0.079474, 0.079609, 0.079796, 0.079986, 0.080057, 0.080103, 0.080381, 0.080398, 0.080772, 0.081033, 0.081235, 0.081286, 0.081597, 0.08177, 0.081876, 0.082227, 0.08269, 0.082872, 0.082885, 0.082913, 0.08294, 0.083158, 0.083265, 0.083299, 0.083431, 0.084316, 0.084338, 0.085065, 0.08524, 0.085526, 0.086395, 0.08665, 0.08677, 0.086874, 0.087548, 0.08825, 0.088358, 0.088418, 0.088444, 0.088536, 0.089035, 0.089366, 0.0894, 0.089933, 0.090103, 0.090228, 0.090422, 0.090749, 0.090859, 0.090955, 0.090999, 0.091182, 0.091483, 0.091584, 0.091613, 0.09231, 0.092425, 0.092503, 0.093065, 0.093391, 0.093857, 0.094025, 0.09424, 0.094335, 0.094441, 0.094517, 0.09497, 0.095471, 0.095487, 0.095543, 0.096597, 0.096671, 0.096759, 0.09688, 0.096957, 0.097195, 0.097374, 0.097716, 0.097981, 0.098116, 0.098225, 0.098463, 0.098546, 0.098957, 0.09932, 0.09971, 0.100671, 0.100704, 0.100831, 0.101353, 0.101751, 0.101755, 0.101863, 0.10207, 0.102379, 0.102424, 0.102437, 0.103101, 0.103152, 0.103651, 0.103776, 0.104098, 0.104227, 0.104425, 0.104574, 0.105039, 0.10539, 0.105419, 0.105487, 0.105769, 0.105774, 0.105944, 0.106291, 0.106467, 0.106624, 0.106759, 0.106766, 0.106853, 0.107166, 0.107192, 0.107334, 0.107392, 0.107693, 0.107843, 0.107846, 0.10885, 0.110424, 0.110608, 0.110745, 0.111078, 0.111103, 0.111371, 0.111442, 0.111495, 0.112685, 0.113417, 0.113423, 0.113835, 0.113879, 0.11408, 0.114113, 0.114124, 0.114133, 0.114305, 0.114705, 0.11553, 0.116208, 0.116241, 0.116703, 0.117124, 0.117146, 0.117272, 0.117357, 0.118029, 0.118069, 0.118742, 0.119101, 0.119228, 0.119655, 0.119675, 0.120045, 0.120698, 0.121039, 0.121083, 0.12147, 0.121488, 0.121517, 0.121771, 0.122845, 0.123096, 0.123458, 0.123562, 0.123781, 0.123876, 0.123886, 0.124046, 0.124386, 0.124439, 0.124639, 0.124819, 0.125015, 0.125702, 0.125741, 0.125965, 0.126412, 0.126935, 0.126936, 0.126995, 0.127064, 0.12721, 0.127561, 0.127562, 0.128071, 0.128162, 0.128233, 0.128269, 0.128394, 0.128962, 0.12911, 0.129195, 0.129593, 0.129935, 0.130106, 0.130907, 0.130957, 0.131363, 0.13137, 0.131799, 0.131857, 0.132192, 0.132518, 0.13264, 0.132816, 0.133033, 0.133305, 0.133536, 0.133609, 0.133644, 0.133654, 0.13379, 0.134058, 0.134313, 0.134479, 0.134721, 0.13473, 0.134732, 0.13478, 0.134972, 0.135048, 0.135256, 0.135361, 0.135414, 0.135735, 0.136698, 0.136767, 0.136944, 0.137085, 0.137343, 0.137516, 0.137801, 0.138556, 0.138884, 0.138938, 0.13931, 0.139474, 0.140652, 0.14137, 0.141874, 0.142179, 0.142501, 0.14272, 0.142744, 0.144055, 0.144301, 0.144685, 0.145487, 0.14585, 0.146342, 0.146675, 0.147162, 0.147284, 0.147802, 0.147812, 0.147958, 0.148096, 0.148295, 0.148825, 0.149247, 0.1495, 0.150224, 0.150286, 0.151289, 0.152478, 0.152585, 0.152762, 0.152858, 0.152888, 0.152948, 0.153017, 0.153147, 0.153423, 0.153483, 0.153534, 0.15376, 0.153888, 0.154468, 0.15524, 0.155982, 0.15602, 0.156162, 0.156364, 0.157373, 0.157391, 0.157736, 0.157774, 0.157789, 0.157906, 0.158546, 0.158567, 0.158607, 0.158689, 0.158695, 0.159123, 0.159126, 0.159253, 0.15933, 0.159392, 0.159763, 0.160093, 0.160279, 0.160405, 0.160536, 0.161064, 0.16119, 0.161664, 0.16173, 0.162131, 0.16242, 0.162747, 0.163089, 0.163384, 0.164227, 0.164389, 0.164752, 0.16495, 0.164952, 0.165594, 0.165688, 0.165787, 0.166635, 0.166936, 0.167547, 0.167579, 0.167881, 0.168183, 0.168453, 0.16948, 0.170033, 0.170042, 0.170234, 0.170339, 0.170755, 0.170771, 0.170971, 0.171406, 0.171547, 0.172781, 0.172858, 0.173178, 0.173584, 0.174035, 0.174227, 0.175216, 0.176067, 0.176282, 0.176367, 0.176493, 0.176587, 0.176714, 0.176794, 0.177511, 0.177719, 0.177903, 0.177924, 0.178094, 0.178875, 0.179264, 0.179406, 0.180327, 0.180421, 0.180554, 0.180708, 0.180785, 0.180901, 0.181181, 0.181364, 0.181426, 0.182367, 0.18253, 0.183056, 0.183574, 0.183583, 0.183715, 0.183942, 0.184166, 0.185332, 0.185709, 0.18616, 0.186792, 0.187161, 0.187237, 0.18752, 0.188441, 0.188523, 0.189023, 0.189586, 0.189698, 0.18984, 0.189907, 0.190168, 0.190422, 0.190863, 0.191204, 0.191227, 0.191635, 0.191967, 0.192539, 0.192674, 0.192906, 0.193398, 0.193442, 0.193676, 0.194897, 0.194934, 0.19499, 0.195243, 0.195401, 0.195446, 0.196172, 0.197732, 0.198145, 0.199182, 0.199227, 0.199515, 0.199724, 0.199879, 0.200205, 0.200649, 0.200817, 0.200832, 0.201143, 0.201397, 0.201746, 0.201853, 0.202042, 0.202062, 0.202202, 0.202817, 0.20314, 0.203325, 0.203471, 0.203705, 