{"sigma_r": 1.2164, "sigma_i": 0.2, "m": 4, "seed": 3152496259, "n_k": {"1": 3316, "2": 807, "3": 235, "4": 61, "5": 12, "6+": 3}, "dlogr": [0.0, 0.0, 0.0, 2.6e-05, 0.000177, 0.000223, 0.000343, 0.000371, 0.000648, 0.000919, 0.000936, 0.002401, 0.002471, 0.002533, 0.002823, 0.00291, 0.002946, 0.00327, 0.003865, 0.004427, 0.004654, 0.004735, 0.00475, 0.004956, 0.005292, 0.005341, 0.00538, 0.005496, 0.005571, 0.00566, 0.00624, 0.006656, 0.006689, 0.006837, 0.006871, 0.006991, 0.007, 0.007104, 0.007172, 0.007235, 0.007343, 0.007756, 0.007898, 0.007912, 0.008073, 0.00823, 0.008701, 0.008909, 0.009102, 0.009265, 0.009284, 0.009405, 0.009574, 0.009802, 0.009876, 0.01005, 0.010222, 0.010241, 0.010497, 0.010729, 0.010804, 0.010904, 0.011182, 0.011323, 0.011355, 0.011554, 0.011681, 0.01188, 0.012048, 0.012263, 0.012613, 0.012637, 0.012745, 0.013226, 0.013427, 0.013677, 0.013712, 0.01415, 0.014237, 0.014336, 0.014477, 0.014514, 0.014596, 0.015098, 0.015224, 0.015272, 0.015388, 0.015568, 0.015722, 0.016004, 0.016058, 0.016074, 0.016167, 0.016178, 0.016239, 0.016265, 0.016568, 0.016718, 0.017203, 0.017287, 0.01736, 0.017372, 0.017432, 0.017561, 0.017672, 0.01823, 0.018284, 0.018699, 0.018893, 0.019047, 0.019143, 0.019286, 0.019534, 0.019917, 0.02011, 0.020227, 0.020371, 0.020472, 0.020877, 0.020895, 0.020947, 0.021028, 0.021076, 0.021721, 0.022065, 0.022171, 0.022277, 0.022554, 0.022567, 0.022856, 0.022877, 0.022975, 0.022998, 0.023239, 0.023318, 0.024001, 0.024102, 0.024225, 0.024238, 0.024268, 0.024556, 0.024835, 0.024844, 0.024967, 0.025047, 0.025142, 0.025198, 0.025508, 0.025594, 0.025645, 0.025827, 0.025854, 0.02595, 0.025982, 0.026012, 0.026035, 0.026306, 0.026424, 0.026601, 0.026672, 0.026946, 0.026982, 0.026993, 0.02715, 0.027253, 0.027359, 0.027511, 0.027659, 0.027798, 0.027969, 0.027995, 0.028066, 0.028249, 0.028288, 0.028533, 0.028585, 0.028599, 0.02896, 0.029028, 0.029226, 0.029257, 0.029434, 0.029554, 0.029797, 0.029824, 0.029855, 0.029978, 0.030042, 0.030082, 0.030158, 0.030176, 0.030236, 0.030319, 0.030394, 0.030786, 0.030787, 0.031092, 0.031099, 0.031387, 0.03144, 0.031512, 0.031599, 0.031668, 0.031747, 0.031931, 0.032073, 0.032119, 0.032132, 0.032143, 0.032758, 0.033152, 0.033293, 0.033483, 0.033515, 0.033615, 0.033627, 0.033886, 0.034459, 0.034772, 0.034795, 0.034973, 0.035135, 0.035241, 0.035623, 0.035823, 0.035931, 0.035984, 0.036055, 0.036107, 0.036331, 0.036393, 0.036475, 0.036659, 0.036694, 0.036762, 0.036947, 0.03699, 0.037077, 0.037115, 0.037139, 0.037258, 0.037338, 0.037356, 0.037511, 0.037629, 0.037934, 0.037958, 0.038102, 0.038235, 0.038314, 0.038463, 0.038691, 0.039089, 0.039153, 0.039166, 0.039176, 0.039239, 0.039437, 0.039668, 0.040371, 0.040476, 0.04051, 0.041336, 0.042034, 0.042096, 0.042144, 0.042307, 0.042625, 0.043076, 0.043294, 0.043648, 0.043988, 0.044105, 0.04428, 0.044515, 0.045066, 0.045332, 0.045393, 0.045398, 0.045512, 0.045567, 0.045598, 0.045849, 0.045968, 0.046248, 0.046523, 0.046788, 0.047401, 0.047515, 0.047653, 0.047739, 0.047766, 0.047938, 0.047952, 0.048189, 0.048261, 0.048338, 0.048424, 0.048774, 0.049482, 0.049802, 0.0499, 0.049938, 0.050367, 0.050451, 0.050479, 0.050798, 0.051077, 0.051719, 0.051831, 0.052608, 0.052635, 0.052665, 0.052681, 0.052838, 0.05303, 0.053429, 0.053494, 0.053715, 0.053808, 0.05392, 0.053925, 0.053981, 0.054413, 0.054466, 0.054809, 0.054868, 0.055061, 0.055104, 0.055351, 0.055431, 0.055484, 0.055502, 0.055583, 0.055621, 0.05571, 0.055761, 0.05589, 0.056227, 0.05649, 0.056542, 0.05657, 0.056598, 0.057076, 0.057108, 0.057184, 0.057209, 0.057218, 0.057335, 0.057339, 0.057398, 0.057425, 0.057736, 0.057781, 0.057912, 0.05798, 0.058042, 0.058096, 0.058133, 0.05815, 0.058166, 0.058452, 0.05859, 0.058687, 0.058832, 0.059126, 0.059165, 0.059247, 0.059261, 0.059271, 0.059273, 0.059484, 0.059577, 0.059655, 0.059702, 0.059873, 0.059874, 0.059996, 0.060037, 0.060384, 0.060471, 0.060642, 0.060674, 0.060767, 0.060998, 0.061147, 0.061216, 0.061512, 0.061627, 0.061747, 0.061969, 0.062391, 0.062498, 0.062516, 0.062533, 0.062689, 0.06273, 0.062735, 0.063731, 0.064021, 0.064245, 0.064289, 0.064327, 0.064336, 0.064841, 0.064893, 0.065004, 0.065454, 0.065491, 0.065776, 0.065831, 0.066337, 0.066365, 0.066405, 0.066478, 0.066531, 0.066547, 0.066596, 0.066794, 0.066972, 0.067076, 0.067489, 0.067704, 0.067751, 0.06805, 0.068328, 0.068464, 0.068531, 0.069352, 0.069459, 0.069583, 0.069691, 0.070184, 0.070214, 0.070227, 0.070365, 0.070444, 0.07065, 0.070653, 0.071151, 0.071461, 0.071516, 0.071545, 0.071733, 0.07177, 0.072192, 0.072204, 0.072456, 0.072826, 0.07285, 0.072889, 0.072907, 0.073245, 0.073432, 0.073679, 0.073719, 0.07374, 0.0738, 0.073953, 0.074145, 0.074311, 0.074495, 0.074726, 0.075115, 0.075169, 0.075501, 0.075751, 0.075909, 0.076421, 0.076736, 0.076753, 0.076832, 0.076951, 0.07699, 0.077275, 0.07755, 0.077662, 0.077881, 0.077905, 0.078001, 0.078022, 0.078062, 0.078409, 0.07851, 0.078626, 0.078759, 0.07897, 0.079044, 0.079123, 0.079129, 0.079374, 0.079596, 0.079641, 0.079807, 0.079929, 0.080106, 0.080443, 0.080734, 0.081039, 0.081048, 0.081301, 0.081387, 0.081484, 0.081563, 0.081598, 0.081808, 0.081888, 0.08191, 0.082415, 0.08243, 0.082899, 0.082911, 0.083002, 0.083441, 0.083664, 0.083693, 0.083801, 0.084471, 0.084794, 0.085729, 0.085739, 0.085925, 0.086053, 0.086388, 0.086399, 0.086525, 0.087105, 0.087168, 0.087277, 0.087321, 0.087668, 0.087805, 0.088011, 0.088016, 0.088203, 0.088272, 0.088309, 0.088356, 0.088738, 0.08891, 0.089461, 0.089521, 0.089899, 0.089937, 0.090193, 0.091578, 0.09195, 0.092381, 0.092474, 0.092682, 0.093168, 0.093256, 0.093462, 0.093856, 0.09392, 0.093978, 0.09411, 0.094126, 0.094297, 0.094596, 0.094682, 0.094747, 0.095148, 0.095496, 0.095524, 0.095548, 0.095759, 0.096048, 0.096133, 0.096185, 0.09692, 0.097161, 0.09717, 0.097185, 0.097328, 0.097563, 0.097683, 0.097698, 0.097745, 0.097959, 0.098445, 0.098471, 0.098528, 0.098556, 0.098894, 0.098998, 0.099182, 0.100293, 0.100464, 0.100823, 0.101392, 0.101459, 0.101795, 0.103351, 0.103376, 0.10356, 0.103622, 0.103647, 0.104011, 0.10434, 0.104427, 0.104455, 0.104723, 0.105232, 0.10546, 0.10631, 0.106357, 0.106488, 0.106634, 0.10689, 0.107011, 0.107078, 0.107084, 0.107218, 0.1073, 0.107555, 0.108165, 0.108177, 0.10846, 0.108759, 0.10904, 0.109072, 0.109603, 0.109783, 0.110308, 0.110466, 0.110787, 0.110823, 0.111095, 0.11126, 0.111765, 0.11189, 0.111997, 0.112013, 0.112284, 0.112865, 0.113112, 0.113194, 0.113298, 0.113385, 0.113627, 0.113739, 0.113744, 0.113786, 0.11424, 0.115026, 0.115031, 0.115489, 0.115505, 0.115529, 0.115645, 0.115698, 0.115967, 0.116233, 0.116418, 0.116597, 0.116679, 0.116906, 0.117192, 0.117232, 0.117368, 0.117476, 0.117787, 0.118015, 0.118455, 0.118913, 0.11902, 0.11916, 0.119347, 0.119472, 0.120277, 0.120422, 0.120563, 0.120975, 0.121072, 0.121184, 0.121387, 0.121597, 0.121674, 0.12179, 0.121832, 0.121869, 0.12199, 0.122186, 0.12321, 0.123463, 0.123602, 0.123711, 0.124152, 0.124343, 0.124365, 0.124365, 0.125074, 0.125087, 0.125304, 0.125434, 0.125437, 0.125625, 0.126024, 0.126129, 0.126347, 0.126361, 0.12638, 0.12695, 0.127399, 0.127808, 0.127876, 0.128007, 0.128404, 0.12842, 0.128736, 0.129294, 0.129565, 0.129761, 0.130323, 0.130743, 0.130766, 0.13154, 0.13176, 0.132656, 0.132699, 0.132776, 0.132839, 0.132926, 0.132946, 0.133235, 0.13337, 0.133371, 0.133729, 0.134214, 0.134217, 0.134371, 0.134642, 0.135188, 0.135464, 0.135473, 0.135545, 0.135555, 0.135647, 0.136258, 0.136565, 0.136635, 0.136681, 0.136763, 0.136948, 0.137063, 0.137154, 0.137298, 0.137355, 0.137496, 0.138095, 0.13825, 0.138506, 0.138522, 0.139303, 0.139533, 0.140441, 0.140443, 0.140692, 0.140894, 0.140964, 0.141232, 0.141521, 0.141689, 0.142415, 0.142463, 0.142504, 0.14264, 0.14333, 0.143376, 0.143527, 0.143651, 0.144068, 0.144421, 0.14454, 0.144783, 0.145279, 0.145337, 0.145564, 0.145711, 0.146059, 0.146293, 0.146318, 0.146563, 0.146748, 0.146833, 0.146961, 0.147378, 0.147513, 0.147985, 0.148029, 0.148738, 0.149178, 0.149427, 0.149589, 