{"sigma_r": 0.9707, "sigma_i": 0.2558, "m": 5, "seed": 3169579780, "n_k": {"1": 3309, "2": 832, "3": 252, "4": 54, "5": 16, "6+": 2}, "dlogr": [0.0, 0.0, 4e-05, 5.4e-05, 0.000158, 0.000178, 0.000369, 0.000548, 0.000584, 0.000616, 0.000761, 0.000838, 0.00086, 0.000932, 0.001155, 0.001163, 0.001333, 0.001458, 0.001539, 0.001628, 0.001657, 0.001701, 0.001939, 0.001952, 0.002144, 0.002373, 0.002427, 0.002453, 0.002462, 0.002804, 0.002855, 0.003199, 0.003283, 0.003423, 0.003646, 0.003674, 0.00371, 0.003867, 0.003955, 0.004092, 0.004283, 0.004295, 0.004557, 0.00465, 0.004666, 0.004678, 0.004805, 0.005182, 0.005229, 0.005277, 0.005364, 0.005747, 0.005768, 0.005925, 0.006396, 0.006438, 0.006554, 0.006923, 0.006989, 0.007329, 0.007353, 0.007681, 0.007694, 0.007771, 0.00778, 0.007876, 0.007916, 0.00808, 0.008255, 0.008445, 0.008634, 0.00864, 0.008845, 0.008991, 0.009019, 0.009043, 0.00908, 0.009381, 0.009482, 0.009504, 0.009572, 0.009724, 0.009895, 0.009921, 0.010348, 0.010432, 0.011047, 0.01125, 0.011519, 0.011699, 0.011757, 0.011843, 0.012083, 0.012132, 0.012138, 0.012217, 0.012413, 0.012619, 0.01273, 0.012771, 0.013192, 0.013267, 0.013402, 0.013431, 0.013816, 0.014213, 0.014288, 0.014362, 0.014556, 0.015029, 0.015103, 0.015184, 0.015192, 0.015212, 0.015429, 0.015462, 0.015605, 0.015637, 0.015684, 0.015687, 0.015699, 0.015825, 0.0159, 0.016146, 0.016289, 0.016311, 0.016487, 0.016668, 0.016706, 0.016795, 0.016855, 0.017649, 0.017731, 0.018082, 0.018144, 0.018181, 0.018185, 0.018296, 0.018717, 0.018738, 0.018793, 0.018896, 0.019008, 0.019206, 0.019468, 0.019484, 0.019492, 0.01957, 0.019664, 0.019734, 0.019799, 0.019979, 0.020542, 0.02069, 0.020726, 0.020751, 0.020894, 0.021017, 0.021069, 0.021087, 0.021355, 0.02138, 0.021395, 0.021583, 0.021771, 0.021774, 0.022377, 0.022621, 0.022622, 0.022729, 0.022883, 0.02326, 0.023342, 0.02356, 0.023723, 0.024033, 0.024063, 0.024107, 0.024262, 0.024386, 0.024646, 0.024976, 0.024979, 0.025003, 0.025031, 0.025131, 0.025187, 0.025292, 0.025301, 0.025323, 0.025412, 0.025471, 0.025584, 0.025672, 0.025734, 0.025813, 0.025883, 0.025955, 0.025962, 0.026351, 0.026366, 0.026484, 0.026506, 0.026695, 0.026776, 0.027111, 0.027116, 0.027427, 0.027494, 0.027522, 0.027523, 0.027803, 0.027926, 0.028163, 0.028427, 0.028557, 0.028617, 0.02902, 0.029693, 0.029763, 0.029781, 0.029788, 0.029817, 0.029832, 0.029903, 0.029931, 0.030267, 0.030373, 0.030479, 0.030534, 0.030688, 0.030952, 0.031025, 0.03143, 0.031639, 0.031851, 0.031867, 0.032222, 0.032233, 0.032325, 0.032421, 0.032493, 0.032745, 0.03306, 0.033378, 0.033429, 0.03368, 0.033923, 0.033998, 0.034174, 0.03422, 0.034334, 0.034632, 0.034748, 0.034885, 0.035065, 0.035539, 0.035682, 0.035892, 0.036202, 0.036668, 0.03676, 0.036805, 0.036958, 0.037091, 0.037124, 0.037146, 0.037199, 0.03738, 0.037526, 0.037735, 0.038277, 0.038416, 0.038458, 0.038509, 0.038938, 0.039206, 0.039289, 0.039431, 0.039485, 0.039556, 0.039608, 0.039984, 0.040075, 0.04025, 0.040381, 0.040441, 0.040482, 0.041003, 0.041044, 0.041079, 0.041208, 0.041332, 0.041341, 0.041574, 0.0416, 0.041733, 0.041746, 0.042376, 0.042472, 0.042595, 0.042627, 0.042675, 0.042705, 0.043066, 0.043157, 0.043257, 0.043322, 0.043384, 0.043391, 0.043604, 0.043638, 0.043796, 0.043805, 0.044103, 0.04416, 0.044383, 0.044412, 0.044503, 0.04474, 0.044878, 0.044897, 0.045199, 0.045308, 0.045905, 0.045962, 0.045994, 0.046003, 0.046212, 0.046547, 0.046851, 0.046998, 0.047083, 0.047381, 0.04746, 0.047729, 0.047923, 0.048093, 0.048348, 0.048502, 0.048634, 0.048652, 0.048778, 0.04888, 0.048921, 0.049045, 0.049078, 0.049394, 0.049594, 0.049618, 0.049666, 0.05011, 0.050406, 0.050505, 0.05074, 0.051447, 0.05145, 0.051941, 0.051956, 0.052046, 0.052115, 0.052248, 0.052919, 0.052984, 0.053123, 0.053137, 0.053271, 0.053274, 0.053438, 0.053446, 0.053625, 0.053786, 0.053941, 0.054208, 0.054482, 0.05483, 0.055295, 0.05536, 0.055708, 0.05578, 0.055891, 0.055914, 0.056418, 0.056821, 0.056856, 0.056871, 0.056978, 0.057094, 0.057309, 0.057638, 0.058205, 0.058288, 0.058527, 0.058669, 0.058866, 0.059112, 0.059203, 0.059504, 0.059744, 0.059752, 0.059856, 0.059999, 0.060115, 0.060256, 0.060356, 0.060433, 0.060475, 0.0605, 0.060508, 0.060545, 0.060734, 0.060742, 0.060752, 0.060753, 0.060929, 0.061123, 0.061203, 0.061241, 0.061463, 0.061516, 0.061546, 0.061661, 0.061751, 0.061887, 0.061992, 0.062205, 0.062216, 0.062432, 0.062494, 0.06256, 0.06269, 0.062875, 0.06344, 0.063766, 0.063777, 0.063829, 0.063857, 0.06408, 0.064161, 0.06421, 0.064241, 0.064249, 0.064278, 0.064336, 0.064338, 0.064386, 0.06448, 0.064781, 0.065114, 0.065234, 0.065495, 0.065523, 0.065642, 0.065646, 0.065818, 0.065873, 0.065925, 0.066306, 0.066378, 0.066533, 0.066817, 0.066923, 0.067115, 0.067294, 0.067393, 0.068164, 0.068405, 0.068458, 0.068547, 0.068718, 0.068731, 0.068744, 0.068759, 0.068771, 0.069173, 0.069724, 0.069764, 0.069934, 0.069943, 0.070065, 0.070107, 0.070319, 0.070323, 0.070401, 0.070564, 0.070691, 0.070878, 0.070916, 0.070966, 0.070976, 0.071009, 0.071057, 0.071078, 0.071166, 0.071499, 0.071517, 0.071545, 0.071625, 0.071766, 0.0719, 0.072014, 0.072036, 0.072143, 0.0723, 0.072468, 0.072526, 0.072669, 0.072818, 0.072842, 0.072924, 0.073546, 0.073683, 0.073683, 0.073687, 0.073962, 0.074399, 0.074511, 0.074611, 0.074661, 0.074724, 0.074942, 0.074979, 0.075043, 0.07527, 0.075387, 0.075397, 0.075941, 0.076353, 0.076418, 0.076518, 0.076525, 0.076754, 0.076767, 0.076914, 0.07718, 0.077504, 0.077537, 0.077627, 0.077997, 0.078235, 0.078425, 0.078648, 0.078679, 0.078886, 0.079107, 0.07997, 0.079978, 0.080613, 0.080673, 0.081457, 0.081467, 0.081601, 0.081984, 0.082054, 0.08223, 0.082952, 0.083251, 0.083424, 0.08357, 0.083575, 0.083684, 0.083733, 0.08384, 0.083931, 0.084047, 0.084376, 0.084385, 0.084431, 0.084712, 0.085314, 0.085395, 0.085409, 0.085505, 0.08552, 0.085737, 0.085764, 0.085926, 0.086033, 0.08605, 0.086162, 0.086326, 0.087176, 0.087182, 0.087221, 0.087586, 0.088048, 0.088151, 0.088277, 0.088426, 0.089461, 0.089475, 0.089662, 0.089925, 0.090057, 0.090067, 0.090357, 0.09039, 0.09069, 0.090989, 0.091526, 0.091559, 0.091668, 0.092425, 0.093347, 0.093808, 0.094628, 0.094802, 0.094839, 0.095389, 0.096423, 0.096877, 0.096949, 0.097017, 0.09708, 0.097227, 0.097371, 0.097544, 0.097553, 0.098364, 0.098435, 0.098456, 0.098517, 0.098579, 0.098889, 0.099162, 0.099257, 0.099578, 0.099713, 0.099717, 0.099809, 0.099954, 0.100047, 0.100075, 0.100107, 0.100122, 0.100238, 0.100242, 0.100251, 0.100438, 0.100756, 0.101056, 0.10118, 0.101207, 0.10122, 0.101398, 0.101457, 0.101578, 0.101733, 0.102066, 0.102188, 0.102809, 0.103054, 0.103347, 0.103615, 0.103684, 0.103719, 0.103861, 0.104508, 0.105111, 0.105134, 0.105232, 0.105284, 0.105286, 0.105376, 0.105555, 0.105896, 0.106243, 0.106389, 0.106465, 0.106496, 0.10686, 0.106868, 0.107297, 0.107552, 0.107552, 0.107567, 0.107628, 0.107671, 0.107689, 0.107845, 0.10785, 0.107995, 0.108521, 0.108568, 0.108753, 0.108836, 0.109349, 0.109529, 0.109534, 0.109947, 0.110098, 0.110113, 0.11023, 0.110518, 0.110819, 0.110836, 0.110942, 0.111403, 0.111457, 0.111528, 0.111571, 0.111628, 0.111638, 0.111847, 0.111867, 0.112396, 0.112406, 0.112484, 0.113308, 0.113542, 0.113561, 0.113951, 0.113967, 0.114379, 0.114668, 0.114806, 0.114809, 0.115005, 0.115103, 0.115192, 0.115343, 0.115349, 0.115491, 0.115619, 0.115626, 0.116312, 0.116397, 0.116436, 0.116451, 0.116476, 0.116668, 0.117122, 0.117335, 0.117571, 0.117683, 0.11775, 0.117887, 0.118032, 0.118116, 0.118178, 0.118222, 0.118458, 0.118591, 0.118695, 0.11954, 0.119639, 0.11966, 0.119943, 0.120595, 0.120611, 0.120734, 0.121088, 0.121261, 0.121569, 0.121757, 0.121791, 0.121838, 0.122093, 0.122161, 0.122241, 0.122256, 0.12234, 0.122398, 0.122424, 0.123098, 0.123228, 0.123502, 0.123526, 0.124119, 0.124295, 0.124714, 0.124941, 0.125353, 0.12571, 0.125984, 0.126046, 0.126694, 0.126914, 0.126993, 0.127215, 0.12723, 0.128013, 0.128264, 0.128685, 0.128823, 0.129103, 0.129724, 0.129749, 0.129765, 0.130034, 0.13013, 0.130153, 0.130303, 0.130382, 