{"sigma_r": 1.9103, "sigma_i": 0.3271, "m": 6, "seed": 1931205951, "n_k": {"1": 3325, "2": 837, "3": 205, "4": 63, "5": 16, "6+": 1}, "dlogr": [0.0, 3.3e-05, 9.7e-05, 0.000105, 0.000143, 0.00023, 0.000403, 0.00046, 0.000788, 0.000836, 0.000987, 0.001037, 0.001183, 0.00148, 0.001518, 0.001566, 0.001632, 0.001746, 0.00184, 0.001972, 0.002108, 0.002162, 0.0025, 0.002576, 0.002699, 0.002868, 0.00301, 0.003013, 0.003029, 0.003183, 0.003325, 0.003717, 0.003758, 0.003805, 0.003811, 0.004061, 0.004326, 0.004475, 0.00471, 0.005026, 0.005105, 0.005215, 0.005407, 0.005527, 0.005571, 0.005598, 0.006091, 0.006107, 0.006113, 0.006177, 0.006197, 0.006244, 0.00665, 0.006773, 0.0072, 0.007395, 0.007402, 0.00742, 0.007488, 0.007514, 0.007571, 0.007603, 0.007627, 0.007899, 0.008281, 0.00906, 0.009267, 0.009518, 0.009632, 0.009715, 0.009808, 0.00982, 0.009908, 0.009986, 0.010058, 0.010188, 0.010209, 0.010297, 0.010507, 0.010821, 0.010841, 0.010977, 0.011035, 0.011168, 0.011853, 0.011862, 0.012275, 0.012491, 0.012565, 0.012608, 0.012944, 0.013297, 0.013385, 0.013509, 0.013525, 0.014177, 0.0143, 0.014376, 0.01443, 0.014451, 0.014584, 0.014995, 0.015136, 0.015272, 0.015275, 0.015378, 0.015567, 0.015758, 0.01576, 0.01605, 0.016851, 0.017068, 0.017293, 0.017331, 0.017355, 0.017366, 0.017413, 0.017797, 0.01849, 0.018676, 0.018683, 0.018828, 0.019045, 0.019203, 0.019608, 0.019818, 0.019818, 0.019948, 0.020073, 0.020227, 0.020736, 0.020939, 0.021405, 0.02141, 0.021462, 0.021628, 0.021635, 0.021771, 0.021985, 0.022193, 0.022325, 0.022385, 0.022479, 0.022627, 0.022978, 0.023372, 0.023431, 0.023463, 0.023833, 0.024245, 0.024363, 0.024401, 0.024403, 0.024454, 0.024496, 0.024531, 0.02496, 0.02541, 0.025509, 0.02631, 0.026335, 0.026609, 0.026838, 0.027037, 0.027083, 0.027223, 0.027806, 0.027924, 0.028123, 0.028206, 0.028286, 0.028332, 0.028434, 0.028608, 0.02915, 0.029647, 0.029701, 0.029776, 0.029905, 0.030141, 0.030179, 0.030351, 0.030427, 0.03043, 0.030883, 0.031326, 0.031457, 0.031477, 0.031568, 0.031719, 0.031729, 0.031974, 0.032129, 0.03218, 0.032596, 0.032771, 0.032817, 0.033019, 0.033043, 0.03308, 0.033129, 0.033207, 0.033213, 0.03341, 0.033701, 0.033737, 0.033787, 0.033875, 0.033944, 0.03395, 0.03419, 0.034424, 0.0349, 0.035189, 0.035229, 0.035232, 0.035414, 0.035457, 0.035692, 0.035882, 0.036113, 0.036345, 0.036598, 0.036803, 0.037032, 0.037102, 0.03722, 0.037238, 0.037427, 0.037714, 0.037772, 0.037951, 0.037997, 0.038548, 0.038624, 0.039515, 0.039663, 0.040037, 0.0404, 0.040434, 0.040446, 0.04057, 0.04061, 0.041082, 0.041553, 0.041657, 0.04169, 0.042107, 0.042474, 0.042502, 0.042921, 0.043, 0.043521, 0.043664, 0.043713, 0.043826, 0.044034, 0.044042, 0.044117, 0.04425, 0.044678, 0.044748, 0.044979, 0.045309, 0.045363, 0.045416, 0.045625, 0.045648, 0.045761, 0.046227, 0.046289, 0.046536, 0.047009, 0.047098, 0.047218, 0.04733, 0.047572, 0.047755, 0.047957, 0.047973, 0.048064, 0.048108, 0.048185, 0.048488, 0.048502, 0.048608, 0.048711, 0.049346, 0.049369, 0.049657, 0.04969, 0.049806, 0.050233, 0.05024, 0.050323, 0.050601, 0.050767, 0.051222, 0.051511, 0.051619, 0.051854, 0.051945, 0.052428, 0.053058, 0.053228, 0.053262, 0.053291, 0.053445, 0.053557, 0.053781, 0.053801, 0.054135, 0.054434, 0.054526, 0.054808, 0.054963, 0.055072, 0.05536, 0.055545, 0.055549, 0.055567, 0.055626, 0.056048, 0.056379, 0.056721, 0.056785, 0.056872, 0.056924, 0.056987, 0.057072, 0.057661, 0.058133, 0.058199, 0.058266, 0.058306, 0.05853, 0.058647, 0.058647, 0.05924, 0.059487, 0.059499, 0.05964, 0.060073, 0.060262, 0.060366, 0.06042, 0.060427, 0.060434, 0.060661, 0.060819, 0.06131, 0.061526, 0.06173, 0.061948, 0.062269, 0.062523, 0.062708, 0.062881, 0.063026, 0.063036, 0.063234, 0.063337, 0.063356, 0.063468, 0.06379, 0.063905, 0.063944, 0.064184, 0.064246, 0.064938, 0.064983, 0.06505, 0.065174, 0.065417, 0.065899, 0.066006, 0.066196, 0.066242, 0.066256, 0.066885, 0.066942, 0.067353, 0.067518, 0.067666, 0.068341, 0.068548, 0.068606, 0.068611, 0.069248, 0.069553, 0.069591, 0.069597, 0.069624, 0.070232, 0.070394, 0.070575, 0.07104, 0.07113, 0.07152, 0.07153, 0.071752, 0.07181, 0.072345, 0.072545, 0.072737, 0.072779, 0.072919, 0.073094, 0.073387, 0.073523, 0.073816, 0.074364, 0.074369, 0.074452, 0.074503, 0.074522, 0.074577, 0.0747, 0.07477, 0.074807, 0.074837, 0.074968, 0.075133, 0.075263, 0.075316, 0.075515, 0.076109, 0.076389, 0.076474, 0.076477, 0.076481, 0.076753, 0.076912, 0.076997, 0.077113, 0.07729, 0.077358, 0.077717, 0.077738, 0.077995, 0.078101, 0.078168, 0.078196, 0.078297, 0.078357, 0.07842, 0.079019, 0.079114, 0.079214, 0.079391, 0.079668, 0.07987, 0.080539, 0.080678, 0.080746, 0.080836, 0.080993, 0.081319, 0.081748, 0.082069, 0.082332, 0.082385, 0.082646, 0.082704, 0.082718, 0.083193, 0.08346, 0.083651, 0.084821, 0.08492, 0.085066, 0.085333, 0.085768, 0.086018, 0.086424, 0.086663, 0.086825, 0.087025, 0.08713, 0.08716, 0.087233, 0.08725, 0.087728, 0.087957, 0.088017, 0.088048, 0.088316, 0.088349, 0.088672, 0.08883, 0.088846, 0.088869, 0.088986, 0.089119, 0.089164, 0.089583, 0.089977, 0.090132, 0.090174, 0.090293, 0.090294, 0.090477, 0.09068, 0.090733, 0.091146, 0.091155, 0.091277, 0.091355, 0.091356, 0.091382, 0.091455, 0.091705, 0.09202, 0.092137, 0.092166, 0.092276, 0.092277, 0.092346, 0.092538, 0.093055, 0.093121, 0.093529, 0.093542, 0.0936, 0.093764, 0.093852, 0.0941, 0.094547, 0.094783, 0.094962, 0.095037, 0.095216, 0.095308, 0.095629, 0.095641, 0.095945, 0.096005, 0.096961, 0.097207, 0.097792, 0.098282, 0.098333, 0.0985, 0.098815, 0.09895, 0.09921, 0.099313, 0.099597, 0.099991, 0.100543, 0.100619, 0.100999, 0.101019, 0.101123, 0.101605, 0.102107, 0.102363, 0.10241, 0.10261, 0.10268, 0.102917, 0.102952, 0.103209, 0.10362, 0.104037, 0.104246, 0.104412, 0.104443, 0.104518, 0.10458, 0.104672, 0.104868, 0.105059, 0.105345, 0.105582, 0.105586, 0.105865, 0.106065, 0.106214, 0.106288, 0.106736, 0.106957, 0.107074, 0.10722, 0.107282, 0.107578, 0.107894, 0.107971, 0.108021, 0.108386, 0.108395, 0.10849, 0.108592, 0.108955, 0.109465, 0.109534, 0.109916, 0.110022, 0.110195, 0.110278, 0.110361, 0.11124, 0.111588, 0.11173, 0.111761, 0.111815, 0.111893, 0.112188, 0.112413, 0.112417, 0.113632, 0.114077, 0.114639, 0.114871, 0.114989, 0.115117, 0.115148, 0.115559, 0.115744, 0.115785, 0.116015, 0.116243, 0.116296, 0.116333, 0.11653, 0.116942, 0.117076, 0.117208, 0.117221, 0.117632, 0.119039, 0.119094, 0.119511, 0.119859, 0.120734, 0.120881, 0.12101, 0.121146, 0.121761, 0.121791, 0.122311, 0.122815, 0.122818, 0.122903, 0.123133, 0.12315, 0.123312, 0.123769, 0.123777, 0.123814, 0.124038, 0.124342, 0.12467, 0.125162, 0.125559, 0.126156, 0.126201, 0.126318, 0.126507, 0.126648, 0.126754, 0.12712, 0.12718, 0.127403, 0.127685, 0.127713, 0.127854, 0.128121, 0.128464, 0.12924, 0.1299, 0.130007, 0.130309, 0.130319, 0.130954, 0.131246, 0.131543, 0.132098, 0.132661, 0.133119, 0.133326, 0.133688, 0.133903, 0.134168, 0.134538, 0.134715, 0.134903, 0.134999, 0.135274, 0.135906, 0.136731, 0.136836, 0.136886, 0.137092, 0.13842, 0.138526, 0.138636, 0.139107, 0.139874, 0.141121, 0.141163, 0.141724, 0.141804, 0.1419, 0.142433, 0.142654, 0.142683, 0.142891, 0.142967, 0.143312, 0.143347, 0.143375, 0.143394, 0.143884, 0.144188, 0.14427, 0.144528, 0.144646, 0.14479, 0.144978, 0.145627, 0.145637, 0.145959, 0.146092, 0.146185, 0.146274, 0.146302, 0.1465, 0.146736, 0.146763, 0.146959, 0.147068, 0.147973, 0.148608, 0.148616, 0.148726, 0.148826, 0.148916, 0.148954, 0.149199, 0.149347, 0.149409, 0.149533, 0.149737, 0.149891, 0.149929, 0.150361, 0.150445, 0.150506, 0.15055, 0.150645, 0.150803, 0.151659, 0.151918, 0.152073, 0.152657, 0.152848, 0.152874, 0.153123, 0.15325, 0.15328, 0.153833, 0.153885, 0.154099, 0.154986, 0.155575, 0.155975, 0.156012, 0.156236, 0.156361, 0.156451, 0.156579, 0.156699, 0.15695, 0.157019, 0.157328, 0.157566, 0.157889, 0.158386, 0.158976, 0.158984, 0.159993, 0.160854, 0.16208, 0.162112, 0.16232, 0.162955, 0.163058, 0.16311, 0.163281, 0.163358, 0.163725, 0.163843, 0.163926, 0.164138, 0.164353, 0.165864, 