{"sigma_r": 1.5244, "sigma_i": 0.2, "m": 2, "seed": 4284434780, "n_k": {"1": 3354, "2": 868, "3": 249, "4": 62, "5": 11, "6+": 3}, "dlogr": [0.0, 0.0, 3.5e-05, 0.000113, 0.000473, 0.000535, 0.000603, 0.000852, 0.001055, 0.001113, 0.001203, 0.001428, 0.001607, 0.002038, 0.002065, 0.002097, 0.002323, 0.002356, 0.002927, 0.003092, 0.003526, 0.003695, 0.003734, 0.003977, 0.004078, 0.004285, 0.004771, 0.004807, 0.005221, 0.005274, 0.005602, 0.005677, 0.00608, 0.006159, 0.006233, 0.006355, 0.006658, 0.00672, 0.006786, 0.00687, 0.0069, 0.006934, 0.006988, 0.007051, 0.007198, 0.007222, 0.007268, 0.007351, 0.007588, 0.00773, 0.007911, 0.007968, 0.007976, 0.008087, 0.00818, 0.008256, 0.008457, 0.008569, 0.008627, 0.008676, 0.009043, 0.009335, 0.01013, 0.010154, 0.010337, 0.010339, 0.010351, 0.010685, 0.010741, 0.010878, 0.011003, 0.011086, 0.011092, 0.011382, 0.011638, 0.01174, 0.01219, 0.012199, 0.012317, 0.012784, 0.013362, 0.01337, 0.013506, 0.013574, 0.013807, 0.01401, 0.014034, 0.014438, 0.014747, 0.014816, 0.015162, 0.015322, 0.015768, 0.015885, 0.016266, 0.016686, 0.016745, 0.01734, 0.017762, 0.01782, 0.018042, 0.018632, 0.018701, 0.018729, 0.0188, 0.019095, 0.019686, 0.019703, 0.019742, 0.019774, 0.019835, 0.019904, 0.019911, 0.020223, 0.020294, 0.020313, 0.020499, 0.020659, 0.020678, 0.02089, 0.020965, 0.02099, 0.021019, 0.021059, 0.02135, 0.021536, 0.021956, 0.022001, 0.022051, 0.02214, 0.022292, 0.022425, 0.022455, 0.022483, 0.022699, 0.022744, 0.022862, 0.022969, 0.023017, 0.023183, 0.023291, 0.023396, 0.023512, 0.023658, 0.023756, 0.023761, 0.023897, 0.023912, 0.024325, 0.024348, 0.024503, 0.024682, 0.024782, 0.025011, 0.025126, 0.025157, 0.025311, 0.02533, 0.025344, 0.025349, 0.026337, 0.026478, 0.026601, 0.026756, 0.026987, 0.027318, 0.027351, 0.027666, 0.027698, 0.027739, 0.028202, 0.028211, 0.028265, 0.028509, 0.028587, 0.028611, 0.028839, 0.029092, 0.02939, 0.029536, 0.029795, 0.029852, 0.029895, 0.029974, 0.030395, 0.030477, 0.030503, 0.03058, 0.030873, 0.031176, 0.031198, 0.031255, 0.031295, 0.031571, 0.031666, 0.031943, 0.03215, 0.032531, 0.032776, 0.032776, 0.032978, 0.033136, 0.03357, 0.033644, 0.033724, 0.033732, 0.033995, 0.034152, 0.034623, 0.034644, 0.034738, 0.034874, 0.034998, 0.035068, 0.035085, 0.035107, 0.035722, 0.03595, 0.036343, 0.036364, 0.036517, 0.036595, 0.03728, 0.03741, 0.037592, 0.037646, 0.037756, 0.037843, 0.037849, 0.03788, 0.037922, 0.038218, 0.03833, 0.038571, 0.038636, 0.038781, 0.03939, 0.039564, 0.039824, 0.039825, 0.039871, 0.040201, 0.040317, 0.040404, 0.040654, 0.040926, 0.041024, 0.041079, 0.04112, 0.04133, 0.041713, 0.041974, 0.041985, 0.042039, 0.042636, 0.042718, 0.042932, 0.043294, 0.043364, 0.043382, 0.043642, 0.0441, 0.044245, 0.044602, 0.044603, 0.044626, 0.045358, 0.045616, 0.045617, 0.045839, 0.046106, 0.046321, 0.04634, 0.04668, 0.046744, 0.046856, 0.046945, 0.047648, 0.047711, 0.047808, 0.04824, 0.048665, 0.048701, 0.048959, 0.049216, 0.049356, 0.04943, 0.04952, 0.049619, 0.049742, 0.050222, 0.050328, 0.050586, 0.050752, 0.051321, 0.051368, 0.051704, 0.051822, 0.051866, 0.051882, 0.052194, 0.052197, 0.052588, 0.052759, 0.053156, 0.053319, 0.053574, 0.053884, 0.053893, 0.053921, 0.054346, 0.054458, 0.054557, 0.054692, 0.05481, 0.054818, 0.055014, 0.055125, 0.055488, 0.055736, 0.055768, 0.056365, 0.056376, 0.05648, 0.056854, 0.056924, 0.056941, 0.057201, 0.057377, 0.057614, 0.0577, 0.057953, 0.058053, 0.058606, 0.058951, 0.058983, 0.059045, 0.059055, 0.059275, 0.059282, 0.05945, 0.059499, 0.060113, 0.060329, 0.060462, 0.060829, 0.060926, 0.061124, 0.061163, 0.061306, 0.061327, 0.061497, 0.061577, 0.062032, 0.062086, 0.062117, 0.062223, 0.062252, 0.062479, 0.062615, 0.062716, 0.06278, 0.062879, 0.063132, 0.063223, 0.063337, 0.063374, 0.063472, 0.063472, 0.063791, 0.063823, 0.064013, 0.064301, 0.064349, 0.064558, 0.064614, 0.064636, 0.065021, 0.065343, 0.066277, 0.066312, 0.06662, 0.066722, 0.067002, 0.067039, 0.067561, 0.067574, 0.067646, 0.067664, 0.067861, 0.068211, 0.068404, 0.068478, 0.068502, 0.068632, 0.069264, 0.069293, 0.069452, 0.0695, 0.06953, 0.069714, 0.069749, 0.070083, 0.070393, 0.071031, 0.071738, 0.072212, 0.072698, 0.072715, 0.072827, 0.073031, 0.07311, 0.073418, 0.073646, 0.073834, 0.074029, 0.074057, 0.074095, 0.07426, 0.074359, 0.074522, 0.074697, 0.074888, 0.07497, 0.075177, 0.075546, 0.0756, 0.075842, 0.076551, 0.077048, 0.077352, 0.077491, 0.077676, 0.07803, 0.078386, 0.078551, 0.078596, 0.078684, 0.079815, 0.079833, 0.080082, 0.080421, 0.080523, 0.080586, 0.080702, 0.080787, 0.080967, 0.080988, 0.081218, 0.081539, 0.081549, 0.081702, 0.081982, 0.082304, 0.082358, 0.082916, 0.08296, 0.083369, 0.083414, 0.083451, 0.083538, 0.083645, 0.08417, 0.084499, 0.08453, 0.084584, 0.084688, 0.08486, 0.084938, 0.084976, 0.085103, 0.085116, 0.085182, 0.085301, 0.085566, 0.085687, 0.086205, 0.086288, 0.086586, 0.086992, 0.087047, 0.087216, 0.087411, 0.087545, 0.087593, 0.087601, 0.087677, 0.087716, 0.087927, 0.088099, 0.088099, 0.088164, 0.088201, 0.088469, 0.088949, 0.088951, 0.089003, 0.089152, 0.089205, 0.089227, 0.089486, 0.089822, 0.089882, 0.089913, 0.08997, 0.090085, 0.090088, 0.090172, 0.090512, 0.09055, 0.090728, 0.091196, 0.091381, 0.091598, 0.091604, 0.091606, 0.091735, 0.091756, 0.09196, 0.092086, 0.092349, 0.092441, 0.093062, 0.093442, 0.093493, 0.093913, 0.094017, 0.094028, 0.094848, 0.094911, 0.094912, 0.095174, 0.095214, 0.095313, 0.095434, 0.095456, 0.095464, 0.095475, 0.095508, 0.095677, 0.095688, 0.095702, 0.09578, 0.095938, 0.096087, 0.09672, 0.097548, 0.09761, 0.098023, 0.098528, 0.099104, 0.099517, 0.099713, 0.099896, 0.100267, 0.100634, 0.100995, 0.101032, 0.101167, 0.101214, 0.101254, 0.101258, 0.101301, 0.101479, 0.101547, 0.101592, 0.102055, 0.102102, 0.102334, 0.102706, 0.102837, 0.103498, 0.103622, 0.10368, 0.103694, 0.103868, 0.104083, 0.104431, 0.104495, 0.105283, 0.105335, 0.1056, 0.105968, 0.106152, 0.106264, 0.107004, 0.107193, 0.107414, 0.108741, 0.109194, 0.109332, 0.109494, 0.109712, 0.109748, 0.109866, 0.111127, 0.111133, 0.111206, 0.111206, 0.111333, 0.111357, 0.111446, 0.111532, 0.111806, 0.111966, 0.111983, 0.112328, 0.112382, 0.112561, 0.11267, 0.112696, 0.112987, 0.113002, 0.113056, 0.113241, 0.113595, 0.113927, 0.113956, 0.114052, 0.114165, 0.114283, 0.114532, 0.114625, 0.114684, 0.114784, 0.115044, 0.115163, 0.115259, 0.115281, 0.115311, 0.11575, 0.115862, 0.116253, 0.11665, 0.116803, 0.116805, 0.116905, 0.116988, 0.117604, 0.117779, 0.118101, 0.118173, 0.118182, 0.118614, 0.119043, 0.11906, 0.119434, 0.119468, 0.119891, 0.119936, 0.120404, 0.120639, 0.121065, 0.121206, 0.121576, 0.121673, 0.121733, 0.121756, 0.121823, 0.122919, 0.123031, 0.123049, 0.123454, 0.123492, 0.123571, 0.123763, 0.124372, 0.124468, 0.125172, 0.125262, 0.125295, 0.125467, 0.125742, 0.126189, 0.126194, 0.126225, 0.126472, 0.126574, 0.127187, 0.127447, 0.127889, 0.127959, 0.128059, 0.128201, 0.128204, 0.128277, 0.128474, 0.1285, 0.128651, 0.128866, 0.128867, 0.128982, 0.129025, 0.129317, 0.129381, 0.129462, 0.129725, 0.129782, 0.129884, 0.130052, 0.130143, 0.130162, 0.13062, 0.131068, 0.131358, 0.131589, 0.131625, 0.131631, 0.131847, 0.132195, 0.132482, 0.132513, 0.132628, 0.132699, 0.132769, 0.132849, 0.133008, 0.133266, 0.134467, 0.134515, 0.134804, 0.134868, 0.135101, 0.13525, 0.135498, 0.135533, 0.135776, 0.135785, 0.13584, 0.136074, 0.13629, 0.136297, 0.136392, 0.136507, 0.137017, 0.13706, 0.137163, 0.137284, 0.137586, 0.137618, 0.137691, 0.137705, 0.137794, 0.138054, 0.13838, 0.138485, 0.138579, 0.138723, 0.13925, 0.139541, 0.139797, 0.140474, 0.140674, 0.14077, 0.141125, 0.141349, 0.142347, 0.142414, 0.142542, 0.142833, 0.142853, 0.143095, 0.143148, 0.14315, 0.143259, 0.143289, 0.143368, 0.143399, 0.143437, 0.143957, 0.144254, 0.144323, 0.144921, 0.145092, 0.145301, 0.145986, 0.146089, 0.14612, 0.146378, 0.14645, 0.146492, 0.146712, 0.146832, 0.147197, 0.147209, 0.147355, 0.147873, 0.148258, 0.148434, 0.148684, 0.149612, 0.149699, 0.150113, 0.150207, 0.150322, 