{"sigma_r": 0.9707, "sigma_i": 0.684, "m": 3, "seed": 422056646, "n_k": {"1": 3374, "2": 891, "3": 210, "4": 64, "5": 9, "6+": 2}, "dlogr": [0.0, 0.0, 0.0, 0.0, 7.2e-05, 0.000314, 0.000412, 0.000502, 0.000707, 0.001054, 0.001112, 0.001359, 0.001375, 0.001533, 0.001837, 0.001875, 0.002377, 0.002519, 0.002843, 0.003141, 0.003261, 0.003423, 0.003747, 0.003898, 0.003951, 0.004177, 0.004349, 0.004397, 0.004399, 0.004568, 0.004791, 0.004877, 0.005159, 0.005165, 0.00525, 0.005543, 0.005627, 0.005696, 0.005741, 0.005854, 0.005986, 0.006123, 0.006335, 0.006394, 0.006408, 0.006439, 0.006512, 0.006691, 0.006889, 0.006972, 0.007249, 0.007516, 0.007645, 0.007708, 0.007811, 0.008015, 0.008028, 0.008217, 0.008319, 0.008637, 0.008835, 0.008955, 0.009144, 0.009518, 0.010004, 0.010159, 0.01026, 0.010393, 0.01044, 0.010452, 0.010626, 0.010661, 0.010745, 0.010829, 0.010955, 0.011208, 0.011234, 0.011408, 0.011521, 0.011574, 0.011735, 0.011892, 0.012168, 0.01225, 0.012258, 0.012529, 0.012676, 0.012741, 0.012767, 0.01277, 0.01302, 0.013021, 0.013107, 0.013111, 0.013347, 0.013541, 0.014072, 0.014269, 0.014404, 0.014473, 0.014571, 0.014595, 0.014899, 0.015371, 0.015443, 0.015939, 0.016, 0.016026, 0.016246, 0.016525, 0.016689, 0.016957, 0.017081, 0.017142, 0.01718, 0.017273, 0.017349, 0.017352, 0.0176, 0.017602, 0.017749, 0.01794, 0.018004, 0.018072, 0.018954, 0.018985, 0.019253, 0.019387, 0.019413, 0.019421, 0.019472, 0.019488, 0.019819, 0.01998, 0.02023, 0.020309, 0.020331, 0.020397, 0.020421, 0.02068, 0.020687, 0.020726, 0.020729, 0.020768, 0.020784, 0.02093, 0.020938, 0.021108, 0.021164, 0.021566, 0.021676, 0.021959, 0.022105, 0.022145, 0.022166, 0.022287, 0.022309, 0.022327, 0.022495, 0.0225, 0.022878, 0.02303, 0.023124, 0.023213, 0.023234, 0.023304, 0.023637, 0.023831, 0.024034, 0.024049, 0.024432, 0.024539, 0.024558, 0.025389, 0.025615, 0.025839, 0.026014, 0.026166, 0.026331, 0.026366, 0.026372, 0.026592, 0.026622, 0.026862, 0.026941, 0.027004, 0.027216, 0.027318, 0.027655, 0.027672, 0.02788, 0.027898, 0.028127, 0.028143, 0.028385, 0.028508, 0.028517, 0.028533, 0.028546, 0.02856, 0.02869, 0.028694, 0.028915, 0.02925, 0.029287, 0.02961, 0.029857, 0.029997, 0.030033, 0.03019, 0.030264, 0.030308, 0.030378, 0.030416, 0.030449, 0.03049, 0.03057, 0.030621, 0.030625, 0.030627, 0.030642, 0.030715, 0.031492, 0.031546, 0.031547, 0.031715, 0.031778, 0.031786, 0.031987, 0.032466, 0.032671, 0.032741, 0.032814, 0.032947, 0.032962, 0.033062, 0.03341, 0.033452, 0.034406, 0.034484, 0.034501, 0.034572, 0.034588, 0.034715, 0.03475, 0.035146, 0.035678, 0.035701, 0.035704, 0.03571, 0.035727, 0.035775, 0.036182, 0.036214, 0.036375, 0.036393, 0.036394, 0.036426, 0.036469, 0.036758, 0.036758, 0.03681, 0.036811, 0.037045, 0.037129, 0.037132, 0.037138, 0.037208, 0.037234, 0.037413, 0.037508, 0.037615, 0.037702, 0.037952, 0.03808, 0.038365, 0.038442, 0.038481, 0.038715, 0.038775, 0.038888, 0.038912, 0.038947, 0.03905, 0.039087, 0.039307, 0.039409, 0.039463, 0.039968, 0.040004, 0.040126, 0.04022, 0.04034, 0.040433, 0.040442, 0.040506, 0.040651, 0.040801, 0.040945, 0.04127, 0.041288, 0.041369, 0.04144, 0.041575, 0.041933, 0.042001, 0.042158, 0.042208, 0.042305, 0.04263, 0.042689, 0.042783, 0.04292, 0.042947, 0.043023, 0.043307, 0.043385, 0.043419, 0.043722, 0.043866, 0.044005, 0.044481, 0.044529, 0.044535, 0.044614, 0.044759, 0.044868, 0.045161, 0.04526, 0.045273, 0.045287, 0.045368, 0.045915, 0.046283, 0.046445, 0.047028, 0.04706, 0.047434, 0.047917, 0.047972, 0.047974, 0.047993, 0.048035, 0.048057, 0.048204, 0.048317, 0.048348, 0.048561, 0.048862, 0.048884, 0.048921, 0.048931, 0.049052, 0.049273, 0.049283, 0.049491, 0.049646, 0.04977, 0.049872, 0.049894, 0.049914, 0.050106, 0.050398, 0.050462, 0.050467, 0.050579, 0.050639, 0.050711, 0.050854, 0.051006, 0.051528, 0.051561, 0.051695, 0.051744, 0.051855, 0.052267, 0.052306, 0.052379, 0.052388, 0.052941, 0.05301, 0.053049, 0.05327, 0.053733, 0.053747, 0.053979, 0.054481, 0.054721, 0.054821, 0.054831, 0.054917, 0.054952, 0.055242, 0.055773, 0.055791, 0.056019, 0.056142, 0.05627, 0.056494, 0.056618, 0.056651, 0.056753, 0.056926, 0.057325, 0.057385, 0.05765, 0.057876, 0.058, 0.058011, 0.05806, 0.058189, 0.058256, 0.058322, 0.058826, 0.059066, 0.059084, 0.060447, 0.060451, 0.06051, 0.060708, 0.061028, 0.061052, 0.06173, 0.061743, 0.061754, 0.061805, 0.061939, 0.062008, 0.062015, 0.062075, 0.062273, 0.0626, 0.062668, 0.062674, 0.062775, 0.06284, 0.062989, 0.063165, 0.063577, 0.063673, 0.06394, 0.063973, 0.06406, 0.064067, 0.064442, 0.064458, 0.064641, 0.064755, 0.065015, 0.06524, 0.06531, 0.065357, 0.065412, 0.065779, 0.066097, 0.066164, 0.066191, 0.066755, 0.066921, 0.067025, 0.067335, 0.067465, 0.06748, 0.067483, 0.067611, 0.067861, 0.067939, 0.068503, 0.068757, 0.068808, 0.068822, 0.068889, 0.069298, 0.069359, 0.069433, 0.069814, 0.069905, 0.06997, 0.06997, 0.069984, 0.069998, 0.070398, 0.070437, 0.070466, 0.070889, 0.070895, 0.071297, 0.071671, 0.071735, 0.071906, 0.072015, 0.072121, 0.072278, 0.0723, 0.072397, 0.07242, 0.072548, 0.07291, 0.072947, 0.073411, 0.073502, 0.07355, 0.07362, 0.073696, 0.073735, 0.074297, 0.074514, 0.074655, 0.075284, 0.075294, 0.075477, 0.075542, 0.075833, 0.076173, 0.076299, 0.076475, 0.076498, 0.076526, 0.076651, 0.076666, 0.076758, 0.076856, 0.07727, 0.077469, 0.077606, 0.077715, 0.077774, 0.07787, 0.078166, 0.078251, 0.078376, 0.078592, 0.078836, 0.079658, 0.079804, 0.079953, 0.080072, 0.080234, 0.080239, 0.080348, 0.080508, 0.080606, 0.080922, 0.080997, 0.081087, 0.08122, 0.081242, 0.081254, 0.081268, 0.081349, 0.081396, 0.081473, 0.081484, 0.081679, 0.081684, 0.081915, 0.082157, 0.082175, 0.082363, 0.082635, 0.082997, 0.083167, 0.083369, 0.083394, 0.083461, 0.083679, 0.083883, 0.084323, 0.084436, 0.084626, 0.084991, 0.08507, 0.085391, 0.085523, 0.085596, 0.085635, 0.086045, 0.086063, 0.086173, 0.086225, 0.086444, 0.086449, 0.086679, 0.087197, 0.087407, 0.087646, 0.087841, 0.088002, 0.088184, 0.088217, 0.088597, 0.088656, 0.088759, 0.088983, 0.089386, 0.089938, 0.090159, 0.090232, 0.090244, 0.090913, 0.090944, 0.091072, 0.091133, 0.091158, 0.091164, 0.091292, 0.091433, 0.091545, 0.091803, 0.091821, 0.092418, 0.092679, 0.093035, 0.093113, 0.093187, 0.093237, 0.093251, 0.093277, 0.093485, 0.093753, 0.093854, 0.094263, 0.094456, 0.094484, 0.094943, 0.095017, 0.095077, 0.095158, 0.09535, 0.09574, 0.095828, 0.095875, 0.096002, 0.096234, 0.096303, 0.096503, 0.096563, 0.096909, 0.096915, 0.096933, 0.097098, 0.09722, 0.097492, 0.097497, 0.097572, 0.097959, 0.098023, 0.098293, 0.098362, 0.09847, 0.098547, 0.098552, 0.09872, 0.098808, 0.099142, 0.099298, 0.099302, 0.099344, 0.099466, 0.099536, 0.099793, 0.099874, 0.100155, 0.100185, 0.100505, 0.100855, 0.100911, 0.10155, 0.101569, 0.101652, 0.101688, 0.102, 0.102144, 0.102214, 0.102303, 0.102491, 0.102511, 0.102661, 0.102722, 0.10298, 0.10303, 0.103989, 0.104327, 0.104767, 0.1048, 0.104858, 0.104875, 0.105511, 0.105581, 0.105584, 0.105911, 0.105912, 0.10594, 0.106149, 0.106391, 0.106447, 0.106448, 0.106765, 0.107073, 0.107447, 0.10804, 0.108252, 0.109134, 0.109239, 0.1093, 0.109488, 0.110052, 0.110088, 0.110271, 0.110482, 0.110749, 0.111109, 0.111242, 0.111279, 0.111579, 0.111998, 0.112095, 0.112489, 0.112659, 0.112808, 0.112834, 0.112847, 0.112849, 0.112891, 0.112993, 0.113112, 0.113228, 0.113393, 0.113579, 0.113724, 0.113869, 0.113885, 0.114106, 0.114499, 0.114677, 0.114833, 0.114951, 0.11535, 0.115525, 0.115816, 0.11591, 0.115928, 0.116322, 0.116589, 0.116599, 0.116681, 0.116716, 0.116968, 0.116995, 0.117017, 0.117071, 0.117125, 0.117329, 0.117579, 0.117661, 0.118033, 0.118677, 0.118841, 0.118888, 0.119672, 0.119762, 0.120252, 0.120327, 0.120595, 0.120692, 0.120753, 0.121044, 0.121121, 0.12209, 0.122224, 0.122457, 0.12251, 0.122562, 0.122646, 0.122717, 0.122773, 0.122959, 0.122981, 0.123201, 0.123812, 0.123835, 0.124159, 0.124208, 0.124896, 0.125205, 0.125351, 0.125404, 0.125425, 0.125522, 0.125725, 0.125726, 0.126068, 0.1264, 0.126575, 0.126962, 0.127021, 0.127032, 