{"sigma_r": 1.2164, "sigma_i": 0.2, "m": 1, "seed": 2828178593, "n_k": {"1": 3334, "2": 778, "3": 269, "4": 51, "5": 8, "6+": 4}, "dlogr": [2.9e-05, 0.000252, 0.000493, 0.00054, 0.001235, 0.001247, 0.001877, 0.002003, 0.002125, 0.002263, 0.002267, 0.002435, 0.002807, 0.002943, 0.003699, 0.003812, 0.003927, 0.004103, 0.004184, 0.004196, 0.004321, 0.004368, 0.004418, 0.004587, 0.004865, 0.004924, 0.004944, 0.005018, 0.005225, 0.005597, 0.00561, 0.005739, 0.006072, 0.006209, 0.006214, 0.006528, 0.006533, 0.006889, 0.00689, 0.007012, 0.007138, 0.007196, 0.007203, 0.007346, 0.007507, 0.007665, 0.007796, 0.008103, 0.008226, 0.008386, 0.008607, 0.008866, 0.009358, 0.009362, 0.009381, 0.009395, 0.009479, 0.009572, 0.00965, 0.009765, 0.009947, 0.010062, 0.010065, 0.010109, 0.010129, 0.010147, 0.010292, 0.010319, 0.010367, 0.010823, 0.010995, 0.011042, 0.011064, 0.011118, 0.0112, 0.012098, 0.012593, 0.012644, 0.012756, 0.012824, 0.013145, 0.013146, 0.013263, 0.013704, 0.013718, 0.013864, 0.013976, 0.013998, 0.014362, 0.014655, 0.015087, 0.015327, 0.015354, 0.015591, 0.015612, 0.015619, 0.015669, 0.015912, 0.016098, 0.016298, 0.016298, 0.016908, 0.017149, 0.017159, 0.01723, 0.017394, 0.01756, 0.017601, 0.017694, 0.017838, 0.017973, 0.018141, 0.018406, 0.018428, 0.018456, 0.01857, 0.018739, 0.018792, 0.018799, 0.019131, 0.019181, 0.019243, 0.019459, 0.01969, 0.019691, 0.019987, 0.020106, 0.020107, 0.020235, 0.020524, 0.020637, 0.02089, 0.021087, 0.021114, 0.021331, 0.021676, 0.021751, 0.021787, 0.022376, 0.022453, 0.022521, 0.023013, 0.023349, 0.023808, 0.023935, 0.024006, 0.024033, 0.024191, 0.024257, 0.02429, 0.024408, 0.024459, 0.024731, 0.024841, 0.024854, 0.024888, 0.025003, 0.025064, 0.025475, 0.025494, 0.025598, 0.025729, 0.02585, 0.025947, 0.026363, 0.026579, 0.026894, 0.026976, 0.0271, 0.027137, 0.027161, 0.027291, 0.027325, 0.027372, 0.027606, 0.027936, 0.028105, 0.028399, 0.028459, 0.02866, 0.029072, 0.029824, 0.029991, 0.03058, 0.030828, 0.030837, 0.031275, 0.031697, 0.031826, 0.032339, 0.032347, 0.032518, 0.032535, 0.032538, 0.032546, 0.032655, 0.032748, 0.032868, 0.032931, 0.033121, 0.033127, 0.033325, 0.033383, 0.033466, 0.033651, 0.033748, 0.033831, 0.033933, 0.034026, 0.034046, 0.034065, 0.034152, 0.034319, 0.034432, 0.034562, 0.034719, 0.034731, 0.0349, 0.035172, 0.035349, 0.035429, 0.035669, 0.036237, 0.036361, 0.036449, 0.036469, 0.036572, 0.037436, 0.037635, 0.03786, 0.038329, 0.038347, 0.038621, 0.038939, 0.039298, 0.039482, 0.039679, 0.039743, 0.039896, 0.039904, 0.039957, 0.040028, 0.040093, 0.040532, 0.040646, 0.04067, 0.040696, 0.040757, 0.040873, 0.040929, 0.040993, 0.041139, 0.041295, 0.041513, 0.041635, 0.04188, 0.041926, 0.042004, 0.042228, 0.042826, 0.042905, 0.043063, 0.043076, 0.043097, 0.043136, 0.043359, 0.043362, 0.043404, 0.043703, 0.043914, 0.044181, 0.044309, 0.04465, 0.04482, 0.044925, 0.044934, 0.044994, 0.045183, 0.045557, 0.045567, 0.045574, 0.045577, 0.045623, 0.045719, 0.045838, 0.045909, 0.045912, 0.046116, 0.046231, 0.046241, 0.046255, 0.046448, 0.0465, 0.046606, 0.046607, 0.046718, 0.046819, 0.046928, 0.047194, 0.047397, 0.047488, 0.047633, 0.047935, 0.048147, 0.048225, 0.048376, 0.048601, 0.04867, 0.048817, 0.048947, 0.049094, 0.049187, 0.049375, 0.049394, 0.049441, 0.049523, 0.049576, 0.049911, 0.050057, 0.050306, 0.050512, 0.050552, 0.050702, 0.050709, 0.051216, 0.05126, 0.051766, 0.052816, 0.053006, 0.053042, 0.05307, 0.053169, 0.053224, 0.053418, 0.053428, 0.05372, 0.053925, 0.054072, 0.054245, 0.054271, 0.054343, 0.05445, 0.054871, 0.055066, 0.055101, 0.055376, 0.055962, 0.055996, 0.056056, 0.056255, 0.056299, 0.056404, 0.056545, 0.056851, 0.057067, 0.057384, 0.0575, 0.057521, 0.057525, 0.057832, 0.057916, 0.058398, 0.058449, 0.058587, 0.058797, 0.058855, 0.058869, 0.059193, 0.059367, 0.059638, 0.059868, 0.060276, 0.060324, 0.060696, 0.060916, 0.06105, 0.061081, 0.061418, 0.061429, 0.061456, 0.061513, 0.061543, 0.061553, 0.061912, 0.062024, 0.062124, 0.062268, 0.062359, 0.062447, 0.062458, 0.062488, 0.063165, 0.063235, 0.063266, 0.06332, 0.063588, 0.064027, 0.064288, 0.064699, 0.065074, 0.065175, 0.065265, 0.065301, 0.065317, 0.065518, 0.065811, 0.065853, 0.066022, 0.066091, 0.066142, 0.066213, 0.066719, 0.06686, 0.066999, 0.067446, 0.067616, 0.067793, 0.067999, 0.068122, 0.068152, 0.068208, 0.068325, 0.068445, 0.06892, 0.069113, 0.069521, 0.069628, 0.069698, 0.069852, 0.070034, 0.070201, 0.07022, 0.070754, 0.07078, 0.070815, 0.071057, 0.071072, 0.071206, 0.07125, 0.071412, 0.07157, 0.072162, 0.07259, 0.073245, 0.073396, 0.073517, 0.073545, 0.073636, 0.073819, 0.074066, 0.07415, 0.074244, 0.074445, 0.074548, 0.074551, 0.074555, 0.074726, 0.074828, 0.074902, 0.075308, 0.076198, 0.076293, 0.076321, 0.076349, 0.076669, 0.076768, 0.076901, 0.077227, 0.078172, 0.078187, 0.078615, 0.078618, 0.078668, 0.078787, 0.07887, 0.078885, 0.079152, 0.080274, 0.080433, 0.080551, 0.080591, 0.080666, 0.080723, 0.080771, 0.080795, 0.080915, 0.081015, 0.08106, 0.081159, 0.081401, 0.081634, 0.081831, 0.081984, 0.082019, 0.08206, 0.082233, 0.082374, 0.082737, 0.082807, 0.082894, 0.082952, 0.083096, 0.083132, 0.083146, 0.083602, 0.083609, 0.083666, 0.08377, 0.084035, 0.084165, 0.08467, 0.085, 0.085205, 0.085349, 0.085549, 0.085675, 0.085682, 0.085998, 0.086028, 0.086234, 0.086383, 0.086771, 0.087127, 0.087359, 0.08759, 0.087672, 0.087743, 0.0879, 0.087903, 0.08795, 0.088266, 0.088392, 0.088796, 0.088915, 0.089189, 0.08948, 0.089854, 0.089925, 0.09009, 0.090194, 0.090289, 0.090395, 0.090549, 0.090635, 0.090815, 0.090909, 0.091041, 0.091102, 0.091163, 0.091329, 0.091421, 0.091719, 0.091993, 0.092207, 0.092798, 0.093064, 0.09314, 0.093187, 0.093261, 0.093331, 0.093388, 0.093918, 0.094336, 0.094353, 0.094389, 0.094524, 0.094553, 0.094729, 0.095197, 0.095531, 0.095667, 0.095778, 0.096316, 0.096635, 0.096826, 0.096921, 0.097352, 0.097664, 0.098159, 0.098286, 0.098501, 0.09884, 0.098882, 0.098938, 0.099349, 0.099363, 0.099444, 0.099749, 0.100008, 0.100033, 0.10004, 0.100239, 0.100971, 0.101321, 0.10152, 0.101843, 0.101906, 0.101924, 0.102152, 0.102192, 0.102197, 0.102251, 0.102307, 0.102377, 0.102411, 0.10266, 0.102667, 0.10275, 0.102767, 0.103031, 0.103069, 0.1035, 0.103688, 0.103725, 0.103742, 0.103801, 0.104139, 0.104217, 0.104263, 0.104745, 0.104936, 0.105024, 0.105277, 0.105465, 0.105465, 0.105671, 0.105938, 0.106309, 0.106768, 0.106953, 0.107284, 0.107522, 0.107708, 0.107975, 0.108093, 0.108139, 0.108216, 0.108453, 0.108862, 0.108954, 0.109084, 0.10909, 0.109278, 0.109311, 0.109409, 0.109434, 0.109527, 0.109704, 0.110076, 0.110624, 0.110666, 0.110691, 0.111295, 0.111401, 0.111455, 0.11163, 0.11191, 0.112134, 0.112198, 0.112208, 0.112257, 0.112488, 0.112661, 0.113177, 0.113348, 0.113629, 0.113667, 0.113842, 0.114023, 0.114354, 0.114686, 0.114987, 0.115391, 0.115483, 0.115638, 0.116405, 0.116891, 0.117096, 0.117463, 0.117622, 0.117636, 0.117861, 0.118103, 0.118229, 0.118583, 0.118779, 0.118938, 0.118965, 0.119201, 0.11935, 0.119476, 0.119893, 0.120235, 0.120621, 0.121012, 0.121619, 0.121743, 0.121872, 0.121891, 0.122027, 0.122145, 0.122668, 0.122838, 0.122898, 0.123149, 0.12334, 0.124348, 0.124432, 0.124463, 0.124602, 0.125412, 0.126066, 0.126409, 0.126647, 0.12687, 0.126889, 0.126931, 0.126984, 0.127183, 0.127215, 0.127324, 0.127521, 0.127972, 0.128063, 0.128186, 0.128283, 0.128314, 0.128422, 0.128533, 0.128936, 0.128989, 0.129392, 0.129491, 0.129527, 0.129824, 0.129927, 0.129969, 0.130507, 0.1307, 0.130818, 0.131393, 0.131505, 0.131722, 0.131776, 0.132247, 0.132343, 0.132549, 0.132558, 0.133172, 0.133199, 0.133286, 0.133324, 0.133472, 0.133496, 0.133531, 0.133729, 0.133852, 0.133935, 0.134181, 0.13457, 0.134909, 0.13493, 0.135652, 0.135691, 0.135713, 0.135862, 0.13597, 0.136185, 0.136382, 0.13662, 0.136703, 0.136966, 0.137001, 0.137062, 0.137214, 0.137599, 0.137959, 0.13815, 0.138156, 0.138301, 0.139473, 0.139581, 0.139927, 0.140243, 0.140555, 0.140611, 0.141325, 0.14157, 0.141733, 0.141753, 0.142038, 0.142069, 0.142202, 0.142623, 