{"sigma_r": 1.2164, "sigma_i": 0.5349, "m": 7, "seed": 2341349901, "n_k": {"1": 3755, "2": 951, "3": 268, "4": 54, "5": 15, "6+": 2}, "dlogr": [0.0, 0.000155, 0.000466, 0.000541, 0.000542, 0.000687, 0.00076, 0.000892, 0.000897, 0.00094, 0.000962, 0.00097, 0.000975, 0.001189, 0.001213, 0.00125, 0.001758, 0.001881, 0.002073, 0.002414, 0.002558, 0.002612, 0.002645, 0.002697, 0.002808, 0.003241, 0.003424, 0.003474, 0.003647, 0.003862, 0.003886, 0.004099, 0.004241, 0.00425, 0.004471, 0.004692, 0.004822, 0.004831, 0.004927, 0.005093, 0.005101, 0.005124, 0.006154, 0.006257, 0.006488, 0.006523, 0.006617, 0.006709, 0.006811, 0.006951, 0.006995, 0.007428, 0.007442, 0.007525, 0.007586, 0.007652, 0.00766, 0.00775, 0.007885, 0.007978, 0.008061, 0.008115, 0.008215, 0.008346, 0.008366, 0.008468, 0.008706, 0.008874, 0.008897, 0.008959, 0.009053, 0.009103, 0.009144, 0.009202, 0.009209, 0.009301, 0.009367, 0.009385, 0.009597, 0.009614, 0.009897, 0.010054, 0.010084, 0.010246, 0.01034, 0.010556, 0.010591, 0.010687, 0.010902, 0.011106, 0.011307, 0.011531, 0.011658, 0.011983, 0.012185, 0.012433, 0.012644, 0.012809, 0.012943, 0.013026, 0.01306, 0.013111, 0.013463, 0.01349, 0.013514, 0.013753, 0.01407, 0.014151, 0.014405, 0.014786, 0.015162, 0.01553, 0.01568, 0.015829, 0.016305, 0.016364, 0.016563, 0.016723, 0.016755, 0.016805, 0.017115, 0.017258, 0.017336, 0.017445, 0.017482, 0.017653, 0.018117, 0.018165, 0.018286, 0.01841, 0.018478, 0.018628, 0.018724, 0.01894, 0.018953, 0.019112, 0.019412, 0.019467, 0.019477, 0.019521, 0.019642, 0.019707, 0.019759, 0.019898, 0.01999, 0.02004, 0.020052, 0.020173, 0.020298, 0.020635, 0.020642, 0.020763, 0.021013, 0.021286, 0.021701, 0.02191, 0.021965, 0.02244, 0.022528, 0.022986, 0.023296, 0.023365, 0.023514, 0.023752, 0.02376, 0.023904, 0.023942, 0.024042, 0.024062, 0.024263, 0.024427, 0.024525, 0.02466, 0.02469, 0.024778, 0.024878, 0.024968, 0.025002, 0.02599, 0.026052, 0.026418, 0.026447, 0.026472, 0.026657, 0.026702, 0.026835, 0.026909, 0.026951, 0.026953, 0.026968, 0.027037, 0.027164, 0.027373, 0.027424, 0.028045, 0.028698, 0.028769, 0.028778, 0.028862, 0.029014, 0.029145, 0.02927, 0.029781, 0.03023, 0.030589, 0.030607, 0.030712, 0.030922, 0.031205, 0.031208, 0.031387, 0.031687, 0.031706, 0.03189, 0.031891, 0.032019, 0.032023, 0.03256, 0.033614, 0.034316, 0.034345, 0.034397, 0.034642, 0.034753, 0.03497, 0.034988, 0.035024, 0.035081, 0.035201, 0.035398, 0.035448, 0.035621, 0.035632, 0.035918, 0.035937, 0.036488, 0.036577, 0.036873, 0.037, 0.037153, 0.037254, 0.037346, 0.037542, 0.037647, 0.037771, 0.03798, 0.038132, 0.038205, 0.038218, 0.038421, 0.038793, 0.03885, 0.038971, 0.039337, 0.039435, 0.039442, 0.039466, 0.039754, 0.039818, 0.040169, 0.040235, 0.040369, 0.0404, 0.040776, 0.040926, 0.041468, 0.041488, 0.041711, 0.042031, 0.042066, 0.042133, 0.042165, 0.04251, 0.042543, 0.042632, 0.042758, 0.042803, 0.043226, 0.043237, 0.043456, 0.043701, 0.044185, 0.044334, 0.044529, 0.044651, 0.045203, 0.045383, 0.045429, 0.045439, 0.045524, 0.045862, 0.045932, 0.046165, 0.046233, 0.046499, 0.046655, 0.046666, 0.046821, 0.047026, 0.047088, 0.047095, 0.04714, 0.047169, 0.047442, 0.047704, 0.04772, 0.047729, 0.047932, 0.047946, 0.047983, 0.048031, 0.048107, 0.048336, 0.048406, 0.048507, 0.048797, 0.049054, 0.049154, 0.049182, 0.049263, 0.049274, 0.04934, 0.049645, 0.049674, 0.049681, 0.049711, 0.049752, 0.049797, 0.049979, 0.050048, 0.050109, 0.050296, 0.050307, 0.050329, 0.050441, 0.050565, 0.050731, 0.050764, 0.051163, 0.051274, 0.051662, 0.051703, 0.05173, 0.051792, 0.051934, 0.051983, 0.052006, 0.052123, 0.052433, 0.053029, 0.053164, 0.053309, 0.053341, 0.053377, 0.053429, 0.053764, 0.0538, 0.05383, 0.05383, 0.054393, 0.054408, 0.054448, 0.054657, 0.054813, 0.054818, 0.054944, 0.055006, 0.055066, 0.05525, 0.055371, 0.056703, 0.056743, 0.056831, 0.056873, 0.056957, 0.057138, 0.057534, 0.057593, 0.057799, 0.05794, 0.057993, 0.058122, 0.058531, 0.05865, 0.059085, 0.059247, 0.059269, 0.0593, 0.059366, 0.059625, 0.059719, 0.05999, 0.060059, 0.060063, 0.060078, 0.060226, 0.060326, 0.06049, 0.060718, 0.060747, 0.060826, 0.061094, 0.061368, 0.061573, 0.061611, 0.061837, 0.061867, 0.062294, 0.062337, 0.06293, 0.063032, 0.063271, 0.063402, 0.063514, 0.06368, 0.063729, 0.063733, 0.063853, 0.063915, 0.063929, 0.063979, 0.0642, 0.064323, 0.064527, 0.064873, 0.064916, 0.064921, 0.065048, 0.065089, 0.065208, 0.065689, 0.065816, 0.065838, 0.065844, 0.065916, 0.065916, 0.065958, 0.066257, 0.066414, 0.066504, 0.066683, 0.06711, 0.067435, 0.06746, 0.067512, 0.067616, 0.067624, 0.067848, 0.067934, 0.06823, 0.068496, 0.068602, 0.068819, 0.068972, 0.069248, 0.069256, 0.069261, 0.069495, 0.069621, 0.069723, 0.069845, 0.069915, 0.070025, 0.070406, 0.070453, 0.070779, 0.070826, 0.071005, 0.071286, 0.071541, 0.072105, 0.072114, 0.07237, 0.072526, 0.072549, 0.072553, 0.072568, 0.073221, 0.07353, 0.073604, 0.073605, 0.073792, 0.073818, 0.073828, 0.07397, 0.074072, 0.074242, 0.074292, 0.074408, 0.074582, 0.074736, 0.074742, 0.074847, 0.074929, 0.075028, 0.075071, 0.075102, 0.075143, 0.075256, 0.075361, 0.075499, 0.075517, 0.075755, 0.075815, 0.076208, 0.07629, 0.076532, 0.076844, 0.076948, 0.07697, 0.07713, 0.077284, 0.077647, 0.077654, 0.077658, 0.077891, 0.07796, 0.078224, 0.078378, 0.07838, 0.078514, 0.07859, 0.07865, 0.078693, 0.07873, 0.078731, 0.078928, 0.079454, 0.079465, 0.079507, 0.079589, 0.079795, 0.079857, 0.079918, 0.08, 0.080083, 0.080181, 0.080197, 0.080227, 0.08078, 0.080847, 0.081009, 0.081062, 0.081131, 0.081551, 0.081695, 0.082092, 0.082225, 0.082298, 0.082739, 0.082899, 0.083238, 0.083334, 0.083463, 0.083518, 0.0839, 0.083988, 0.084072, 0.084344, 0.084392, 0.084578, 0.084809, 0.085051, 0.08509, 0.085091, 0.085101, 0.085539, 0.085868, 0.085901, 0.085967, 0.086536, 0.086548, 0.087062, 0.087268, 0.087317, 0.087399, 0.087436, 0.087522, 0.08767, 0.087672, 0.087699, 0.087851, 0.087862, 0.087883, 0.087969, 0.088002, 0.088265, 0.088724, 0.088791, 0.088965, 0.089005, 0.089073, 0.089315, 0.090217, 0.090286, 0.090484, 0.090524, 0.09088, 0.091052, 0.091116, 0.09119, 0.091615, 0.091624, 0.091776, 0.091783, 0.091896, 0.091923, 0.091961, 0.092166, 0.09249, 0.092539, 0.092555, 0.092792, 0.092796, 0.092952, 0.09298, 0.093085, 0.093191, 0.093232, 0.093291, 0.093308, 0.093412, 0.093459, 0.093712, 0.093811, 0.093957, 0.094592, 0.094955, 0.095, 0.095006, 0.095105, 0.095303, 0.09571, 0.095836, 0.095962, 0.096032, 0.096061, 0.096122, 0.096298, 0.096305, 0.096325, 0.096539, 0.096746, 0.096855, 0.097057, 0.09708, 0.097307, 0.097363, 0.097605, 0.097757, 0.097843, 0.097918, 0.09793, 0.09801, 0.098298, 0.098553, 0.098804, 0.099064, 0.099427, 0.099497, 0.099786, 0.099981, 0.100157, 0.100224, 0.100361, 0.100498, 0.100507, 0.100541, 0.10105, 0.10131, 0.10134, 0.101374, 0.101403, 0.101412, 0.101626, 0.101998, 0.102071, 0.102124, 0.102209, 0.102234, 0.102368, 0.102405, 0.102542, 0.102583, 0.102651, 0.102834, 0.102949, 0.10301, 0.103227, 0.103349, 0.103369, 0.103423, 0.103449, 0.104094, 0.104265, 0.10438, 0.104424, 0.104687, 0.104756, 0.105669, 0.105917, 0.105971, 0.106052, 0.106145, 0.106228, 0.106428, 0.106663, 0.106702, 0.106721, 0.107056, 0.107579, 0.107773, 0.107788, 0.107876, 0.107881, 0.108013, 0.108445, 0.108448, 0.108494, 0.108539, 0.108788, 0.109447, 0.109776, 0.109845, 0.110076, 0.110475, 0.110629, 0.110877, 0.1109, 0.110925, 0.111088, 0.111118, 0.111147, 0.111174, 0.111486, 0.111609, 0.111877, 0.112078, 0.112318, 0.112332, 0.112632, 0.112749, 0.113059, 0.113302, 0.113322, 0.11358, 0.113594, 0.113795, 0.113859, 0.113954, 0.114001, 0.11438, 0.114394, 0.114943, 0.115045, 0.115365, 0.115634, 0.115939, 0.116041, 0.116326, 0.116456, 0.116486, 0.116648, 0.116813, 0.117135, 0.117152, 0.117248, 0.117321, 0.117394, 0.117486, 0.117639, 0.117793, 0.118313, 0.118449, 0.118724, 0.118861, 0.119278, 0.119672, 0.119852, 0.120043, 0.120185, 0.120593, 0.121204, 0.121217, 0.121586, 0.121719, 0.121861, 0.121905, 0.122264, 0.122552, 0.122609, 0.122722, 0.122761, 0.122762, 0.122912, 0.122959,