{"sigma_r": 2.3939, "sigma_i": 1.8292, "m": 3, "seed": 247497253, "n_k": {"1": 4251, "2": 917, "3": 178, "4": 22, "5": 4, "6+": 0}, "dlogr": [0.000188, 0.000571, 0.000624, 0.000625, 0.00084, 0.001143, 0.001148, 0.00135, 0.001709, 0.001896, 0.002007, 0.002368, 0.002931, 0.003036, 0.00311, 0.003387, 0.003581, 0.003758, 0.00393, 0.004072, 0.004187, 0.004449, 0.004465, 0.004553, 0.004719, 0.004856, 0.00488, 0.004907, 0.005037, 0.005044, 0.005069, 0.005584, 0.005764, 0.005988, 0.005989, 0.006105, 0.006338, 0.00671, 0.006715, 0.006991, 0.007119, 0.007294, 0.007494, 0.007779, 0.007895, 0.007994, 0.00843, 0.00859, 0.008668, 0.008674, 0.009006, 0.009493, 0.009683, 0.009696, 0.009703, 0.009812, 0.009889, 0.009979, 0.010022, 0.01025, 0.010397, 0.010526, 0.01065, 0.010927, 0.011051, 0.011153, 0.011478, 0.011756, 0.012111, 0.01213, 0.012137, 0.012425, 0.012501, 0.012616, 0.012794, 0.013072, 0.013086, 0.013168, 0.014278, 0.014302, 0.014517, 0.014902, 0.015381, 0.015474, 0.01606, 0.016515, 0.016681, 0.016683, 0.016801, 0.01706, 0.017191, 0.017266, 0.01738, 0.017668, 0.017718, 0.017764, 0.017806, 0.017889, 0.018036, 0.018152, 0.018629, 0.018764, 0.018927, 0.019508, 0.019798, 0.019813, 0.020149, 0.020166, 0.020378, 0.02066, 0.020809, 0.020864, 0.020972, 0.021075, 0.021315, 0.021713, 0.021721, 0.022525, 0.022653, 0.022715, 0.022883, 0.023286, 0.02346, 0.023576, 0.023736, 0.024013, 0.024129, 0.02464, 0.024749, 0.024803, 0.024838, 0.024991, 0.025422, 0.025788, 0.025804, 0.025906, 0.025926, 0.026311, 0.026456, 0.026509, 0.026527, 0.027514, 0.027621, 0.027682, 0.028062, 0.028165, 0.028277, 0.028292, 0.028389, 0.028814, 0.028932, 0.028978, 0.029018, 0.02903, 0.029199, 0.02927, 0.029754, 0.030042, 0.030448, 0.030488, 0.031313, 0.031399, 0.031438, 0.032177, 0.032251, 0.032377, 0.032562, 0.03264, 0.032995, 0.033354, 0.033394, 0.033795, 0.034011, 0.034641, 0.03469, 0.034743, 0.034894, 0.035004, 0.035818, 0.0359, 0.036256, 0.036293, 0.036398, 0.0369, 0.037626, 0.037717, 0.037886, 0.037899, 0.037969, 0.038317, 0.038411, 0.038726, 0.038896, 0.039381, 0.0396, 0.039703, 0.039772, 0.039886, 0.040084, 0.040137, 0.04015, 0.040198, 0.04048, 0.040757, 0.040807, 0.040871, 0.040904, 0.04098, 0.041245, 0.041284, 0.041352, 0.04138, 0.04152, 0.041706, 0.041766, 0.041806, 0.041994, 0.042023, 0.042132, 0.042373, 0.042728, 0.04344, 0.043571, 0.043923, 0.044123, 0.044208, 0.044242, 0.044608, 0.04463, 0.044641, 0.044838, 0.044936, 0.046051, 0.046099, 0.046325, 0.04637, 0.046389, 0.046529, 0.046613, 0.046668, 0.04703, 0.047174, 0.047207, 0.047398, 0.047549, 0.047585, 0.047698, 0.047699, 0.047889, 0.048184, 0.048457, 0.048489, 0.04857, 0.048617, 0.048763, 0.049007, 0.049046, 0.049463, 0.049516, 0.049528, 0.050075, 0.050217, 0.050305, 0.05033, 0.050586, 0.051092, 0.051191, 0.051357, 0.051419, 0.051469, 0.051573, 0.051786, 0.051915, 0.052324, 0.05271, 0.053008, 0.053041, 0.05338, 0.053673, 0.053765, 0.053845, 0.053904, 0.055993, 0.056226, 0.05742, 0.057491, 0.057616, 0.058086, 0.058121, 0.058382, 0.058386, 0.058621, 0.058894, 0.059278, 0.059395, 0.059509, 0.059731, 0.059992, 0.061163, 0.06119, 0.061387, 0.061496, 0.061527, 0.061925, 0.06251, 0.062773, 0.062827, 0.062978, 0.063419, 0.063642, 0.064455, 0.064529, 0.0646, 0.064652, 0.064724, 0.064743, 0.064965, 0.065594, 0.065928, 0.065936, 0.066583, 0.067718, 0.067953, 0.068082, 0.068256, 0.06833, 0.068526, 0.069187, 0.069253, 0.069452, 0.069799, 0.069945, 0.070472, 0.070635, 0.071052, 0.071369, 0.071488, 0.071803, 0.072133, 0.07227, 0.072453, 0.07278, 0.073356, 0.073848, 0.073849, 0.073909, 0.073975, 0.073975, 0.074292, 0.074318, 0.074345, 0.074513, 0.074685, 0.075135, 0.075283, 0.075588, 0.075913, 0.07596, 0.076, 0.076279, 0.076582, 0.076613, 0.077273, 0.077639, 0.077993, 0.078011, 0.078099, 0.078192, 0.078495, 0.079082, 0.079106, 0.079448, 0.079471, 0.07968, 0.079711, 0.080079, 0.080107, 0.080173, 0.080232, 0.080499, 0.081108, 0.081182, 0.081362, 0.081412, 0.081697, 0.082393, 0.082516, 0.082564, 0.08261, 0.082796, 0.082835, 0.083097, 0.083234, 0.083434, 0.083448, 0.083931, 0.084009, 0.084084, 0.084174, 0.084361, 0.084762, 0.084914, 0.085182, 0.085889, 0.086041, 0.086269, 0.08658, 0.087107, 0.087113, 0.087182, 0.087405, 0.087732, 0.087902, 0.088388, 0.088512, 0.089214, 0.089485, 0.090164, 0.090167, 0.090427, 0.090541, 0.090877, 0.09187, 0.092241, 0.092393, 0.093025, 0.093168, 0.093181, 0.093334, 0.093541, 0.094009, 0.094529, 0.094607, 0.094919, 0.095281, 0.095899, 0.096565, 0.096988, 0.097087, 0.097423, 0.097986, 0.098091, 0.098146, 0.09817, 0.098727, 0.098823, 0.098975, 0.099117, 0.099127, 0.099382, 0.099716, 0.099833, 0.09996, 0.100178, 0.100474, 0.100897, 0.101108, 0.101204, 0.101344, 0.101778, 0.101967, 0.102357, 0.102386, 0.102441, 0.102518, 0.102996, 0.10306, 0.103543, 0.103981, 0.104286, 0.104601, 0.105379, 0.105992, 0.106217, 0.106314, 0.106475, 0.106509, 0.107144, 0.107313, 0.107406, 0.107544, 0.107582, 0.107934, 0.108007, 0.108269, 0.108346, 0.108391, 0.108409, 0.108525, 0.108798, 0.108836, 0.109152, 0.109234, 0.109345, 0.109636, 0.109731, 0.109735, 0.109863, 0.109937, 0.11018, 0.110361, 0.110413, 0.110611, 0.110753, 0.110895, 0.111126, 0.11123, 0.111234, 0.11168, 0.112514, 0.112525, 0.113561, 0.114028, 0.11443, 0.115242, 0.115556, 0.115627, 0.116041, 0.116804, 0.117211, 0.117235, 0.117261, 0.117518, 0.117529, 0.117565, 0.117599, 0.117603, 0.117611, 0.117763, 0.117833, 0.118341, 0.118489, 0.118711, 0.119207, 0.119212, 0.119977, 0.120126, 0.120359, 0.120518, 0.120524, 0.120655, 0.120768, 0.120773, 0.120959, 0.121015, 0.121465, 0.121571, 0.121859, 0.122314, 0.122769, 0.122916, 0.12298, 0.123193, 0.123539, 0.123706, 0.123826, 0.123922, 0.12421, 0.124398, 0.124569, 0.125088, 0.125133, 0.12523, 0.125231, 0.125817, 0.125915, 0.126113, 0.126229, 0.126539, 0.126818, 0.126996, 0.12704, 0.127174, 0.127358, 0.127458, 0.127626, 0.128262, 0.128915, 0.129173, 0.129462, 0.130184, 0.130184, 0.130364, 0.130365, 0.130451, 0.130881, 0.131178, 0.131192, 0.131479, 0.131664, 0.131977, 0.132252, 0.132772, 0.132868, 0.133066, 0.133149, 0.133391, 0.133403, 0.133615, 0.133634, 0.133705, 0.133772, 0.133879, 0.134369, 0.134805, 0.134897, 0.134903, 0.135169, 0.135989, 0.136197, 0.136472, 0.137656, 0.137662, 0.138046, 0.138355, 0.138551, 0.138562, 0.139056, 0.140344, 0.141069, 0.141176, 0.141964, 0.142011, 0.142314, 0.142335, 0.142717, 0.142779, 0.1432, 0.143289, 0.14349, 0.143586, 0.143869, 0.143938, 0.144, 0.144345, 0.144473, 0.144559, 0.145538, 0.146024, 0.146128, 0.146144, 0.146186, 0.146203, 0.147211, 0.147708, 0.148241, 0.148555, 0.148791, 0.149106, 0.150474, 0.151297, 0.151735, 0.152106, 0.152113, 0.152241, 0.15242, 0.15265, 0.153716, 0.15408, 0.154204, 0.154846, 0.155032, 0.155172, 0.155638, 0.155929, 0.15623, 0.156236, 0.156443, 0.156527, 0.156623, 0.156818, 0.156903, 0.157119, 0.157172, 0.157724, 0.158038, 0.158059, 0.158065, 0.158148, 0.158212, 0.158444, 0.158907, 0.160347, 0.160669, 0.161044, 0.161381, 0.161788, 0.162311, 0.162377, 0.162476, 0.16263, 0.162913, 0.164122, 0.164913, 0.165615, 0.165723, 0.166561, 0.166819, 0.166849, 0.167288, 0.16735, 0.16739, 0.167829, 0.168781, 0.168783, 0.168991, 0.169506, 0.170481, 0.171221, 0.171505, 0.173057, 0.17309, 0.17342, 0.173572, 0.173626, 0.174096, 0.174107, 0.174313, 0.174515, 0.175489, 0.175912, 0.176122, 0.176397, 0.176498, 0.176726, 0.177026, 0.177058, 0.177116, 0.177673, 0.178578, 0.179253, 0.179599, 0.179928, 0.180266, 0.18054, 0.180542, 0.181297, 0.181916, 0.18204, 0.182148, 0.182349, 0.182424, 0.182497, 0.182847, 0.183227, 0.184106, 0.184242, 0.18426, 0.184753, 0.185774, 0.186309, 0.186318, 0.18716, 0.187253, 0.187276, 0.187442, 0.1888, 0.189211, 0.1895, 0.189677, 0.190193, 0.190233, 0.19052, 0.190903, 0.191791, 0.192256, 0.193207, 0.193547, 0.194111, 0.194477, 0.194481, 0.194582, 0.1949, 0.19492, 0.195691, 0.195713, 0.195718, 0.195882, 0.195947, 0.196117, 0.196185, 0.197026, 0.197155, 0.19748, 0.197495, 0.198532, 0.198857, 0.199373, 0.200413, 0.201425, 0.201919, 0.203388, 0.203398, 0.203414, 0.204268, 