{"sigma_r": 2.3939, "sigma_i": 0.3271, "m": 6, "seed": 1470528476, "n_k": {"1": 3792, "2": 935, "3": 293, "4": 63, "5": 8, "6+": 9}, "dlogr": [0.0, 0.000212, 0.000269, 0.000304, 0.000448, 0.000499, 0.000561, 0.00065, 0.000862, 0.001145, 0.001192, 0.001236, 0.001247, 0.001715, 0.001926, 0.001959, 0.002507, 0.002633, 0.002657, 0.002704, 0.003197, 0.00348, 0.003501, 0.003501, 0.003592, 0.00383, 0.003968, 0.004106, 0.004443, 0.005022, 0.005029, 0.005387, 0.005727, 0.005973, 0.006201, 0.006257, 0.006268, 0.006366, 0.006582, 0.006649, 0.006744, 0.006861, 0.00709, 0.007191, 0.007256, 0.007319, 0.007321, 0.007378, 0.007453, 0.007467, 0.007473, 0.007785, 0.007843, 0.007858, 0.008161, 0.008517, 0.008637, 0.008679, 0.008681, 0.009103, 0.009394, 0.009406, 0.009806, 0.009916, 0.010153, 0.010214, 0.010324, 0.010733, 0.011014, 0.01115, 0.011424, 0.011528, 0.011733, 0.012425, 0.012504, 0.013316, 0.013797, 0.01388, 0.013907, 0.01398, 0.014057, 0.014331, 0.014745, 0.014824, 0.015066, 0.015084, 0.015519, 0.015522, 0.01557, 0.015592, 0.015729, 0.015926, 0.016102, 0.016168, 0.016362, 0.016584, 0.016771, 0.016864, 0.017114, 0.017221, 0.017501, 0.01775, 0.018009, 0.018485, 0.018687, 0.018878, 0.018946, 0.018952, 0.019037, 0.019104, 0.019141, 0.019158, 0.019174, 0.019363, 0.019545, 0.019622, 0.019725, 0.019856, 0.019884, 0.019918, 0.020016, 0.020059, 0.020218, 0.020322, 0.020491, 0.020559, 0.020723, 0.020851, 0.021315, 0.02136, 0.021654, 0.021895, 0.022012, 0.022019, 0.022025, 0.022205, 0.022345, 0.022402, 0.022696, 0.023147, 0.023166, 0.023579, 0.023709, 0.023739, 0.023753, 0.024002, 0.024024, 0.024257, 0.02446, 0.024635, 0.024643, 0.02497, 0.025003, 0.025071, 0.025325, 0.025386, 0.025854, 0.026244, 0.02661, 0.026706, 0.026838, 0.026839, 0.027302, 0.027593, 0.027611, 0.028433, 0.028655, 0.02874, 0.028829, 0.028901, 0.029019, 0.029055, 0.029061, 0.029071, 0.029223, 0.029325, 0.029685, 0.029734, 0.029784, 0.029804, 0.029848, 0.029937, 0.029959, 0.030065, 0.030155, 0.030255, 0.030304, 0.030337, 0.030458, 0.03051, 0.030637, 0.03082, 0.030828, 0.031087, 0.031185, 0.03141, 0.031658, 0.031863, 0.031911, 0.032234, 0.032602, 0.032731, 0.032958, 0.032966, 0.033115, 0.033401, 0.033521, 0.03354, 0.034034, 0.034182, 0.034222, 0.034411, 0.03452, 0.034666, 0.03484, 0.035039, 0.035051, 0.035178, 0.035187, 0.035608, 0.035815, 0.036039, 0.036163, 0.036219, 0.036309, 0.036363, 0.036386, 0.03639, 0.036433, 0.03658, 0.036597, 0.036767, 0.037027, 0.03713, 0.037192, 0.037688, 0.037717, 0.037785, 0.037962, 0.038036, 0.03809, 0.038135, 0.038266, 0.038396, 0.038487, 0.038641, 0.038754, 0.038901, 0.038967, 0.039029, 0.039133, 0.039171, 0.039352, 0.039363, 0.039418, 0.039588, 0.039641, 0.039975, 0.040129, 0.04018, 0.040611, 0.04088, 0.041584, 0.041881, 0.042047, 0.042269, 0.0423, 0.042484, 0.042613, 0.042681, 0.042851, 0.042897, 0.043153, 0.043332, 0.043584, 0.043637, 0.043787, 0.044225, 0.044319, 0.044348, 0.044523, 0.0447, 0.044707, 0.04474, 0.044859, 0.045264, 0.045314, 0.045383, 0.045413, 0.045655, 0.045857, 0.046139, 0.04614, 0.046691, 0.046691, 0.046713, 0.047392, 0.0475, 0.047553, 0.047856, 0.048166, 0.048293, 0.048358, 0.048426, 0.048539, 0.049298, 0.049347, 0.049355, 0.049371, 0.04957, 0.049594, 0.049803, 0.049831, 0.050067, 0.050156, 0.050785, 0.050909, 0.051448, 0.05167, 0.051672, 0.051672, 0.051846, 0.051927, 0.051957, 0.052137, 0.052334, 0.052378, 0.052456, 0.052715, 0.052754, 0.052782, 0.052967, 0.053039, 0.053284, 0.053475, 0.053637, 0.054132, 0.054611, 0.054761, 0.054809, 0.055039, 0.055128, 0.05517, 0.055409, 0.055479, 0.055788, 0.056062, 0.056096, 0.056105, 0.056524, 0.056621, 0.056639, 0.056678, 0.056727, 0.056904, 0.05692, 0.057319, 0.057354, 0.05755, 0.057636, 0.057707, 0.058455, 0.058583, 0.058675, 0.058676, 0.058775, 0.05881, 0.05906, 0.059149, 0.059238, 0.059378, 0.059616, 0.059796, 0.060071, 0.060087, 0.060159, 0.060976, 0.061137, 0.061166, 0.061181, 0.061431, 0.061537, 0.061593, 0.061809, 0.061894, 0.062178, 0.062332, 0.06266, 0.063201, 0.063461, 0.063518, 0.063612, 0.063656, 0.063733, 0.063836, 0.063887, 0.064, 0.064012, 0.064179, 0.064256, 0.064276, 0.064587, 0.064819, 0.065183, 0.065397, 0.065853, 0.066314, 0.06672, 0.06682, 0.067004, 0.06722, 0.067306, 0.067404, 0.067517, 0.067534, 0.067626, 0.067713, 0.067774, 0.067982, 0.068083, 0.068094, 0.068288, 0.069386, 0.069573, 0.069614, 0.06981, 0.069812, 0.06992, 0.070115, 0.07067, 0.070997, 0.071101, 0.071152, 0.071507, 0.07161, 0.071737, 0.071752, 0.072133, 0.072578, 0.072756, 0.072871, 0.072975, 0.073198, 0.073732, 0.073982, 0.074229, 0.074346, 0.074558, 0.07458, 0.074582, 0.074795, 0.075016, 0.075296, 0.075354, 0.075438, 0.075603, 0.075646, 0.076536, 0.076544, 0.076602, 0.076888, 0.077534, 0.07776, 0.077813, 0.077999, 0.078042, 0.078214, 0.078235, 0.078332, 0.078356, 0.078699, 0.079036, 0.079175, 0.079323, 0.079565, 0.079578, 0.079941, 0.080265, 0.080345, 0.080518, 0.080671, 0.080802, 0.080855, 0.081011, 0.08122, 0.081255, 0.081363, 0.081606, 0.081655, 0.082133, 0.082264, 0.08228, 0.082394, 0.082451, 0.082697, 0.082817, 0.083398, 0.083448, 0.083589, 0.083611, 0.083992, 0.084042, 0.08406, 0.084067, 0.084069, 0.084131, 0.084281, 0.084307, 0.084382, 0.084399, 0.084464, 0.085166, 0.085381, 0.085652, 0.085792, 0.085911, 0.08606, 0.086077, 0.086131, 0.086223, 0.086318, 0.086359, 0.086431, 0.086489, 0.086723, 0.08723, 0.087257, 0.087345, 0.087923, 0.088208, 0.088231, 0.088507, 0.088517, 0.088541, 0.088601, 0.088781, 0.08901, 0.089037, 0.089186, 0.089217, 0.089426, 0.089767, 0.089821, 0.089991, 0.090098, 0.09024, 0.090343, 0.090354, 0.090404, 0.090534, 0.090805, 0.090852, 0.091061, 0.091352, 0.091612, 0.091698, 0.091775, 0.091776, 0.091778, 0.091873, 0.091881, 0.092286, 0.092404, 0.092472, 0.092706, 0.093969, 0.094014, 0.094081, 0.09437, 0.094774, 0.094839, 0.09486, 0.095352, 0.095387, 0.096411, 0.097101, 0.097641, 0.097713, 0.097893, 0.097986, 0.098248, 0.098633, 0.099305, 0.0995, 0.099549, 0.099859, 0.100176, 0.100181, 0.100597, 0.100732, 0.100971, 0.101233, 0.10127, 0.101335, 0.101445, 0.101821, 0.102424, 0.102626, 0.103241, 0.103988, 0.104175, 0.104454, 0.104572, 0.104754, 0.104841, 0.104911, 0.105502, 0.105587, 0.105615, 0.105994, 0.106128, 0.10613, 0.106259, 0.106758, 0.107109, 0.107337, 0.107412, 0.10781, 0.108, 0.108423, 0.108661, 0.10931, 0.109776, 0.11007, 0.110257, 0.110542, 0.110646, 0.110718, 0.110908, 0.110913, 0.111178, 0.111287, 0.11157, 0.111757, 0.112304, 0.112632, 0.113431, 0.113514, 0.113522, 0.114098, 0.114322, 0.114652, 0.114707, 0.114962, 0.115084, 0.115421, 0.115444, 0.115487, 0.115505, 0.115615, 0.115803, 0.116811, 0.117221, 0.11741, 0.117541, 0.117568, 0.117795, 0.118029, 0.118329, 0.118367, 0.11906, 0.119427, 0.119609, 0.119664, 0.119706, 0.119831, 0.119894, 0.119928, 0.120056, 0.120716, 0.120874, 0.121083, 0.121324, 0.121556, 0.121609, 0.121892, 0.122456, 0.122882, 0.123113, 0.123117, 0.1238, 0.123831, 0.123967, 0.124152, 0.124514, 0.125015, 0.125159, 0.125416, 0.125478, 0.125621, 0.125679, 0.125735, 0.125758, 0.126274, 0.126434, 0.126657, 0.127171, 0.127196, 0.127391, 0.1274, 0.127539, 0.127552, 0.127566, 0.127618, 0.12808, 0.128087, 0.128218, 0.128545, 0.129096, 0.129137, 0.129231, 0.129255, 0.129422, 0.129729, 0.129814, 0.129864, 0.130564, 0.130857, 0.131115, 0.131368, 0.131386, 0.131658, 0.131727, 0.131997, 0.132201, 0.132331, 0.133149, 0.133151, 0.133182, 0.133278, 0.133359, 0.133479, 0.133514, 0.133636, 0.133644, 0.134022, 0.134376, 0.134708, 0.135183, 0.135258, 0.13528, 0.135342, 0.13562, 0.135791, 0.135911, 0.136406, 0.136449, 0.136642, 0.13672, 0.136858, 0.136906, 0.13691, 0.136927, 0.136954, 0.136984, 0.137217, 0.137256, 0.137551, 0.137725, 0.138137, 0.138688, 0.138926, 0.139137, 0.139225, 0.139364, 0.140206, 0.140687, 0.140942, 0.141816, 0.142082, 0.142345, 0.14247, 0.143126, 0.143185, 0.143395, 0.143658, 0.143968, 0.144026, 0.144288, 0.144407, 0.144902, 0.145015, 0.145069, 0.145276, 0.145389, 0.145521, 0.145523, 0.145838, 0.14619, 0.146218, 0.146354, 0.146373, 0.146425, 0.146606, 0.146627,