{"sigma_r": 1.5244, "sigma_i": 0.2, "m": 7, "seed": 3236687395, "n_k": {"1": 3663, "2": 899, "3": 279, "4": 77, "5": 24, "6+": 3}, "dlogr": [0.000343, 0.000385, 0.000432, 0.000451, 0.000689, 0.000782, 0.000889, 0.001239, 0.00136, 0.001397, 0.001792, 0.001799, 0.001954, 0.001959, 0.001982, 0.002014, 0.002111, 0.002479, 0.002565, 0.002672, 0.002786, 0.002868, 0.00301, 0.003209, 0.003279, 0.003468, 0.003645, 0.003704, 0.004457, 0.004469, 0.005015, 0.00503, 0.005156, 0.005184, 0.005276, 0.005303, 0.005523, 0.005655, 0.00572, 0.005731, 0.005748, 0.005749, 0.005815, 0.00583, 0.005835, 0.00584, 0.005989, 0.006013, 0.006245, 0.006406, 0.006434, 0.0067, 0.00694, 0.007104, 0.00715, 0.007216, 0.007601, 0.008028, 0.008084, 0.008085, 0.008104, 0.008129, 0.008409, 0.008463, 0.008761, 0.009335, 0.009446, 0.009562, 0.009563, 0.009611, 0.009822, 0.010147, 0.010158, 0.01019, 0.010295, 0.01039, 0.01051, 0.010586, 0.010593, 0.010619, 0.010734, 0.010877, 0.010889, 0.010988, 0.011132, 0.011633, 0.01212, 0.01212, 0.012401, 0.012618, 0.012715, 0.012989, 0.013094, 0.0133, 0.013359, 0.013404, 0.013425, 0.013596, 0.013618, 0.013747, 0.013956, 0.014006, 0.014183, 0.014355, 0.014687, 0.014712, 0.015016, 0.015048, 0.015232, 0.0154, 0.015619, 0.01567, 0.015837, 0.015917, 0.015947, 0.016013, 0.016092, 0.016242, 0.016369, 0.016686, 0.016743, 0.016831, 0.016893, 0.016942, 0.017847, 0.017936, 0.018457, 0.018462, 0.018708, 0.018799, 0.018834, 0.019134, 0.01914, 0.019154, 0.019354, 0.019771, 0.019836, 0.01992, 0.019993, 0.020033, 0.020121, 0.020185, 0.020237, 0.020366, 0.020778, 0.020883, 0.020932, 0.021089, 0.021388, 0.021408, 0.02166, 0.021953, 0.022098, 0.022314, 0.022325, 0.022436, 0.022984, 0.023, 0.023059, 0.023119, 0.023141, 0.023353, 0.023616, 0.02368, 0.024004, 0.024089, 0.024464, 0.024672, 0.024714, 0.024797, 0.0248, 0.025177, 0.025399, 0.025418, 0.025441, 0.025805, 0.026046, 0.026053, 0.026149, 0.026409, 0.026623, 0.026685, 0.026977, 0.027023, 0.0272, 0.027531, 0.027915, 0.027953, 0.028365, 0.028446, 0.028696, 0.028749, 0.029058, 0.029079, 0.029389, 0.029504, 0.029537, 0.029993, 0.030051, 0.030221, 0.030497, 0.030648, 0.030705, 0.030746, 0.031042, 0.031053, 0.031198, 0.031319, 0.031375, 0.031381, 0.03173, 0.031818, 0.032445, 0.032488, 0.032544, 0.032604, 0.032627, 0.032814, 0.033105, 0.03325, 0.033427, 0.03345, 0.033484, 0.033778, 0.033826, 0.033914, 0.034009, 0.034067, 0.034504, 0.034552, 0.034581, 0.034611, 0.034685, 0.034859, 0.035251, 0.035252, 0.035288, 0.035392, 0.035402, 0.035495, 0.035511, 0.035517, 0.035548, 0.035803, 0.03591, 0.035988, 0.036055, 0.036801, 0.037183, 0.037193, 0.037339, 0.037478, 0.037703, 0.037787, 0.038109, 0.038196, 0.038252, 0.038984, 0.039261, 0.039313, 0.039415, 0.039432, 0.039509, 0.039538, 0.039544, 0.040045, 0.040112, 0.040174, 0.040487, 0.040796, 0.041132, 0.041197, 0.041344, 0.041396, 0.041469, 0.041585, 0.041586, 0.04181, 0.041869, 0.04195, 0.042445, 0.04247, 0.042598, 0.043047, 0.043181, 0.043305, 0.04332, 0.043398, 0.043529, 0.043533, 0.04362, 0.043624, 0.043667, 0.043758, 0.043979, 0.044366, 0.044544, 0.044551, 0.044825, 0.044865, 0.044961, 0.044986, 0.045077, 0.045375, 0.045716, 0.045888, 0.046128, 0.046408, 0.046484, 0.046888, 0.04745, 0.04751, 0.04753, 0.04772, 0.048307, 0.048393, 0.04858, 0.048614, 0.048736, 0.048837, 0.048847, 0.048886, 0.048982, 0.048992, 0.049152, 0.049682, 0.049751, 0.049943, 0.049949, 0.050166, 0.050241, 0.050487, 0.050508, 0.050532, 0.050591, 0.050644, 0.051032, 0.051093, 0.051144, 0.051223, 0.051296, 0.051449, 0.051501, 0.051716, 0.051834, 0.05207, 0.05219, 0.052194, 0.05266, 0.052699, 0.052763, 0.05327, 0.053326, 0.053333, 0.053383, 0.05342, 0.053647, 0.053923, 0.054299, 0.054446, 0.054456, 0.05473, 0.054747, 0.05495, 0.055063, 0.055139, 0.055409, 0.055889, 0.055966, 0.056261, 0.056763, 0.057043, 0.057097, 0.057377, 0.057685, 0.057704, 0.057911, 0.057929, 0.057977, 0.058207, 0.058578, 0.058703, 0.058805, 0.058873, 0.059006, 0.059151, 0.059176, 0.059282, 0.059704, 0.059824, 0.059867, 0.060025, 0.060107, 0.060769, 0.06086, 0.061223, 0.06132, 0.061341, 0.061371, 0.061459, 0.061528, 0.061626, 0.061752, 0.061785, 0.061862, 0.062157, 0.062272, 0.062363, 0.062462, 0.062634, 0.062766, 0.062807, 0.062971, 0.063541, 0.063555, 0.063965, 0.063966, 0.064087, 0.064119, 0.064489, 0.06453, 0.064547, 0.064674, 0.065077, 0.065183, 0.065245, 0.065558, 0.065573, 0.065704, 0.065765, 0.065965, 0.066138, 0.066468, 0.066957, 0.067484, 0.067492, 0.067527, 0.067535, 0.067653, 0.067753, 0.068091, 0.068165, 0.068276, 0.068706, 0.068749, 0.068852, 0.068888, 0.069574, 0.069924, 0.070073, 0.07013, 0.070204, 0.070288, 0.070567, 0.070647, 0.070782, 0.071064, 0.071121, 0.071187, 0.071251, 0.071352, 0.071538, 0.072009, 0.072211, 0.072222, 0.072259, 0.07229, 0.072488, 0.072561, 0.072578, 0.07271, 0.072851, 0.073108, 0.073472, 0.073509, 0.073651, 0.073736, 0.073995, 0.074124, 0.074163, 0.074206, 0.074525, 0.074558, 0.074814, 0.074891, 0.075016, 0.07548, 0.075779, 0.075819, 0.075864, 0.075943, 0.076376, 0.076638, 0.076651, 0.076708, 0.076768, 0.076913, 0.077747, 0.077939, 0.077997, 0.078361, 0.078408, 0.078541, 0.078609, 0.07884, 0.079073, 0.079082, 0.079294, 0.079491, 0.079511, 0.079665, 0.079936, 0.079952, 0.079962, 0.080074, 0.08022, 0.080622, 0.080824, 0.080859, 0.081309, 0.081537, 0.081658, 0.081846, 0.081932, 0.081936, 0.081969, 0.08207, 0.082088, 0.082196, 0.082278, 0.082359, 0.082565, 0.083107, 0.083193, 0.083384, 0.083451, 0.083728, 0.084043, 0.084219, 0.084332, 0.084415, 0.084436, 0.084545, 0.084616, 0.085346, 0.085567, 0.085634, 0.085637, 0.085653, 0.085874, 0.085967, 0.086018, 0.086268, 0.086466, 0.086512, 0.086573, 0.087038, 0.087048, 0.087196, 0.087543, 0.087867, 0.088528, 0.088608, 0.088622, 0.088638, 0.088701, 0.088702, 0.089299, 0.089346, 0.08942, 0.089527, 0.089581, 0.089635, 0.089742, 0.090294, 0.090349, 0.090396, 0.090719, 0.090884, 0.091176, 0.091351, 0.091803, 0.09183, 0.091939, 0.09226, 0.092363, 0.092494, 0.092552, 0.092559, 0.092741, 0.0931, 0.093261, 0.093536, 0.093609, 0.093894, 0.093994, 0.09409, 0.094125, 0.094231, 0.094333, 0.094496, 0.09461, 0.094853, 0.095116, 0.095259, 0.09533, 0.095633, 0.095837, 0.096575, 0.096585, 0.096616, 0.096846, 0.097001, 0.097099, 0.097135, 0.09776, 0.098346, 0.098384, 0.098545, 0.098652, 0.098881, 0.098942, 0.099155, 0.099185, 0.099294, 0.099492, 0.099554, 0.099559, 0.099565, 0.099642, 0.099711, 0.10037, 0.100408, 0.100515, 0.100537, 0.100901, 0.100948, 0.100995, 0.101493, 0.101876, 0.101888, 0.101899, 0.102199, 0.102283, 0.102284, 0.102458, 0.102767, 0.102846, 0.103284, 0.103688, 0.10373, 0.103759, 0.103885, 0.103914, 0.10423, 0.104255, 0.104288, 0.104399, 0.104408, 0.104451, 0.104927, 0.105091, 0.105251, 0.105438, 0.105531, 0.105645, 0.105853, 0.105989, 0.106158, 0.106253, 0.10665, 0.106709, 0.106754, 0.106914, 0.106932, 0.107043, 0.107289, 0.107423, 0.107669, 0.107917, 0.108555, 0.108615, 0.108903, 0.108974, 0.109069, 0.109107, 0.109482, 0.109827, 0.109835, 0.109881, 0.110083, 0.110298, 0.110337, 0.110566, 0.110648, 0.110903, 0.111419, 0.111504, 0.111534, 0.111809, 0.112508, 0.113411, 0.113425, 0.113427, 0.113829, 0.11392, 0.114136, 0.114316, 0.114627, 0.115268, 0.115394, 0.115455, 0.115484, 0.115573, 0.115722, 0.116011, 0.11618, 0.1165, 0.116531, 0.116581, 0.117347, 0.117701, 0.118025, 0.118243, 0.118361, 0.118377, 0.118817, 0.118843, 0.119007, 0.11927, 0.119413, 0.119523, 0.119894, 0.120127, 0.120291, 0.120972, 0.121212, 0.121388, 0.12139, 0.12142, 0.121567, 0.122086, 0.122127, 0.122487, 0.122808, 0.122934, 0.123838, 0.124196, 0.124229, 0.124315, 0.125116, 0.125209, 0.12555, 0.12579, 0.12586, 0.125936, 0.125995, 0.126151, 0.126166, 0.126362, 0.126443, 0.126509, 0.126567, 0.126577, 0.126731, 0.126758, 0.126833, 0.127039, 0.12734, 0.127402, 0.127448, 0.127892, 0.127995, 0.128032, 0.128051, 0.128495, 0.128497, 0.129078, 0.129184, 0.129253, 0.129293, 0.129321, 0.129373, 0.129568, 0.129602, 0.129678, 0.129818, 0.130193, 0.130337, 0.130549, 0.130556, 0.130907, 0.131049, 0.131083, 