{"sigma_r": 0.9707, "sigma_i": 0.3271, "m": 4, "seed": 1173316625, "n_k": {"1": 3666, "2": 933, "3": 265, "4": 74, "5": 20, "6+": 5}, "dlogr": [0.0, 0.0, 0.0, 0.0, 0.0, 0.0, 6.5e-05, 0.000298, 0.000342, 0.000392, 0.000432, 0.000514, 0.000552, 0.000578, 0.000619, 0.000846, 0.000887, 0.001061, 0.001216, 0.001393, 0.001526, 0.001583, 0.001718, 0.001745, 0.001852, 0.002333, 0.002491, 0.002667, 0.002844, 0.003053, 0.0031, 0.003333, 0.003475, 0.003612, 0.003627, 0.003726, 0.003905, 0.004143, 0.004206, 0.004229, 0.004245, 0.004418, 0.004432, 0.004483, 0.004651, 0.004655, 0.00469, 0.004779, 0.004835, 0.004915, 0.004975, 0.005094, 0.005382, 0.005396, 0.005397, 0.005555, 0.005591, 0.005631, 0.005719, 0.005831, 0.00599, 0.006035, 0.006291, 0.006351, 0.0066, 0.006742, 0.006906, 0.006973, 0.00702, 0.007034, 0.007085, 0.007327, 0.007383, 0.007385, 0.007413, 0.007489, 0.008209, 0.008234, 0.008241, 0.008579, 0.008646, 0.008893, 0.00894, 0.008963, 0.009491, 0.009578, 0.009704, 0.009757, 0.009783, 0.00989, 0.009906, 0.009953, 0.010209, 0.010232, 0.010433, 0.010534, 0.010595, 0.01075, 0.011005, 0.011239, 0.011301, 0.011609, 0.011685, 0.011751, 0.011846, 0.011852, 0.011853, 0.012151, 0.012154, 0.012229, 0.012265, 0.012288, 0.012375, 0.012839, 0.012931, 0.013244, 0.013437, 0.01345, 0.013526, 0.013704, 0.013713, 0.013725, 0.013825, 0.01391, 0.014115, 0.014174, 0.014247, 0.014366, 0.014375, 0.014382, 0.01442, 0.014443, 0.014748, 0.015046, 0.015094, 0.015315, 0.015319, 0.015758, 0.015793, 0.015972, 0.016127, 0.016345, 0.016503, 0.016518, 0.016919, 0.016984, 0.01708, 0.017236, 0.017238, 0.017246, 0.017288, 0.017423, 0.017452, 0.017618, 0.017876, 0.018032, 0.018109, 0.01822, 0.018258, 0.018387, 0.018576, 0.018621, 0.01874, 0.018778, 0.018956, 0.018988, 0.019297, 0.019297, 0.019309, 0.019389, 0.019562, 0.019571, 0.019834, 0.019842, 0.019995, 0.02004, 0.02022, 0.02025, 0.020412, 0.020752, 0.02076, 0.02085, 0.020919, 0.021163, 0.021258, 0.021339, 0.021403, 0.021411, 0.021545, 0.021576, 0.021725, 0.022279, 0.022303, 0.022309, 0.022435, 0.022445, 0.022658, 0.022786, 0.022851, 0.022978, 0.022997, 0.023026, 0.023071, 0.023124, 0.023269, 0.023283, 0.023901, 0.024413, 0.024473, 0.02479, 0.024961, 0.025003, 0.025374, 0.025516, 0.025526, 0.02555, 0.025862, 0.025889, 0.026085, 0.026335, 0.02676, 0.026774, 0.026915, 0.026984, 0.02718, 0.027289, 0.027478, 0.027585, 0.028013, 0.028188, 0.028197, 0.0283, 0.028518, 0.028543, 0.028597, 0.028634, 0.028644, 0.028686, 0.028707, 0.028722, 0.02881, 0.02889, 0.029188, 0.029349, 0.029461, 0.029697, 0.029784, 0.029816, 0.030055, 0.03025, 0.030499, 0.030502, 0.030528, 0.030836, 0.031105, 0.031164, 0.031445, 0.031764, 0.031852, 0.031911, 0.03193, 0.032073, 0.032103, 0.032201, 0.03229, 0.032625, 0.032671, 0.032882, 0.033027, 0.03315, 0.033317, 0.033431, 0.033442, 0.033517, 0.033536, 0.033749, 0.033799, 0.033807, 0.033908, 0.034133, 0.03416, 0.034406, 0.034802, 0.03485, 0.035049, 0.035102, 0.035122, 0.035154, 0.035179, 0.035362, 0.035612, 0.035645, 0.035715, 0.035759, 0.035811, 0.035963, 0.036059, 0.036086, 0.036272, 0.036734, 0.036817, 0.036859, 0.037079, 0.037093, 0.03719, 0.037208, 0.037273, 0.037395, 0.037583, 0.037622, 0.037807, 0.03789, 0.03806, 0.038791, 0.038899, 0.038951, 0.038977, 0.039004, 0.039021, 0.039037, 0.039088, 0.039135, 0.039191, 0.039209, 0.039244, 0.039474, 0.039484, 0.039508, 0.039572, 0.039669, 0.039855, 0.039896, 0.0399, 0.04026, 0.040326, 0.040391, 0.040399, 0.040424, 0.040786, 0.041, 0.041059, 0.041067, 0.041077, 0.041139, 0.041292, 0.041399, 0.041605, 0.041613, 0.041628, 0.042046, 0.042232, 0.042356, 0.042401, 0.04245, 0.042509, 0.042611, 0.042663, 0.042764, 0.042769, 0.042783, 0.04282, 0.042835, 0.042883, 0.043281, 0.043346, 0.043443, 0.043455, 0.043566, 0.043735, 0.043814, 0.043907, 0.0441, 0.044164, 0.044464, 0.044551, 0.044719, 0.044922, 0.045266, 0.045583, 0.04581, 0.04591, 0.046007, 0.046121, 0.046495, 0.046709, 0.046841, 0.047062, 0.047281, 0.047376, 0.04746, 0.047568, 0.04762, 0.047626, 0.047717, 0.048082, 0.048104, 0.048265, 0.048329, 0.048459, 0.04849, 0.048615, 0.048725, 0.048837, 0.048933, 0.049132, 0.049193, 0.049482, 0.049517, 0.049708, 0.049719, 0.049743, 0.049764, 0.049902, 0.050245, 0.050315, 0.050434, 0.050864, 0.051135, 0.051294, 0.051311, 0.051344, 0.051544, 0.051588, 0.051711, 0.051988, 0.052173, 0.052231, 0.052256, 0.052697, 0.052725, 0.052746, 0.052763, 0.052857, 0.052986, 0.053209, 0.053287, 0.053289, 0.053407, 0.053443, 0.053575, 0.053971, 0.053994, 0.05412, 0.054316, 0.05433, 0.054397, 0.054546, 0.054782, 0.055101, 0.055281, 0.055299, 0.055479, 0.055834, 0.055987, 0.056067, 0.056246, 0.056525, 0.056719, 0.056851, 0.05691, 0.056979, 0.05725, 0.057273, 0.057335, 0.057596, 0.057742, 0.057873, 0.057963, 0.058051, 0.05825, 0.05863, 0.058859, 0.059244, 0.0593, 0.059333, 0.059417, 0.059421, 0.059435, 0.059436, 0.059654, 0.059738, 0.06012, 0.06012, 0.06018, 0.060216, 0.060226, 0.060878, 0.061266, 0.061399, 0.061555, 0.061605, 0.061606, 0.06165, 0.061748, 0.06175, 0.061899, 0.062155, 0.062656, 0.062946, 0.063115, 0.063208, 0.063514, 0.063583, 0.063602, 0.063687, 0.063842, 0.063875, 0.063936, 0.064188, 0.064258, 0.064388, 0.064483, 0.064782, 0.064894, 0.064935, 0.064955, 0.065295, 0.065364, 0.065513, 0.065576, 0.065642, 0.065958, 0.065975, 0.066042, 0.066142, 0.066215, 0.06645, 0.066469, 0.066497, 0.067253, 0.067325, 0.067336, 0.067362, 0.067584, 0.067872, 0.068183, 0.068486, 0.068611, 0.06864, 0.069108, 0.069288, 0.069326, 0.069341, 0.069962, 0.070534, 0.070631, 0.07084, 0.070981, 0.0713, 0.071748, 0.071768, 0.071819, 0.071925, 0.071997, 0.072139, 0.072285, 0.072465, 0.072901, 0.073219, 0.073453, 0.073523, 0.073548, 0.074143, 0.074175, 0.074322, 0.074333, 0.074547, 0.074561, 0.07485, 0.074855, 0.074904, 0.074977, 0.075041, 0.075055, 0.075263, 0.075354, 0.075665, 0.075708, 0.07599, 0.076005, 0.076049, 0.076067, 0.076149, 0.076309, 0.076438, 0.076502, 0.076586, 0.076736, 0.077057, 0.07718, 0.077386, 0.07759, 0.077611, 0.077634, 0.077759, 0.077768, 0.077832, 0.077853, 0.07824, 0.078281, 0.078372, 0.078373, 0.078422, 0.078607, 0.07878, 0.078813, 0.078843, 0.078907, 0.078944, 0.078956, 0.079032, 0.07907, 0.079917, 0.080006, 0.080057, 0.080252, 0.080696, 0.080818, 0.08105, 0.081225, 0.081234, 0.081277, 0.081615, 0.081617, 0.081669, 0.081859, 0.081998, 0.082137, 0.082203, 0.082272, 0.082336, 0.083118, 0.083141, 0.083195, 0.083349, 0.083374, 0.083461, 0.083661, 0.083699, 0.083732, 0.083753, 0.083828, 0.083841, 0.083963, 0.084312, 0.084504, 0.084542, 0.084542, 0.084832, 0.085476, 0.08549, 0.085545, 0.085582, 0.08587, 0.08587, 0.085911, 0.085911, 0.086026, 0.086218, 0.086227, 0.086296, 0.086297, 0.086381, 0.086821, 0.087133, 0.087141, 0.087241, 0.087414, 0.087936, 0.088035, 0.088089, 0.089375, 0.089594, 0.089604, 0.089653, 0.089867, 0.089901, 0.089906, 0.090051, 0.09019, 0.090244, 0.090378, 0.090394, 0.090588, 0.09059, 0.090748, 0.090844, 0.090844, 0.090901, 0.090927, 0.09114, 0.091216, 0.091356, 0.091722, 0.091933, 0.092001, 0.092024, 0.092082, 0.092242, 0.092257, 0.092284, 0.092368, 0.092484, 0.092824, 0.092835, 0.09286, 0.092869, 0.092903, 0.093046, 0.093393, 0.093727, 0.093801, 0.094102, 0.094105, 0.094157, 0.09429, 0.09437, 0.094417, 0.094922, 0.094978, 0.095156, 0.095286, 0.095294, 0.095633, 0.095693, 0.0957, 0.09571, 0.095751, 0.096329, 0.096355, 0.096436, 0.096552, 0.096588, 0.09663, 0.096884, 0.09708, 0.09729, 0.097481, 0.097627, 0.097879, 0.097901, 0.09795, 0.098221, 0.09851, 0.098545, 0.098625, 0.098754, 0.098816, 0.098913, 0.099169, 0.099272, 0.099421, 0.099581, 0.099707, 0.099721, 0.09975, 0.099791, 0.100003, 0.100041, 0.100092, 0.100382, 0.100858, 0.101034, 0.101419, 0.101575, 0.102321, 0.102436, 0.102826, 0.102859, 0.102863, 0.103158, 0.10317, 0.103452, 0.103641, 0.104011, 0.104103, 0.104379, 0.104538, 0.104848, 0.104868, 0.105029, 0.105085, 0.105249, 0.105486, 0.1055, 0.10621, 0.106284, 0.106425, 0.1065, 0.106568, 0.106633, 0.106868, 0.106891, 0.107118, 0.107391, 0.107773, 0.108312, 0.108368, 0.108369, 