{"sigma_r": 3.0, "sigma_i": 0.8747, "m": 2, "seed": 1225987673, "n_k": {"1": 3941, "2": 928, "3": 240, "4": 64, "5": 7, "6+": 1}, "dlogr": [3e-06, 0.000199, 0.000228, 0.000347, 0.000467, 0.000654, 0.000666, 0.000714, 0.001302, 0.001661, 0.001717, 0.002058, 0.002085, 0.002129, 0.00218, 0.002461, 0.00277, 0.002869, 0.002886, 0.003061, 0.003491, 0.003537, 0.003541, 0.00377, 0.003877, 0.003947, 0.003981, 0.003989, 0.004465, 0.004519, 0.004583, 0.004759, 0.005211, 0.005273, 0.005424, 0.005645, 0.005721, 0.006361, 0.006409, 0.006556, 0.007188, 0.007244, 0.007377, 0.007978, 0.008297, 0.008838, 0.009048, 0.009128, 0.009203, 0.009295, 0.009398, 0.009529, 0.009592, 0.009688, 0.009797, 0.009835, 0.009936, 0.010046, 0.010309, 0.010315, 0.010351, 0.010359, 0.010596, 0.010745, 0.010758, 0.010873, 0.010915, 0.011066, 0.011205, 0.011318, 0.011369, 0.011695, 0.011777, 0.012036, 0.01205, 0.012477, 0.012635, 0.012837, 0.012982, 0.013033, 0.013046, 0.013049, 0.013131, 0.013514, 0.013628, 0.013674, 0.01398, 0.014007, 0.014045, 0.014255, 0.014385, 0.014912, 0.015279, 0.015448, 0.015683, 0.015846, 0.016021, 0.016112, 0.016166, 0.016293, 0.016528, 0.016802, 0.017235, 0.017407, 0.017616, 0.017638, 0.017665, 0.01784, 0.018236, 0.018309, 0.018401, 0.018638, 0.018797, 0.01885, 0.019077, 0.019883, 0.01991, 0.020003, 0.020243, 0.020268, 0.02031, 0.020344, 0.020505, 0.021283, 0.021295, 0.02141, 0.02151, 0.02195, 0.022488, 0.022584, 0.022856, 0.023633, 0.023816, 0.024367, 0.024479, 0.024547, 0.024665, 0.024962, 0.025033, 0.025058, 0.025484, 0.025933, 0.026024, 0.026596, 0.02661, 0.026893, 0.027037, 0.027753, 0.027821, 0.027845, 0.027851, 0.028292, 0.028295, 0.0284, 0.028476, 0.028601, 0.0288, 0.029721, 0.029759, 0.030021, 0.030334, 0.030603, 0.030623, 0.031207, 0.031253, 0.031974, 0.032039, 0.032174, 0.032447, 0.032622, 0.032713, 0.0328, 0.032839, 0.033111, 0.033225, 0.033258, 0.033446, 0.034371, 0.034414, 0.035255, 0.035366, 0.035402, 0.035623, 0.036037, 0.036144, 0.037119, 0.037635, 0.03794, 0.038393, 0.038476, 0.038563, 0.038744, 0.038871, 0.038973, 0.03908, 0.039225, 0.039234, 0.039379, 0.039693, 0.039809, 0.039844, 0.039935, 0.04001, 0.040172, 0.040423, 0.040492, 0.04055, 0.04057, 0.040734, 0.040917, 0.041252, 0.041723, 0.042206, 0.042359, 0.042475, 0.04262, 0.042929, 0.043198, 0.043459, 0.04381, 0.043901, 0.043913, 0.043965, 0.044052, 0.044213, 0.044234, 0.044685, 0.045149, 0.045207, 0.045361, 0.045414, 0.045777, 0.045964, 0.046157, 0.046201, 0.046279, 0.046294, 0.046297, 0.046487, 0.046674, 0.046794, 0.046916, 0.047075, 0.047382, 0.047842, 0.048359, 0.048773, 0.048791, 0.049049, 0.049066, 0.049146, 0.049219, 0.049642, 0.049679, 0.049745, 0.049924, 0.050174, 0.050225, 0.050538, 0.050955, 0.051386, 0.051426, 0.051509, 0.051601, 0.051761, 0.051841, 0.05214, 0.052213, 0.05257, 0.052614, 0.052877, 0.052894, 0.053353, 0.053927, 0.054078, 0.054369, 0.054462, 0.054547, 0.05469, 0.055029, 0.055524, 0.055698, 0.055889, 0.056048, 0.056055, 0.056073, 0.056204, 0.056474, 0.056511, 0.056673, 0.056818, 0.056878, 0.056925, 0.057039, 0.057656, 0.057728, 0.05785, 0.057891, 0.058173, 0.058333, 0.058359, 0.058553, 0.059192, 0.059331, 0.059383, 0.05967, 0.05973, 0.059792, 0.059813, 0.060359, 0.060503, 0.06052, 0.060838, 0.060928, 0.060976, 0.061129, 0.061246, 0.061535, 0.061595, 0.061728, 0.06174, 0.061889, 0.061954, 0.062725, 0.062925, 0.062934, 0.062972, 0.063409, 0.063483, 0.063586, 0.06363, 0.063658, 0.063667, 0.064061, 0.064456, 0.065119, 0.065237, 0.065745, 0.066021, 0.066051, 0.066137, 0.066158, 0.066665, 0.0667, 0.066779, 0.066912, 0.066937, 0.068046, 0.068241, 0.06836, 0.06847, 0.06867, 0.06916, 0.069685, 0.069838, 0.069844, 0.070143, 0.070169, 0.070371, 0.070402, 0.070535, 0.070695, 0.070854, 0.070891, 0.072012, 0.072088, 0.072383, 0.072389, 0.072436, 0.072513, 0.073264, 0.073342, 0.073356, 0.073414, 0.073476, 0.073533, 0.073658, 0.07366, 0.07402, 0.074044, 0.074362, 0.074744, 0.074848, 0.075269, 0.075289, 0.076186, 0.076234, 0.076393, 0.07648, 0.077094, 0.077266, 0.077365, 0.077609, 0.077627, 0.077775, 0.07784, 0.077937, 0.077953, 0.078206, 0.078455, 0.078842, 0.079171, 0.080225, 0.080388, 0.080587, 0.080632, 0.080714, 0.080949, 0.081539, 0.08205, 0.082107, 0.082151, 0.082345, 0.082525, 0.083151, 0.083302, 0.083502, 0.083639, 0.08402, 0.084066, 0.084083, 0.084133, 0.084248, 0.084325, 0.084351, 0.084795, 0.08483, 0.084885, 0.085076, 0.085107, 0.085243, 0.085281, 0.085368, 0.08542, 0.085463, 0.085499, 0.085792, 0.086106, 0.086284, 0.08648, 0.086893, 0.087035, 0.087156, 0.087204, 0.087852, 0.088128, 0.088187, 0.088315, 0.088336, 0.088362, 0.089112, 0.089379, 0.089542, 0.089764, 0.089889, 0.090085, 0.090413, 0.090423, 0.090481, 0.090483, 0.090568, 0.091127, 0.091134, 0.091146, 0.091261, 0.091763, 0.09214, 0.092635, 0.092817, 0.092952, 0.093104, 0.093358, 0.093418, 0.093464, 0.093548, 0.093634, 0.094651, 0.094961, 0.095341, 0.095608, 0.096227, 0.096455, 0.096641, 0.096878, 0.096898, 0.097021, 0.097148, 0.097325, 0.097497, 0.097763, 0.097983, 0.098021, 0.099015, 0.099518, 0.099694, 0.100114, 0.100142, 0.100193, 0.100445, 0.100526, 0.101149, 0.101345, 0.101551, 0.101694, 0.101761, 0.101998, 0.102041, 0.102121, 0.102538, 0.103067, 0.103226, 0.103353, 0.103428, 0.103723, 0.103731, 0.104262, 0.104967, 0.105519, 0.105613, 0.105624, 0.105907, 0.10643, 0.106435, 0.106592, 0.106662, 0.106936, 0.107011, 0.107288, 0.107457, 0.107656, 0.107749, 0.107887, 0.107989, 0.108024, 0.108161, 0.108378, 0.108603, 0.108626, 0.108872, 0.108957, 0.108991, 0.109009, 0.109037, 0.109243, 0.109397, 0.10945, 0.109477, 0.109677, 0.109749, 0.109781, 0.109798, 0.109856, 0.110061, 0.110837, 0.110865, 0.111463, 0.111517, 0.111541, 0.11159, 0.111937, 0.112016, 0.112064, 0.112239, 0.11227, 0.112479, 0.112803, 0.11295, 0.113165, 0.11329, 0.113557, 0.113788, 0.113997, 0.114038, 0.11407, 0.114117, 0.114491, 0.114729, 0.11488, 0.11517, 0.115425, 0.115705, 0.11594, 0.115975, 0.116477, 0.11697, 0.117, 0.117025, 0.11734, 0.117699, 0.117911, 0.117943, 0.118129, 0.11825, 0.118433, 0.118746, 0.118772, 0.118849, 0.119047, 0.119194, 0.120399, 0.120556, 0.120625, 0.120794, 0.120825, 0.121008, 0.121812, 0.121813, 0.122223, 0.122669, 0.12274, 0.122761, 0.122839, 0.122851, 0.122869, 0.123141, 0.123375, 0.123721, 0.123898, 0.123942, 0.124317, 0.124727, 0.12506, 0.125094, 0.125523, 0.125539, 0.125913, 0.126861, 0.127299, 0.127703, 0.128083, 0.128404, 0.128478, 0.128967, 0.129081, 0.129121, 0.129247, 0.129393, 0.129593, 0.129608, 0.13005, 0.130099, 0.130279, 0.130517, 0.130745, 0.131016, 0.131397, 0.131696, 0.131749, 0.13176, 0.131782, 0.131891, 0.131955, 0.132044, 0.132448, 0.132609, 0.132666, 0.13281, 0.132817, 0.132882, 0.132951, 0.132956, 0.133409, 0.133659, 0.133732, 0.133904, 0.134701, 0.134772, 0.135086, 0.135554, 0.135672, 0.135706, 0.135997, 0.136005, 0.136066, 0.136147, 0.136217, 0.136533, 0.136859, 0.137267, 0.137801, 0.137885, 0.138351, 0.138414, 0.138521, 0.138902, 0.139154, 0.139203, 0.139239, 0.139836, 0.140302, 0.140331, 0.140438, 0.140555, 0.140764, 0.140938, 0.141334, 0.142001, 0.142667, 0.142668, 0.142877, 0.142885, 0.143249, 0.143254, 0.143405, 0.143919, 0.14415, 0.144433, 0.144584, 0.1446, 0.144654, 0.144952, 0.145242, 0.145531, 0.145715, 0.146048, 0.146365, 0.146528, 0.146583, 0.146749, 0.146924, 0.146995, 0.147354, 0.147531, 0.147809, 0.147857, 0.147881, 0.148175, 0.14821, 0.148622, 0.148709, 0.148845, 0.149127, 0.149188, 0.149554, 0.149759, 0.149994, 0.150083, 0.150418, 0.151013, 0.15103, 0.151119, 0.151154, 0.151183, 0.151307, 0.151473, 0.152127, 0.152344, 0.152774, 0.152958, 0.153411, 0.153502, 0.153865, 0.153943, 0.154513, 0.154602, 0.154647, 0.154652, 0.15477, 0.154914, 0.155124, 0.155189, 0.155319, 0.155649, 0.155897, 0.155999, 0.156077, 0.156176, 0.15663, 0.156823, 0.157192, 0.157904, 0.158076, 0.158084, 0.158094, 0.158393, 0.158645, 0.159132, 0.159439, 0.159516, 0.159587, 0.159687, 0.159818, 0.159821, 0.16, 0.16012, 0.160403, 0.160551, 0.160666, 0.160836, 0.161384, 0.161777, 0.161883, 0.162169, 0.162708, 