{"sigma_r": 1.2164, "sigma_i": 0.8747, "m": 6, "seed": 1298948865, "n_k": {"1": 3858, "2": 950, "3": 233, "4": 39, "5": 11, "6+": 4}, "dlogr": [5.6e-05, 8.6e-05, 0.000151, 0.000381, 0.000408, 0.00046, 0.000671, 0.000719, 0.000838, 0.001234, 0.001298, 0.00134, 0.001367, 0.001457, 0.00178, 0.001784, 0.001848, 0.002064, 0.002109, 0.002178, 0.002321, 0.002515, 0.002574, 0.002773, 0.00279, 0.002801, 0.003019, 0.003052, 0.003064, 0.003074, 0.003116, 0.003464, 0.00357, 0.003852, 0.004027, 0.004089, 0.004333, 0.004495, 0.004924, 0.005122, 0.005135, 0.005494, 0.005512, 0.005569, 0.005766, 0.005769, 0.005783, 0.006089, 0.006324, 0.006476, 0.006498, 0.006558, 0.006578, 0.006815, 0.007053, 0.00714, 0.007375, 0.007399, 0.007894, 0.008268, 0.008356, 0.008519, 0.008657, 0.008775, 0.008795, 0.008799, 0.009347, 0.009459, 0.00983, 0.009983, 0.010072, 0.010187, 0.010255, 0.01034, 0.010903, 0.011071, 0.011075, 0.011163, 0.011201, 0.011935, 0.011961, 0.012134, 0.012167, 0.012418, 0.012477, 0.012481, 0.013004, 0.013006, 0.013017, 0.013019, 0.01302, 0.013055, 0.013395, 0.013675, 0.013689, 0.013796, 0.014062, 0.01427, 0.014425, 0.014474, 0.014489, 0.014491, 0.014831, 0.014886, 0.01493, 0.015206, 0.015354, 0.015416, 0.015456, 0.01552, 0.016043, 0.01616, 0.016193, 0.016252, 0.016299, 0.016576, 0.016612, 0.016742, 0.016992, 0.01703, 0.017553, 0.017603, 0.017832, 0.017956, 0.017994, 0.018264, 0.018562, 0.018667, 0.018732, 0.018746, 0.018894, 0.019061, 0.020436, 0.020463, 0.020547, 0.020589, 0.021026, 0.021234, 0.021241, 0.02128, 0.021725, 0.021855, 0.021892, 0.022012, 0.022079, 0.02242, 0.02249, 0.022521, 0.022603, 0.022948, 0.023351, 0.02357, 0.02384, 0.023968, 0.024018, 0.024213, 0.024297, 0.024444, 0.024638, 0.024822, 0.024966, 0.02529, 0.025371, 0.025389, 0.025428, 0.02553, 0.025742, 0.025949, 0.026239, 0.026516, 0.026529, 0.026555, 0.026567, 0.027142, 0.027149, 0.027166, 0.02719, 0.027316, 0.027353, 0.027534, 0.027939, 0.027975, 0.02804, 0.028275, 0.02842, 0.028543, 0.028864, 0.029439, 0.029548, 0.029674, 0.029708, 0.029913, 0.030086, 0.030126, 0.030324, 0.030579, 0.030842, 0.030877, 0.03097, 0.03131, 0.03187, 0.031945, 0.032104, 0.032104, 0.032265, 0.032557, 0.03275, 0.032943, 0.033062, 0.033664, 0.033783, 0.033833, 0.034047, 0.034146, 0.034804, 0.034876, 0.034956, 0.034974, 0.035013, 0.035085, 0.035233, 0.035388, 0.03548, 0.035695, 0.035724, 0.035758, 0.035873, 0.035943, 0.036004, 0.036006, 0.036088, 0.036236, 0.036302, 0.036364, 0.03653, 0.0366, 0.036881, 0.036962, 0.037054, 0.037285, 0.037647, 0.037698, 0.037717, 0.037733, 0.037823, 0.037824, 0.03825, 0.038312, 0.03844, 0.0386, 0.038643, 0.038944, 0.039086, 0.039185, 0.039191, 0.039669, 0.039714, 0.039945, 0.040096, 0.040175, 0.040298, 0.040353, 0.040488, 0.04075, 0.041126, 0.041126, 0.041146, 0.04119, 0.041233, 0.041413, 0.04142, 0.041515, 0.041543, 0.041573, 0.041647, 0.041978, 0.042156, 0.042176, 0.042202, 0.042314, 0.042322, 0.042359, 0.042793, 0.042835, 0.042985, 0.043197, 0.043217, 0.04345, 0.043506, 0.043649, 0.043658, 0.043912, 0.043945, 0.044371, 0.044684, 0.044909, 0.045009, 0.045482, 0.045805, 0.046616, 0.046979, 0.047239, 0.047474, 0.047508, 0.047605, 0.047611, 0.047709, 0.047743, 0.047765, 0.047987, 0.048043, 0.048153, 0.048371, 0.048538, 0.048559, 0.048588, 0.048624, 0.04932, 0.049395, 0.049699, 0.04977, 0.049876, 0.049959, 0.050469, 0.050503, 0.050972, 0.051003, 0.051117, 0.051177, 0.051217, 0.051279, 0.051326, 0.051444, 0.051475, 0.051561, 0.051647, 0.051832, 0.051854, 0.051954, 0.052385, 0.052629, 0.05268, 0.052759, 0.053381, 0.05404, 0.054081, 0.054125, 0.054312, 0.054386, 0.054614, 0.054685, 0.054797, 0.055286, 0.055398, 0.056038, 0.056055, 0.056062, 0.056203, 0.056287, 0.056586, 0.056771, 0.056886, 0.056945, 0.057382, 0.057436, 0.057471, 0.057725, 0.057753, 0.058506, 0.058937, 0.059201, 0.05936, 0.059375, 0.059634, 0.05967, 0.059911, 0.060047, 0.060111, 0.060269, 0.060341, 0.060758, 0.060833, 0.060897, 0.061146, 0.061315, 0.061428, 0.061689, 0.061994, 0.062277, 0.062328, 0.062429, 0.062591, 0.062607, 0.062682, 0.06272, 0.062752, 0.062771, 0.062817, 0.062999, 0.063249, 0.063549, 0.06364, 0.063654, 0.063868, 0.064051, 0.064544, 0.064585, 0.064592, 0.064895, 0.065179, 0.065362, 0.065626, 0.065742, 0.065753, 0.065947, 0.06601, 0.066073, 0.066102, 0.066239, 0.066421, 0.066927, 0.067046, 0.067297, 0.067451, 0.067933, 0.068219, 0.068367, 0.068458, 0.068461, 0.068548, 0.068836, 0.068956, 0.069048, 0.06938, 0.069407, 0.069583, 0.069825, 0.070412, 0.070512, 0.070697, 0.070937, 0.071181, 0.071307, 0.071467, 0.071574, 0.071749, 0.072028, 0.072074, 0.072077, 0.072126, 0.072414, 0.072586, 0.072731, 0.073011, 0.073042, 0.073174, 0.073206, 0.073259, 0.073269, 0.0735, 0.073562, 0.073699, 0.073919, 0.074059, 0.074109, 0.07412, 0.074121, 0.07442, 0.074658, 0.074715, 0.074897, 0.07494, 0.075038, 0.07504, 0.075187, 0.075208, 0.075572, 0.07572, 0.07615, 0.07638, 0.0765, 0.07666, 0.076692, 0.077178, 0.077903, 0.07797, 0.078244, 0.078271, 0.078463, 0.078652, 0.0787, 0.078877, 0.079053, 0.079362, 0.079558, 0.079746, 0.079965, 0.079989, 0.080241, 0.080416, 0.080726, 0.080752, 0.08094, 0.081211, 0.081322, 0.081478, 0.081993, 0.082141, 0.08252, 0.082608, 0.082622, 0.082692, 0.082713, 0.082766, 0.083078, 0.08317, 0.083421, 0.083658, 0.083892, 0.084011, 0.084097, 0.084326, 0.084533, 0.084737, 0.084742, 0.084879, 0.084965, 0.085013, 0.085077, 0.085691, 0.085782, 0.085952, 0.086164, 0.086298, 0.086499, 0.086593, 0.086945, 0.087394, 0.087407, 0.087598, 0.087772, 0.087865, 0.087927, 0.087944, 0.088039, 0.088236, 0.088483, 0.088544, 0.088557, 0.088601, 0.088675, 0.088983, 0.089031, 0.089032, 0.089302, 0.089352, 0.089574, 0.08965, 0.08974, 0.089765, 0.090001, 0.090277, 0.090359, 0.090605, 0.090664, 0.090796, 0.09092, 0.091053, 0.091083, 0.091099, 0.091495, 0.091583, 0.091602, 0.091685, 0.091869, 0.092414, 0.092434, 0.092474, 0.092516, 0.092788, 0.09279, 0.092912, 0.093059, 0.093132, 0.093271, 0.093359, 0.09366, 0.095022, 0.095125, 0.095241, 0.095295, 0.095307, 0.095974, 0.096015, 0.096688, 0.096739, 0.097004, 0.097033, 0.098032, 0.09813, 0.098414, 0.098495, 0.098562, 0.098861, 0.098981, 0.099246, 0.099484, 0.099492, 0.099652, 0.100018, 0.100156, 0.100579, 0.100612, 0.100671, 0.101172, 0.101218, 0.1015, 0.102432, 0.102548, 0.102878, 0.103156, 0.103438, 0.103509, 0.103796, 0.103839, 0.103852, 0.104136, 0.10453, 0.104587, 0.104775, 0.104941, 0.105124, 0.105182, 0.10522, 0.105461, 0.105563, 0.10662, 0.106635, 0.107024, 0.107137, 0.107262, 0.107349, 0.107446, 0.107555, 0.107599, 0.107608, 0.107848, 0.108006, 0.108128, 0.108207, 0.108314, 0.108403, 0.108693, 0.109313, 0.109765, 0.109766, 0.109811, 0.109828, 0.109973, 0.110163, 0.110216, 0.11023, 0.110805, 0.110933, 0.110993, 0.111033, 0.111063, 0.111438, 0.111468, 0.111576, 0.1116, 0.111656, 0.111923, 0.113494, 0.113662, 0.1138, 0.113898, 0.114348, 0.114457, 0.114612, 0.114999, 0.115352, 0.115407, 0.115509, 0.115615, 0.115801, 0.116214, 0.116216, 0.11623, 0.116655, 0.116658, 0.116763, 0.116798, 0.116806, 0.11684, 0.11687, 0.11707, 0.117079, 0.117187, 0.118247, 0.118372, 0.118654, 0.118821, 0.118993, 0.119068, 0.119382, 0.119545, 0.119734, 0.119921, 0.120463, 0.120482, 0.120732, 0.120919, 0.120953, 0.121036, 0.121096, 0.12163, 0.12243, 0.122434, 0.122435, 0.122503, 0.122739, 0.122776, 0.123065, 0.123232, 0.123865, 0.12421, 0.124257, 0.124797, 0.125058, 0.125437, 0.125447, 0.125509, 0.125539, 0.125609, 0.125732, 0.125826, 0.125925, 0.126681, 0.126845, 0.126966, 0.12699, 0.12718, 0.127273, 0.127412, 0.12782, 0.128085, 0.128609, 0.128775, 0.128791, 0.128976, 0.129607, 0.129623, 0.129907, 0.130076, 0.130121, 0.130209, 0.130291, 0.130334, 0.130376, 0.130751, 0.130881, 0.130916, 0.130966, 0.131095, 0.131136, 0.131565, 0.13158, 0.131655, 0.131671, 0.131958, 0.132434, 0.132724, 0.132927, 0.133043, 0.133241, 0.133461, 0.134248, 0.134251, 0.134764, 0.135075, 0.135195, 0.135261, 0.135473, 0.135702, 0.135745, 0.135756, 0.136081, 0.136172, 0.136445, 0.136689, 0.136725, 0.136749, 0.136904, 0.136923, 