{"sigma_r": 1.2164, "sigma_i": 1.1186, "m": 5, "seed": 1493618442, "n_k": {"1": 3831, "2": 879, "3": 208, "4": 33, "5": 8, "6+": 1}, "dlogr": [0.000159, 0.000255, 0.000299, 0.000346, 0.00046, 0.000772, 0.000879, 0.000915, 0.001054, 0.001541, 0.0016, 0.001688, 0.001985, 0.002034, 0.002086, 0.002111, 0.002321, 0.002472, 0.00328, 0.003442, 0.00369, 0.003723, 0.00384, 0.004119, 0.004183, 0.004531, 0.004668, 0.005156, 0.005361, 0.005442, 0.005445, 0.005781, 0.005803, 0.006132, 0.006713, 0.006801, 0.007267, 0.007441, 0.007673, 0.007882, 0.008158, 0.008186, 0.008657, 0.008693, 0.008966, 0.009191, 0.009248, 0.009716, 0.00974, 0.010283, 0.010294, 0.010411, 0.010484, 0.010838, 0.011074, 0.011373, 0.011603, 0.011647, 0.01205, 0.012204, 0.012631, 0.01308, 0.013216, 0.013236, 0.013273, 0.013325, 0.014538, 0.014905, 0.015049, 0.015168, 0.015237, 0.015501, 0.015649, 0.015724, 0.015845, 0.016028, 0.016245, 0.016308, 0.016393, 0.017117, 0.017318, 0.017898, 0.017987, 0.01812, 0.018345, 0.01852, 0.018563, 0.018742, 0.018747, 0.019183, 0.019477, 0.01955, 0.01956, 0.019732, 0.019823, 0.02002, 0.020153, 0.020157, 0.020314, 0.020432, 0.020559, 0.02076, 0.020846, 0.021033, 0.02108, 0.021178, 0.021432, 0.021473, 0.021477, 0.021489, 0.022258, 0.022597, 0.022978, 0.02334, 0.023406, 0.023493, 0.023536, 0.023799, 0.024192, 0.024404, 0.024477, 0.024535, 0.024718, 0.024823, 0.024905, 0.025057, 0.025104, 0.025172, 0.025529, 0.02554, 0.025545, 0.025608, 0.025911, 0.026009, 0.026038, 0.026201, 0.026767, 0.027008, 0.027311, 0.027319, 0.027433, 0.027495, 0.027576, 0.027765, 0.027782, 0.027938, 0.028006, 0.028065, 0.028158, 0.028393, 0.028601, 0.029122, 0.029214, 0.02973, 0.030029, 0.030112, 0.030397, 0.030554, 0.030714, 0.030781, 0.031243, 0.031343, 0.031452, 0.031523, 0.031567, 0.031978, 0.032156, 0.032377, 0.032387, 0.032532, 0.032537, 0.032755, 0.032933, 0.033193, 0.033676, 0.03377, 0.033859, 0.034127, 0.034182, 0.034352, 0.034538, 0.034549, 0.035053, 0.035103, 0.035194, 0.035297, 0.035358, 0.03589, 0.035951, 0.03657, 0.036934, 0.037341, 0.037392, 0.037466, 0.037574, 0.037858, 0.038162, 0.038287, 0.038933, 0.0395, 0.039834, 0.039844, 0.039983, 0.040614, 0.040728, 0.04096, 0.040996, 0.041113, 0.041119, 0.04134, 0.041423, 0.041434, 0.041449, 0.041554, 0.041599, 0.041868, 0.041949, 0.042518, 0.042664, 0.042753, 0.043189, 0.043249, 0.043432, 0.043532, 0.043599, 0.043828, 0.043925, 0.044091, 0.044591, 0.04464, 0.045309, 0.045441, 0.045536, 0.045817, 0.045961, 0.045985, 0.045988, 0.046115, 0.046553, 0.046858, 0.046889, 0.047323, 0.0474, 0.047489, 0.047576, 0.047874, 0.047916, 0.047938, 0.048064, 0.048395, 0.048936, 0.049036, 0.04951, 0.04954, 0.049718, 0.049979, 0.050127, 0.050153, 0.050458, 0.05057, 0.050598, 0.050604, 0.050764, 0.050961, 0.051043, 0.051331, 0.051642, 0.051892, 0.051963, 0.052055, 0.05208, 0.052193, 0.052264, 0.052758, 0.0529, 0.052927, 0.052983, 0.053003, 0.053174, 0.053238, 0.053398, 0.053466, 0.053467, 0.053624, 0.053753, 0.053821, 0.053901, 0.054129, 0.054277, 0.054565, 0.0547, 0.054735, 0.054801, 0.05512, 0.055277, 0.05543, 0.055537, 0.05558, 0.055648, 0.055669, 0.056052, 0.056274, 0.056318, 0.056489, 0.056537, 0.056722, 0.05693, 0.057088, 0.057329, 0.057383, 0.057639, 0.05809, 0.05826, 0.058407, 0.05844, 0.05851, 0.058709, 0.05899, 0.059266, 0.059352, 0.059354, 0.059485, 0.059776, 0.059835, 0.059873, 0.060224, 0.060386, 0.060693, 0.060837, 0.060982, 0.061163, 0.061182, 0.061258, 0.061518, 0.061584, 0.061624, 0.061922, 0.062142, 0.062416, 0.06252, 0.062671, 0.06284, 0.063077, 0.06316, 0.063619, 0.063692, 0.063781, 0.063787, 0.063881, 0.064364, 0.064478, 0.064963, 0.065018, 0.065027, 0.065034, 0.06684, 0.066925, 0.06693, 0.067054, 0.067195, 0.067304, 0.068131, 0.06817, 0.068355, 0.068432, 0.068667, 0.068727, 0.068976, 0.069034, 0.069045, 0.069083, 0.069222, 0.069382, 0.069452, 0.069629, 0.069646, 0.069856, 0.069872, 0.069966, 0.070615, 0.070987, 0.071339, 0.071444, 0.07145, 0.071467, 0.071675, 0.071827, 0.07207, 0.072105, 0.07252, 0.072527, 0.072551, 0.072576, 0.072683, 0.073152, 0.073188, 0.073463, 0.073576, 0.073853, 0.073859, 0.074129, 0.074141, 0.074201, 0.074261, 0.074794, 0.074871, 0.074898, 0.075322, 0.075357, 0.07538, 0.07549, 0.075762, 0.076577, 0.077389, 0.077668, 0.077735, 0.077738, 0.077913, 0.078031, 0.078474, 0.078609, 0.078914, 0.079046, 0.07915, 0.079249, 0.079268, 0.079296, 0.079413, 0.079592, 0.079639, 0.079872, 0.080013, 0.08012, 0.080261, 0.080449, 0.080624, 0.081315, 0.081735, 0.082255, 0.08242, 0.082736, 0.08317, 0.083319, 0.083714, 0.083812, 0.083969, 0.084125, 0.084313, 0.08433, 0.084463, 0.084464, 0.084958, 0.085228, 0.085431, 0.085695, 0.085752, 0.085999, 0.086416, 0.086737, 0.087086, 0.087263, 0.087503, 0.087631, 0.087796, 0.08781, 0.088413, 0.088756, 0.0891, 0.089473, 0.089663, 0.090007, 0.090081, 0.090457, 0.090626, 0.090649, 0.091283, 0.091863, 0.091873, 0.092096, 0.092518, 0.092521, 0.092751, 0.092926, 0.093233, 0.09351, 0.093586, 0.093731, 0.093861, 0.094085, 0.094181, 0.094412, 0.094615, 0.09496, 0.09508, 0.095152, 0.0952, 0.095788, 0.095795, 0.096168, 0.096456, 0.096757, 0.096942, 0.096952, 0.097088, 0.097102, 0.097265, 0.098118, 0.098728, 0.098737, 0.098805, 0.098901, 0.099179, 0.0992, 0.099278, 0.099305, 0.099489, 0.099935, 0.100077, 0.10053, 0.100739, 0.100781, 0.100988, 0.101016, 0.101119, 0.101176, 0.101373, 0.10148, 0.101677, 0.101935, 0.102171, 0.102204, 0.102341, 0.102452, 0.102481, 0.102573, 0.102849, 0.103154, 0.103675, 0.103822, 0.103861, 0.103956, 0.104115, 0.104795, 0.105147, 0.105201, 0.105566, 0.105682, 0.105947, 0.106008, 0.106063, 0.10646, 0.106784, 0.107002, 0.107082, 0.10716, 0.107297, 0.107399, 0.107467, 0.107525, 0.107706, 0.107743, 0.107842, 0.108035, 0.108159, 0.108196, 0.108394, 0.108544, 0.108584, 0.10888, 0.109076, 0.109407, 0.109844, 0.11, 0.110026, 0.110236, 0.110458, 0.110614, 0.110839, 0.111198, 0.111341, 0.111526, 0.111834, 0.111916, 0.112855, 0.112927, 0.113103, 0.113272, 0.113409, 0.113469, 0.113683, 0.113692, 0.114199, 0.11454, 0.114581, 0.115155, 0.115177, 0.115885, 0.116286, 0.116356, 0.116824, 0.117088, 0.11712, 0.117159, 0.117356, 0.117535, 0.117586, 0.117598, 0.117753, 0.1178, 0.117886, 0.118203, 0.118448, 0.118796, 0.118898, 0.119043, 0.119508, 0.119852, 0.119873, 0.12005, 0.120234, 0.120247, 0.120248, 0.12025, 0.120493, 0.120564, 0.12063, 0.120903, 0.121199, 0.121314, 0.121706, 0.121783, 0.121918, 0.122331, 0.122337, 0.122636, 0.123076, 0.123091, 0.123235, 0.123366, 0.124373, 0.124409, 0.124723, 0.124749, 0.124907, 0.125067, 0.125092, 0.125379, 0.125435, 0.125521, 0.125981, 0.126317, 0.126665, 0.126841, 0.126958, 0.127505, 0.127644, 0.128162, 0.128255, 0.128272, 0.128673, 0.1287, 0.128908, 0.128925, 0.129043, 0.129258, 0.129591, 0.129682, 0.129811, 0.130232, 0.130249, 0.130284, 0.130365, 0.130507, 0.130965, 0.131044, 0.131069, 0.131362, 0.131759, 0.131938, 0.13198, 0.132171, 0.132317, 0.132317, 0.132371, 0.132602, 0.132846, 0.133056, 0.1335, 0.133795, 0.13488, 0.134927, 0.13497, 0.135156, 0.135206, 0.135261, 0.135598, 0.135825, 0.135959, 0.136268, 0.136802, 0.137624, 0.137763, 0.137867, 0.138323, 0.13846, 0.138485, 0.138593, 0.138963, 0.139197, 0.139823, 0.140105, 0.140259, 0.140296, 0.140669, 0.14084, 0.141261, 0.141267, 0.141799, 0.141816, 0.141838, 0.141861, 0.142134, 0.142144, 0.142616, 0.142726, 0.143094, 0.14322, 0.143635, 0.143862, 0.143894, 0.144395, 0.144796, 0.145374, 0.145378, 0.145511, 0.145988, 0.14635, 0.146673, 0.146713, 0.14699, 0.147379, 0.147389, 0.147562, 0.148425, 0.14918, 0.149396, 0.149554, 0.149574, 0.150051, 0.150679, 0.150786, 0.150962, 0.151021, 0.151316, 0.151403, 0.151438, 0.151542, 0.152514, 0.152845, 0.153084, 0.153207, 0.15339, 0.153601, 0.154128, 0.154408, 0.154687, 0.15494, 0.155101, 0.15549, 0.155532, 0.155534, 0.155968, 0.15646, 0.156596, 0.156653, 0.156967, 0.157098, 0.157148, 0.157341, 0.158142, 0.158286, 0.158433, 0.158508, 0.158919, 0.15908, 0.159138, 0.159765, 0.160209, 0.160433, 0.160527, 0.160538, 0.161052, 0.161148, 0.161296, 0.161387, 0.16203, 