{"sigma_r": 2.3939, "sigma_i": 1.8292, "m": 0, "seed": 2396134312, "n_k": {"1": 4143, "2": 876, "3": 174, "4": 21, "5": 4, "6+": 0}, "dlogr": [0.000104, 0.000347, 0.00041, 0.000445, 0.000451, 0.000585, 0.000876, 0.00111, 0.001273, 0.001396, 0.001451, 0.001517, 0.001585, 0.001971, 0.00233, 0.002348, 0.002373, 0.002389, 0.002438, 0.002608, 0.002826, 0.002924, 0.003077, 0.003233, 0.003318, 0.003387, 0.00349, 0.003863, 0.004051, 0.004376, 0.004529, 0.004759, 0.005094, 0.005938, 0.006154, 0.006173, 0.006402, 0.006425, 0.006672, 0.007021, 0.007038, 0.007263, 0.00835, 0.00864, 0.008724, 0.008752, 0.008846, 0.00892, 0.009007, 0.009188, 0.009221, 0.009264, 0.009409, 0.009984, 0.01015, 0.010171, 0.010312, 0.010354, 0.010494, 0.010539, 0.010816, 0.011298, 0.011323, 0.011779, 0.012302, 0.012422, 0.012474, 0.01304, 0.013233, 0.013599, 0.013922, 0.014148, 0.01449, 0.014584, 0.014584, 0.014709, 0.014744, 0.014774, 0.014792, 0.014858, 0.015167, 0.015291, 0.015491, 0.015681, 0.016014, 0.016452, 0.01674, 0.016806, 0.017026, 0.017086, 0.017177, 0.017222, 0.017336, 0.01736, 0.017732, 0.017868, 0.01809, 0.018112, 0.018122, 0.018186, 0.018412, 0.018999, 0.019369, 0.01948, 0.020513, 0.020607, 0.020735, 0.021146, 0.021195, 0.02127, 0.021534, 0.021608, 0.021684, 0.022047, 0.022153, 0.02217, 0.022344, 0.022473, 0.022653, 0.022794, 0.022962, 0.023118, 0.023241, 0.023435, 0.024111, 0.024237, 0.024484, 0.024508, 0.024634, 0.024842, 0.02499, 0.025295, 0.025368, 0.025532, 0.025596, 0.02565, 0.025886, 0.025972, 0.026118, 0.026153, 0.026312, 0.026595, 0.026884, 0.026928, 0.027254, 0.027297, 0.027753, 0.02805, 0.028953, 0.029045, 0.029387, 0.029643, 0.029794, 0.029902, 0.030182, 0.030714, 0.030948, 0.030949, 0.031107, 0.031508, 0.031838, 0.03184, 0.032174, 0.032187, 0.032803, 0.03357, 0.033978, 0.034214, 0.034285, 0.035059, 0.035145, 0.035377, 0.0358, 0.036209, 0.036303, 0.036656, 0.036712, 0.036791, 0.036922, 0.037046, 0.037483, 0.037582, 0.037654, 0.037952, 0.037993, 0.038283, 0.038333, 0.038376, 0.038382, 0.038487, 0.038872, 0.039182, 0.039417, 0.039448, 0.039857, 0.040152, 0.040505, 0.040552, 0.040879, 0.041032, 0.041142, 0.041178, 0.041617, 0.041747, 0.041807, 0.041821, 0.041962, 0.042345, 0.042577, 0.042607, 0.042803, 0.043004, 0.043054, 0.043223, 0.043292, 0.043312, 0.043483, 0.04358, 0.043957, 0.044208, 0.04427, 0.044603, 0.04462, 0.044702, 0.044713, 0.044914, 0.044927, 0.045337, 0.045338, 0.045471, 0.045553, 0.045808, 0.045911, 0.046862, 0.04696, 0.047149, 0.047663, 0.047886, 0.048041, 0.048168, 0.04821, 0.048409, 0.048564, 0.048938, 0.049369, 0.049601, 0.049816, 0.049993, 0.050108, 0.050206, 0.050695, 0.051064, 0.051454, 0.051504, 0.05153, 0.051698, 0.052119, 0.052487, 0.052656, 0.052791, 0.052828, 0.052927, 0.053046, 0.053287, 0.053311, 0.053356, 0.053604, 0.053715, 0.053935, 0.053947, 0.05405, 0.054249, 0.054489, 0.054512, 0.054858, 0.054887, 0.054911, 0.054913, 0.054917, 0.055586, 0.056035, 0.0561, 0.056105, 0.056309, 0.056369, 0.056512, 0.056711, 0.05704, 0.057141, 0.057303, 0.057688, 0.058028, 0.058717, 0.058813, 0.059, 0.059871, 0.060138, 0.060152, 0.060186, 0.060473, 0.060709, 0.06075, 0.060948, 0.061278, 0.06134, 0.061345, 0.061418, 0.061439, 0.061458, 0.061508, 0.062071, 0.062253, 0.062715, 0.06303, 0.063641, 0.064439, 0.064599, 0.064682, 0.065183, 0.065267, 0.065352, 0.066333, 0.066574, 0.066699, 0.066814, 0.067339, 0.067391, 0.067729, 0.06786, 0.068159, 0.068161, 0.068164, 0.068512, 0.068623, 0.068831, 0.069059, 0.069152, 0.069759, 0.070013, 0.070815, 0.071248, 0.072039, 0.07226, 0.072263, 0.072836, 0.073062, 0.073086, 0.073293, 0.073447, 0.073454, 0.073521, 0.073645, 0.074281, 0.074853, 0.075017, 0.075491, 0.075748, 0.075866, 0.075936, 0.076132, 0.076205, 0.076251, 0.076592, 0.076832, 0.076991, 0.077034, 0.077162, 0.077268, 0.077282, 0.077366, 0.077517, 0.078158, 0.078241, 0.078431, 0.078718, 0.078865, 0.079294, 0.079845, 0.080764, 0.080836, 0.080842, 0.080987, 0.080988, 0.081305, 0.081455, 0.082048, 0.082283, 0.082723, 0.082731, 0.082802, 0.082947, 0.082995, 0.083105, 0.083368, 0.08386, 0.083918, 0.084599, 0.084699, 0.085049, 0.085121, 0.085227, 0.085237, 0.085277, 0.085434, 0.085924, 0.086236, 0.087038, 0.087341, 0.088214, 0.088418, 0.088591, 0.088681, 0.089094, 0.089181, 0.089227, 0.090082, 0.090155, 0.090346, 0.09101, 0.091228, 0.091283, 0.091335, 0.091665, 0.091746, 0.092234, 0.092391, 0.093062, 0.093197, 0.093481, 0.093741, 0.093796, 0.094372, 0.094375, 0.094685, 0.095019, 0.095405, 0.095616, 0.095685, 0.096032, 0.09625, 0.096928, 0.097007, 0.097701, 0.097895, 0.098129, 0.098297, 0.098373, 0.098408, 0.098967, 0.099737, 0.099758, 0.099898, 0.099917, 0.100175, 0.100236, 0.100369, 0.100379, 0.101335, 0.101349, 0.101429, 0.101907, 0.101955, 0.102088, 0.102344, 0.102454, 0.102509, 0.102845, 0.103578, 0.10361, 0.103698, 0.104028, 0.104167, 0.104538, 0.104539, 0.104612, 0.104875, 0.105219, 0.105762, 0.106264, 0.106451, 0.106877, 0.107174, 0.107718, 0.107935, 0.108021, 0.108074, 0.108345, 0.108557, 0.109024, 0.109102, 0.109888, 0.110087, 0.111159, 0.11117, 0.11125, 0.112001, 0.112569, 0.11284, 0.112878, 0.112967, 0.113514, 0.113697, 0.113752, 0.113753, 0.114704, 0.114766, 0.114886, 0.114936, 0.114998, 0.115101, 0.115169, 0.115227, 0.115393, 0.115401, 0.115421, 0.115659, 0.115704, 0.115724, 0.115917, 0.116126, 0.116139, 0.116232, 0.11631, 0.116332, 0.116422, 0.116479, 0.116559, 0.116786, 0.1168, 0.116938, 0.116949, 0.116951, 0.11699, 0.117644, 0.117794, 0.117982, 0.117983, 0.118178, 0.118382, 0.118491, 0.11856, 0.118978, 0.119201, 0.119438, 0.119714, 0.120047, 0.12009, 0.120289, 0.120487, 0.120615, 0.120818, 0.120872, 0.121046, 0.121307, 0.121934, 0.12235, 0.122639, 0.123283, 0.12349, 0.123516, 0.124185, 0.124285, 0.124354, 0.124408, 0.124451, 0.125303, 0.125667, 0.125719, 0.125798, 0.125904, 0.126221, 0.126556, 0.126709, 0.126816, 0.127935, 0.128087, 0.128179, 0.128202, 0.128636, 0.128738, 0.128756, 0.12884, 0.129151, 0.129263, 0.129293, 0.129404, 0.129562, 0.129851, 0.129896, 0.13133, 0.131444, 0.131609, 0.131715, 0.132001, 0.132138, 0.132359, 0.132699, 0.133184, 0.133638, 0.134023, 0.134657, 0.134787, 0.134832, 0.135523, 0.135557, 0.135912, 0.136253, 0.136862, 0.137027, 0.137115, 0.13751, 0.138188, 0.138729, 0.140222, 0.140261, 0.140431, 0.140585, 0.141271, 0.141326, 0.141711, 0.142008, 0.142225, 0.142583, 0.142746, 0.142921, 0.143099, 0.1432, 0.143383, 0.143447, 0.143633, 0.14389, 0.144391, 0.144517, 0.144676, 0.14476, 0.144915, 0.145229, 0.145392, 0.145413, 0.145505, 0.14618, 0.148035, 0.148505, 0.148541, 0.149768, 0.150011, 0.150876, 0.151254, 0.151364, 0.151774, 0.152057, 0.152935, 0.153047, 0.153054, 0.153439, 0.153938, 0.153941, 0.15433, 0.154433, 0.155276, 0.155422, 0.15544, 0.15561, 0.156586, 0.156737, 0.156784, 0.157152, 0.157415, 0.15779, 0.160219, 0.160221, 0.16031, 0.161314, 0.161682, 0.162197, 0.16266, 0.163487, 0.163823, 0.163872, 0.163912, 0.164409, 0.164661, 0.164856, 0.165568, 0.165588, 0.166783, 0.167014, 0.167539, 0.16758, 0.167766, 0.167831, 0.168313, 0.168609, 0.169286, 0.170346, 0.170347, 0.170495, 0.170547, 0.170647, 0.172032, 0.172465, 0.173415, 0.173859, 0.174112, 0.17424, 0.174873, 0.175106, 0.175844, 0.175947, 0.176398, 0.176595, 0.17704, 0.177125, 0.177126, 0.177337, 0.177958, 0.178077, 0.178137, 0.17839, 0.178587, 0.178871, 0.17888, 0.179209, 0.179256, 0.179668, 0.179928, 0.179983, 0.180032, 0.180569, 0.181424, 0.181623, 0.181836, 0.183045, 0.183183, 0.183745, 0.184376, 0.184459, 0.185074, 0.185734, 0.186191, 0.186382, 0.186846, 0.186953, 0.187193, 0.188156, 0.188198, 0.188636, 0.188788, 0.189481, 0.189655, 0.189947, 0.191354, 0.191428, 0.191443, 0.191708, 0.192039, 0.192094, 0.192276, 0.192394, 0.192434, 0.192574, 0.192606, 0.192652, 0.19278, 0.19316, 0.193538, 0.19398, 0.194601, 0.194772, 0.195371, 0.195535, 0.196033, 0.196604, 0.196645, 0.197105, 0.198478, 0.198678, 0.198727, 0.198753, 0.198795, 0.199143, 0.200298, 0.200724, 0.201456, 0.201866, 0.203136, 0.204034, 0.204216, 0.204768, 0.205862, 0.206056, 0.206813, 0.207076, 