{"sigma_r": 2.3939, "sigma_i": 1.4304, "m": 2, "seed": 3355398469, "n_k": {"1": 4017, "2": 870, "3": 186, "4": 24, "5": 3, "6+": 0}, "dlogr": [0.000438, 0.000476, 0.000589, 0.000981, 0.001, 0.001133, 0.001134, 0.001511, 0.001534, 0.00178, 0.002126, 0.002285, 0.002426, 0.002443, 0.002971, 0.003005, 0.003437, 0.003488, 0.00351, 0.003657, 0.00367, 0.003743, 0.003808, 0.004572, 0.004695, 0.004782, 0.004964, 0.005082, 0.005649, 0.005702, 0.005817, 0.005979, 0.006091, 0.006158, 0.006387, 0.006784, 0.006981, 0.007671, 0.007682, 0.007802, 0.00787, 0.007888, 0.007958, 0.008382, 0.00839, 0.008482, 0.008721, 0.008746, 0.008855, 0.008916, 0.009171, 0.009632, 0.009678, 0.009975, 0.010027, 0.01015, 0.010326, 0.010413, 0.010498, 0.010638, 0.010652, 0.010877, 0.011126, 0.011276, 0.011436, 0.011672, 0.011723, 0.011912, 0.011955, 0.012127, 0.012356, 0.012803, 0.01317, 0.013219, 0.013392, 0.013634, 0.013759, 0.013863, 0.015232, 0.015752, 0.015932, 0.016222, 0.016322, 0.016399, 0.016465, 0.017336, 0.01742, 0.017488, 0.017623, 0.017778, 0.01778, 0.017939, 0.018061, 0.018162, 0.018678, 0.018841, 0.019136, 0.019593, 0.019821, 0.020325, 0.020372, 0.020641, 0.020652, 0.02077, 0.020777, 0.02102, 0.021457, 0.021659, 0.021952, 0.021976, 0.022042, 0.022169, 0.022519, 0.022681, 0.022699, 0.022772, 0.022862, 0.022951, 0.023035, 0.023295, 0.023447, 0.023546, 0.023902, 0.024024, 0.02423, 0.024262, 0.025072, 0.025099, 0.025114, 0.025148, 0.025179, 0.025314, 0.025341, 0.02545, 0.026205, 0.026242, 0.026545, 0.026724, 0.026748, 0.026764, 0.026849, 0.027061, 0.027112, 0.027273, 0.027532, 0.027539, 0.027839, 0.028145, 0.028656, 0.028829, 0.028912, 0.029742, 0.029783, 0.0298, 0.030217, 0.03078, 0.030784, 0.030977, 0.031045, 0.031287, 0.031967, 0.032004, 0.032321, 0.03237, 0.033163, 0.033237, 0.033525, 0.034166, 0.034459, 0.034497, 0.034697, 0.034773, 0.034813, 0.03492, 0.034959, 0.035933, 0.036259, 0.036345, 0.036355, 0.036373, 0.037096, 0.037162, 0.03762, 0.037638, 0.037759, 0.038041, 0.038084, 0.038465, 0.038491, 0.038861, 0.038875, 0.038999, 0.039206, 0.039388, 0.039845, 0.039866, 0.04037, 0.04062, 0.040954, 0.041072, 0.041077, 0.041276, 0.041721, 0.042253, 0.042413, 0.042636, 0.042742, 0.043135, 0.043329, 0.04341, 0.043469, 0.043568, 0.043669, 0.043757, 0.043792, 0.044038, 0.04427, 0.044277, 0.044602, 0.044782, 0.045039, 0.045566, 0.04568, 0.046028, 0.046077, 0.046195, 0.046451, 0.046456, 0.046541, 0.046784, 0.046931, 0.047281, 0.04758, 0.048324, 0.048328, 0.048406, 0.048466, 0.048486, 0.048615, 0.048618, 0.049103, 0.049111, 0.04994, 0.049942, 0.050037, 0.050099, 0.050155, 0.050588, 0.050618, 0.050678, 0.050722, 0.050826, 0.051207, 0.051415, 0.051633, 0.051948, 0.05202, 0.052065, 0.05219, 0.052388, 0.052436, 0.052551, 0.052603, 0.052762, 0.05314, 0.053507, 0.053881, 0.054058, 0.054324, 0.054444, 0.05447, 0.054529, 0.055289, 0.055464, 0.055674, 0.055756, 0.056067, 0.056195, 0.056452, 0.05653, 0.057077, 0.057711, 0.058066, 0.058169, 0.05826, 0.058607, 0.059229, 0.059289, 0.059366, 0.059492, 0.059509, 0.059609, 0.05974, 0.059903, 0.059954, 0.060136, 0.06063, 0.06119, 0.061296, 0.061405, 0.06183, 0.062106, 0.062152, 0.062786, 0.063081, 0.063087, 0.063141, 0.063199, 0.063231, 0.063295, 0.06341, 0.063465, 0.063735, 0.064831, 0.065343, 0.065595, 0.065638, 0.065963, 0.066298, 0.066471, 0.066978, 0.067375, 0.067561, 0.067738, 0.06811, 0.06811, 0.068414, 0.068611, 0.068743, 0.068792, 0.069801, 0.06993, 0.06994, 0.069953, 0.069962, 0.070253, 0.07036, 0.070392, 0.071154, 0.071555, 0.071679, 0.071751, 0.07187, 0.07237, 0.072425, 0.072448, 0.073196, 0.073197, 0.073285, 0.073671, 0.073788, 0.073935, 0.073937, 0.074226, 0.074543, 0.074548, 0.074873, 0.074934, 0.075031, 0.075169, 0.075213, 0.076058, 0.076115, 0.076269, 0.076748, 0.076859, 0.076922, 0.077071, 0.077152, 0.077445, 0.077494, 0.077498, 0.077537, 0.07772, 0.078349, 0.078416, 0.078493, 0.078534, 0.07862, 0.078702, 0.078759, 0.07936, 0.079653, 0.079698, 0.079735, 0.08035, 0.080594, 0.080833, 0.080843, 0.081961, 0.081974, 0.082099, 0.082615, 0.082667, 0.083208, 0.083262, 0.083325, 0.08372, 0.084475, 0.084679, 0.085072, 0.085112, 0.085117, 0.08529, 0.085495, 0.085752, 0.085862, 0.08607, 0.086075, 0.086087, 0.0861, 0.086125, 0.08626, 0.086599, 0.0866, 0.086762, 0.086917, 0.086978, 0.087676, 0.087955, 0.088148, 0.088909, 0.089131, 0.089219, 0.089584, 0.089725, 0.089729, 0.089757, 0.090592, 0.091844, 0.092031, 0.092082, 0.093024, 0.093181, 0.093599, 0.093631, 0.093721, 0.093754, 0.093934, 0.094061, 0.094392, 0.094533, 0.094655, 0.095357, 0.095556, 0.095805, 0.095821, 0.095862, 0.095966, 0.096487, 0.096846, 0.096882, 0.096942, 0.097001, 0.097271, 0.09731, 0.097705, 0.098018, 0.098326, 0.098448, 0.098449, 0.098619, 0.098791, 0.099057, 0.099611, 0.09997, 0.100132, 0.100889, 0.100967, 0.101083, 0.101319, 0.101703, 0.101813, 0.102541, 0.102603, 0.102807, 0.102998, 0.103445, 0.104302, 0.104709, 0.104753, 0.104922, 0.105114, 0.105529, 0.105606, 0.105739, 0.106106, 0.106473, 0.106502, 0.106512, 0.106737, 0.106973, 0.106977, 0.107303, 0.107457, 0.107805, 0.107834, 0.108093, 0.108185, 0.108385, 0.108483, 0.108637, 0.108679, 0.108777, 0.109074, 0.109124, 0.109272, 0.110219, 0.110276, 0.110585, 0.110938, 0.111235, 0.111286, 0.111923, 0.11197, 0.111974, 0.112199, 0.112286, 0.112328, 0.112487, 0.112736, 0.113073, 0.113142, 0.113171, 0.113194, 0.113555, 0.115078, 0.115517, 0.115993, 0.116046, 0.116289, 0.116878, 0.11688, 0.117022, 0.11836, 0.118887, 0.11908, 0.119098, 0.119393, 0.119583, 0.119684, 0.119843, 0.119949, 0.120096, 0.120323, 0.121039, 0.121371, 0.1215, 0.12183, 0.121839, 0.122459, 0.122566, 0.122965, 0.123043, 0.12309, 0.123258, 0.123599, 0.124609, 0.12463, 0.124692, 0.124815, 0.125202, 0.125399, 0.125628, 0.125804, 0.126507, 0.12757, 0.1276, 0.128074, 0.128143, 0.128441, 0.128591, 0.12946, 0.129514, 0.129757, 0.129765, 0.130429, 0.130464, 0.130599, 0.130699, 0.131065, 0.1314, 0.131503, 0.13176, 0.131851, 0.13216, 0.132179, 0.132298, 0.13243, 0.132576, 0.132943, 0.133165, 0.133516, 0.13355, 0.133659, 0.134164, 0.134516, 0.134722, 0.135129, 0.135967, 0.137238, 0.137482, 0.137524, 0.137761, 0.138733, 0.139073, 0.139397, 0.139688, 0.140125, 0.140224, 0.140246, 0.141478, 0.141535, 0.141884, 0.141927, 0.14201, 0.142893, 0.1438, 0.144119, 0.144287, 0.144373, 0.144486, 0.145079, 0.145501, 0.145699, 0.14586, 0.146029, 0.146286, 0.146426, 0.146496, 0.146583, 0.1476, 0.147842, 0.147874, 0.148076, 0.149136, 0.14942, 0.149456, 0.149535, 0.150104, 0.150124, 0.150696, 0.150955, 0.151004, 0.151052, 0.151466, 0.151551, 0.15199, 0.152119, 0.152144, 0.152195, 0.153167, 0.153306, 0.153664, 0.154396, 0.15442, 0.154757, 0.154967, 0.15518, 0.156191, 0.156375, 0.156478, 0.156749, 0.157367, 0.157422, 0.157611, 0.157845, 0.158519, 0.158868, 0.15895, 0.159137, 0.160381, 0.161356, 0.161735, 0.162107, 0.162336, 0.162428, 0.162783, 0.163055, 0.163145, 0.163396, 0.164146, 0.164187, 0.164913, 0.165957, 0.166265, 0.166784, 0.167025, 0.167193, 0.167283, 0.167356, 0.167574, 0.167882, 0.168053, 0.168846, 0.169102, 0.169241, 0.169677, 0.169828, 0.169965, 0.170043, 0.170187, 0.170628, 0.17135, 0.171433, 0.171963, 0.172647, 0.172683, 0.173479, 0.175561, 0.175604, 0.17573, 0.175739, 0.176104, 0.176252, 0.176571, 0.17672, 0.177164, 0.177409, 0.177469, 0.177579, 0.177694, 0.177716, 0.177935, 0.178827, 0.178983, 0.17931, 0.179751, 0.181678, 0.181768, 0.182506, 0.18306, 0.183348, 0.183532, 0.184269, 0.184934, 0.185351, 0.185483, 0.185701, 0.185974, 0.186227, 0.186485, 0.186625, 0.187117, 0.187423, 0.187535, 0.187954, 0.18798, 0.187981, 0.188067, 0.188083, 0.1892, 0.189513, 0.189711, 0.190118, 0.190311, 0.190673, 0.190744, 0.190931, 0.191616, 0.191818, 0.192499, 0.19291, 0.193402, 0.193438, 0.194022, 0.194094, 0.194766, 0.195433, 0.196247, 0.196322, 0.196343, 0.19696, 0.197333, 0.197346, 0.198385, 0.198405, 0.198603, 0.198681, 0.198969, 0.199281, 0.199348, 0.19979, 0.19994, 0.200013, 0.200773, 0.200944, 0.201313, 0.202572, 0.202576, 0.202708, 0.203166, 0.203256, 0.203586, 0.204037, 0.204117, 