{"sigma_r": 1.9103, "sigma_i": 1.4304, "m": 0, "seed": 143182538, "n_k": {"1": 4034, "2": 938, "3": 192, "4": 25, "5": 4, "6+": 1}, "dlogr": [0.0, 0.0, 0.00065, 0.000799, 0.00105, 0.001376, 0.001648, 0.001713, 0.002021, 0.002468, 0.002531, 0.002865, 0.003031, 0.003214, 0.003351, 0.003363, 0.003366, 0.00358, 0.003585, 0.003958, 0.003998, 0.004125, 0.004198, 0.004212, 0.00433, 0.004418, 0.004477, 0.004647, 0.005092, 0.005168, 0.005769, 0.006013, 0.006124, 0.006139, 0.006409, 0.006528, 0.006612, 0.006753, 0.006773, 0.006998, 0.007169, 0.007473, 0.007502, 0.007523, 0.008156, 0.008406, 0.00849, 0.008686, 0.008871, 0.008971, 0.009064, 0.009256, 0.009405, 0.0095, 0.009721, 0.009851, 0.010104, 0.010154, 0.01048, 0.010567, 0.010719, 0.010905, 0.010907, 0.011027, 0.01119, 0.011263, 0.011782, 0.011824, 0.011884, 0.011906, 0.012799, 0.012822, 0.012983, 0.013272, 0.013397, 0.013736, 0.013746, 0.014247, 0.014287, 0.014432, 0.01467, 0.015141, 0.015766, 0.015812, 0.015819, 0.016048, 0.016074, 0.016285, 0.016473, 0.016709, 0.016912, 0.017141, 0.017186, 0.017197, 0.017199, 0.017213, 0.017352, 0.017609, 0.017847, 0.018494, 0.018557, 0.018561, 0.01857, 0.018631, 0.019034, 0.019489, 0.019567, 0.019904, 0.020122, 0.020231, 0.020291, 0.021065, 0.021522, 0.021528, 0.021655, 0.021665, 0.021822, 0.021987, 0.022066, 0.022326, 0.022352, 0.022858, 0.023416, 0.023427, 0.023483, 0.023595, 0.02365, 0.023999, 0.024082, 0.024493, 0.024508, 0.024513, 0.024571, 0.02459, 0.025044, 0.025069, 0.025478, 0.025557, 0.025848, 0.025851, 0.025975, 0.026228, 0.026362, 0.026461, 0.026466, 0.026537, 0.026817, 0.027201, 0.027225, 0.027355, 0.027486, 0.02752, 0.027544, 0.027667, 0.028138, 0.028643, 0.028849, 0.028913, 0.028979, 0.029132, 0.029144, 0.029213, 0.029258, 0.029262, 0.029311, 0.029526, 0.02995, 0.029955, 0.030179, 0.030432, 0.030597, 0.03071, 0.030752, 0.031265, 0.031675, 0.032029, 0.032205, 0.032222, 0.032533, 0.032751, 0.032975, 0.033139, 0.03321, 0.033223, 0.033334, 0.033428, 0.03368, 0.033696, 0.034294, 0.034493, 0.035253, 0.035271, 0.035466, 0.035816, 0.035859, 0.035963, 0.035972, 0.036626, 0.036727, 0.036769, 0.036801, 0.036899, 0.036925, 0.037156, 0.037226, 0.037239, 0.037495, 0.037609, 0.037734, 0.03786, 0.03811, 0.03828, 0.038843, 0.038885, 0.039051, 0.039149, 0.039285, 0.039324, 0.039568, 0.039711, 0.040218, 0.040218, 0.040239, 0.040315, 0.040544, 0.040986, 0.041554, 0.04174, 0.041751, 0.042034, 0.042115, 0.042145, 0.042157, 0.042524, 0.042934, 0.043089, 0.043482, 0.043635, 0.043637, 0.044712, 0.04481, 0.045362, 0.045701, 0.045796, 0.0459, 0.046233, 0.046457, 0.046479, 0.046753, 0.046937, 0.047007, 0.047262, 0.047449, 0.048121, 0.048225, 0.04854, 0.048712, 0.048867, 0.048906, 0.049138, 0.049291, 0.049757, 0.049853, 0.049862, 0.05003, 0.05018, 0.050487, 0.050507, 0.050757, 0.050763, 0.051145, 0.05144, 0.051808, 0.051972, 0.05222, 0.052285, 0.052375, 0.052481, 0.052558, 0.052668, 0.05268, 0.052764, 0.05285, 0.053648, 0.053713, 0.05388, 0.054155, 0.054425, 0.054479, 0.054641, 0.054921, 0.055324, 0.055425, 0.05553, 0.055784, 0.0561, 0.056101, 0.056741, 0.056746, 0.057156, 0.057237, 0.057399, 0.057445, 0.057701, 0.057768, 0.057907, 0.05799, 0.058176, 0.058741, 0.0588, 0.059682, 0.059951, 0.059979, 0.060434, 0.060811, 0.061057, 0.061059, 0.061185, 0.061362, 0.061433, 0.061719, 0.061843, 0.061886, 0.061927, 0.061957, 0.06262, 0.062638, 0.062794, 0.062842, 0.063218, 0.063262, 0.063308, 0.063335, 0.06345, 0.063877, 0.063924, 0.064121, 0.0642, 0.064232, 0.064777, 0.064873, 0.064885, 0.064921, 0.064923, 0.065117, 0.065329, 0.065386, 0.065621, 0.065639, 0.065737, 0.065817, 0.066182, 0.066284, 0.066348, 0.066461, 0.066602, 0.066605, 0.066836, 0.066888, 0.066953, 0.067514, 0.067875, 0.068128, 0.068259, 0.068928, 0.068929, 0.069145, 0.069423, 0.069555, 0.069664, 0.069702, 0.069776, 0.069779, 0.069981, 0.070139, 0.070434, 0.070786, 0.071136, 0.071414, 0.071474, 0.071672, 0.07191, 0.071983, 0.072246, 0.072976, 0.073035, 0.07314, 0.073154, 0.073386, 0.073582, 0.07371, 0.073998, 0.074449, 0.074452, 0.074506, 0.074724, 0.075323, 0.07541, 0.075485, 0.075883, 0.075904, 0.075918, 0.076175, 0.076646, 0.076878, 0.076963, 0.077077, 0.077493, 0.077873, 0.07788, 0.078118, 0.078372, 0.078663, 0.078909, 0.079117, 0.079358, 0.079379, 0.079379, 0.07955, 0.079638, 0.079841, 0.079996, 0.080053, 0.080096, 0.080165, 0.080176, 0.080505, 0.080824, 0.080867, 0.081147, 0.081398, 0.081425, 0.081655, 0.08174, 0.081854, 0.08193, 0.08233, 0.082394, 0.0824, 0.08244, 0.082708, 0.08288, 0.082958, 0.083104, 0.083544, 0.083612, 0.084335, 0.085507, 0.087009, 0.087016, 0.087061, 0.087265, 0.087546, 0.087696, 0.087936, 0.088313, 0.088418, 0.088757, 0.089232, 0.089471, 0.089775, 0.089812, 0.08982, 0.089959, 0.090125, 0.090164, 0.091005, 0.091073, 0.091435, 0.091826, 0.092081, 0.092102, 0.092428, 0.092451, 0.09252, 0.092585, 0.092724, 0.092883, 0.093085, 0.093373, 0.09342, 0.094011, 0.094338, 0.094753, 0.094869, 0.094988, 0.095281, 0.095366, 0.095451, 0.096211, 0.096303, 0.096767, 0.097263, 0.097693, 0.097918, 0.098017, 0.098153, 0.09885, 0.099406, 0.099524, 0.100105, 0.100399, 0.100409, 0.100584, 0.100623, 0.10094, 0.101289, 0.10196, 0.102144, 0.102229, 0.102658, 0.102718, 0.103122, 0.1038, 0.104109, 0.104204, 0.104836, 0.105117, 0.105305, 0.105344, 0.105386, 0.105497, 0.10601, 0.106803, 0.106821, 0.107612, 0.107905, 0.107924, 0.107985, 0.10804, 0.108283, 0.10836, 0.108898, 0.109078, 0.109182, 0.109831, 0.109987, 0.11022, 0.11029, 0.110308, 0.110457, 0.110799, 0.111171, 0.111291, 0.111369, 0.11161, 0.111628, 0.111913, 0.111981, 0.11206, 0.112313, 0.11307, 0.113678, 0.114045, 0.114432, 0.114503, 0.114793, 0.114879, 0.115059, 0.115355, 0.115533, 0.115794, 0.115883, 0.116097, 0.116446, 0.116832, 0.116936, 0.116947, 0.117001, 0.117624, 0.117717, 0.117861, 0.117971, 0.11826, 0.118378, 0.118421, 0.118683, 0.118856, 0.118973, 0.119007, 0.119073, 0.119104, 0.119494, 0.11952, 0.119551, 0.119776, 0.120081, 0.120155, 0.120294, 0.120786, 0.120822, 0.122085, 0.123285, 0.123483, 0.123873, 0.123875, 0.124005, 0.12431, 0.124577, 0.124675, 0.124923, 0.124937, 0.125159, 0.125201, 0.125634, 0.125668, 0.125838, 0.126195, 0.126237, 0.126593, 0.126878, 0.127374, 0.127569, 0.127732, 0.127739, 0.127901, 0.128222, 0.128318, 0.128426, 0.12847, 0.12893, 0.12897, 0.129081, 0.129225, 0.129313, 0.129526, 0.129563, 0.129813, 0.130244, 0.130609, 0.130858, 0.131379, 0.131657, 0.131704, 0.13174, 0.132173, 0.132195, 0.132732, 0.134352, 0.134619, 0.134978, 0.135131, 0.135216, 0.135665, 0.135822, 0.135929, 0.136083, 0.136416, 0.136939, 0.137021, 0.137625, 0.13764, 0.13764, 0.138134, 0.138235, 0.138441, 0.138659, 0.139087, 0.139378, 0.140018, 0.140168, 0.140423, 0.14085, 0.140981, 0.141235, 0.141686, 0.142076, 0.14216, 0.142224, 0.142818, 0.143202, 0.143212, 0.14328, 0.143647, 0.143961, 0.144081, 0.144137, 0.144147, 0.144242, 0.144269, 0.144397, 0.145061, 0.14556, 0.146092, 0.146317, 0.14646, 0.146792, 0.146819, 0.147026, 0.147107, 0.147199, 0.14726, 0.14735, 0.14745, 0.147561, 0.147905, 0.148195, 0.148242, 0.148282, 0.148597, 0.148856, 0.148877, 0.149084, 0.149315, 0.149586, 0.150016, 0.150809, 0.150888, 0.151547, 0.151753, 0.151945, 0.15217, 0.153144, 0.153318, 0.153627, 0.153655, 0.154053, 0.154108, 0.154289, 0.154853, 0.15514, 0.155409, 0.155425, 0.155431, 0.155713, 0.156447, 0.156448, 0.15649, 0.157104, 0.157267, 0.157268, 0.157516, 0.15753, 0.158187, 0.158513, 0.158573, 0.159676, 0.159897, 0.15993, 0.160045, 0.160977, 0.161117, 0.161223, 0.161341, 0.161463, 0.161508, 0.162148, 0.162185, 0.162422, 0.162566, 0.163259, 0.163618, 0.163742, 0.164026, 0.164456, 0.164675, 0.16472, 0.165082, 0.165424, 0.165787, 0.165789, 0.165932, 0.166353, 0.166398, 0.1664, 0.166451, 0.167041, 0.167101, 0.167365, 0.167818, 0.167896, 0.168346, 0.169159, 0.1693, 0.169506, 0.169636, 0.169673, 0.169753, 0.16981, 0.17057, 0.171154, 0.17146, 0.171837, 0.171839, 0.172003, 0.172111, 0.172668, 0.172702, 0.17316, 0.173838, 0.174187, 0.174719, 0.174808, 0.175455, 0.175514, 0.175786, 0.176145, 