{"sigma_r": 1.9103, "sigma_i": 1.1186, "m": 2, "seed": 2432931735, "n_k": {"1": 4166, "2": 984, "3": 217, "4": 49, "5": 7, "6+": 0}, "dlogr": [0.00036, 0.000594, 0.000745, 0.000795, 0.001047, 0.001114, 0.001369, 0.001449, 0.001758, 0.001878, 0.002149, 0.002756, 0.00296, 0.00311, 0.003252, 0.00326, 0.003275, 0.003317, 0.003349, 0.003397, 0.00348, 0.004066, 0.004141, 0.004231, 0.004354, 0.004536, 0.004811, 0.005144, 0.00519, 0.005573, 0.006017, 0.00623, 0.00649, 0.006606, 0.006673, 0.006696, 0.006837, 0.006903, 0.00728, 0.007387, 0.007456, 0.007602, 0.007635, 0.007873, 0.007901, 0.008025, 0.00945, 0.009628, 0.009669, 0.009809, 0.009961, 0.010015, 0.010248, 0.010256, 0.01067, 0.01101, 0.012089, 0.012097, 0.012196, 0.012484, 0.012739, 0.012824, 0.012966, 0.013222, 0.013371, 0.013694, 0.013734, 0.013987, 0.014089, 0.01417, 0.014192, 0.014392, 0.014546, 0.014554, 0.014963, 0.015197, 0.015537, 0.015543, 0.015728, 0.015876, 0.016004, 0.016509, 0.016534, 0.016552, 0.016721, 0.01681, 0.016888, 0.016944, 0.016992, 0.017059, 0.017531, 0.0176, 0.017778, 0.017823, 0.017971, 0.018037, 0.018286, 0.018456, 0.018464, 0.018737, 0.018949, 0.01956, 0.019779, 0.019862, 0.020125, 0.0207, 0.020779, 0.020974, 0.02115, 0.021271, 0.021287, 0.021343, 0.021364, 0.021539, 0.021838, 0.021869, 0.02188, 0.021905, 0.021935, 0.02216, 0.022548, 0.022571, 0.022917, 0.023068, 0.023176, 0.0232, 0.023304, 0.023366, 0.023423, 0.023668, 0.023832, 0.024041, 0.02423, 0.024571, 0.024723, 0.024959, 0.025084, 0.025248, 0.025402, 0.025452, 0.025457, 0.025543, 0.025572, 0.025573, 0.025673, 0.025738, 0.025835, 0.02596, 0.025989, 0.026136, 0.026287, 0.026743, 0.027002, 0.027045, 0.027049, 0.0272, 0.027232, 0.027529, 0.027596, 0.027895, 0.027928, 0.028012, 0.028028, 0.028047, 0.028441, 0.028503, 0.028609, 0.028778, 0.028961, 0.028966, 0.029113, 0.029226, 0.029243, 0.029356, 0.029692, 0.029769, 0.029795, 0.029957, 0.029968, 0.030261, 0.030676, 0.030726, 0.030739, 0.030744, 0.030836, 0.031009, 0.031081, 0.031131, 0.03127, 0.031808, 0.031879, 0.031901, 0.032017, 0.032068, 0.032603, 0.033044, 0.033121, 0.033305, 0.033362, 0.033387, 0.033907, 0.034237, 0.034334, 0.034672, 0.034811, 0.03495, 0.035156, 0.035398, 0.035452, 0.035508, 0.035731, 0.035826, 0.035947, 0.03625, 0.03641, 0.03663, 0.036712, 0.036719, 0.036757, 0.036938, 0.037205, 0.037325, 0.037446, 0.037648, 0.037853, 0.038081, 0.038293, 0.038496, 0.038846, 0.038863, 0.038981, 0.039038, 0.040072, 0.040254, 0.04043, 0.040791, 0.040858, 0.040958, 0.042009, 0.042805, 0.043562, 0.043709, 0.043925, 0.04411, 0.044663, 0.044796, 0.044822, 0.044847, 0.044874, 0.045431, 0.045433, 0.045509, 0.045599, 0.046501, 0.046557, 0.046752, 0.046767, 0.046774, 0.046795, 0.046975, 0.047138, 0.047682, 0.0477, 0.047812, 0.047864, 0.047916, 0.048063, 0.048084, 0.048275, 0.04845, 0.048838, 0.049291, 0.04941, 0.049576, 0.049669, 0.049806, 0.050095, 0.050612, 0.050668, 0.050688, 0.050726, 0.050805, 0.051094, 0.051121, 0.051478, 0.051723, 0.051901, 0.05195, 0.052097, 0.05218, 0.052215, 0.052255, 0.052434, 0.052448, 0.052789, 0.053109, 0.053162, 0.053423, 0.053765, 0.054157, 0.054205, 0.054249, 0.054299, 0.054375, 0.054534, 0.054618, 0.054632, 0.054935, 0.05577, 0.055868, 0.055994, 0.056334, 0.056527, 0.056864, 0.057012, 0.057034, 0.057817, 0.058241, 0.05841, 0.058453, 0.058596, 0.058727, 0.058917, 0.058918, 0.059159, 0.059319, 0.059461, 0.05953, 0.059739, 0.05975, 0.059786, 0.059788, 0.060009, 0.060036, 0.060293, 0.060508, 0.06088, 0.060914, 0.060926, 0.061153, 0.061312, 0.061637, 0.061726, 0.061782, 0.062005, 0.062223, 0.063021, 0.063137, 0.063305, 0.063499, 0.063558, 0.063753, 0.063862, 0.064779, 0.06488, 0.064981, 0.0654, 0.065545, 0.065753, 0.065862, 0.065982, 0.066, 0.066323, 0.066491, 0.066684, 0.06673, 0.06678, 0.066821, 0.067129, 0.067145, 0.067356, 0.067546, 0.068157, 0.068691, 0.069261, 0.069518, 0.069522, 0.069935, 0.069989, 0.070042, 0.070212, 0.071084, 0.07119, 0.071221, 0.071253, 0.071453, 0.071859, 0.071878, 0.071887, 0.07202, 0.07202, 0.072962, 0.073019, 0.07332, 0.073332, 0.073354, 0.073943, 0.074196, 0.074234, 0.074516, 0.074651, 0.074706, 0.074738, 0.074876, 0.075068, 0.075088, 0.075151, 0.075169, 0.075613, 0.076252, 0.076279, 0.076388, 0.076591, 0.07662, 0.076773, 0.077108, 0.077524, 0.078144, 0.078408, 0.078635, 0.078846, 0.078901, 0.078971, 0.079029, 0.079343, 0.079503, 0.079651, 0.079916, 0.079983, 0.080503, 0.080538, 0.080694, 0.080848, 0.080932, 0.081284, 0.081331, 0.081386, 0.081497, 0.081512, 0.082071, 0.082132, 0.082176, 0.08243, 0.082877, 0.083012, 0.083813, 0.084434, 0.084648, 0.084756, 0.08479, 0.085128, 0.085243, 0.085867, 0.085911, 0.085917, 0.0865, 0.087195, 0.087756, 0.087778, 0.088115, 0.088762, 0.08916, 0.089228, 0.089792, 0.089834, 0.089857, 0.089956, 0.08999, 0.090128, 0.090146, 0.090172, 0.090217, 0.090329, 0.090437, 0.090629, 0.090836, 0.090911, 0.090926, 0.091583, 0.091634, 0.091795, 0.091829, 0.092234, 0.092258, 0.092263, 0.092404, 0.092456, 0.09249, 0.092542, 0.092759, 0.092815, 0.092925, 0.092957, 0.093015, 0.093026, 0.093205, 0.09354, 0.093555, 0.093719, 0.093727, 0.094095, 0.094189, 0.094465, 0.094566, 0.095474, 0.095768, 0.095874, 0.096253, 0.096498, 0.096768, 0.096818, 0.096828, 0.097147, 0.097488, 0.0975, 0.097585, 0.097623, 0.097873, 0.098068, 0.098739, 0.098744, 0.099135, 0.099245, 0.099255, 0.099493, 0.099681, 0.099901, 0.099937, 0.100211, 0.100462, 0.100495, 0.100787, 0.100816, 0.100834, 0.101058, 0.101067, 0.101369, 0.101445, 0.101813, 0.101897, 0.102316, 0.102585, 0.102604, 0.102741, 0.102885, 0.102895, 0.102905, 0.103224, 0.10336, 0.103371, 0.103418, 0.103667, 0.103888, 0.104233, 0.104324, 0.104541, 0.104549, 0.104692, 0.104801, 0.104993, 0.105036, 0.105203, 0.105208, 0.106001, 0.106035, 0.106764, 0.106865, 0.106976, 0.106999, 0.107065, 0.107083, 0.107116, 0.107185, 0.107499, 0.1075, 0.107649, 0.107668, 0.107677, 0.108621, 0.108645, 0.108658, 0.108772, 0.109048, 0.109103, 0.109457, 0.110077, 0.11008, 0.11009, 0.110339, 0.110661, 0.111306, 0.11143, 0.111559, 0.111808, 0.111902, 0.112141, 0.112391, 0.112496, 0.112847, 0.113164, 0.113378, 0.113507, 0.113628, 0.113939, 0.11414, 0.114173, 0.114327, 0.11442, 0.114543, 0.114844, 0.11499, 0.115171, 0.115749, 0.115819, 0.116089, 0.116102, 0.116141, 0.116184, 0.116269, 0.116299, 0.116345, 0.116448, 0.116463, 0.116491, 0.116496, 0.116623, 0.116931, 0.117195, 0.117373, 0.117776, 0.118182, 0.118309, 0.118621, 0.118625, 0.118757, 0.118842, 0.118844, 0.119481, 0.119961, 0.120165, 0.12032, 0.120512, 0.120921, 0.1212, 0.121232, 0.121501, 0.121514, 0.121679, 0.121739, 0.121833, 0.121935, 0.122021, 0.122571, 0.122746, 0.122766, 0.123155, 0.123212, 0.123366, 0.123567, 0.124003, 0.124252, 0.124793, 0.12504, 0.125076, 0.125083, 0.125872, 0.125884, 0.125951, 0.12614, 0.126498, 0.126596, 0.127355, 0.127656, 0.127722, 0.127849, 0.128205, 0.128469, 0.128585, 0.128609, 0.12882, 0.128888, 0.128942, 0.129558, 0.129825, 0.129943, 0.130448, 0.130451, 0.130714, 0.130743, 0.130997, 0.131383, 0.131392, 0.131598, 0.13173, 0.131832, 0.131835, 0.132135, 0.132193, 0.132452, 0.132567, 0.132939, 0.133435, 0.13381, 0.133864, 0.133883, 0.133981, 0.134102, 0.134398, 0.134419, 0.134528, 0.134799, 0.135348, 0.135378, 0.135703, 0.135712, 0.135934, 0.136221, 0.136313, 0.136505, 0.136574, 0.137037, 0.137332, 0.137487, 0.137514, 0.137676, 0.137846, 0.138368, 0.138411, 0.138807, 0.138976, 0.138984, 0.139361, 0.13938, 0.139634, 0.139692, 0.139756, 0.139923, 0.140738, 0.140756, 0.141367, 0.142167, 0.142259, 0.142373, 0.142582, 0.142784, 0.143177, 0.143314, 0.143813, 0.143939, 0.143973, 0.144008, 0.144557, 0.144706, 0.145043, 0.145101, 0.145411, 0.145414, 0.145462, 0.145519, 0.145717, 0.145752, 0.146097, 0.146249, 0.146369, 0.146378, 0.14639, 0.146396, 0.146567, 0.146586, 0.146801, 0.146857, 0.14725, 0.147505, 0.148281, 0.14859, 0.148668, 0.148679, 0.149373, 0.149454, 0.150404, 0.150625, 0.150742, 0.15085, 0.151012, 0.151703, 0.151774, 0.152262, 0.152413, 0.152617, 0.152834, 0.153139, 0.153357, 0.15362, 0.153884, 0.153987,