{"sigma_r": 0.9707, "sigma_i": 0.5349, "m": 0, "seed": 1867812350, "n_k": {"1": 3880, "2": 971, "3": 274, "4": 64, "5": 11, "6+": 4}, "dlogr": [2.7e-05, 0.000239, 0.00038, 0.00047, 0.00055, 0.000659, 0.000977, 0.001112, 0.001248, 0.001352, 0.001473, 0.001551, 0.001704, 0.001811, 0.00208, 0.002177, 0.002198, 0.002437, 0.002484, 0.002619, 0.002744, 0.00298, 0.003047, 0.003145, 0.00318, 0.003448, 0.003457, 0.003842, 0.003921, 0.003956, 0.004088, 0.004217, 0.004238, 0.004603, 0.004712, 0.004723, 0.004891, 0.004922, 0.005222, 0.00524, 0.005323, 0.005411, 0.005499, 0.005594, 0.005638, 0.005777, 0.005982, 0.006006, 0.006044, 0.006075, 0.006154, 0.006167, 0.006194, 0.006296, 0.006529, 0.006632, 0.006686, 0.006805, 0.006888, 0.007232, 0.007251, 0.007342, 0.007358, 0.007438, 0.00746, 0.007604, 0.007851, 0.008064, 0.008352, 0.008482, 0.00852, 0.008812, 0.008943, 0.009068, 0.009158, 0.00921, 0.009535, 0.009762, 0.009992, 0.010095, 0.010238, 0.010361, 0.010506, 0.010526, 0.010545, 0.010562, 0.010571, 0.010666, 0.010692, 0.010697, 0.010699, 0.010871, 0.011069, 0.011219, 0.01124, 0.011287, 0.011492, 0.011653, 0.011784, 0.012005, 0.012185, 0.012209, 0.012309, 0.012545, 0.012677, 0.013141, 0.01339, 0.013426, 0.013501, 0.013987, 0.014057, 0.014093, 0.014272, 0.014302, 0.014561, 0.014803, 0.014863, 0.014947, 0.015032, 0.015061, 0.015066, 0.015427, 0.015675, 0.015756, 0.015808, 0.01588, 0.015961, 0.016012, 0.016055, 0.016156, 0.016283, 0.01632, 0.016536, 0.01656, 0.016608, 0.016711, 0.016781, 0.016826, 0.017323, 0.017434, 0.017499, 0.017521, 0.017571, 0.017801, 0.017885, 0.017955, 0.017981, 0.017997, 0.018296, 0.018302, 0.018444, 0.018535, 0.018562, 0.018626, 0.018895, 0.018907, 0.018991, 0.019039, 0.019077, 0.019284, 0.01932, 0.019446, 0.019494, 0.019504, 0.019515, 0.019559, 0.019726, 0.019786, 0.019854, 0.020253, 0.020295, 0.020366, 0.02049, 0.020544, 0.020836, 0.02087, 0.021157, 0.021165, 0.021226, 0.021333, 0.021543, 0.021555, 0.021656, 0.021791, 0.021841, 0.021875, 0.021936, 0.021987, 0.022012, 0.022111, 0.022175, 0.022273, 0.0224, 0.022479, 0.022501, 0.022745, 0.02279, 0.022801, 0.023025, 0.023233, 0.023272, 0.023516, 0.024226, 0.024291, 0.024634, 0.024889, 0.024918, 0.024994, 0.025167, 0.025451, 0.025507, 0.025573, 0.025883, 0.025921, 0.025958, 0.025967, 0.026091, 0.026335, 0.026473, 0.026541, 0.026731, 0.027001, 0.027116, 0.027144, 0.027351, 0.027386, 0.028039, 0.028084, 0.028147, 0.028242, 0.028248, 0.028497, 0.028571, 0.028582, 0.028751, 0.028757, 0.02882, 0.028836, 0.028851, 0.028998, 0.029232, 0.029268, 0.029301, 0.029469, 0.029631, 0.02967, 0.02989, 0.030207, 0.030293, 0.030393, 0.030584, 0.030606, 0.030674, 0.031114, 0.031298, 0.031365, 0.03157, 0.031675, 0.031764, 0.031856, 0.031883, 0.032022, 0.032056, 0.032099, 0.032199, 0.032229, 0.032294, 0.032567, 0.032662, 0.032831, 0.032853, 0.033036, 0.033328, 0.0336, 0.033688, 0.033809, 0.034179, 0.034206, 0.034279, 0.034344, 0.034398, 0.034539, 0.034573, 0.034792, 0.034846, 0.034947, 0.035186, 0.035368, 0.035387, 0.035492, 0.035717, 0.035961, 0.035963, 0.03622, 0.036569, 0.037568, 0.037643, 0.037697, 0.037774, 0.037839, 0.037937, 0.038297, 0.038444, 0.038508, 0.038752, 0.039021, 0.039225, 0.039425, 0.039753, 0.039775, 0.039781, 0.039867, 0.040011, 0.040158, 0.040597, 0.040967, 0.041055, 0.041162, 0.041453, 0.041701, 0.041737, 0.042064, 0.042577, 0.042672, 0.042722, 0.042836, 0.043025, 0.043399, 0.043405, 0.04341, 0.043492, 0.043598, 0.043883, 0.0439, 0.044053, 0.044573, 0.044602, 0.044603, 0.044939, 0.044967, 0.044976, 0.045007, 0.045164, 0.045168, 0.045335, 0.045335, 0.04537, 0.045535, 0.045837, 0.045838, 0.045903, 0.045931, 0.046032, 0.046043, 0.046074, 0.046079, 0.04609, 0.046244, 0.046295, 0.046607, 0.046773, 0.046932, 0.047176, 0.04731, 0.047417, 0.047426, 0.047562, 0.047581, 0.04783, 0.047863, 0.047864, 0.048147, 0.048541, 0.048762, 0.048843, 0.048922, 0.048948, 0.04895, 0.048976, 0.048981, 0.049111, 0.049699, 0.049721, 0.049887, 0.049969, 0.050145, 0.050292, 0.050396, 0.050736, 0.05092, 0.051083, 0.051273, 0.051626, 0.051718, 0.051837, 0.051992, 0.052061, 0.052344, 0.052405, 0.052579, 0.052713, 0.052792, 0.052933, 0.053808, 0.053929, 0.054401, 0.054506, 0.054617, 0.054723, 0.054734, 0.054835, 0.054881, 0.054961, 0.055369, 0.055905, 0.056278, 0.056478, 0.05648, 0.05651, 0.056697, 0.056804, 0.05719, 0.057783, 0.057893, 0.058119, 0.058616, 0.058815, 0.05894, 0.059075, 0.059156, 0.059186, 0.059214, 0.059225, 0.059316, 0.059358, 0.059515, 0.059681, 0.059752, 0.060653, 0.06074, 0.060845, 0.061006, 0.061161, 0.061313, 0.061609, 0.061633, 0.061794, 0.062114, 0.062156, 0.062455, 0.062706, 0.062724, 0.06273, 0.062831, 0.062838, 0.06287, 0.06289, 0.063099, 0.063161, 0.06318, 0.063703, 0.063723, 0.063854, 0.064354, 0.064378, 0.064501, 0.064684, 0.064762, 0.064882, 0.064937, 0.064988, 0.064999, 0.065072, 0.065093, 0.065145, 0.065321, 0.065411, 0.065831, 0.065834, 0.065858, 0.065914, 0.066012, 0.066093, 0.06621, 0.0663, 0.066306, 0.066405, 0.06644, 0.066998, 0.067029, 0.067244, 0.067254, 0.067258, 0.067425, 0.067548, 0.067762, 0.068006, 0.068007, 0.068109, 0.068417, 0.06865, 0.068713, 0.068825, 0.068928, 0.068999, 0.06909, 0.069334, 0.069597, 0.070187, 0.070218, 0.070266, 0.070378, 0.070888, 0.070959, 0.071043, 0.071134, 0.071347, 0.071354, 0.071405, 0.071597, 0.071771, 0.071901, 0.071967, 0.071988, 0.072192, 0.072396, 0.072471, 0.072557, 0.072697, 0.072709, 0.07275, 0.072776, 0.072926, 0.073627, 0.073684, 0.073881, 0.073958, 0.073981, 0.074096, 0.074394, 0.074489, 0.074754, 0.075109, 0.075204, 0.075205, 0.075217, 0.07522, 0.075252, 0.075639, 0.075786, 0.075847, 0.075901, 0.076118, 0.076155, 0.076364, 0.076482, 0.076501, 0.076509, 0.076525, 0.07658, 0.076794, 0.076858, 0.076888, 0.076911, 0.077038, 0.077175, 0.077329, 0.077375, 0.077525, 0.07753, 0.077813, 0.077825, 0.078124, 0.078151, 0.078369, 0.078483, 0.078736, 0.079132, 0.079401, 0.079642, 0.079887, 0.080165, 0.080625, 0.080628, 0.080667, 0.080698, 0.080744, 0.081263, 0.081268, 0.081347, 0.081748, 0.081785, 0.081825, 0.081935, 0.081946, 0.081989, 0.082267, 0.082558, 0.082568, 0.082644, 0.082769, 0.082877, 0.083253, 0.083656, 0.083836, 0.083853, 0.08457, 0.084938, 0.085081, 0.085272, 0.085291, 0.085477, 0.085705, 0.085765, 0.086377, 0.08648, 0.086772, 0.086833, 0.087258, 0.087297, 0.087425, 0.088097, 0.088256, 0.088431, 0.088593, 0.088668, 0.088681, 0.088739, 0.088861, 0.088928, 0.089239, 0.089259, 0.089266, 0.08984, 0.089933, 0.089933, 0.090029, 0.091054, 0.09135, 0.091368, 0.09138, 0.091463, 0.091591, 0.091637, 0.091899, 0.091906, 0.091928, 0.092133, 0.092208, 0.093261, 0.093378, 0.093379, 0.093383, 0.093476, 0.093588, 0.09362, 0.093839, 0.093938, 0.094143, 0.094241, 0.094779, 0.094901, 0.094914, 0.094933, 0.094938, 0.094957, 0.09514, 0.095288, 0.095334, 0.095368, 0.095487, 0.09571, 0.095804, 0.095893, 0.096503, 0.096591, 0.096771, 0.096907, 0.097063, 0.097173, 0.097225, 0.097374, 0.097533, 0.097654, 0.097989, 0.098026, 0.098052, 0.098252, 0.098285, 0.098364, 0.09867, 0.098748, 0.098857, 0.09927, 0.099415, 0.099496, 0.099588, 0.099833, 0.099922, 0.099977, 0.100227, 0.100239, 0.100814, 0.101089, 0.101203, 0.101261, 0.101276, 0.101504, 0.101778, 0.102366, 0.10254, 0.102571, 0.102893, 0.103335, 0.103427, 0.103433, 0.103532, 0.103677, 0.103725, 0.103759, 0.103828, 0.104055, 0.104165, 0.104333, 0.104511, 0.104937, 0.105359, 0.105458, 0.105758, 0.105815, 0.105854, 0.106069, 0.106615, 0.106687, 0.106728, 0.106775, 0.106855, 0.106881, 0.106957, 0.107082, 0.107094, 0.107105, 0.107699, 0.108004, 0.108103, 0.108233, 0.108296, 0.108763, 0.10906, 0.10906, 0.109273, 0.109408, 0.109679, 0.109763, 0.110007, 0.110007, 0.110082, 0.110099, 0.110126, 0.110156, 0.110179, 0.110252, 0.11037, 0.110434, 0.111257, 0.111479, 0.111883, 0.111914, 0.112179, 0.112267, 0.112336, 0.112674, 0.112698, 0.112804, 0.112866, 0.112959, 0.113467, 0.113597, 0.113954, 0.114059, 0.114314, 0.11447, 0.114747, 0.114823, 0.114854, 0.114862, 0.114889, 0.115467, 0.115471, 0.115544, 0.115736, 0.115879, 