{"sigma_r": 2.3939, "sigma_i": 0.5349, "m": 3, "seed": 2821310919, "n_k": {"1": 3887, "2": 923, "3": 246, "4": 59, "5": 10, "6+": 3}, "dlogr": [0.0, 0.000184, 0.000253, 0.000616, 0.0008, 0.000809, 0.000865, 0.000903, 0.000909, 0.001041, 0.001147, 0.001152, 0.001173, 0.001303, 0.001435, 0.001597, 0.001901, 0.002174, 0.002224, 0.002602, 0.002705, 0.002831, 0.002858, 0.002907, 0.002908, 0.002909, 0.003138, 0.003546, 0.003586, 0.003621, 0.003725, 0.003813, 0.003861, 0.003894, 0.004092, 0.004232, 0.004433, 0.00513, 0.005316, 0.005517, 0.00552, 0.005536, 0.005659, 0.005966, 0.006035, 0.006074, 0.006147, 0.006255, 0.006619, 0.006806, 0.007017, 0.007018, 0.007178, 0.007262, 0.007621, 0.007743, 0.008042, 0.008428, 0.008484, 0.008544, 0.008872, 0.008961, 0.00927, 0.009608, 0.009676, 0.009928, 0.010078, 0.010275, 0.010857, 0.010992, 0.011241, 0.011601, 0.011635, 0.011831, 0.012044, 0.01234, 0.012651, 0.012735, 0.01277, 0.013068, 0.013124, 0.013216, 0.013558, 0.013566, 0.013705, 0.013792, 0.014037, 0.014144, 0.014209, 0.014248, 0.014595, 0.014679, 0.014952, 0.015256, 0.015638, 0.016121, 0.016134, 0.016515, 0.016528, 0.016715, 0.016806, 0.017043, 0.017225, 0.017268, 0.017361, 0.017509, 0.017537, 0.01761, 0.017666, 0.017723, 0.017921, 0.01812, 0.018176, 0.018195, 0.018218, 0.018407, 0.019082, 0.019085, 0.019173, 0.019178, 0.019254, 0.019324, 0.019523, 0.019851, 0.02024, 0.020325, 0.020334, 0.020483, 0.020544, 0.020569, 0.02067, 0.020745, 0.020756, 0.020787, 0.021001, 0.021162, 0.021259, 0.021386, 0.021388, 0.021563, 0.021693, 0.021912, 0.021998, 0.0224, 0.022406, 0.022506, 0.02251, 0.022532, 0.022783, 0.023161, 0.02318, 0.023477, 0.023772, 0.023804, 0.023814, 0.024004, 0.024219, 0.024234, 0.024235, 0.02433, 0.024446, 0.024608, 0.02479, 0.025017, 0.02505, 0.025301, 0.025766, 0.025792, 0.025827, 0.025957, 0.025966, 0.026063, 0.026547, 0.026657, 0.026673, 0.026997, 0.027063, 0.027142, 0.027152, 0.027632, 0.0277, 0.027762, 0.028156, 0.028248, 0.02847, 0.028497, 0.028957, 0.028985, 0.029155, 0.029539, 0.029563, 0.03021, 0.030514, 0.030793, 0.031037, 0.031271, 0.031306, 0.031665, 0.03169, 0.031965, 0.032011, 0.032083, 0.032144, 0.032269, 0.032392, 0.032543, 0.032758, 0.032761, 0.033011, 0.033961, 0.034182, 0.034668, 0.034726, 0.034735, 0.034911, 0.035893, 0.036229, 0.036257, 0.037004, 0.037034, 0.037189, 0.037556, 0.037925, 0.038427, 0.038545, 0.039044, 0.039152, 0.039608, 0.039639, 0.039697, 0.040103, 0.040183, 0.040262, 0.040376, 0.040492, 0.040589, 0.04072, 0.040892, 0.041315, 0.042106, 0.042145, 0.042407, 0.042524, 0.042839, 0.042923, 0.042929, 0.042991, 0.043226, 0.043466, 0.043863, 0.04387, 0.043927, 0.044211, 0.044277, 0.044571, 0.044587, 0.044628, 0.044629, 0.044755, 0.044783, 0.045287, 0.045555, 0.045748, 0.045908, 0.046104, 0.046328, 0.046339, 0.046611, 0.046749, 0.04677, 0.046985, 0.046996, 0.047168, 0.047251, 0.047548, 0.048047, 0.048475, 0.048636, 0.048956, 0.049063, 0.049087, 0.04916, 0.049205, 0.049226, 0.049321, 0.04941, 0.049539, 0.049699, 0.049821, 0.049946, 0.049967, 0.050139, 0.050404, 0.050573, 0.050748, 0.05108, 0.051124, 0.051137, 0.051465, 0.05154, 0.051548, 0.05174, 0.051907, 0.051916, 0.05208, 0.052097, 0.052272, 0.05272, 0.052726, 0.05276, 0.053133, 0.053477, 0.053586, 0.053667, 0.054348, 0.054353, 0.054421, 0.054632, 0.055048, 0.055203, 0.055203, 0.055369, 0.055373, 0.055394, 0.055837, 0.055844, 0.055946, 0.055962, 0.056232, 0.056245, 0.05645, 0.056709, 0.056797, 0.056886, 0.057245, 0.057525, 0.057877, 0.057945, 0.058015, 0.05843, 0.058559, 0.058718, 0.059087, 0.059442, 0.059659, 0.059803, 0.059816, 0.059852, 0.059981, 0.060016, 0.060033, 0.060189, 0.060266, 0.060417, 0.060652, 0.060851, 0.060998, 0.061053, 0.061165, 0.061501, 0.061576, 0.061667, 0.061672, 0.061923, 0.062062, 0.062195, 0.062246, 0.062864, 0.063054, 0.063099, 0.063377, 0.063817, 0.063922, 0.06396, 0.06416, 0.064236, 0.064447, 0.064613, 0.064742, 0.064757, 0.065188, 0.065226, 0.065238, 0.065282, 0.065314, 0.066452, 0.066979, 0.067649, 0.067751, 0.06778, 0.068002, 0.068047, 0.068089, 0.06809, 0.068493, 0.068669, 0.06919, 0.069422, 0.069446, 0.069461, 0.069491, 0.06965, 0.069669, 0.069751, 0.069772, 0.069969, 0.070043, 0.070078, 0.070198, 0.070311, 0.070481, 0.070497, 0.070795, 0.070816, 0.070935, 0.07107, 0.071273, 0.071325, 0.071497, 0.071583, 0.071606, 0.071767, 0.071905, 0.072128, 0.072195, 0.072322, 0.072481, 0.072637, 0.072714, 0.072858, 0.073288, 0.073687, 0.073729, 0.073771, 0.073874, 0.074018, 0.074082, 0.074153, 0.074155, 0.074307, 0.074712, 0.07485, 0.075399, 0.075657, 0.075675, 0.075984, 0.076373, 0.076453, 0.076531, 0.076823, 0.077037, 0.077063, 0.077151, 0.077163, 0.077492, 0.077596, 0.077745, 0.077758, 0.077818, 0.077845, 0.077882, 0.077906, 0.078271, 0.078849, 0.07893, 0.07908, 0.079096, 0.079247, 0.07927, 0.079317, 0.079433, 0.07956, 0.080364, 0.080677, 0.080726, 0.081136, 0.081337, 0.081393, 0.081424, 0.081585, 0.081824, 0.082135, 0.08307, 0.083234, 0.083266, 0.083596, 0.083719, 0.083974, 0.084236, 0.084521, 0.084602, 0.084657, 0.084694, 0.0848, 0.084936, 0.085092, 0.085796, 0.085825, 0.085911, 0.086016, 0.086076, 0.086264, 0.086384, 0.086642, 0.086687, 0.08695, 0.087125, 0.087389, 0.087732, 0.087856, 0.087994, 0.088039, 0.088288, 0.08849, 0.088804, 0.088903, 0.088936, 0.089025, 0.089043, 0.089068, 0.089312, 0.089317, 0.089425, 0.089957, 0.090275, 0.090275, 0.090814, 0.091013, 0.091462, 0.091475, 0.091545, 0.091925, 0.092233, 0.092756, 0.093145, 0.093341, 0.093532, 0.094011, 0.094151, 0.094182, 0.094208, 0.0944, 0.094765, 0.094802, 0.095353, 0.095356, 0.095361, 0.095401, 0.095655, 0.095666, 0.095763, 0.09612, 0.096239, 0.096478, 0.096483, 0.09654, 0.096586, 0.096694, 0.096926, 0.096945, 0.097024, 0.097443, 0.097539, 0.097966, 0.098273, 0.098431, 0.098466, 0.098593, 0.098989, 0.099094, 0.099106, 0.099168, 0.099448, 0.099473, 0.099553, 0.099752, 0.099772, 0.099862, 0.10017, 0.100234, 0.100852, 0.101102, 0.101165, 0.101178, 0.10125, 0.101873, 0.10201, 0.102347, 0.102376, 0.102499, 0.102574, 0.102733, 0.102924, 0.10312, 0.103927, 0.104191, 0.104235, 0.104293, 0.104945, 0.105037, 0.105893, 0.106009, 0.106347, 0.106596, 0.106697, 0.107261, 0.107491, 0.107791, 0.107861, 0.107892, 0.107959, 0.108697, 0.108979, 0.109151, 0.109278, 0.109532, 0.109575, 0.109835, 0.109905, 0.110397, 0.110932, 0.111097, 0.111541, 0.111791, 0.11188, 0.112188, 0.11241, 0.113227, 0.113456, 0.113791, 0.113868, 0.114141, 0.115404, 0.115585, 0.115663, 0.115862, 0.116037, 0.116611, 0.116627, 0.116688, 0.116736, 0.117065, 0.117146, 0.117293, 0.117519, 0.117563, 0.118397, 0.118497, 0.118768, 0.118896, 0.118964, 0.119352, 0.119666, 0.11996, 0.11996, 0.120125, 0.120238, 0.120256, 0.120576, 0.120601, 0.12063, 0.120749, 0.121244, 0.121447, 0.121588, 0.121675, 0.122311, 0.122333, 0.12234, 0.122993, 0.123224, 0.123981, 0.124492, 0.124496, 0.124787, 0.124862, 0.125019, 0.125698, 0.125729, 0.125798, 0.126489, 0.126539, 0.126682, 0.126935, 0.126987, 0.127508, 0.127562, 0.127709, 0.127831, 0.128299, 0.12833, 0.128382, 0.128702, 0.129315, 0.129413, 0.129623, 0.129625, 0.129734, 0.13004, 0.130524, 0.130648, 0.131042, 0.131206, 0.131319, 0.132177, 0.132538, 0.132821, 0.133309, 0.133334, 0.133449, 0.133521, 0.133531, 0.133847, 0.1339, 0.134027, 0.134203, 0.134307, 0.134531, 0.134652, 0.135157, 0.135351, 0.135448, 0.135802, 0.135862, 0.135915, 0.136014, 0.136635, 0.136701, 0.136755, 0.136819, 0.137005, 0.137374, 0.137464, 0.137751, 0.13788, 0.138326, 0.138375, 0.138383, 0.138473, 0.138628, 0.139079, 0.139318, 0.139395, 0.139598, 0.139834, 0.140093, 0.140302, 0.140694, 0.140797, 0.140957, 0.140965, 0.141136, 0.141439, 0.141791, 0.141862, 0.142353, 0.143115, 0.143145, 0.143357, 0.143414, 0.143448, 0.14367, 0.143772, 0.143883, 0.144989, 0.145059, 0.145157, 0.145263, 0.146107, 0.146332, 0.146662, 0.146697, 0.14683, 0.146854, 0.147511, 0.147715, 0.147761, 0.148127, 0.148404, 0.148738, 0.148892, 0.149184, 0.14942, 0.1498, 0.150404, 0.150651, 0.150934, 0.150999, 0.15116, 0.152118, 0.152166, 0.152233, 0.152264, 0.152414,