{"sigma_r": 1.5244, "sigma_i": 1.1186, "m": 7, "seed": 2879004409, "n_k": {"1": 4083, "2": 1010, "3": 249, "4": 43, "5": 8, "6+": 0}, "dlogr": [0.0, 0.000122, 0.000216, 0.000438, 0.000441, 0.00051, 0.000732, 0.001101, 0.001127, 0.001543, 0.001572, 0.001593, 0.001751, 0.001808, 0.001916, 0.00203, 0.002101, 0.002352, 0.002413, 0.002894, 0.003029, 0.003122, 0.003353, 0.00383, 0.004107, 0.004208, 0.004568, 0.004575, 0.004678, 0.005073, 0.00534, 0.005504, 0.005678, 0.005788, 0.00587, 0.006012, 0.00652, 0.006545, 0.006624, 0.006665, 0.00685, 0.007201, 0.007434, 0.00764, 0.007662, 0.00768, 0.007696, 0.007982, 0.008053, 0.00813, 0.008411, 0.008536, 0.00864, 0.00872, 0.008767, 0.008799, 0.008838, 0.008929, 0.009047, 0.009412, 0.00965, 0.00966, 0.009706, 0.009853, 0.009956, 0.009957, 0.009986, 0.009996, 0.010462, 0.010465, 0.010475, 0.010531, 0.010645, 0.010659, 0.010931, 0.011097, 0.011264, 0.011286, 0.011314, 0.011318, 0.01141, 0.011542, 0.01164, 0.011909, 0.011959, 0.012333, 0.012343, 0.012343, 0.012876, 0.013216, 0.013264, 0.013303, 0.013372, 0.013401, 0.013454, 0.013714, 0.013824, 0.013901, 0.014066, 0.014656, 0.014732, 0.014749, 0.014897, 0.014933, 0.014936, 0.014993, 0.015002, 0.015025, 0.015333, 0.01545, 0.015573, 0.015699, 0.015899, 0.015935, 0.015944, 0.015948, 0.016122, 0.016362, 0.016804, 0.016942, 0.017183, 0.017737, 0.017793, 0.017839, 0.01798, 0.017994, 0.018052, 0.018061, 0.018241, 0.018271, 0.018312, 0.018837, 0.01928, 0.019428, 0.019471, 0.019485, 0.019544, 0.020148, 0.020259, 0.02047, 0.020673, 0.020728, 0.020897, 0.020937, 0.021044, 0.021157, 0.021173, 0.021584, 0.021754, 0.02183, 0.02185, 0.021866, 0.021886, 0.022051, 0.022397, 0.022562, 0.022727, 0.022796, 0.022918, 0.023124, 0.023528, 0.023536, 0.023725, 0.02379, 0.023895, 0.024176, 0.024271, 0.024298, 0.024376, 0.024573, 0.024791, 0.025065, 0.025403, 0.026025, 0.026096, 0.026854, 0.026998, 0.027029, 0.0272, 0.02727, 0.027517, 0.027693, 0.027699, 0.02775, 0.027866, 0.027907, 0.028066, 0.028094, 0.028259, 0.028519, 0.028709, 0.029083, 0.029468, 0.029557, 0.029616, 0.029657, 0.029701, 0.030035, 0.030044, 0.030572, 0.030575, 0.030789, 0.031165, 0.031234, 0.031275, 0.031371, 0.031386, 0.031394, 0.031682, 0.03178, 0.031795, 0.0319, 0.031978, 0.032007, 0.032085, 0.032525, 0.032568, 0.032641, 0.032782, 0.033394, 0.033405, 0.033444, 0.033457, 0.033522, 0.033605, 0.033767, 0.033787, 0.033977, 0.034085, 0.034161, 0.034188, 0.03421, 0.034426, 0.034585, 0.034752, 0.034845, 0.035323, 0.035459, 0.035716, 0.035798, 0.036834, 0.037116, 0.037276, 0.03749, 0.037524, 0.037735, 0.03794, 0.03813, 0.038164, 0.038804, 0.039077, 0.039191, 0.039543, 0.039668, 0.040137, 0.040361, 0.040411, 0.040482, 0.040486, 0.040664, 0.040844, 0.040861, 0.041247, 0.041551, 0.041595, 0.041686, 0.041738, 0.041816, 0.041973, 0.041978, 0.042029, 0.042177, 0.042247, 0.042384, 0.042413, 0.042526, 0.04291, 0.042968, 0.042977, 0.043015, 0.043431, 0.044038, 0.044187, 0.04458, 0.044642, 0.044841, 0.044848, 0.045001, 0.045005, 0.045815, 0.045883, 0.045959, 0.046424, 0.046588, 0.04671, 0.046899, 0.047388, 0.047639, 0.047741, 0.047845, 0.0479, 0.048142, 0.048338, 0.048344, 0.048347, 0.048452, 0.048865, 0.049062, 0.049234, 0.049504, 0.049579, 0.04998, 0.050009, 0.050087, 0.050225, 0.050347, 0.050429, 0.050513, 0.050564, 0.050578, 0.050587, 0.050646, 0.050717, 0.050731, 0.050939, 0.0513, 0.051365, 0.051519, 0.051536, 0.051659, 0.051839, 0.051929, 0.051969, 0.052003, 0.052172, 0.052364, 0.052436, 0.052438, 0.052544, 0.0526, 0.05278, 0.053192, 0.0532, 0.053226, 0.053328, 0.053407, 0.053503, 0.053584, 0.053801, 0.054582, 0.054752, 0.054979, 0.055235, 0.055344, 0.055758, 0.055762, 0.055823, 0.055868, 0.05588, 0.055914, 0.056024, 0.056695, 0.056809, 0.057191, 0.057228, 0.057872, 0.05807, 0.058371, 0.05845, 0.058565, 0.058601, 0.058687, 0.058797, 0.058811, 0.059165, 0.059278, 0.059482, 0.059751, 0.059785, 0.060479, 0.060741, 0.060956, 0.061054, 0.061697, 0.062198, 0.062215, 0.062531, 0.062562, 0.062566, 0.062596, 0.062606, 0.062902, 0.06294, 0.063302, 0.063578, 0.063797, 0.063896, 0.064058, 0.064176, 0.064276, 0.064344, 0.064345, 0.064505, 0.064679, 0.064772, 0.065225, 0.065575, 0.066051, 0.066081, 0.066948, 0.067092, 0.067161, 0.067398, 0.067619, 0.067657, 0.067672, 0.067736, 0.067972, 0.068066, 0.068253, 0.068779, 0.069027, 0.069139, 0.069328, 0.069926, 0.070036, 0.070404, 0.070521, 0.070546, 0.070622, 0.070852, 0.070853, 0.071105, 0.071631, 0.072125, 0.072217, 0.07238, 0.072389, 0.072535, 0.072621, 0.072887, 0.073128, 0.073239, 0.073571, 0.073632, 0.073666, 0.073842, 0.073844, 0.074166, 0.07419, 0.074303, 0.074311, 0.074445, 0.074502, 0.07451, 0.0747, 0.074803, 0.074919, 0.074938, 0.074977, 0.074983, 0.075296, 0.075459, 0.075488, 0.075557, 0.076022, 0.076093, 0.076364, 0.076574, 0.076745, 0.076774, 0.076784, 0.077076, 0.07732, 0.077362, 0.077667, 0.077706, 0.077874, 0.077883, 0.078251, 0.078418, 0.078579, 0.079006, 0.079048, 0.079075, 0.079127, 0.079789, 0.079919, 0.080438, 0.080555, 0.080602, 0.08075, 0.081341, 0.082247, 0.082522, 0.082548, 0.082603, 0.083007, 0.083253, 0.083486, 0.083504, 0.08361, 0.083984, 0.084218, 0.084858, 0.085089, 0.085496, 0.085519, 0.085574, 0.085671, 0.085725, 0.085789, 0.086055, 0.08613, 0.08643, 0.086519, 0.086524, 0.086574, 0.086629, 0.086871, 0.086909, 0.086931, 0.086935, 0.087266, 0.087313, 0.087744, 0.087759, 0.087947, 0.088036, 0.088164, 0.088201, 0.088411, 0.088486, 0.088838, 0.088843, 0.089144, 0.089295, 0.089411, 0.089485, 0.089503, 0.089787, 0.089818, 0.090205, 0.090209, 0.090241, 0.090298, 0.090334, 0.090802, 0.090804, 0.090946, 0.091351, 0.091577, 0.091693, 0.092607, 0.092874, 0.093182, 0.09326, 0.09335, 0.093554, 0.093849, 0.094037, 0.094127, 0.09433, 0.094344, 0.094409, 0.094498, 0.094786, 0.095206, 0.095224, 0.095572, 0.095979, 0.096155, 0.096242, 0.096272, 0.096711, 0.096918, 0.096944, 0.096985, 0.097047, 0.097125, 0.097214, 0.097327, 0.097347, 0.097451, 0.097826, 0.097979, 0.097994, 0.098161, 0.098383, 0.098386, 0.098591, 0.098621, 0.098718, 0.098948, 0.099041, 0.099162, 0.09919, 0.099249, 0.099411, 0.099704, 0.099896, 0.100055, 0.100247, 0.100314, 0.101382, 0.101446, 0.101646, 0.101809, 0.101839, 0.102148, 0.103093, 0.103403, 0.103797, 0.103892, 0.10398, 0.104075, 0.104179, 0.104205, 0.104247, 0.104371, 0.104379, 0.104411, 0.104556, 0.104639, 0.104681, 0.104803, 0.104852, 0.104874, 0.104916, 0.105457, 0.105754, 0.105793, 0.105921, 0.106094, 0.10618, 0.106648, 0.107046, 0.107259, 0.107606, 0.108434, 0.108469, 0.108685, 0.109035, 0.109596, 0.110034, 0.110121, 0.110515, 0.110532, 0.110804, 0.110903, 0.110968, 0.111048, 0.111509, 0.111703, 0.111779, 0.112666, 0.112675, 0.11269, 0.113019, 0.113214, 0.1133, 0.113412, 0.113467, 0.113615, 0.113728, 0.113805, 0.114105, 0.114124, 0.11464, 0.114799, 0.11544, 0.115551, 0.115978, 0.115994, 0.116569, 0.116686, 0.116931, 0.117461, 0.117862, 0.117953, 0.118091, 0.118092, 0.119406, 0.11954, 0.119879, 0.11997, 0.120074, 0.12009, 0.120373, 0.120951, 0.121108, 0.121375, 0.121576, 0.121775, 0.121876, 0.122171, 0.122181, 0.122468, 0.122513, 0.122755, 0.122889, 0.122916, 0.123007, 0.12302, 0.123069, 0.123291, 0.123482, 0.123802, 0.124116, 0.124181, 0.124203, 0.124272, 0.124466, 0.124521, 0.124569, 0.125039, 0.125283, 0.125963, 0.12604, 0.126104, 0.126284, 0.126698, 0.12675, 0.126955, 0.126964, 0.127044, 0.127054, 0.127107, 0.127452, 0.127776, 0.127813, 0.127891, 0.127919, 0.127987, 0.128088, 0.128354, 0.128834, 0.12897, 0.128976, 0.129387, 0.129616, 0.129685, 0.12988, 0.129931, 0.130147, 0.130186, 0.130405, 0.130983, 0.13117, 0.131464, 0.131472, 0.131713, 0.131878, 0.131915, 0.132075, 0.132426, 0.133114, 0.133365, 0.133393, 0.133409, 0.133624, 0.133638, 0.133818, 0.133902, 0.133933, 0.134266, 0.134414, 0.134537, 0.135062, 0.135246, 0.135314, 0.135552, 0.135573, 0.135644, 0.135815, 0.136452, 0.13655, 0.136578, 0.1366, 0.136784, 0.137261, 0.137496, 0.137717, 0.138357, 0.138575, 0.138649, 0.138878, 0.13892, 0.139108, 0.139663, 0.139826, 0.139856, 0.140335, 0.140815, 