{"sigma_r": 3.0, "sigma_i": 0.2558, "m": 0, "seed": 518759511, "n_k": {"1": 4037, "2": 929, "3": 267, "4": 77, "5": 19, "6+": 3}, "dlogr": [0.0, 0.0, 9.3e-05, 0.000159, 0.000242, 0.000391, 0.00056, 0.000918, 0.000981, 0.001141, 0.00133, 0.001409, 0.001569, 0.001747, 0.002058, 0.002172, 0.002231, 0.00241, 0.002495, 0.002519, 0.00307, 0.003254, 0.003332, 0.003532, 0.004568, 0.004616, 0.004715, 0.004739, 0.004894, 0.00491, 0.005001, 0.005066, 0.005619, 0.005648, 0.006262, 0.006292, 0.006444, 0.006689, 0.006996, 0.007135, 0.00714, 0.007192, 0.007432, 0.007569, 0.007737, 0.008207, 0.008232, 0.008276, 0.008366, 0.008457, 0.008509, 0.008675, 0.009491, 0.009552, 0.009893, 0.010015, 0.010132, 0.010365, 0.010457, 0.010471, 0.010503, 0.010601, 0.010608, 0.010657, 0.010722, 0.010756, 0.010782, 0.010814, 0.010991, 0.010993, 0.011013, 0.011165, 0.011182, 0.011932, 0.012009, 0.012113, 0.012438, 0.012483, 0.012651, 0.012671, 0.012695, 0.012866, 0.012898, 0.013202, 0.013571, 0.013572, 0.013806, 0.014157, 0.014356, 0.014833, 0.014999, 0.015124, 0.015304, 0.015346, 0.015456, 0.015988, 0.016135, 0.016239, 0.0169, 0.017223, 0.017271, 0.017491, 0.01792, 0.017932, 0.018057, 0.018064, 0.018167, 0.018215, 0.018238, 0.018689, 0.01869, 0.018817, 0.018954, 0.019141, 0.019155, 0.019674, 0.019975, 0.019999, 0.020197, 0.020545, 0.020691, 0.020692, 0.020697, 0.02077, 0.02093, 0.020936, 0.021071, 0.021272, 0.021306, 0.021379, 0.021461, 0.021614, 0.02169, 0.022298, 0.022345, 0.022384, 0.022463, 0.022679, 0.022742, 0.022764, 0.022801, 0.023134, 0.023185, 0.023452, 0.023535, 0.023828, 0.023923, 0.024041, 0.024188, 0.024224, 0.02461, 0.02466, 0.024698, 0.024742, 0.024746, 0.024923, 0.025271, 0.025309, 0.02533, 0.025558, 0.025588, 0.025726, 0.025761, 0.026154, 0.026169, 0.026404, 0.0266, 0.027105, 0.027234, 0.02731, 0.027497, 0.027664, 0.02773, 0.027797, 0.028191, 0.028424, 0.028469, 0.02901, 0.02911, 0.029197, 0.029349, 0.029431, 0.029489, 0.029602, 0.030021, 0.030187, 0.030197, 0.0302, 0.030278, 0.030393, 0.030776, 0.030787, 0.030988, 0.031084, 0.031695, 0.031791, 0.031875, 0.03221, 0.032394, 0.032606, 0.032633, 0.032718, 0.032871, 0.032944, 0.032945, 0.033052, 0.033453, 0.033559, 0.033644, 0.033664, 0.033681, 0.033811, 0.033871, 0.033899, 0.034058, 0.034085, 0.034109, 0.034154, 0.034178, 0.034495, 0.034649, 0.034901, 0.034944, 0.034944, 0.035063, 0.035352, 0.035404, 0.035763, 0.036075, 0.03625, 0.036455, 0.036521, 0.036527, 0.036535, 0.036558, 0.036638, 0.036816, 0.036956, 0.037267, 0.037274, 0.037283, 0.037708, 0.037865, 0.038336, 0.038345, 0.038505, 0.038542, 0.038576, 0.038605, 0.038659, 0.038689, 0.038729, 0.039158, 0.039184, 0.039261, 0.039283, 0.039309, 0.039417, 0.039798, 0.040294, 0.040607, 0.040934, 0.041051, 0.041109, 0.041132, 0.041158, 0.041272, 0.04131, 0.041331, 0.041429, 0.041501, 0.041523, 0.041782, 0.041834, 0.042338, 0.042418, 0.042649, 0.04279, 0.042893, 0.042985, 0.043004, 0.04318, 0.043415, 0.043778, 0.043908, 0.044035, 0.044192, 0.044332, 0.044341, 0.04444, 0.044475, 0.044585, 0.044651, 0.044777, 0.045075, 0.045121, 0.045334, 0.045408, 0.045815, 0.045876, 0.045908, 0.046098, 0.046195, 0.046267, 0.0463, 0.046561, 0.046579, 0.046625, 0.046929, 0.047153, 0.047372, 0.047511, 0.047615, 0.047655, 0.047662, 0.048295, 0.048429, 0.048796, 0.048829, 0.049171, 0.049172, 0.049301, 0.04952, 0.049753, 0.049845, 0.049891, 0.049938, 0.050085, 0.050201, 0.05021, 0.050246, 0.050267, 0.05027, 0.050331, 0.050456, 0.051107, 0.051267, 0.051275, 0.051313, 0.051466, 0.051486, 0.05153, 0.051587, 0.051735, 0.05185, 0.051867, 0.051976, 0.052075, 0.052081, 0.052252, 0.052278, 0.052321, 0.052474, 0.052503, 0.052561, 0.052652, 0.053056, 0.053232, 0.05338, 0.053525, 0.053531, 0.053794, 0.053824, 0.054041, 0.054644, 0.05466, 0.054707, 0.05503, 0.055221, 0.055509, 0.056102, 0.056674, 0.056817, 0.056856, 0.057013, 0.057033, 0.05714, 0.05776, 0.057927, 0.058408, 0.058531, 0.058763, 0.058767, 0.058838, 0.058913, 0.058936, 0.059283, 0.059533, 0.059693, 0.059846, 0.060473, 0.060793, 0.060885, 0.061103, 0.061429, 0.062086, 0.062338, 0.062546, 0.063184, 0.063189, 0.063396, 0.063424, 0.063455, 0.063561, 0.063602, 0.063992, 0.064237, 0.064405, 0.064435, 0.064489, 0.064658, 0.064673, 0.0649, 0.065054, 0.06521, 0.065453, 0.065518, 0.065634, 0.065646, 0.066063, 0.066291, 0.066362, 0.066567, 0.066893, 0.067158, 0.067198, 0.067283, 0.067306, 0.067383, 0.067523, 0.067643, 0.067758, 0.067834, 0.067891, 0.067926, 0.068071, 0.068167, 0.068297, 0.068758, 0.068865, 0.069115, 0.069454, 0.069475, 0.069665, 0.06977, 0.069797, 0.069821, 0.069875, 0.069955, 0.070159, 0.070299, 0.070455, 0.070512, 0.070954, 0.071098, 0.071234, 0.0716, 0.071623, 0.071841, 0.071872, 0.071984, 0.072171, 0.072367, 0.072528, 0.072715, 0.072727, 0.073124, 0.073262, 0.07327, 0.073451, 0.073488, 0.073735, 0.073746, 0.074118, 0.074504, 0.074869, 0.074914, 0.075299, 0.075323, 0.075353, 0.07537, 0.075391, 0.075528, 0.075754, 0.076086, 0.076254, 0.076391, 0.076414, 0.076534, 0.076994, 0.077121, 0.077618, 0.078222, 0.078468, 0.07874, 0.079043, 0.079055, 0.079142, 0.079384, 0.079506, 0.079814, 0.079834, 0.079878, 0.080164, 0.080186, 0.080399, 0.080476, 0.080829, 0.080836, 0.081076, 0.081367, 0.081661, 0.081952, 0.081981, 0.08226, 0.082437, 0.082458, 0.082567, 0.082884, 0.082975, 0.083041, 0.08326, 0.083325, 0.083364, 0.083827, 0.084127, 0.08457, 0.084867, 0.08517, 0.085172, 0.085249, 0.085431, 0.085649, 0.086091, 0.086093, 0.08634, 0.086503, 0.086857, 0.086897, 0.086918, 0.086918, 0.086949, 0.08695, 0.08699, 0.087123, 0.087276, 0.087334, 0.087802, 0.088172, 0.088186, 0.088324, 0.088358, 0.088809, 0.088925, 0.089119, 0.089146, 0.089416, 0.089577, 0.089945, 0.09012, 0.090841, 0.090974, 0.090984, 0.091123, 0.091169, 0.091239, 0.091306, 0.091317, 0.091466, 0.091661, 0.091739, 0.091757, 0.091895, 0.092542, 0.092695, 0.092974, 0.092986, 0.093616, 0.093734, 0.093878, 0.093946, 0.094348, 0.094378, 0.094484, 0.094632, 0.094636, 0.094777, 0.094816, 0.094849, 0.094961, 0.09509, 0.095417, 0.095434, 0.095555, 0.095983, 0.09616, 0.096192, 0.096289, 0.096557, 0.097283, 0.09746, 0.097525, 0.097543, 0.097978, 0.098565, 0.098581, 0.09869, 0.098702, 0.098832, 0.098834, 0.098862, 0.098983, 0.099264, 0.099332, 0.099631, 0.099655, 0.099712, 0.100191, 0.100666, 0.100889, 0.101537, 0.101555, 0.101588, 0.10181, 0.10186, 0.10209, 0.102622, 0.102798, 0.10305, 0.10307, 0.103734, 0.103737, 0.104566, 0.104868, 0.104972, 0.105069, 0.105742, 0.105822, 0.105858, 0.106205, 0.106205, 0.106216, 0.106301, 0.106329, 0.106567, 0.1069, 0.106937, 0.107089, 0.107141, 0.107284, 0.108168, 0.108319, 0.109027, 0.109432, 0.109451, 0.109647, 0.109689, 0.110042, 0.110065, 0.110546, 0.110569, 0.110851, 0.110883, 0.110995, 0.111019, 0.111236, 0.111443, 0.111584, 0.111734, 0.11189, 0.111922, 0.112076, 0.1122, 0.11221, 0.112818, 0.113061, 0.11311, 0.113219, 0.113968, 0.113974, 0.114708, 0.114819, 0.115258, 0.115353, 0.115398, 0.115622, 0.115684, 0.115908, 0.116023, 0.116053, 0.116418, 0.116544, 0.11663, 0.116971, 0.117477, 0.117525, 0.117722, 0.117761, 0.118059, 0.118546, 0.118925, 0.119381, 0.119524, 0.119609, 0.120236, 0.120645, 0.120649, 0.120913, 0.120952, 0.121327, 0.121386, 0.121538, 0.121748, 0.122014, 0.122125, 0.122352, 0.122784, 0.123196, 0.123217, 0.123628, 0.123708, 0.123729, 0.123791, 0.124145, 0.124445, 0.124658, 0.124958, 0.125092, 0.125107, 0.125218, 0.125285, 0.125294, 0.125391, 0.12566, 0.125672, 0.125936, 0.125947, 0.126149, 0.126909, 0.127014, 0.127102, 0.127194, 0.127204, 0.127295, 0.127298, 0.127771, 0.127804, 0.127823, 0.128228, 0.128237, 0.128503, 0.128517, 0.128604, 0.128629, 0.129454, 0.12948, 0.129549, 0.129922, 0.130133, 0.130267, 0.130275, 0.130353, 0.130994, 0.131052, 0.132437, 0.132602, 0.132906, 0.133061, 0.133296, 0.133328, 0.133448, 0.133638, 0.133846, 0.133906, 0.133992, 0.134198, 0.134458, 0.134507, 0.13456, 0.13458, 0.134725, 0.134913, 0.134924, 0.135264, 0.135466, 0.135512, 0.135838, 0.136414, 0.136607, 0.136943, 0.136961, 0.137686, 0.138242, 0.138296, 0.138829, 