{"sigma_r": 0.9707, "sigma_i": 0.684, "m": 1, "seed": 2150584659, "n_k": {"1": 4063, "2": 967, "3": 268, "4": 66, "5": 13, "6+": 3}, "dlogr": [0.0, 8.7e-05, 0.000159, 0.000293, 0.000915, 0.00092, 0.001014, 0.001071, 0.001186, 0.001355, 0.001649, 0.001777, 0.001797, 0.001837, 0.00195, 0.001955, 0.001988, 0.002175, 0.002563, 0.00279, 0.003257, 0.003306, 0.00335, 0.003387, 0.003408, 0.00343, 0.003444, 0.003679, 0.003786, 0.003827, 0.003862, 0.003912, 0.003916, 0.003934, 0.004178, 0.004255, 0.00459, 0.004612, 0.00463, 0.004723, 0.004859, 0.004896, 0.005133, 0.005304, 0.005413, 0.005526, 0.005588, 0.005739, 0.005785, 0.005792, 0.005867, 0.005877, 0.006477, 0.006599, 0.006611, 0.006881, 0.007117, 0.007186, 0.007229, 0.007263, 0.007355, 0.007448, 0.007463, 0.007472, 0.007571, 0.007737, 0.007853, 0.007878, 0.007917, 0.007917, 0.007956, 0.008027, 0.008077, 0.008443, 0.008469, 0.008519, 0.008624, 0.008919, 0.008987, 0.009007, 0.009069, 0.009293, 0.009314, 0.009339, 0.009415, 0.009442, 0.009468, 0.009562, 0.009583, 0.009692, 0.009996, 0.010005, 0.010168, 0.010182, 0.010253, 0.010316, 0.010363, 0.010686, 0.010912, 0.011174, 0.011223, 0.011286, 0.011379, 0.011582, 0.011592, 0.011734, 0.01174, 0.011741, 0.011875, 0.012265, 0.012336, 0.012391, 0.012569, 0.012648, 0.012673, 0.012676, 0.012856, 0.013246, 0.013394, 0.01346, 0.013475, 0.013494, 0.013646, 0.013782, 0.013809, 0.013812, 0.013819, 0.013894, 0.014532, 0.014878, 0.014954, 0.015013, 0.015109, 0.015168, 0.015297, 0.015647, 0.015737, 0.015992, 0.016001, 0.01602, 0.016194, 0.0162, 0.016314, 0.016366, 0.01641, 0.016434, 0.016757, 0.017073, 0.017303, 0.017314, 0.017321, 0.017357, 0.017617, 0.01765, 0.017934, 0.018161, 0.018319, 0.018369, 0.018502, 0.018687, 0.018746, 0.01878, 0.018853, 0.018923, 0.019003, 0.019022, 0.019132, 0.019294, 0.019458, 0.019467, 0.019497, 0.019522, 0.019667, 0.01969, 0.019861, 0.020022, 0.020192, 0.020277, 0.020286, 0.020312, 0.020334, 0.020394, 0.020541, 0.020665, 0.020724, 0.020733, 0.021523, 0.021693, 0.021793, 0.022239, 0.022373, 0.022466, 0.022516, 0.022603, 0.022734, 0.022884, 0.023336, 0.02362, 0.023928, 0.024016, 0.024055, 0.024128, 0.024234, 0.02454, 0.024812, 0.02486, 0.02495, 0.025121, 0.025166, 0.025169, 0.025218, 0.025246, 0.025323, 0.025404, 0.025691, 0.025696, 0.026126, 0.026168, 0.026265, 0.026316, 0.026422, 0.026576, 0.026686, 0.026694, 0.026817, 0.026975, 0.02698, 0.026994, 0.027069, 0.027381, 0.027536, 0.027557, 0.027568, 0.027813, 0.027918, 0.02794, 0.027958, 0.028056, 0.02808, 0.028083, 0.028301, 0.028305, 0.028317, 0.028369, 0.028461, 0.028472, 0.028522, 0.028578, 0.028656, 0.028662, 0.028889, 0.028932, 0.028984, 0.028999, 0.029089, 0.029175, 0.029607, 0.029653, 0.029697, 0.029851, 0.029975, 0.030003, 0.030015, 0.030048, 0.030148, 0.030262, 0.030276, 0.030341, 0.030477, 0.030536, 0.0308, 0.030944, 0.030992, 0.031063, 0.031077, 0.031176, 0.031205, 0.031264, 0.031273, 0.031373, 0.031497, 0.031538, 0.03161, 0.031644, 0.031668, 0.03168, 0.031722, 0.031767, 0.031863, 0.031895, 0.032031, 0.032192, 0.032196, 0.03237, 0.032459, 0.032499, 0.032534, 0.03264, 0.032784, 0.033008, 0.033074, 0.033097, 0.033173, 0.033339, 0.033529, 0.033836, 0.03384, 0.033859, 0.034, 0.034452, 0.034609, 0.034664, 0.034861, 0.034881, 0.034976, 0.035007, 0.035014, 0.035111, 0.03519, 0.035365, 0.035416, 0.035469, 0.03551, 0.035514, 0.035761, 0.035823, 0.035875, 0.036193, 0.036309, 0.036386, 0.036391, 0.036405, 0.036622, 0.036678, 0.037017, 0.037421, 0.037666, 0.037718, 0.037731, 0.037767, 0.038382, 0.038421, 0.038552, 0.038558, 0.038666, 0.039708, 0.03979, 0.039823, 0.039996, 0.04009, 0.04015, 0.040471, 0.040532, 0.040875, 0.041128, 0.041224, 0.041368, 0.041518, 0.041593, 0.041766, 0.041796, 0.041798, 0.04192, 0.041948, 0.04195, 0.042356, 0.042497, 0.042537, 0.042548, 0.042653, 0.042798, 0.043034, 0.04304, 0.043115, 0.043139, 0.04318, 0.043185, 0.043246, 0.043556, 0.043678, 0.043841, 0.043859, 0.043871, 0.043881, 0.043898, 0.043982, 0.044114, 0.04424, 0.044369, 0.044463, 0.044837, 0.044903, 0.045032, 0.045151, 0.045837, 0.046015, 0.04665, 0.046667, 0.046749, 0.04727, 0.047295, 0.047365, 0.047515, 0.047621, 0.047671, 0.047848, 0.047896, 0.047953, 0.048184, 0.048288, 0.048298, 0.048334, 0.048553, 0.048668, 0.048735, 0.048775, 0.049048, 0.049111, 0.049192, 0.049232, 0.049542, 0.049641, 0.04968, 0.050073, 0.050207, 0.05025, 0.05051, 0.050645, 0.050871, 0.051004, 0.051033, 0.051052, 0.051103, 0.051211, 0.051753, 0.051804, 0.051837, 0.051838, 0.051869, 0.052003, 0.052038, 0.052072, 0.052098, 0.05254, 0.052549, 0.05267, 0.052973, 0.053046, 0.05308, 0.053412, 0.05354, 0.053742, 0.054019, 0.054028, 0.054181, 0.054298, 0.054553, 0.054933, 0.05496, 0.055098, 0.055341, 0.055461, 0.055533, 0.055642, 0.055651, 0.055668, 0.055906, 0.056013, 0.05609, 0.056304, 0.05635, 0.056379, 0.056408, 0.056724, 0.056904, 0.056984, 0.057161, 0.057161, 0.05719, 0.057626, 0.058149, 0.058173, 0.058175, 0.058765, 0.059129, 0.059212, 0.059433, 0.059584, 0.06012, 0.060185, 0.060223, 0.060298, 0.060387, 0.060543, 0.060622, 0.06079, 0.060811, 0.06093, 0.060962, 0.061141, 0.06132, 0.061339, 0.06137, 0.061385, 0.061394, 0.061557, 0.061569, 0.06167, 0.062057, 0.062123, 0.06222, 0.062221, 0.062351, 0.062364, 0.062377, 0.062458, 0.062562, 0.062661, 0.062667, 0.062701, 0.062705, 0.062828, 0.062874, 0.062963, 0.063268, 0.063427, 0.063655, 0.063783, 0.063893, 0.064153, 0.064313, 0.064535, 0.064694, 0.064748, 0.064845, 0.065017, 0.065045, 0.065626, 0.065963, 0.065971, 0.0661, 0.066203, 0.066238, 0.066477, 0.066737, 0.066744, 0.067068, 0.067253, 0.067388, 0.068374, 0.068458, 0.068634, 0.068705, 0.068975, 0.069112, 0.069193, 0.069258, 0.069338, 0.069576, 0.069604, 0.069616, 0.06963, 0.069659, 0.069808, 0.069808, 0.069924, 0.069945, 0.06995, 0.0702, 0.070335, 0.070469, 0.070572, 0.071124, 0.071179, 0.07121, 0.071363, 0.071374, 0.071408, 0.071417, 0.071435, 0.071572, 0.071678, 0.071698, 0.071978, 0.072076, 0.072117, 0.072214, 0.072215, 0.072247, 0.072258, 0.07248, 0.072653, 0.072663, 0.072994, 0.073052, 0.073126, 0.073817, 0.073875, 0.074076, 0.07413, 0.074215, 0.074264, 0.074272, 0.074399, 0.074468, 0.074654, 0.074758, 0.075167, 0.075613, 0.075745, 0.075861, 0.076025, 0.076227, 0.076373, 0.07653, 0.076552, 0.076655, 0.076705, 0.077344, 0.077545, 0.07759, 0.07801, 0.078097, 0.078122, 0.07819, 0.078272, 0.078284, 0.07844, 0.078703, 0.07891, 0.079143, 0.079227, 0.079251, 0.079589, 0.079759, 0.079934, 0.08023, 0.080586, 0.080714, 0.080798, 0.080869, 0.080875, 0.081016, 0.081035, 0.081122, 0.081193, 0.081221, 0.081505, 0.081764, 0.08188, 0.081951, 0.082097, 0.082402, 0.082924, 0.083056, 0.08318, 0.083248, 0.083396, 0.083402, 0.083547, 0.083606, 0.08367, 0.083696, 0.08381, 0.08399, 0.084009, 0.084492, 0.084622, 0.084896, 0.085125, 0.085359, 0.085437, 0.085458, 0.085707, 0.08573, 0.085836, 0.085907, 0.086304, 0.086312, 0.086375, 0.087084, 0.087284, 0.087501, 0.087826, 0.088231, 0.088402, 0.088644, 0.088807, 0.088898, 0.089251, 0.089278, 0.089407, 0.089621, 0.089703, 0.089738, 0.089747, 0.089791, 0.090216, 0.090295, 0.0906, 0.09064, 0.090713, 0.091046, 0.091147, 0.091295, 0.09142, 0.091737, 0.091787, 0.091992, 0.092071, 0.092093, 0.092645, 0.092683, 0.09294, 0.093089, 0.093126, 0.093136, 0.093424, 0.093592, 0.093787, 0.093875, 0.093974, 0.094118, 0.094215, 0.094246, 0.094258, 0.094302, 0.094357, 0.094399, 0.094671, 0.094777, 0.095178, 0.095441, 0.095599, 0.095834, 0.095847, 0.096064, 0.0962, 0.09628, 0.096447, 0.096697, 0.096795, 0.096802, 0.09702, 0.097112, 0.097488, 0.097679, 0.098046, 0.098064, 0.098108, 0.098277, 0.098571, 0.098644, 0.098683, 0.098732, 0.098764, 0.098978, 0.099216, 0.099238, 0.099449, 0.099517, 0.099806, 0.099825, 0.100055, 0.100087, 0.100224, 0.100323, 0.10043, 0.100881, 0.100931, 0.101129, 0.101157, 0.101459, 0.101589, 0.101773, 0.101887, 0.102022, 0.102456, 0.102698, 0.102763, 0.102783, 0.103102, 0.103644, 0.10376, 0.103802, 0.104086, 0.104112, 0.104201, 0.104244, 0.104389, 0.104394, 0.1046, 0.104644, 0.104686, 0.104689, 0.105238, 