{"sigma_r": 3.0, "sigma_i": 1.4304, "m": 2, "seed": 846080156, "n_k": {"1": 4303, "2": 969, "3": 237, "4": 32, "5": 1, "6+": 1}, "dlogr": [0.0, 0.000323, 0.000488, 0.000667, 0.000667, 0.000866, 0.001026, 0.001454, 0.001618, 0.001857, 0.001889, 0.002239, 0.002247, 0.002713, 0.003346, 0.003384, 0.003583, 0.003618, 0.004344, 0.004355, 0.004619, 0.004624, 0.005619, 0.005679, 0.005689, 0.006385, 0.006438, 0.00658, 0.0066, 0.00673, 0.007053, 0.007082, 0.007269, 0.007871, 0.008022, 0.008087, 0.008253, 0.008439, 0.008722, 0.008918, 0.009127, 0.009632, 0.009987, 0.010117, 0.010537, 0.010982, 0.010989, 0.010995, 0.011102, 0.01117, 0.011212, 0.011462, 0.011472, 0.011571, 0.011798, 0.011846, 0.011925, 0.011928, 0.011972, 0.012502, 0.01253, 0.012753, 0.012825, 0.012949, 0.01383, 0.013918, 0.013936, 0.014185, 0.014322, 0.014515, 0.014572, 0.014587, 0.014859, 0.014874, 0.015029, 0.015181, 0.015205, 0.016149, 0.016161, 0.016188, 0.016207, 0.016442, 0.016475, 0.016799, 0.016932, 0.017263, 0.017873, 0.017991, 0.018105, 0.018187, 0.018191, 0.018241, 0.018514, 0.018691, 0.018954, 0.019448, 0.019661, 0.019934, 0.019967, 0.020098, 0.020106, 0.020306, 0.020321, 0.020378, 0.020408, 0.02041, 0.020823, 0.020845, 0.020881, 0.020945, 0.020953, 0.021065, 0.021085, 0.021534, 0.021696, 0.021955, 0.022009, 0.022297, 0.022367, 0.022442, 0.022492, 0.02252, 0.022643, 0.022834, 0.022883, 0.023098, 0.023268, 0.023331, 0.023496, 0.023684, 0.023715, 0.024496, 0.024729, 0.024885, 0.025054, 0.025187, 0.025594, 0.025971, 0.026077, 0.026087, 0.026325, 0.026329, 0.026598, 0.026625, 0.02665, 0.027167, 0.027171, 0.027292, 0.027395, 0.027808, 0.027958, 0.027964, 0.028336, 0.02838, 0.028467, 0.028532, 0.028581, 0.02864, 0.028671, 0.028758, 0.029154, 0.029356, 0.029384, 0.029954, 0.030164, 0.030185, 0.030373, 0.030471, 0.030473, 0.03056, 0.030967, 0.031083, 0.031115, 0.031251, 0.031597, 0.031877, 0.031961, 0.031996, 0.032024, 0.032313, 0.032498, 0.032562, 0.03321, 0.033213, 0.033266, 0.033371, 0.033593, 0.03361, 0.033868, 0.033882, 0.033893, 0.033982, 0.034016, 0.034081, 0.034197, 0.034335, 0.034432, 0.034949, 0.034967, 0.035, 0.035128, 0.035378, 0.035391, 0.036137, 0.036264, 0.036384, 0.036523, 0.036676, 0.038051, 0.039114, 0.039279, 0.039631, 0.039696, 0.04001, 0.040395, 0.040468, 0.040524, 0.040858, 0.041267, 0.041296, 0.041499, 0.041625, 0.041714, 0.04177, 0.042223, 0.042244, 0.042247, 0.042285, 0.042528, 0.042735, 0.043116, 0.043383, 0.043479, 0.043746, 0.04376, 0.043888, 0.044136, 0.044464, 0.044567, 0.044915, 0.045053, 0.045144, 0.045169, 0.045208, 0.045254, 0.045601, 0.046395, 0.046416, 0.046488, 0.046519, 0.046596, 0.046599, 0.046807, 0.047003, 0.047273, 0.047674, 0.047965, 0.048759, 0.048933, 0.049559, 0.049925, 0.050032, 0.05096, 0.050968, 0.051388, 0.05145, 0.052068, 0.052156, 0.052304, 0.052414, 0.052446, 0.053121, 0.053125, 0.054099, 0.054215, 0.054291, 0.054414, 0.054455, 0.054585, 0.05486, 0.054864, 0.055241, 0.055425, 0.055869, 0.056094, 0.05621, 0.056236, 0.056476, 0.056786, 0.057566, 0.057782, 0.058131, 0.058591, 0.05869, 0.05887, 0.059158, 0.059418, 0.059568, 0.059833, 0.059889, 0.060316, 0.060604, 0.060755, 0.060789, 0.060796, 0.060891, 0.060976, 0.061053, 0.061055, 0.061075, 0.061122, 0.061231, 0.06161, 0.06177, 0.061959, 0.062355, 0.062535, 0.062559, 0.062657, 0.062934, 0.063223, 0.063359, 0.063365, 0.063466, 0.063674, 0.063834, 0.06391, 0.063947, 0.064144, 0.064271, 0.064326, 0.064459, 0.064465, 0.06511, 0.065274, 0.065312, 0.065388, 0.065611, 0.066267, 0.06651, 0.066587, 0.066743, 0.066793, 0.066895, 0.066933, 0.067102, 0.067164, 0.067264, 0.067512, 0.06771, 0.067742, 0.067752, 0.068057, 0.068147, 0.06838, 0.068529, 0.068577, 0.06879, 0.069086, 0.069353, 0.069603, 0.069728, 0.069893, 0.069998, 0.070085, 0.070107, 0.070613, 0.070745, 0.070872, 0.071138, 0.071283, 0.07139, 0.071483, 0.071547, 0.071592, 0.07175, 0.071819, 0.071854, 0.071953, 0.072262, 0.07244, 0.072449, 0.072514, 0.072895, 0.073086, 0.073249, 0.073313, 0.073594, 0.074348, 0.074402, 0.074427, 0.074558, 0.074953, 0.07541, 0.075766, 0.07601, 0.076088, 0.076166, 0.076175, 0.076544, 0.076584, 0.076694, 0.076933, 0.077685, 0.077859, 0.077967, 0.077981, 0.078036, 0.078242, 0.078433, 0.078572, 0.07862, 0.078821, 0.079167, 0.079599, 0.079601, 0.080016, 0.080031, 0.080493, 0.080793, 0.080804, 0.080935, 0.081022, 0.081036, 0.08111, 0.081248, 0.081463, 0.082032, 0.08204, 0.08228, 0.082358, 0.082368, 0.082501, 0.082657, 0.082858, 0.082924, 0.08328, 0.083597, 0.083752, 0.083846, 0.08399, 0.08406, 0.084152, 0.085233, 0.085866, 0.086288, 0.086681, 0.086742, 0.086967, 0.086995, 0.087149, 0.087357, 0.08736, 0.087391, 0.08776, 0.087884, 0.088084, 0.088221, 0.088468, 0.088807, 0.089144, 0.09014, 0.090574, 0.090675, 0.090737, 0.090818, 0.090979, 0.091195, 0.091424, 0.091441, 0.091449, 0.091604, 0.091692, 0.092042, 0.092078, 0.092104, 0.092588, 0.093077, 0.09336, 0.093494, 0.094244, 0.094325, 0.094978, 0.095582, 0.095867, 0.095976, 0.095985, 0.096329, 0.096537, 0.096879, 0.097196, 0.097406, 0.097531, 0.097571, 0.097694, 0.097741, 0.09793, 0.097935, 0.098102, 0.098271, 0.098684, 0.098937, 0.098965, 0.099047, 0.099265, 0.099534, 0.099591, 0.099674, 0.099859, 0.100676, 0.101248, 0.101354, 0.101471, 0.102135, 0.102237, 0.102253, 0.102261, 0.102829, 0.102884, 0.102905, 0.103096, 0.10326, 0.1036, 0.103697, 0.103783, 0.104573, 0.104634, 0.105752, 0.105868, 0.106078, 0.107638, 0.107669, 0.107743, 0.108062, 0.108068, 0.108814, 0.109013, 0.109181, 0.109425, 0.109576, 0.109805, 0.109968, 0.11006, 0.110284, 0.110512, 0.110981, 0.111118, 0.111691, 0.111754, 0.111805, 0.111826, 0.111851, 0.112167, 0.113036, 0.113137, 0.113744, 0.114139, 0.114296, 0.114327, 0.114887, 0.115325, 0.115408, 0.115961, 0.116146, 0.116368, 0.116425, 0.116469, 0.116678, 0.117507, 0.117742, 0.117968, 0.118155, 0.118505, 0.11869, 0.11936, 0.11939, 0.119443, 0.119668, 0.119867, 0.119924, 0.119978, 0.120226, 0.120746, 0.121015, 0.121516, 0.121629, 0.122062, 0.122253, 0.122349, 0.122797, 0.122838, 0.123109, 0.123542, 0.123806, 0.123918, 0.123983, 0.124061, 0.124288, 0.124305, 0.124317, 0.124388, 0.124397, 0.124614, 0.125231, 0.125262, 0.1255, 0.125562, 0.125865, 0.125891, 0.125949, 0.12633, 0.126386, 0.126568, 0.126713, 0.127391, 0.127471, 0.127827, 0.128015, 0.128183, 0.128395, 0.128485, 0.128702, 0.129265, 0.129327, 0.129493, 0.130262, 0.130438, 0.130719, 0.130826, 0.130838, 0.131038, 0.131472, 0.132018, 0.132289, 0.132423, 0.132591, 0.132707, 0.133114, 0.133452, 0.133572, 0.133591, 0.133794, 0.13404, 0.134241, 0.134497, 0.13471, 0.136307, 0.13631, 0.136911, 0.137014, 0.137159, 0.137376, 0.137412, 0.137452, 0.137512, 0.137755, 0.138344, 0.138461, 0.138518, 0.139005, 0.13911, 0.139182, 0.139335, 0.13943, 0.139628, 0.139912, 0.14006, 0.140257, 0.141052, 0.141344, 0.141473, 0.141766, 0.141891, 0.142054, 0.14223, 0.142271, 0.142545, 0.142697, 0.142961, 0.143301, 0.143599, 0.143685, 0.143705, 0.143787, 0.14402, 0.144281, 0.144399, 0.144702, 0.145038, 0.14517, 0.145334, 0.145401, 0.14543, 0.145799, 0.145916, 0.146118, 0.146127, 0.146264, 0.146908, 0.146977, 0.147553, 0.147571, 0.148104, 0.148257, 0.148311, 0.148438, 0.148467, 0.149007, 0.149306, 0.149326, 0.149788, 0.149851, 0.150296, 0.150442, 0.15062, 0.150674, 0.151074, 0.151177, 0.151401, 0.151529, 0.151602, 0.151624, 0.151797, 0.15204, 0.152128, 0.152264, 0.152331, 0.152366, 0.153533, 0.153675, 0.153829, 0.154703, 0.154734, 0.154833, 0.15523, 0.155244, 0.155267, 0.155339, 0.15536, 0.156271, 0.156448, 0.156826, 0.156868, 0.156987, 0.157019, 0.158361, 0.160441, 0.16047, 0.160855, 0.160902, 0.16133, 0.161427, 0.161465, 0.161536, 0.161699, 0.162103, 0.162198, 0.162208, 0.162298, 0.1623, 0.162394, 0.162665, 0.163122, 0.163158, 0.163282, 0.163523, 0.16388, 0.165046, 0.165265, 0.165321, 0.165361, 0.165384, 0.165604, 0.165901, 0.166348, 0.166498, 0.166533, 0.166631, 0.167299, 0.167326, 0.167739, 0.168233, 0.16832, 0.168326, 0.168774, 0.168852, 0.169134, 0.1693, 0.169487, 0.169594, 0.169866, 0.170029, 0.170573, 0.170594, 0.170646, 