{"sigma_r": 1.9103, "sigma_i": 0.5349, "m": 5, "seed": 4175266268, "n_k": {"1": 3993, "2": 992, "3": 239, "4": 62, "5": 20, "6+": 0}, "dlogr": [0.0, 0.000107, 0.000319, 0.00034, 0.000544, 0.000554, 0.001086, 0.001216, 0.001228, 0.001232, 0.001306, 0.001314, 0.001321, 0.001656, 0.001818, 0.002001, 0.002279, 0.002415, 0.002588, 0.002588, 0.002785, 0.002975, 0.003269, 0.003448, 0.003502, 0.00355, 0.003929, 0.004121, 0.004175, 0.004295, 0.00432, 0.004377, 0.004383, 0.004616, 0.004876, 0.004977, 0.005007, 0.005034, 0.005167, 0.005214, 0.005378, 0.00578, 0.005812, 0.006049, 0.006068, 0.006173, 0.006184, 0.006209, 0.006303, 0.006336, 0.007041, 0.007055, 0.007063, 0.007107, 0.007122, 0.007128, 0.007169, 0.007255, 0.007565, 0.007961, 0.007985, 0.008112, 0.008178, 0.008219, 0.00845, 0.008509, 0.008596, 0.009065, 0.009246, 0.00934, 0.009378, 0.009469, 0.009578, 0.009712, 0.009725, 0.010128, 0.010327, 0.010976, 0.011105, 0.01126, 0.011273, 0.011394, 0.011427, 0.011461, 0.012185, 0.012611, 0.013623, 0.013641, 0.013728, 0.013908, 0.013926, 0.014175, 0.014433, 0.014697, 0.014913, 0.01499, 0.01514, 0.015258, 0.015477, 0.015744, 0.015972, 0.015983, 0.016001, 0.016157, 0.016434, 0.016571, 0.017123, 0.017588, 0.017724, 0.017868, 0.017926, 0.018446, 0.018608, 0.018638, 0.018992, 0.019061, 0.019103, 0.019292, 0.019782, 0.019808, 0.020119, 0.020272, 0.020377, 0.020702, 0.020917, 0.020931, 0.020971, 0.021185, 0.021231, 0.021674, 0.021817, 0.022259, 0.022312, 0.022457, 0.022467, 0.02262, 0.022626, 0.022658, 0.022809, 0.022829, 0.02288, 0.022918, 0.023128, 0.023172, 0.02372, 0.023916, 0.023923, 0.024034, 0.024038, 0.024051, 0.024088, 0.024416, 0.024426, 0.024564, 0.024646, 0.024756, 0.024814, 0.024825, 0.025047, 0.025053, 0.025377, 0.025866, 0.025882, 0.025954, 0.02596, 0.026267, 0.026392, 0.026694, 0.0267, 0.026919, 0.027085, 0.027193, 0.027526, 0.027855, 0.028032, 0.028049, 0.028247, 0.028538, 0.028644, 0.028724, 0.028985, 0.029032, 0.029232, 0.029242, 0.029309, 0.029496, 0.029507, 0.029678, 0.030321, 0.030522, 0.030646, 0.030693, 0.031031, 0.031148, 0.031307, 0.031682, 0.031703, 0.031811, 0.031825, 0.031978, 0.032172, 0.032519, 0.033022, 0.033052, 0.03309, 0.033098, 0.033269, 0.03338, 0.033486, 0.03378, 0.033886, 0.034159, 0.034246, 0.034454, 0.034501, 0.034641, 0.035129, 0.035208, 0.035322, 0.035578, 0.035873, 0.035932, 0.035948, 0.035998, 0.036101, 0.036268, 0.03638, 0.036548, 0.036679, 0.036701, 0.036718, 0.036858, 0.036875, 0.037188, 0.037232, 0.037476, 0.037542, 0.037614, 0.037632, 0.037706, 0.037724, 0.037972, 0.037991, 0.038338, 0.038388, 0.03841, 0.038571, 0.038661, 0.038789, 0.038854, 0.038868, 0.038934, 0.039089, 0.039466, 0.039466, 0.039538, 0.039637, 0.039944, 0.040182, 0.040189, 0.040253, 0.040273, 0.040321, 0.040386, 0.040684, 0.041005, 0.041058, 0.041103, 0.041681, 0.041883, 0.041929, 0.04194, 0.041954, 0.041957, 0.04196, 0.042073, 0.042074, 0.042125, 0.042244, 0.042585, 0.042889, 0.042921, 0.043218, 0.043465, 0.043505, 0.043596, 0.044033, 0.044043, 0.044167, 0.044326, 0.044421, 0.044442, 0.044554, 0.045013, 0.045287, 0.045316, 0.045385, 0.045575, 0.046184, 0.046254, 0.046532, 0.046753, 0.046954, 0.046976, 0.047133, 0.047159, 0.047244, 0.047284, 0.047426, 0.047665, 0.04784, 0.047873, 0.048022, 0.048037, 0.048294, 0.048453, 0.048501, 0.048545, 0.048619, 0.048758, 0.04904, 0.049219, 0.049715, 0.049869, 0.050019, 0.050059, 0.050602, 0.050884, 0.051024, 0.051273, 0.0513, 0.051403, 0.051492, 0.051584, 0.05162, 0.051692, 0.051883, 0.051963, 0.052725, 0.053164, 0.053169, 0.053223, 0.053292, 0.053341, 0.053452, 0.05356, 0.053593, 0.053704, 0.053735, 0.053755, 0.053833, 0.053836, 0.053924, 0.054146, 0.054242, 0.054397, 0.054464, 0.054484, 0.054493, 0.054838, 0.054916, 0.055399, 0.055522, 0.055869, 0.056075, 0.056116, 0.056677, 0.056678, 0.056734, 0.057217, 0.057459, 0.057801, 0.05813, 0.058366, 0.058593, 0.058604, 0.058924, 0.059029, 0.059071, 0.059722, 0.059779, 0.060027, 0.06007, 0.060343, 0.060668, 0.061135, 0.061366, 0.061465, 0.061615, 0.061957, 0.062219, 0.062545, 0.062571, 0.063273, 0.063419, 0.063846, 0.063878, 0.063915, 0.064149, 0.064182, 0.064195, 0.064217, 0.064378, 0.06472, 0.064733, 0.064926, 0.065381, 0.065509, 0.065685, 0.065754, 0.066247, 0.066617, 0.066688, 0.066847, 0.067151, 0.067678, 0.067685, 0.068008, 0.068328, 0.068426, 0.068472, 0.06874, 0.068781, 0.068839, 0.06893, 0.06904, 0.069107, 0.069158, 0.069416, 0.069587, 0.069651, 0.069758, 0.069774, 0.07028, 0.070306, 0.070399, 0.070525, 0.070905, 0.071284, 0.071372, 0.071787, 0.071881, 0.071904, 0.071948, 0.07219, 0.07259, 0.072645, 0.072763, 0.072764, 0.072852, 0.072895, 0.072956, 0.073414, 0.073788, 0.073868, 0.073894, 0.073899, 0.074299, 0.074671, 0.074695, 0.074973, 0.075074, 0.075103, 0.07549, 0.075613, 0.075755, 0.075998, 0.07605, 0.076218, 0.076725, 0.076802, 0.077177, 0.07736, 0.077386, 0.077736, 0.077781, 0.077998, 0.078031, 0.078371, 0.078428, 0.078613, 0.078825, 0.078916, 0.079197, 0.079245, 0.079589, 0.079634, 0.079877, 0.080023, 0.080139, 0.080238, 0.08029, 0.080351, 0.08049, 0.080586, 0.080817, 0.081125, 0.081131, 0.081182, 0.081253, 0.081428, 0.081657, 0.081706, 0.082291, 0.082329, 0.082329, 0.082356, 0.082469, 0.082592, 0.082783, 0.083052, 0.083161, 0.083188, 0.083287, 0.083379, 0.083579, 0.08367, 0.083888, 0.084081, 0.084179, 0.08422, 0.084461, 0.084579, 0.084686, 0.084703, 0.084708, 0.084742, 0.084847, 0.085067, 0.085209, 0.085279, 0.085601, 0.085868, 0.08596, 0.086049, 0.086135, 0.08622, 0.08626, 0.086342, 0.086556, 0.086684, 0.086706, 0.086965, 0.087152, 0.087284, 0.088116, 0.088363, 0.088606, 0.088652, 0.088698, 0.088824, 0.088844, 0.089048, 0.089152, 0.089259, 0.08928, 0.089323, 0.089561, 0.089677, 0.089695, 0.090063, 0.090325, 0.090394, 0.090469, 0.090497, 0.090532, 0.090783, 0.090826, 0.090997, 0.091013, 0.091019, 0.091093, 0.091289, 0.091322, 0.091639, 0.092326, 0.092467, 0.092747, 0.092789, 0.092925, 0.093163, 0.093552, 0.093586, 0.093936, 0.094015, 0.094179, 0.094565, 0.094599, 0.095001, 0.095192, 0.095207, 0.095407, 0.095583, 0.095905, 0.096019, 0.096152, 0.096212, 0.096265, 0.096336, 0.09638, 0.096441, 0.096629, 0.096668, 0.096696, 0.096804, 0.096834, 0.096946, 0.09744, 0.097515, 0.0978, 0.098725, 0.098784, 0.098907, 0.099005, 0.099254, 0.100211, 0.100499, 0.100634, 0.100657, 0.100953, 0.101032, 0.101269, 0.101582, 0.101672, 0.101759, 0.102255, 0.102377, 0.102383, 0.102577, 0.102722, 0.102801, 0.103089, 0.10328, 0.103363, 0.103549, 0.103556, 0.103609, 0.104412, 0.104565, 0.104814, 0.105885, 0.106321, 0.10643, 0.106463, 0.106514, 0.106521, 0.106709, 0.106948, 0.107176, 0.107182, 0.107483, 0.107683, 0.108284, 0.108323, 0.108569, 0.108661, 0.108684, 0.108727, 0.108756, 0.10883, 0.109502, 0.109535, 0.109567, 0.109578, 0.109648, 0.109872, 0.110201, 0.110299, 0.110439, 0.110649, 0.110899, 0.11096, 0.111843, 0.112035, 0.112277, 0.112389, 0.112569, 0.112742, 0.112773, 0.112934, 0.113085, 0.113304, 0.113388, 0.113425, 0.113435, 0.113484, 0.113521, 0.113535, 0.113538, 0.114012, 0.114053, 0.114279, 0.114631, 0.114636, 0.114768, 0.115048, 0.115139, 0.115383, 0.11611, 0.116112, 0.116134, 0.116163, 0.11699, 0.117218, 0.117235, 0.117313, 0.117957, 0.118008, 0.118266, 0.118373, 0.118452, 0.118651, 0.118822, 0.118927, 0.119082, 0.11909, 0.119113, 0.11925, 0.119295, 0.119327, 0.119532, 0.120388, 0.120613, 0.120641, 0.121195, 0.121246, 0.121667, 0.121837, 0.121961, 0.122013, 0.122091, 0.122123, 0.122403, 0.122546, 0.122886, 0.122928, 0.123138, 0.123575, 0.123631, 0.123642, 0.123767, 0.12387, 0.124272, 0.124585, 0.124777, 0.124955, 0.125354, 0.125396, 0.125502, 0.125508, 0.125549, 0.12558, 0.125623, 0.125723, 0.126026, 0.12604, 0.126124, 0.126241, 0.126361, 0.126451, 0.126538, 0.126793, 0.126843, 0.126895, 0.127296, 0.127562, 0.127672, 0.127717, 0.128376, 0.128443, 0.128479, 0.128557, 0.128606, 0.128625, 0.128821, 0.128839, 0.128909, 0.129216, 0.129279, 0.129329, 0.129515, 0.129553, 0.130032, 0.130035, 0.130299, 0.130381, 0.130591, 0.130703, 0.130851, 0.13129, 0.131378, 0.131641, 