{"sigma_r": 1.5244, "sigma_i": 1.4304, "m": 7, "seed": 3063009859, "n_k": {"1": 4242, "2": 970, "3": 205, "4": 33, "5": 5, "6+": 1}, "dlogr": [0.000153, 0.00022, 0.000853, 0.001237, 0.001313, 0.00151, 0.002075, 0.002154, 0.002157, 0.002321, 0.002497, 0.002622, 0.00284, 0.002886, 0.003002, 0.003125, 0.003181, 0.003209, 0.003309, 0.003391, 0.003605, 0.004019, 0.004137, 0.004164, 0.00429, 0.004501, 0.004557, 0.004686, 0.004715, 0.004753, 0.004771, 0.004949, 0.00503, 0.005269, 0.005569, 0.005686, 0.00571, 0.006138, 0.006467, 0.006634, 0.006772, 0.006781, 0.006941, 0.007209, 0.007235, 0.007362, 0.007415, 0.007556, 0.007624, 0.007937, 0.008093, 0.00815, 0.008226, 0.008291, 0.008456, 0.008727, 0.008968, 0.009092, 0.009136, 0.009269, 0.009445, 0.009591, 0.009674, 0.010159, 0.010327, 0.010389, 0.01039, 0.010435, 0.010705, 0.01071, 0.010715, 0.010859, 0.010944, 0.01101, 0.011083, 0.011177, 0.011227, 0.01128, 0.011957, 0.012527, 0.012593, 0.01289, 0.012993, 0.013156, 0.013183, 0.013211, 0.013286, 0.01331, 0.013461, 0.013561, 0.013665, 0.013701, 0.01379, 0.014213, 0.014255, 0.014313, 0.014838, 0.014927, 0.014992, 0.015025, 0.015112, 0.015206, 0.015464, 0.015659, 0.015748, 0.015801, 0.016068, 0.016069, 0.016352, 0.016433, 0.016556, 0.017174, 0.017645, 0.01792, 0.01796, 0.018016, 0.018181, 0.018324, 0.01834, 0.018389, 0.018629, 0.018663, 0.01914, 0.019311, 0.01932, 0.019329, 0.019575, 0.019713, 0.019765, 0.020414, 0.020605, 0.020695, 0.020977, 0.021182, 0.021304, 0.021324, 0.021331, 0.021851, 0.02205, 0.022119, 0.022192, 0.022442, 0.022873, 0.02298, 0.023099, 0.023424, 0.023994, 0.024072, 0.024355, 0.024438, 0.024654, 0.025522, 0.025943, 0.02603, 0.026286, 0.02642, 0.026434, 0.026511, 0.026801, 0.026841, 0.02697, 0.027075, 0.027607, 0.027674, 0.027693, 0.027736, 0.027819, 0.028079, 0.028352, 0.028428, 0.028837, 0.028906, 0.029333, 0.029429, 0.029462, 0.029491, 0.029574, 0.029585, 0.029883, 0.030265, 0.030759, 0.03078, 0.030947, 0.03099, 0.031263, 0.031453, 0.031538, 0.031623, 0.032101, 0.032135, 0.032613, 0.032865, 0.033269, 0.033399, 0.033461, 0.033731, 0.034034, 0.034134, 0.034263, 0.034516, 0.034547, 0.034684, 0.035012, 0.035054, 0.035467, 0.036127, 0.036447, 0.03648, 0.036556, 0.036747, 0.03681, 0.036931, 0.037015, 0.037234, 0.037347, 0.037418, 0.037757, 0.037902, 0.037981, 0.038131, 0.038459, 0.038461, 0.038855, 0.038914, 0.038927, 0.03901, 0.039135, 0.039236, 0.039277, 0.039315, 0.039436, 0.039463, 0.039594, 0.039976, 0.040059, 0.040167, 0.04035, 0.040513, 0.040642, 0.040956, 0.041261, 0.042117, 0.042387, 0.042407, 0.042414, 0.042512, 0.042651, 0.042912, 0.043272, 0.043399, 0.04342, 0.043444, 0.043458, 0.043505, 0.043615, 0.043943, 0.043985, 0.044024, 0.044112, 0.04422, 0.04435, 0.044363, 0.044633, 0.04485, 0.045184, 0.045287, 0.045497, 0.045546, 0.045604, 0.045663, 0.045722, 0.04579, 0.045802, 0.045807, 0.045857, 0.045881, 0.046085, 0.046239, 0.046351, 0.04647, 0.046741, 0.046787, 0.046851, 0.046921, 0.047079, 0.047672, 0.047817, 0.048661, 0.049143, 0.04915, 0.049191, 0.049376, 0.049418, 0.049962, 0.050402, 0.050486, 0.050611, 0.050682, 0.050906, 0.050943, 0.051053, 0.051272, 0.051417, 0.051445, 0.051504, 0.051546, 0.051565, 0.051838, 0.051884, 0.052122, 0.052155, 0.0525, 0.052506, 0.052511, 0.052769, 0.052827, 0.052878, 0.053481, 0.053565, 0.053581, 0.053675, 0.053826, 0.053831, 0.054085, 0.054182, 0.054234, 0.054251, 0.054872, 0.054909, 0.055001, 0.055449, 0.055552, 0.055736, 0.055887, 0.055887, 0.055954, 0.057362, 0.057435, 0.058186, 0.058252, 0.058424, 0.058651, 0.058798, 0.058923, 0.059064, 0.059122, 0.059138, 0.059284, 0.059304, 0.059406, 0.05952, 0.05982, 0.060101, 0.060246, 0.060471, 0.060635, 0.061492, 0.061897, 0.061927, 0.061991, 0.062462, 0.06258, 0.06278, 0.062866, 0.06333, 0.063677, 0.064151, 0.064211, 0.064388, 0.064604, 0.064662, 0.065184, 0.065228, 0.065489, 0.066259, 0.066858, 0.066888, 0.067498, 0.067586, 0.068167, 0.068186, 0.06819, 0.068277, 0.068447, 0.068963, 0.069057, 0.069263, 0.069455, 0.069496, 0.069732, 0.069809, 0.069961, 0.070034, 0.070514, 0.070605, 0.070649, 0.070722, 0.070776, 0.070886, 0.071206, 0.071294, 0.071827, 0.072041, 0.072255, 0.072439, 0.072967, 0.072992, 0.073103, 0.073243, 0.07336, 0.073755, 0.074004, 0.074255, 0.074462, 0.074464, 0.074631, 0.074831, 0.075001, 0.075152, 0.075218, 0.075426, 0.075595, 0.075614, 0.07586, 0.076151, 0.076864, 0.077026, 0.077128, 0.077284, 0.077349, 0.077534, 0.077556, 0.077689, 0.078122, 0.078209, 0.078239, 0.07881, 0.079081, 0.079228, 0.079403, 0.079775, 0.080022, 0.080247, 0.080413, 0.080562, 0.080576, 0.080634, 0.081106, 0.081742, 0.081761, 0.08218, 0.082328, 0.082594, 0.08263, 0.082874, 0.082955, 0.08314, 0.083815, 0.083931, 0.084049, 0.084407, 0.084587, 0.084992, 0.085104, 0.085404, 0.085647, 0.085968, 0.086021, 0.086115, 0.086354, 0.086577, 0.086622, 0.086901, 0.086988, 0.087112, 0.087499, 0.08756, 0.087785, 0.087954, 0.088067, 0.088335, 0.08867, 0.088718, 0.088763, 0.088928, 0.089541, 0.089646, 0.089848, 0.089949, 0.090115, 0.090868, 0.090905, 0.091245, 0.091741, 0.091802, 0.091938, 0.092104, 0.092208, 0.092244, 0.092728, 0.092825, 0.092901, 0.093152, 0.093265, 0.093312, 0.093327, 0.093439, 0.093606, 0.093734, 0.093847, 0.094511, 0.094586, 0.095126, 0.095224, 0.095263, 0.095412, 0.095808, 0.095915, 0.09593, 0.096053, 0.096074, 0.09627, 0.096479, 0.09671, 0.096798, 0.097027, 0.097221, 0.097652, 0.098501, 0.099024, 0.099026, 0.099256, 0.099315, 0.099582, 0.09981, 0.100078, 0.100213, 0.100485, 0.100617, 0.100712, 0.101311, 0.10133, 0.101609, 0.101784, 0.101882, 0.101933, 0.10194, 0.10196, 0.102264, 0.102502, 0.102622, 0.102715, 0.102726, 0.102809, 0.10333, 0.103425, 0.103667, 0.103789, 0.103941, 0.103998, 0.104306, 0.104322, 0.104511, 0.10466, 0.104786, 0.105407, 0.105654, 0.106352, 0.10681, 0.106844, 0.107252, 0.107289, 0.107912, 0.108054, 0.108398, 0.108663, 0.10905, 0.109128, 0.109452, 0.109792, 0.110218, 0.11052, 0.110814, 0.110954, 0.110999, 0.111204, 0.1113, 0.111458, 0.111587, 0.112065, 0.112142, 0.112463, 0.112792, 0.113363, 0.113913, 0.114047, 0.114132, 0.11427, 0.11458, 0.114688, 0.115503, 0.115605, 0.115616, 0.115921, 0.116099, 0.116189, 0.11639, 0.116986, 0.117049, 0.117074, 0.117096, 0.117401, 0.117574, 0.118031, 0.118104, 0.118359, 0.118369, 0.118574, 0.118738, 0.118979, 0.119387, 0.119555, 0.119585, 0.120229, 0.120934, 0.121579, 0.121612, 0.121712, 0.122001, 0.122272, 0.122545, 0.122595, 0.122812, 0.122836, 0.123005, 0.123245, 0.123549, 0.123625, 0.12387, 0.124025, 0.1241, 0.124187, 0.124307, 0.124798, 0.125472, 0.125474, 0.125541, 0.125656, 0.125789, 0.126249, 0.126401, 0.126464, 0.126678, 0.126679, 0.126698, 0.126739, 0.126882, 0.126987, 0.127198, 0.12783, 0.127908, 0.127953, 0.128189, 0.128792, 0.130729, 0.13099, 0.131449, 0.131476, 0.132149, 0.132296, 0.132304, 0.132411, 0.133035, 0.133048, 0.133439, 0.133716, 0.134267, 0.134282, 0.134292, 0.134354, 0.134398, 0.134417, 0.134448, 0.134521, 0.13472, 0.134744, 0.134775, 0.134851, 0.135319, 0.135327, 0.136248, 0.136279, 0.136312, 0.136876, 0.137034, 0.137717, 0.138075, 0.138721, 0.138838, 0.139106, 0.139749, 0.140044, 0.140404, 0.140784, 0.141844, 0.142133, 0.142348, 0.143175, 0.143493, 0.143674, 0.143835, 0.143891, 0.144158, 0.144306, 0.144387, 0.144449, 0.144918, 0.145312, 0.145767, 0.146097, 0.146881, 0.14694, 0.147272, 0.147524, 0.147922, 0.147926, 0.147983, 0.148144, 0.148211, 0.148777, 0.149096, 0.149426, 0.149429, 0.149529, 0.149834, 0.150465, 0.150851, 0.150923, 0.151479, 0.151553, 0.152057, 0.152205, 0.152259, 0.152609, 0.153056, 0.153288, 0.153753, 0.153904, 0.154044, 0.154685, 0.154992, 0.155141, 0.155755, 0.155882, 0.1562, 0.15624, 0.156308, 0.156718, 0.1568, 0.156813, 0.157465, 0.157569, 0.157979, 0.158607, 0.158736, 0.158754, 0.158949, 0.160438, 0.160908, 0.161069, 0.161772, 0.161855, 0.162085, 0.162573, 0.162948, 0.16316, 0.163366, 0.163655, 0.164127, 0.164195, 0.164331, 0.164355, 0.164417, 0.164529, 0.164549, 0.164589, 0.164717, 0.164821, 0.165094, 0.165161, 0.165687, 0.165881, 0.166318, 0.166646, 