{"sigma_r": 1.5244, "sigma_i": 0.684, "m": 7, "seed": 1239411826, "n_k": {"1": 3968, "2": 1011, "3": 241, "4": 54, "5": 10, "6+": 1}, "dlogr": [0.000223, 0.000304, 0.000821, 0.001444, 0.001654, 0.001696, 0.001777, 0.002092, 0.002347, 0.002654, 0.002867, 0.002892, 0.003327, 0.003338, 0.003589, 0.004082, 0.004579, 0.004648, 0.004984, 0.0054, 0.005489, 0.005573, 0.005591, 0.005702, 0.005785, 0.005865, 0.005867, 0.005932, 0.006096, 0.006269, 0.006385, 0.006426, 0.006511, 0.006621, 0.006665, 0.006726, 0.006841, 0.007048, 0.007139, 0.007163, 0.007523, 0.007659, 0.007755, 0.007812, 0.007985, 0.008006, 0.008074, 0.008098, 0.00813, 0.008182, 0.008898, 0.00919, 0.009347, 0.009415, 0.009518, 0.009524, 0.009854, 0.010099, 0.0105, 0.010737, 0.01134, 0.011357, 0.011654, 0.011838, 0.011844, 0.011893, 0.012072, 0.012081, 0.01209, 0.012237, 0.012281, 0.012307, 0.012325, 0.012434, 0.01249, 0.012815, 0.013177, 0.01326, 0.013513, 0.013663, 0.013694, 0.013754, 0.013924, 0.014035, 0.014066, 0.014119, 0.014216, 0.014272, 0.014472, 0.014492, 0.014712, 0.014754, 0.015186, 0.015191, 0.015348, 0.015445, 0.015707, 0.015707, 0.01571, 0.01599, 0.016154, 0.016343, 0.016398, 0.016464, 0.0165, 0.016526, 0.016819, 0.016907, 0.017007, 0.017141, 0.017364, 0.017444, 0.017544, 0.017649, 0.017712, 0.018032, 0.01809, 0.01819, 0.018225, 0.018426, 0.018737, 0.018838, 0.018924, 0.019195, 0.0192, 0.019456, 0.01981, 0.019868, 0.020201, 0.020357, 0.020408, 0.021129, 0.021167, 0.021206, 0.021229, 0.021319, 0.021602, 0.021687, 0.021942, 0.022217, 0.022393, 0.022578, 0.022589, 0.02266, 0.02283, 0.022857, 0.023161, 0.023188, 0.02334, 0.023591, 0.023592, 0.023662, 0.02368, 0.023683, 0.023855, 0.023956, 0.024096, 0.024414, 0.024555, 0.024659, 0.024695, 0.024785, 0.024814, 0.025044, 0.025491, 0.025575, 0.025721, 0.025847, 0.025868, 0.026118, 0.026294, 0.026306, 0.026449, 0.027181, 0.027386, 0.027444, 0.027594, 0.027656, 0.027763, 0.027777, 0.027957, 0.02807, 0.028503, 0.02865, 0.028809, 0.028842, 0.028863, 0.028935, 0.029118, 0.029424, 0.029531, 0.029657, 0.029731, 0.030158, 0.030313, 0.03045, 0.030452, 0.030457, 0.030492, 0.030725, 0.030895, 0.031026, 0.031515, 0.031811, 0.031939, 0.032148, 0.032291, 0.032419, 0.032608, 0.033005, 0.033014, 0.033513, 0.033578, 0.033912, 0.034017, 0.034156, 0.034422, 0.034666, 0.035152, 0.035285, 0.035376, 0.035424, 0.035648, 0.035947, 0.036256, 0.036262, 0.036317, 0.036329, 0.036592, 0.037025, 0.037091, 0.037238, 0.037383, 0.037784, 0.037839, 0.037844, 0.037876, 0.038088, 0.038097, 0.038281, 0.038953, 0.039165, 0.039255, 0.039323, 0.039393, 0.039406, 0.039439, 0.039444, 0.039716, 0.039947, 0.039949, 0.040495, 0.040585, 0.040651, 0.04067, 0.040779, 0.040858, 0.041291, 0.041478, 0.041525, 0.041761, 0.041828, 0.041986, 0.042151, 0.04228, 0.042474, 0.042716, 0.042734, 0.043059, 0.043233, 0.043248, 0.043333, 0.043559, 0.043646, 0.044452, 0.044703, 0.044824, 0.044993, 0.045107, 0.045113, 0.045125, 0.045301, 0.045394, 0.045535, 0.045547, 0.045629, 0.045639, 0.045751, 0.045894, 0.045968, 0.046147, 0.046786, 0.046904, 0.046941, 0.047127, 0.047136, 0.047329, 0.047349, 0.04798, 0.047982, 0.048506, 0.048562, 0.048657, 0.048706, 0.048712, 0.049217, 0.049284, 0.04929, 0.049344, 0.049347, 0.049355, 0.049418, 0.049834, 0.051459, 0.051477, 0.051668, 0.051693, 0.051745, 0.051968, 0.05208, 0.052108, 0.052221, 0.052773, 0.052907, 0.053119, 0.05325, 0.054307, 0.054629, 0.054698, 0.054747, 0.054965, 0.055871, 0.056322, 0.056344, 0.056477, 0.056864, 0.056891, 0.057146, 0.057322, 0.057653, 0.058059, 0.05835, 0.058387, 0.058426, 0.059039, 0.059042, 0.059113, 0.059906, 0.059947, 0.060356, 0.060394, 0.060524, 0.060959, 0.060999, 0.061125, 0.061199, 0.061319, 0.061568, 0.061754, 0.061978, 0.062191, 0.062473, 0.062581, 0.062663, 0.062748, 0.063103, 0.063399, 0.063411, 0.063469, 0.063846, 0.063877, 0.064064, 0.064182, 0.064634, 0.064768, 0.064804, 0.0649, 0.06555, 0.06562, 0.065758, 0.066371, 0.066809, 0.066858, 0.067638, 0.067943, 0.068292, 0.068376, 0.068577, 0.06872, 0.068797, 0.069288, 0.069963, 0.069992, 0.070034, 0.07016, 0.070183, 0.070243, 0.07057, 0.070678, 0.070817, 0.070904, 0.070988, 0.071728, 0.072247, 0.072452, 0.072517, 0.072543, 0.072563, 0.072922, 0.073033, 0.073598, 0.073657, 0.073723, 0.073781, 0.073998, 0.074028, 0.074111, 0.07439, 0.074466, 0.074671, 0.074903, 0.075418, 0.075874, 0.07626, 0.076279, 0.076316, 0.076854, 0.076924, 0.076977, 0.077443, 0.077535, 0.077637, 0.077755, 0.077906, 0.078291, 0.078312, 0.078395, 0.078434, 0.078514, 0.078626, 0.07873, 0.078806, 0.079611, 0.080596, 0.080737, 0.080954, 0.081053, 0.081445, 0.081455, 0.081481, 0.081538, 0.081749, 0.082778, 0.082971, 0.083469, 0.083502, 0.083615, 0.083744, 0.084036, 0.08425, 0.084522, 0.084573, 0.08469, 0.08487, 0.084985, 0.085058, 0.085225, 0.085251, 0.085442, 0.085912, 0.08623, 0.086465, 0.086593, 0.086675, 0.086949, 0.087057, 0.087364, 0.087422, 0.087658, 0.088268, 0.088386, 0.088587, 0.088686, 0.089332, 0.089436, 0.089579, 0.089709, 0.089794, 0.090149, 0.090397, 0.090561, 0.090635, 0.090723, 0.090888, 0.091314, 0.091789, 0.091947, 0.091972, 0.092023, 0.092132, 0.092281, 0.09233, 0.092714, 0.092869, 0.09296, 0.092969, 0.093046, 0.093063, 0.093352, 0.093642, 0.093686, 0.093722, 0.093896, 0.09404, 0.094098, 0.094324, 0.094325, 0.094648, 0.094691, 0.094881, 0.094977, 0.09514, 0.095166, 0.095532, 0.095542, 0.095701, 0.095883, 0.095943, 0.096109, 0.096477, 0.096622, 0.096795, 0.097375, 0.097377, 0.097554, 0.097771, 0.097878, 0.097898, 0.098032, 0.098099, 0.098246, 0.098562, 0.098991, 0.099326, 0.099405, 0.100035, 0.100101, 0.100166, 0.100365, 0.10137, 0.101435, 0.101449, 0.102234, 0.102325, 0.102441, 0.102527, 0.102818, 0.102967, 0.10314, 0.103166, 0.103568, 0.103797, 0.103879, 0.103913, 0.104543, 0.104633, 0.104677, 0.104703, 0.105087, 0.105188, 0.105294, 0.105416, 0.105445, 0.105457, 0.105842, 0.105845, 0.105914, 0.105916, 0.105979, 0.106137, 0.106366, 0.106473, 0.106816, 0.107194, 0.10731, 0.107369, 0.107648, 0.107804, 0.107888, 0.108194, 0.108214, 0.108412, 0.108455, 0.108486, 0.108672, 0.108675, 0.108863, 0.108869, 0.109234, 0.109344, 0.109398, 0.109438, 0.109529, 0.109607, 0.109778, 0.109962, 0.110167, 0.110295, 0.110346, 0.110403, 0.111291, 0.111291, 0.111424, 0.11185, 0.111863, 0.112139, 0.112189, 0.112269, 0.112414, 0.112431, 0.11251, 0.112807, 0.113528, 0.113681, 0.113964, 0.113966, 0.114093, 0.11478, 0.114862, 0.115301, 0.115578, 0.115582, 0.115593, 0.115733, 0.116127, 0.116427, 0.116623, 0.116655, 0.116986, 0.117085, 0.117192, 0.117312, 0.117393, 0.117499, 0.117921, 0.118128, 0.118211, 0.118393, 0.118431, 0.118469, 0.11885, 0.119308, 0.119526, 0.11994, 0.120186, 0.120594, 0.121001, 0.121265, 0.121555, 0.12179, 0.121923, 0.122364, 0.122644, 0.122654, 0.122785, 0.12286, 0.123125, 0.123256, 0.123313, 0.123574, 0.123671, 0.124445, 0.12446, 0.124656, 0.124671, 0.124937, 0.125064, 0.125233, 0.125699, 0.125753, 0.125773, 0.125796, 0.125821, 0.12592, 0.12634, 0.126422, 0.126449, 0.126569, 0.127042, 0.127068, 0.127097, 0.127238, 0.127378, 0.127594, 0.127641, 0.127676, 0.127709, 0.127843, 0.127866, 0.128115, 0.128267, 0.128921, 0.130081, 0.130246, 0.130457, 0.130496, 0.131053, 0.131254, 0.13128, 0.13141, 0.131565, 0.131828, 0.132187, 0.132193, 0.132203, 0.13221, 0.132386, 0.132435, 0.132649, 0.132676, 0.132978, 0.133022, 0.133526, 0.133593, 0.133678, 0.133683, 0.133744, 0.133864, 0.133885, 0.134004, 0.134111, 0.134344, 0.135061, 0.135111, 0.135122, 0.135916, 0.135951, 0.136764, 0.136904, 0.136999, 0.137032, 0.137236, 0.137309, 0.137384, 0.137542, 0.13772, 0.137948, 0.138274, 0.138341, 0.138452, 0.138452, 0.138745, 0.139012, 0.139204, 0.139248, 0.139615, 0.139804, 0.140167, 0.140668, 0.140935, 0.141014, 0.141045, 0.141321, 0.141375, 0.141619, 0.141661, 0.141679, 0.141772, 0.141848, 0.142085, 0.142384, 0.142814, 0.143034, 0.14318, 0.143663, 0.143865, 0.143898, 0.144102, 0.144159, 0.144224, 0.144475, 0.144654, 0.144932, 0.145094, 0.145121, 0.145477, 0.145577, 0.145694, 0.146062, 0.146235, 0.146268, 0.14636, 