{"sigma_r": 1.2164, "sigma_i": 0.4183, "m": 4, "seed": 914853645, "n_k": {"1": 3990, "2": 930, "3": 268, "4": 52, "5": 19, "6+": 4}, "dlogr": [0.0, 0.0, 0.0, 0.000137, 0.000295, 0.000415, 0.000447, 0.000573, 0.000607, 0.000702, 0.000888, 0.000986, 0.001001, 0.00119, 0.001378, 0.001874, 0.00195, 0.002114, 0.002228, 0.002272, 0.002541, 0.002895, 0.003424, 0.00353, 0.003695, 0.003843, 0.004036, 0.00406, 0.004195, 0.004253, 0.004551, 0.00471, 0.004716, 0.004797, 0.005006, 0.00506, 0.005221, 0.005222, 0.005317, 0.005548, 0.005754, 0.006184, 0.006193, 0.006338, 0.006412, 0.006903, 0.006964, 0.007051, 0.007179, 0.007217, 0.007264, 0.007268, 0.007271, 0.007601, 0.007753, 0.007856, 0.008068, 0.008127, 0.008281, 0.008559, 0.009108, 0.009242, 0.009736, 0.009801, 0.009848, 0.010033, 0.010176, 0.010329, 0.010332, 0.01038, 0.010426, 0.010442, 0.011242, 0.011376, 0.011395, 0.011506, 0.011663, 0.01175, 0.011897, 0.012063, 0.012107, 0.01213, 0.012404, 0.012521, 0.012636, 0.012774, 0.012793, 0.012817, 0.012923, 0.013168, 0.013488, 0.013753, 0.014151, 0.014177, 0.014286, 0.014505, 0.014521, 0.014707, 0.014712, 0.014785, 0.014789, 0.014808, 0.014886, 0.014986, 0.015167, 0.015319, 0.015379, 0.015506, 0.01562, 0.016136, 0.016171, 0.016315, 0.016542, 0.016733, 0.017548, 0.018183, 0.018222, 0.018475, 0.018538, 0.01871, 0.018713, 0.018742, 0.018986, 0.019148, 0.019984, 0.020292, 0.020308, 0.020574, 0.020626, 0.020932, 0.02094, 0.020992, 0.021002, 0.021389, 0.021533, 0.021963, 0.022027, 0.022069, 0.022206, 0.022273, 0.022439, 0.022774, 0.023207, 0.023227, 0.023416, 0.023465, 0.02347, 0.023529, 0.023849, 0.023947, 0.023974, 0.024211, 0.024263, 0.02441, 0.024493, 0.024578, 0.02481, 0.025145, 0.025223, 0.025293, 0.025331, 0.025368, 0.02575, 0.025775, 0.025805, 0.025985, 0.026113, 0.026167, 0.026193, 0.026224, 0.026303, 0.026482, 0.026713, 0.026782, 0.027108, 0.027249, 0.02731, 0.027463, 0.027482, 0.027488, 0.027855, 0.02804, 0.02811, 0.028131, 0.028181, 0.028387, 0.028402, 0.028501, 0.02854, 0.028729, 0.028828, 0.029266, 0.029294, 0.029365, 0.029499, 0.02966, 0.029773, 0.029826, 0.03003, 0.030128, 0.030568, 0.030652, 0.030653, 0.031176, 0.031247, 0.031363, 0.031481, 0.031726, 0.03183, 0.031965, 0.032047, 0.032234, 0.032324, 0.032353, 0.032519, 0.032555, 0.032724, 0.033362, 0.033701, 0.034173, 0.034338, 0.034747, 0.03485, 0.035073, 0.035599, 0.035744, 0.035859, 0.035859, 0.035873, 0.036077, 0.036376, 0.036381, 0.03645, 0.036507, 0.036617, 0.036792, 0.036935, 0.037029, 0.037099, 0.037269, 0.037864, 0.038096, 0.038162, 0.038251, 0.038314, 0.038323, 0.038433, 0.038572, 0.038581, 0.038914, 0.038977, 0.039044, 0.039249, 0.039338, 0.039381, 0.039499, 0.039552, 0.039611, 0.039642, 0.039694, 0.039777, 0.039855, 0.039914, 0.040088, 0.040168, 0.040382, 0.040489, 0.040552, 0.040826, 0.040891, 0.040912, 0.040973, 0.041183, 0.041293, 0.041378, 0.041533, 0.041661, 0.041679, 0.041852, 0.041971, 0.041972, 0.041998, 0.042037, 0.042389, 0.042391, 0.042406, 0.042653, 0.042721, 0.042946, 0.043139, 0.043173, 0.044012, 0.044076, 0.044078, 0.044191, 0.044441, 0.044459, 0.044745, 0.044961, 0.044972, 0.04498, 0.045029, 0.045345, 0.045538, 0.045576, 0.045688, 0.045717, 0.045887, 0.045956, 0.046284, 0.046503, 0.046603, 0.046671, 0.04699, 0.047105, 0.047202, 0.047397, 0.047529, 0.047633, 0.04769, 0.047808, 0.047881, 0.047938, 0.048059, 0.048064, 0.04846, 0.048518, 0.048747, 0.048758, 0.048947, 0.049111, 0.049417, 0.050079, 0.050164, 0.050649, 0.050705, 0.050721, 0.050774, 0.050842, 0.050979, 0.051012, 0.051404, 0.05156, 0.051653, 0.051968, 0.052177, 0.052214, 0.052811, 0.053534, 0.053854, 0.053946, 0.053953, 0.054189, 0.05443, 0.054874, 0.055216, 0.055298, 0.055755, 0.056161, 0.05617, 0.056334, 0.056548, 0.056565, 0.056884, 0.057151, 0.057223, 0.057479, 0.057536, 0.057831, 0.057989, 0.058043, 0.058077, 0.058121, 0.058187, 0.058251, 0.058395, 0.058596, 0.058647, 0.058647, 0.058775, 0.058817, 0.058971, 0.059268, 0.059754, 0.059951, 0.060078, 0.060138, 0.060579, 0.060628, 0.060825, 0.060939, 0.061003, 0.061164, 0.061324, 0.061401, 0.061664, 0.061716, 0.061769, 0.061791, 0.061799, 0.061831, 0.062249, 0.062277, 0.062502, 0.06254, 0.062542, 0.062602, 0.062673, 0.063226, 0.063282, 0.063401, 0.06352, 0.063802, 0.064112, 0.0642, 0.064214, 0.064455, 0.064487, 0.064562, 0.064737, 0.064889, 0.065103, 0.065351, 0.065391, 0.065625, 0.066422, 0.066443, 0.066606, 0.066704, 0.066855, 0.066911, 0.067063, 0.067116, 0.06725, 0.067308, 0.067512, 0.068455, 0.068512, 0.068601, 0.068665, 0.068745, 0.068783, 0.068871, 0.068928, 0.069055, 0.069137, 0.069212, 0.069289, 0.069393, 0.069585, 0.070001, 0.070004, 0.070055, 0.070328, 0.070343, 0.070465, 0.070486, 0.070631, 0.071245, 0.071324, 0.071484, 0.071517, 0.071537, 0.071788, 0.071867, 0.071911, 0.071914, 0.072265, 0.072604, 0.072839, 0.072973, 0.073057, 0.073133, 0.073227, 0.07324, 0.073243, 0.073326, 0.073403, 0.073503, 0.073633, 0.073644, 0.073675, 0.073929, 0.074066, 0.074371, 0.074472, 0.074611, 0.074658, 0.074676, 0.075072, 0.075275, 0.075307, 0.075418, 0.075556, 0.07565, 0.075689, 0.075789, 0.075911, 0.075991, 0.076024, 0.076247, 0.076369, 0.07652, 0.076583, 0.076679, 0.076708, 0.076737, 0.076807, 0.076939, 0.077057, 0.077083, 0.077426, 0.077531, 0.077681, 0.077772, 0.077792, 0.07784, 0.077905, 0.077932, 0.078061, 0.078184, 0.078262, 0.078674, 0.078718, 0.078942, 0.078992, 0.079192, 0.07933, 0.079624, 0.079907, 0.08005, 0.080056, 0.080407, 0.080756, 0.080828, 0.080935, 0.081214, 0.081229, 0.081284, 0.0813, 0.081447, 0.081539, 0.081588, 0.08185, 0.081982, 0.082435, 0.082619, 0.08283, 0.082922, 0.082996, 0.083008, 0.083233, 0.083397, 0.083511, 0.083584, 0.083614, 0.083623, 0.084205, 0.084269, 0.084609, 0.0847, 0.084707, 0.085043, 0.085328, 0.085382, 0.085429, 0.085525, 0.085876, 0.085911, 0.086035, 0.086287, 0.086492, 0.086514, 0.086579, 0.086768, 0.086916, 0.087033, 0.087096, 0.08747, 0.087491, 0.087728, 0.087753, 0.087815, 0.087886, 0.087916, 0.087925, 0.087979, 0.088202, 0.088571, 0.088912, 0.089014, 0.089139, 0.08931, 0.089313, 0.08941, 0.089564, 0.089639, 0.089686, 0.089733, 0.090284, 0.090375, 0.090384, 0.090447, 0.090537, 0.090576, 0.090674, 0.090855, 0.091188, 0.091259, 0.091432, 0.091513, 0.091676, 0.091773, 0.09192, 0.092147, 0.092443, 0.092809, 0.09301, 0.093036, 0.093414, 0.093556, 0.093875, 0.09415, 0.094315, 0.094828, 0.095137, 0.09519, 0.095763, 0.09604, 0.096068, 0.096174, 0.096412, 0.096502, 0.096717, 0.096918, 0.097171, 0.097173, 0.097273, 0.097391, 0.097579, 0.09777, 0.097843, 0.097993, 0.098239, 0.098598, 0.098988, 0.099044, 0.099524, 0.099537, 0.099683, 0.100102, 0.100655, 0.100792, 0.100863, 0.100911, 0.100948, 0.101048, 0.101258, 0.101312, 0.101347, 0.101542, 0.101586, 0.10167, 0.10208, 0.102149, 0.102214, 0.102315, 0.102347, 0.102706, 0.102918, 0.103255, 0.103416, 0.103433, 0.103478, 0.103686, 0.104537, 0.104865, 0.104951, 0.105488, 0.106211, 0.106247, 0.106271, 0.106343, 0.106366, 0.10644, 0.1068, 0.107607, 0.107789, 0.107802, 0.107842, 0.108903, 0.108977, 0.109071, 0.10914, 0.109161, 0.109276, 0.109522, 0.10983, 0.109909, 0.110438, 0.110531, 0.110857, 0.111171, 0.111179, 0.111648, 0.112108, 0.112148, 0.112165, 0.112196, 0.112512, 0.112673, 0.113209, 0.113871, 0.11426, 0.114469, 0.115114, 0.115118, 0.115725, 0.115887, 0.115925, 0.116008, 0.116018, 0.116037, 0.116092, 0.116117, 0.116542, 0.11673, 0.116996, 0.117143, 0.117179, 0.117244, 0.117327, 0.117619, 0.117672, 0.117998, 0.118167, 0.118459, 0.118484, 0.11897, 0.119013, 0.119027, 0.119098, 0.119211, 0.119289, 0.119329, 0.11947, 0.11955, 0.119791, 0.11985, 0.120213, 0.12063, 0.120852, 0.120939, 0.121515, 0.121769, 0.121799, 0.12247, 0.122877, 0.123157, 0.12318, 0.123406, 0.123571, 0.123776, 0.123821, 0.123895, 0.124213, 0.124274, 0.124374, 0.12554, 0.125641, 0.125829, 0.12596, 0.126658, 0.126718, 0.126779, 0.127235, 0.12806, 0.128592, 0.128693, 0.128848, 0.129576, 0.129661, 0.129849, 0.130012, 0.130023, 0.130134, 0.130275, 0.13031, 0.130499, 0.130599, 0.130601, 0.130656, 0.130756, 0.130802, 0.132278, 