{"sigma_r": 1.2164, "sigma_i": 0.4183, "m": 5, "seed": 3538481251, "n_k": {"1": 4046, "2": 966, "3": 240, "4": 62, "5": 12, "6+": 7}, "dlogr": [0.0, 4.6e-05, 0.00015, 0.000233, 0.000288, 0.000325, 0.000443, 0.000602, 0.000632, 0.000866, 0.000914, 0.001125, 0.001349, 0.001447, 0.001486, 0.001797, 0.001922, 0.001997, 0.002008, 0.002118, 0.00229, 0.002375, 0.002508, 0.002511, 0.002564, 0.002641, 0.002886, 0.002963, 0.003128, 0.003157, 0.003159, 0.003507, 0.003653, 0.003813, 0.004151, 0.004175, 0.004258, 0.004362, 0.004486, 0.0045, 0.004618, 0.00472, 0.004898, 0.004965, 0.005178, 0.005238, 0.005304, 0.005543, 0.005705, 0.006203, 0.006253, 0.006374, 0.006434, 0.006616, 0.006664, 0.0068, 0.006881, 0.007048, 0.007273, 0.007277, 0.007532, 0.007724, 0.007746, 0.007842, 0.008203, 0.00895, 0.008978, 0.009139, 0.009433, 0.009545, 0.009575, 0.009693, 0.010055, 0.010075, 0.010152, 0.010181, 0.010396, 0.010454, 0.010503, 0.01051, 0.010532, 0.010574, 0.010769, 0.010947, 0.010955, 0.01139, 0.011571, 0.011609, 0.012043, 0.012061, 0.012087, 0.01215, 0.012172, 0.012415, 0.012474, 0.012487, 0.012498, 0.012511, 0.012611, 0.012836, 0.012911, 0.013046, 0.013355, 0.01338, 0.013383, 0.013386, 0.013512, 0.013659, 0.013695, 0.013704, 0.013876, 0.013883, 0.014017, 0.014024, 0.014303, 0.014436, 0.01446, 0.014491, 0.014561, 0.014577, 0.014777, 0.014978, 0.015093, 0.015143, 0.015144, 0.015532, 0.015539, 0.015733, 0.015767, 0.015849, 0.016325, 0.016384, 0.016533, 0.016919, 0.017069, 0.017126, 0.017357, 0.017533, 0.017635, 0.017764, 0.017927, 0.017977, 0.018273, 0.018288, 0.0183, 0.018445, 0.018552, 0.018618, 0.018633, 0.01865, 0.018653, 0.01876, 0.019118, 0.019372, 0.019376, 0.019607, 0.020325, 0.020343, 0.020383, 0.020447, 0.020471, 0.020982, 0.021012, 0.021901, 0.021926, 0.021958, 0.022366, 0.022491, 0.022693, 0.022878, 0.023095, 0.02316, 0.023269, 0.02357, 0.024033, 0.024151, 0.024213, 0.024491, 0.024617, 0.024713, 0.024929, 0.025293, 0.025476, 0.025509, 0.025586, 0.0257, 0.025905, 0.025922, 0.025924, 0.026072, 0.026104, 0.026182, 0.026238, 0.026521, 0.026704, 0.026991, 0.027021, 0.027041, 0.027186, 0.027466, 0.02754, 0.027545, 0.027638, 0.027645, 0.027756, 0.027929, 0.027948, 0.02799, 0.028108, 0.028172, 0.028452, 0.028588, 0.028618, 0.028692, 0.029038, 0.029046, 0.029202, 0.029286, 0.029312, 0.029686, 0.029699, 0.029707, 0.029717, 0.029991, 0.030184, 0.030328, 0.030532, 0.030563, 0.030655, 0.030742, 0.031035, 0.031071, 0.031204, 0.031351, 0.03177, 0.031772, 0.032094, 0.03217, 0.032205, 0.03313, 0.03337, 0.033378, 0.033444, 0.033446, 0.033611, 0.033881, 0.034249, 0.034319, 0.034736, 0.035626, 0.035686, 0.035708, 0.035749, 0.035897, 0.035999, 0.036002, 0.03602, 0.036139, 0.036199, 0.03632, 0.036345, 0.036391, 0.036665, 0.036748, 0.036791, 0.036898, 0.036958, 0.036997, 0.037007, 0.037184, 0.037332, 0.037348, 0.037366, 0.037499, 0.037528, 0.037581, 0.037709, 0.037888, 0.037944, 0.03813, 0.038348, 0.038381, 0.03891, 0.039032, 0.039829, 0.03988, 0.039954, 0.040198, 0.040343, 0.040603, 0.040716, 0.040808, 0.041158, 0.041165, 0.041649, 0.041732, 0.042366, 0.042457, 0.042555, 0.042626, 0.042797, 0.042826, 0.043523, 0.043563, 0.04374, 0.043774, 0.043792, 0.04401, 0.044517, 0.044595, 0.045278, 0.045401, 0.045547, 0.045608, 0.045698, 0.045794, 0.045896, 0.045906, 0.045941, 0.045942, 0.046137, 0.046446, 0.046468, 0.046816, 0.04735, 0.047428, 0.047688, 0.047985, 0.048078, 0.048252, 0.048491, 0.048513, 0.048881, 0.048985, 0.049061, 0.049416, 0.049515, 0.049672, 0.049762, 0.049932, 0.050245, 0.050404, 0.050755, 0.050885, 0.050991, 0.051267, 0.051331, 0.051388, 0.051448, 0.051486, 0.05164, 0.051732, 0.051736, 0.052157, 0.052234, 0.052468, 0.052655, 0.052687, 0.052884, 0.053112, 0.053152, 0.05327, 0.053643, 0.053673, 0.053689, 0.053898, 0.053971, 0.05425, 0.054301, 0.054496, 0.054556, 0.054623, 0.054704, 0.054871, 0.054877, 0.054893, 0.054915, 0.055176, 0.055184, 0.055254, 0.055451, 0.055539, 0.055769, 0.055816, 0.055913, 0.056159, 0.056613, 0.056787, 0.056906, 0.056919, 0.057118, 0.057148, 0.057309, 0.057352, 0.057546, 0.057747, 0.057794, 0.057835, 0.057845, 0.057916, 0.058002, 0.058204, 0.058218, 0.05824, 0.058268, 0.058275, 0.058296, 0.0583, 0.058347, 0.058597, 0.058661, 0.058661, 0.058904, 0.059257, 0.059296, 0.059381, 0.059476, 0.059906, 0.060028, 0.060678, 0.060796, 0.061016, 0.061064, 0.06107, 0.061209, 0.061668, 0.062032, 0.06222, 0.062374, 0.06252, 0.062556, 0.062582, 0.062779, 0.062793, 0.063071, 0.063077, 0.063101, 0.06324, 0.063566, 0.06365, 0.064156, 0.06424, 0.064362, 0.064446, 0.064648, 0.064714, 0.064714, 0.064721, 0.064733, 0.064858, 0.064875, 0.064905, 0.064927, 0.064975, 0.065, 0.065079, 0.065199, 0.065269, 0.065346, 0.065397, 0.065526, 0.06584, 0.065945, 0.065964, 0.06605, 0.066144, 0.066365, 0.066379, 0.066508, 0.066549, 0.066568, 0.066781, 0.066905, 0.067739, 0.067747, 0.068174, 0.068235, 0.068256, 0.068398, 0.068451, 0.068755, 0.069187, 0.069362, 0.069629, 0.069844, 0.070036, 0.070049, 0.0702, 0.070325, 0.070644, 0.071053, 0.071085, 0.071283, 0.07129, 0.071326, 0.071407, 0.07143, 0.071584, 0.071629, 0.072512, 0.072569, 0.072607, 0.072801, 0.072869, 0.072893, 0.073154, 0.073165, 0.073426, 0.073845, 0.073938, 0.07411, 0.074235, 0.074419, 0.074443, 0.074842, 0.074968, 0.074988, 0.075112, 0.07537, 0.075419, 0.075661, 0.075679, 0.07578, 0.076023, 0.076205, 0.076611, 0.076612, 0.076658, 0.076763, 0.076783, 0.077407, 0.077759, 0.077761, 0.077764, 0.078635, 0.078637, 0.078859, 0.079196, 0.079398, 0.079582, 0.079852, 0.079941, 0.080084, 0.080403, 0.080407, 0.080429, 0.0807, 0.080859, 0.080894, 0.08139, 0.081445, 0.081909, 0.08194, 0.081971, 0.082016, 0.082175, 0.082563, 0.082974, 0.083042, 0.083098, 0.08359, 0.083694, 0.0837, 0.084018, 0.084199, 0.08438, 0.084676, 0.084696, 0.084701, 0.084814, 0.085014, 0.085029, 0.085419, 0.085777, 0.087014, 0.087159, 0.087718, 0.087733, 0.088139, 0.088204, 0.088224, 0.088736, 0.088895, 0.089055, 0.089362, 0.089385, 0.089414, 0.089439, 0.089529, 0.089563, 0.0902, 0.090224, 0.090427, 0.09053, 0.090555, 0.090613, 0.090782, 0.090945, 0.091082, 0.091216, 0.091259, 0.091513, 0.091569, 0.091602, 0.091629, 0.091796, 0.091865, 0.092098, 0.092132, 0.09231, 0.092442, 0.092503, 0.092572, 0.092622, 0.092745, 0.092785, 0.092811, 0.092849, 0.092919, 0.093011, 0.093199, 0.093333, 0.093379, 0.093622, 0.093909, 0.094087, 0.094263, 0.094821, 0.094823, 0.095427, 0.095809, 0.09611, 0.096168, 0.096313, 0.096315, 0.096506, 0.097083, 0.097287, 0.097309, 0.097389, 0.097575, 0.097947, 0.098324, 0.098763, 0.098904, 0.099076, 0.099122, 0.099346, 0.100065, 0.100291, 0.100532, 0.100737, 0.100781, 0.100883, 0.100953, 0.101582, 0.1016, 0.101615, 0.101945, 0.102152, 0.10245, 0.102541, 0.102703, 0.102752, 0.102757, 0.102823, 0.102835, 0.102894, 0.103, 0.103502, 0.103701, 0.103948, 0.104266, 0.104295, 0.105275, 0.10533, 0.105404, 0.105758, 0.105758, 0.105989, 0.106045, 0.106527, 0.106593, 0.106621, 0.106833, 0.107034, 0.10731, 0.107382, 0.107425, 0.107536, 0.107699, 0.107845, 0.107883, 0.108041, 0.108731, 0.109193, 0.109469, 0.109605, 0.11005, 0.110196, 0.1105, 0.110701, 0.110758, 0.11086, 0.110995, 0.111296, 0.111391, 0.111567, 0.111777, 0.111812, 0.111898, 0.112317, 0.112478, 0.112483, 0.112583, 0.112603, 0.112679, 0.112859, 0.112996, 0.11348, 0.11376, 0.114147, 0.114191, 0.114707, 0.114807, 0.114918, 0.115318, 0.115441, 0.115959, 0.116175, 0.116367, 0.116776, 0.117013, 0.117108, 0.11721, 0.117489, 0.117669, 0.118019, 0.11878, 0.118941, 0.118966, 0.119093, 0.119107, 0.119146, 0.119526, 0.119539, 0.1197, 0.120057, 0.120254, 0.120272, 0.120467, 0.120561, 0.121046, 0.121402, 0.121538, 0.121714, 0.121855, 0.122522, 0.122682, 0.123037, 0.123183, 0.123288, 0.123684, 0.123692, 0.123727, 0.123812, 0.123913, 0.12394, 0.124, 0.124044, 0.124077, 0.124332, 0.124337, 0.124527, 0.124625, 0.124627, 0.124659, 0.124715, 0.124725, 0.124858, 0.125402, 0.125576, 0.126107, 0.126138, 0.126191, 0.126281, 0.126337, 0.126568, 0.126715, 0.12678, 0.126994, 0.127025, 0.127645, 0.127699, 0.128062, 