{"sigma_r": 2.3939, "sigma_i": 0.3271, "m": 5, "seed": 4152951981, "n_k": {"1": 3950, "2": 941, "3": 257, "4": 55, "5": 20, "6+": 4}, "dlogr": [0.00033, 0.000589, 0.000802, 0.000814, 0.000893, 0.001266, 0.001479, 0.001683, 0.001864, 0.001906, 0.001968, 0.002283, 0.002362, 0.002646, 0.002675, 0.002704, 0.002764, 0.002805, 0.002851, 0.00296, 0.003013, 0.003214, 0.003663, 0.003888, 0.003933, 0.004111, 0.004208, 0.004407, 0.004626, 0.005188, 0.005424, 0.005722, 0.005735, 0.005788, 0.005795, 0.005937, 0.005944, 0.006199, 0.0065, 0.00686, 0.006926, 0.007197, 0.007675, 0.00787, 0.008014, 0.008321, 0.008432, 0.008445, 0.008588, 0.008629, 0.008797, 0.008832, 0.008862, 0.008986, 0.009465, 0.009473, 0.009573, 0.0096, 0.009681, 0.009824, 0.009869, 0.009949, 0.010086, 0.010237, 0.010609, 0.011051, 0.011401, 0.011473, 0.011765, 0.012021, 0.012148, 0.012614, 0.013072, 0.01321, 0.01331, 0.013313, 0.014211, 0.014305, 0.014473, 0.014504, 0.014697, 0.014956, 0.015076, 0.015185, 0.015478, 0.01569, 0.01572, 0.015721, 0.015803, 0.015824, 0.015838, 0.016336, 0.016355, 0.016506, 0.016541, 0.016791, 0.016835, 0.016846, 0.016933, 0.017115, 0.017338, 0.017598, 0.017615, 0.017748, 0.01778, 0.017903, 0.018134, 0.018436, 0.018606, 0.018893, 0.01892, 0.018947, 0.019065, 0.019181, 0.019259, 0.019418, 0.019618, 0.019917, 0.020698, 0.020766, 0.020939, 0.021007, 0.021296, 0.021388, 0.021504, 0.021608, 0.022127, 0.022534, 0.02261, 0.023468, 0.023677, 0.023824, 0.023902, 0.023986, 0.024267, 0.02429, 0.024293, 0.024501, 0.02459, 0.024933, 0.0252, 0.025494, 0.025616, 0.025707, 0.025895, 0.025956, 0.026243, 0.026333, 0.02663, 0.027053, 0.027105, 0.027254, 0.027387, 0.027567, 0.027786, 0.027924, 0.028046, 0.028108, 0.028312, 0.028561, 0.028589, 0.028622, 0.028678, 0.028799, 0.029135, 0.029171, 0.029443, 0.02946, 0.029727, 0.029934, 0.030079, 0.030147, 0.030202, 0.030242, 0.030507, 0.03096, 0.031599, 0.031622, 0.031631, 0.031635, 0.03165, 0.031751, 0.031767, 0.032361, 0.032753, 0.032861, 0.033033, 0.033327, 0.033474, 0.033639, 0.033675, 0.0337, 0.03393, 0.033967, 0.034032, 0.034062, 0.034242, 0.034274, 0.034398, 0.034398, 0.034417, 0.034526, 0.035071, 0.035131, 0.035236, 0.035283, 0.035294, 0.035442, 0.035633, 0.035751, 0.035949, 0.036086, 0.036195, 0.036457, 0.036504, 0.036513, 0.036518, 0.037216, 0.037566, 0.037806, 0.037877, 0.038132, 0.038307, 0.038463, 0.038473, 0.039006, 0.039748, 0.039886, 0.040022, 0.040086, 0.040188, 0.040236, 0.040532, 0.040647, 0.04067, 0.040715, 0.040995, 0.041274, 0.041374, 0.041607, 0.041915, 0.041959, 0.04196, 0.04249, 0.04287, 0.04317, 0.043616, 0.044062, 0.044717, 0.044765, 0.044945, 0.044959, 0.045021, 0.045087, 0.045139, 0.045464, 0.045558, 0.045701, 0.045758, 0.046322, 0.046392, 0.046481, 0.046585, 0.046698, 0.04676, 0.046804, 0.046975, 0.047058, 0.047216, 0.04728, 0.047469, 0.047863, 0.048399, 0.048433, 0.0485, 0.048606, 0.048614, 0.048623, 0.048771, 0.048812, 0.048852, 0.048852, 0.049136, 0.049339, 0.049679, 0.049875, 0.049975, 0.050334, 0.050871, 0.050881, 0.050967, 0.051004, 0.051414, 0.051548, 0.05163, 0.05171, 0.051733, 0.051767, 0.051799, 0.051888, 0.052, 0.052244, 0.052941, 0.053287, 0.053486, 0.053574, 0.05388, 0.053903, 0.054085, 0.054296, 0.054373, 0.054639, 0.054671, 0.054721, 0.055111, 0.055157, 0.05517, 0.055172, 0.055191, 0.055452, 0.055554, 0.055602, 0.05585, 0.055876, 0.056054, 0.056369, 0.056457, 0.056492, 0.056619, 0.056791, 0.056846, 0.056852, 0.057016, 0.057254, 0.05729, 0.057367, 0.057428, 0.057667, 0.057796, 0.057846, 0.057974, 0.058149, 0.058154, 0.058231, 0.058718, 0.058867, 0.059128, 0.059214, 0.059239, 0.059323, 0.059342, 0.059408, 0.059566, 0.059605, 0.059769, 0.059819, 0.059873, 0.059994, 0.060149, 0.060322, 0.060502, 0.060825, 0.061031, 0.061179, 0.06127, 0.061345, 0.061834, 0.061954, 0.061958, 0.062243, 0.062252, 0.062319, 0.06232, 0.062535, 0.06261, 0.062706, 0.062741, 0.062835, 0.063182, 0.063234, 0.063541, 0.063562, 0.063725, 0.063742, 0.063755, 0.063856, 0.063889, 0.063945, 0.064028, 0.064301, 0.064386, 0.064896, 0.065026, 0.0658, 0.065914, 0.066273, 0.066611, 0.06697, 0.067274, 0.06734, 0.067574, 0.067618, 0.067685, 0.067832, 0.068197, 0.068465, 0.068797, 0.068931, 0.068955, 0.06928, 0.069419, 0.069419, 0.069561, 0.069679, 0.069724, 0.069749, 0.069943, 0.070144, 0.070438, 0.070645, 0.070795, 0.070895, 0.07093, 0.071441, 0.071454, 0.071584, 0.071908, 0.072058, 0.072561, 0.07289, 0.073262, 0.073364, 0.073451, 0.073577, 0.074166, 0.074403, 0.07485, 0.074861, 0.074875, 0.074982, 0.075174, 0.075222, 0.075379, 0.075698, 0.07573, 0.075825, 0.075982, 0.076628, 0.077197, 0.077307, 0.077585, 0.077607, 0.077671, 0.077762, 0.077845, 0.078039, 0.078055, 0.078067, 0.078082, 0.078457, 0.078536, 0.078696, 0.078756, 0.078849, 0.07891, 0.079382, 0.079669, 0.079891, 0.080178, 0.080403, 0.080445, 0.080491, 0.080575, 0.080818, 0.080996, 0.08108, 0.081158, 0.081737, 0.082305, 0.08251, 0.082607, 0.082751, 0.08281, 0.082852, 0.082975, 0.082979, 0.083129, 0.08315, 0.083462, 0.083599, 0.083889, 0.084375, 0.084657, 0.08513, 0.085333, 0.085403, 0.085488, 0.085569, 0.085636, 0.085649, 0.085834, 0.08599, 0.086411, 0.086442, 0.086443, 0.086917, 0.086962, 0.087156, 0.087174, 0.087273, 0.087367, 0.087678, 0.087682, 0.087798, 0.08809, 0.088268, 0.088268, 0.088348, 0.088656, 0.088949, 0.088956, 0.089147, 0.089373, 0.089792, 0.090116, 0.090166, 0.090799, 0.090896, 0.090922, 0.091156, 0.091348, 0.091387, 0.091567, 0.091825, 0.092584, 0.092947, 0.093268, 0.09329, 0.093406, 0.093557, 0.093656, 0.093694, 0.094146, 0.095023, 0.095045, 0.095702, 0.095878, 0.095933, 0.096151, 0.096339, 0.096409, 0.0966, 0.096723, 0.09679, 0.096978, 0.097125, 0.097279, 0.097334, 0.097375, 0.097446, 0.097578, 0.097703, 0.097706, 0.097891, 0.098101, 0.099228, 0.099286, 0.099431, 0.099573, 0.10082, 0.100897, 0.100984, 0.101125, 0.101151, 0.101152, 0.101582, 0.101649, 0.101723, 0.101962, 0.101973, 0.101991, 0.102066, 0.102069, 0.102112, 0.102201, 0.102323, 0.102557, 0.102679, 0.102695, 0.102889, 0.102991, 0.103145, 0.103363, 0.103539, 0.103798, 0.103936, 0.104511, 0.104549, 0.104617, 0.104732, 0.105381, 0.105778, 0.105929, 0.10617, 0.106319, 0.106648, 0.107017, 0.107023, 0.107492, 0.107854, 0.107984, 0.108039, 0.108059, 0.108249, 0.108259, 0.108686, 0.108828, 0.108945, 0.109011, 0.10906, 0.10919, 0.109847, 0.110244, 0.110282, 0.110494, 0.110582, 0.111046, 0.111071, 0.111335, 0.111424, 0.111469, 0.111497, 0.111572, 0.111729, 0.111871, 0.111949, 0.112392, 0.112626, 0.112795, 0.112799, 0.112845, 0.112936, 0.113039, 0.113524, 0.11354, 0.113584, 0.113883, 0.113945, 0.113975, 0.11402, 0.114131, 0.114439, 0.115075, 0.115321, 0.115417, 0.115419, 0.11587, 0.116395, 0.116763, 0.117374, 0.11758, 0.117695, 0.117879, 0.118027, 0.118069, 0.11809, 0.118306, 0.118393, 0.118544, 0.118939, 0.120093, 0.120409, 0.120629, 0.1208, 0.120884, 0.121155, 0.121798, 0.121801, 0.121985, 0.122035, 0.122184, 0.122193, 0.122202, 0.122316, 0.122449, 0.122737, 0.122936, 0.123023, 0.123071, 0.123377, 0.123582, 0.124565, 0.124629, 0.124652, 0.124744, 0.125099, 0.12535, 0.126158, 0.126201, 0.126379, 0.126447, 0.126739, 0.127006, 0.127444, 0.127549, 0.127713, 0.127904, 0.127925, 0.128032, 0.128127, 0.128476, 0.128638, 0.12874, 0.129059, 0.129095, 0.129199, 0.12921, 0.12928, 0.129683, 0.129871, 0.129953, 0.13, 0.130249, 0.130539, 0.130542, 0.130718, 0.131245, 0.13141, 0.131462, 0.131776, 0.131872, 0.132042, 0.132052, 0.132257, 0.132369, 0.132758, 0.132912, 0.132945, 0.132946, 0.133005, 0.133204, 0.133451, 0.133751, 0.134329, 0.134389, 0.134435, 0.134557, 0.134625, 0.134838, 0.135112, 0.13513, 0.135456, 0.135494, 0.135533, 0.135792, 0.135801, 0.13623, 0.13629, 0.136294, 0.136337, 0.136433, 0.136672, 0.136732, 0.136835, 0.137057, 0.137079, 0.13828, 0.138783, 0.138859, 0.139243, 0.13933, 0.139334, 0.139902, 0.14029, 0.14055, 0.140656, 0.140881, 0.141098, 0.141133, 0.141244, 0.141342, 0.141437, 0.141709, 0.141764, 0.142361, 0.14245, 0.143274, 0.143438, 0.143491, 0.143514, 0.143697, 0.144725, 0.144908, 0.145356, 0.1454, 