{"sigma_r": 1.9103, "sigma_i": 0.684, "m": 7, "seed": 3846330497, "n_k": {"1": 4027, "2": 1071, "3": 254, "4": 53, "5": 6, "6+": 1}, "dlogr": [6.8e-05, 0.000468, 0.000488, 0.000559, 0.000753, 0.001056, 0.00116, 0.00118, 0.001458, 0.001679, 0.001699, 0.001739, 0.001896, 0.00202, 0.002024, 0.00213, 0.002324, 0.002668, 0.002737, 0.002951, 0.00297, 0.002971, 0.002993, 0.002995, 0.003104, 0.00315, 0.003312, 0.003477, 0.003623, 0.003787, 0.003806, 0.003963, 0.004566, 0.004594, 0.004789, 0.004998, 0.005104, 0.005141, 0.00534, 0.005526, 0.00554, 0.00573, 0.005783, 0.0059, 0.005901, 0.00591, 0.006381, 0.006431, 0.006659, 0.006665, 0.00682, 0.007257, 0.007716, 0.007971, 0.00807, 0.008278, 0.008403, 0.008928, 0.009447, 0.009514, 0.009655, 0.009792, 0.009901, 0.00993, 0.010455, 0.010598, 0.010638, 0.010696, 0.010836, 0.011014, 0.011074, 0.011111, 0.011209, 0.011251, 0.011262, 0.011473, 0.01159, 0.011666, 0.011709, 0.011776, 0.011811, 0.011828, 0.011921, 0.011951, 0.012008, 0.012137, 0.012348, 0.012425, 0.01262, 0.012622, 0.012656, 0.012731, 0.01293, 0.012976, 0.013016, 0.01326, 0.013287, 0.013311, 0.013314, 0.013397, 0.013411, 0.013524, 0.013527, 0.013577, 0.013744, 0.01377, 0.013881, 0.01394, 0.014226, 0.014237, 0.01448, 0.014524, 0.014695, 0.014953, 0.014981, 0.015025, 0.015154, 0.015469, 0.015481, 0.01555, 0.015696, 0.016325, 0.016437, 0.016668, 0.016737, 0.017187, 0.01722, 0.017369, 0.017459, 0.017741, 0.017743, 0.017842, 0.017902, 0.018186, 0.018192, 0.018837, 0.018893, 0.019049, 0.019076, 0.019337, 0.019446, 0.01949, 0.019778, 0.019794, 0.019829, 0.019857, 0.019933, 0.020198, 0.020321, 0.020392, 0.020442, 0.020452, 0.020545, 0.020572, 0.020649, 0.020693, 0.020747, 0.020958, 0.021021, 0.021033, 0.021096, 0.021253, 0.021608, 0.021685, 0.021764, 0.022209, 0.02225, 0.022394, 0.022522, 0.022568, 0.022754, 0.022782, 0.022847, 0.022877, 0.023049, 0.023091, 0.023345, 0.02335, 0.023454, 0.023529, 0.02356, 0.023684, 0.023858, 0.023943, 0.024236, 0.024399, 0.024704, 0.02471, 0.024751, 0.024894, 0.025234, 0.025381, 0.025824, 0.026091, 0.02632, 0.026338, 0.02649, 0.026714, 0.026736, 0.026843, 0.027216, 0.02726, 0.027279, 0.02761, 0.027984, 0.027985, 0.028062, 0.028395, 0.028396, 0.028579, 0.028616, 0.028717, 0.02908, 0.029728, 0.030158, 0.030172, 0.030385, 0.031067, 0.031335, 0.031655, 0.031717, 0.031887, 0.031894, 0.031916, 0.031965, 0.031968, 0.032115, 0.03258, 0.032585, 0.032656, 0.032663, 0.033182, 0.033486, 0.033562, 0.033637, 0.033719, 0.033924, 0.033955, 0.03397, 0.034137, 0.034142, 0.034248, 0.034453, 0.034658, 0.034859, 0.034953, 0.03513, 0.035413, 0.035441, 0.035504, 0.035505, 0.035558, 0.035678, 0.03592, 0.035942, 0.036343, 0.036435, 0.03694, 0.03702, 0.037212, 0.037355, 0.037371, 0.037511, 0.037663, 0.037924, 0.038402, 0.038436, 0.038554, 0.038799, 0.038848, 0.039123, 0.039148, 0.039417, 0.039886, 0.039915, 0.039945, 0.039953, 0.040004, 0.040404, 0.04042, 0.040632, 0.040686, 0.041071, 0.041133, 0.041396, 0.041501, 0.041515, 0.041566, 0.041637, 0.041689, 0.041724, 0.041782, 0.042113, 0.042194, 0.042325, 0.042554, 0.042576, 0.042694, 0.042839, 0.043127, 0.043165, 0.043429, 0.043916, 0.044109, 0.044232, 0.044489, 0.0446, 0.044761, 0.044807, 0.044854, 0.045849, 0.045932, 0.045955, 0.046138, 0.046176, 0.046497, 0.046728, 0.046832, 0.046885, 0.047097, 0.047126, 0.047575, 0.047648, 0.047747, 0.047854, 0.048026, 0.048045, 0.048095, 0.048254, 0.048366, 0.048375, 0.048898, 0.049062, 0.049089, 0.049289, 0.049385, 0.049416, 0.049672, 0.049828, 0.050102, 0.05017, 0.050271, 0.050338, 0.050796, 0.051251, 0.051459, 0.051521, 0.051558, 0.051587, 0.052088, 0.052222, 0.052793, 0.052826, 0.052831, 0.052906, 0.053052, 0.053292, 0.053534, 0.054337, 0.054577, 0.054581, 0.054725, 0.054732, 0.055176, 0.055207, 0.055276, 0.05533, 0.055386, 0.055516, 0.055861, 0.056119, 0.056121, 0.05643, 0.056516, 0.057081, 0.057586, 0.05775, 0.057795, 0.057815, 0.057916, 0.058113, 0.058131, 0.058673, 0.058834, 0.059221, 0.059992, 0.060308, 0.060376, 0.060961, 0.061157, 0.061412, 0.062346, 0.062913, 0.063048, 0.063623, 0.063648, 0.063813, 0.06383, 0.06415, 0.064161, 0.064237, 0.064281, 0.064452, 0.064459, 0.064543, 0.064791, 0.065073, 0.065369, 0.06546, 0.065567, 0.06567, 0.065717, 0.065783, 0.065998, 0.066167, 0.066293, 0.066403, 0.066577, 0.0666, 0.066824, 0.066885, 0.066976, 0.067178, 0.067246, 0.067601, 0.067909, 0.067941, 0.067982, 0.068016, 0.06811, 0.068182, 0.068291, 0.068293, 0.068405, 0.068588, 0.068714, 0.068872, 0.069035, 0.069088, 0.069151, 0.069274, 0.069434, 0.069463, 0.069475, 0.069532, 0.069881, 0.070116, 0.070155, 0.070816, 0.071038, 0.071105, 0.071206, 0.071487, 0.071582, 0.071598, 0.071884, 0.071913, 0.072152, 0.072215, 0.072359, 0.072464, 0.072487, 0.072661, 0.073163, 0.073221, 0.073248, 0.073258, 0.073277, 0.073308, 0.073404, 0.074149, 0.074257, 0.074721, 0.074731, 0.075119, 0.075226, 0.075302, 0.07535, 0.075909, 0.075928, 0.076096, 0.076216, 0.076603, 0.07669, 0.076926, 0.077353, 0.077604, 0.077605, 0.077737, 0.077786, 0.078129, 0.078306, 0.078425, 0.078718, 0.078746, 0.078922, 0.079068, 0.079256, 0.079328, 0.079371, 0.079819, 0.080128, 0.080163, 0.080762, 0.080928, 0.081781, 0.082073, 0.082178, 0.082199, 0.082261, 0.082281, 0.082475, 0.08268, 0.083093, 0.083258, 0.083275, 0.083444, 0.08355, 0.083676, 0.083713, 0.083825, 0.083842, 0.084139, 0.08417, 0.084172, 0.084216, 0.084432, 0.084473, 0.084511, 0.084516, 0.084608, 0.084728, 0.084813, 0.084824, 0.084912, 0.085444, 0.085729, 0.086279, 0.086326, 0.086386, 0.086463, 0.086613, 0.086892, 0.087075, 0.08726, 0.087331, 0.087402, 0.087591, 0.087612, 0.087843, 0.08816, 0.088337, 0.088411, 0.088444, 0.088473, 0.088492, 0.088504, 0.088806, 0.088911, 0.088984, 0.089069, 0.089227, 0.089551, 0.089579, 0.08964, 0.089739, 0.089796, 0.089987, 0.090443, 0.090547, 0.090627, 0.091034, 0.091246, 0.091501, 0.091551, 0.092117, 0.092366, 0.092526, 0.092647, 0.092684, 0.092999, 0.093015, 0.093197, 0.093642, 0.093747, 0.093916, 0.093921, 0.093984, 0.094038, 0.094039, 0.094049, 0.094136, 0.094155, 0.094633, 0.094755, 0.094839, 0.094881, 0.094919, 0.09543, 0.09565, 0.095712, 0.09588, 0.096008, 0.096258, 0.096295, 0.096301, 0.096364, 0.096561, 0.096784, 0.096807, 0.096918, 0.09729, 0.097355, 0.097397, 0.097871, 0.098064, 0.098197, 0.098385, 0.098489, 0.098674, 0.098812, 0.09897, 0.099085, 0.099597, 0.099768, 0.100056, 0.100177, 0.100308, 0.10035, 0.100383, 0.100865, 0.100932, 0.101, 0.10119, 0.101204, 0.101241, 0.101267, 0.101345, 0.101389, 0.101439, 0.101457, 0.101524, 0.101691, 0.101999, 0.102763, 0.10299, 0.103233, 0.103271, 0.103581, 0.103603, 0.1038, 0.103985, 0.104001, 0.104113, 0.104139, 0.104141, 0.104242, 0.104437, 0.104546, 0.104711, 0.104848, 0.105129, 0.105627, 0.105843, 0.10615, 0.106226, 0.106447, 0.106679, 0.106797, 0.106841, 0.107191, 0.107426, 0.107881, 0.107967, 0.107967, 0.108205, 0.108308, 0.10859, 0.108848, 0.108989, 0.109104, 0.109368, 0.109386, 0.109419, 0.109487, 0.109655, 0.109801, 0.109818, 0.110538, 0.111045, 0.111094, 0.111454, 0.112525, 0.112677, 0.112717, 0.112726, 0.112858, 0.112895, 0.113339, 0.113838, 0.11392, 0.114033, 0.114043, 0.114371, 0.114473, 0.11454, 0.114545, 0.114794, 0.114802, 0.114859, 0.114915, 0.115908, 0.116069, 0.116072, 0.116422, 0.11677, 0.116861, 0.117386, 0.117675, 0.117707, 0.117827, 0.11787, 0.117874, 0.118569, 0.119116, 0.119215, 0.119539, 0.120003, 0.120014, 0.12145, 0.122125, 0.122759, 0.122821, 0.122866, 0.122877, 0.122887, 0.12298, 0.123029, 0.123132, 0.123601, 0.123678, 0.124018, 0.124461, 0.124544, 0.124606, 0.124648, 0.124793, 0.125163, 0.12517, 0.125687, 0.125821, 0.126249, 0.126301, 0.12651, 0.126857, 0.127374, 0.128101, 0.128168, 0.12827, 0.128341, 0.12855, 0.128848, 0.128919, 0.128939, 0.129061, 0.129267, 0.129526, 0.129702, 0.129885, 0.130187, 0.130235, 0.130283, 0.130748, 0.130782, 0.130971, 0.131109, 0.131517, 0.131769, 0.131909, 0.132021, 0.13228, 0.132337, 0.132642, 0.132775, 0.132838, 0.133041, 0.133142, 0.133201, 0.133596, 0.133745, 0.133838, 0.133921, 0.133982, 0.134071, 