{"sigma_r": 1.2164, "sigma_i": 0.2558, "m": 2, "seed": 3121239552, "n_k": {"1": 3910, "2": 980, "3": 270, "4": 77, "5": 14, "6+": 3}, "dlogr": [0.0, 0.0, 0.0, 0.000127, 0.000359, 0.00046, 0.000473, 0.000624, 0.000632, 0.000792, 0.000853, 0.00094, 0.000964, 0.001196, 0.001232, 0.001232, 0.001409, 0.001478, 0.00155, 0.001734, 0.002155, 0.002163, 0.002335, 0.002338, 0.002428, 0.002464, 0.002619, 0.002853, 0.002948, 0.00303, 0.003113, 0.003213, 0.003319, 0.00347, 0.003514, 0.003677, 0.003705, 0.003727, 0.003919, 0.004013, 0.004177, 0.004396, 0.004563, 0.004632, 0.004639, 0.004726, 0.004787, 0.00482, 0.004834, 0.004901, 0.00497, 0.005345, 0.00561, 0.00563, 0.0057, 0.005739, 0.005905, 0.006086, 0.006453, 0.006527, 0.006643, 0.006651, 0.007035, 0.00718, 0.007354, 0.007625, 0.007753, 0.00786, 0.007911, 0.007947, 0.007979, 0.008, 0.008396, 0.008474, 0.008506, 0.00866, 0.008669, 0.009188, 0.009197, 0.00945, 0.009486, 0.009584, 0.009594, 0.009604, 0.009873, 0.009912, 0.010184, 0.010279, 0.010355, 0.010745, 0.010804, 0.010861, 0.010871, 0.011082, 0.011192, 0.011193, 0.011942, 0.011979, 0.012102, 0.012315, 0.012447, 0.012457, 0.012812, 0.013298, 0.013467, 0.013525, 0.013724, 0.013732, 0.013775, 0.014018, 0.014244, 0.014272, 0.014296, 0.014441, 0.014523, 0.014565, 0.014622, 0.014677, 0.014744, 0.014774, 0.014807, 0.014926, 0.015146, 0.015173, 0.015309, 0.015347, 0.015481, 0.015495, 0.01569, 0.016209, 0.016269, 0.016431, 0.01653, 0.016556, 0.016577, 0.016627, 0.016978, 0.017021, 0.017028, 0.017029, 0.017221, 0.017225, 0.017311, 0.017396, 0.017977, 0.017985, 0.01803, 0.018061, 0.01825, 0.018262, 0.018408, 0.018612, 0.018748, 0.01876, 0.018815, 0.01883, 0.01898, 0.019033, 0.019158, 0.019261, 0.019366, 0.019636, 0.01971, 0.019942, 0.020161, 0.020292, 0.020598, 0.02063, 0.020724, 0.020743, 0.020777, 0.020853, 0.021124, 0.021185, 0.021402, 0.021405, 0.021687, 0.021789, 0.021867, 0.022074, 0.0221, 0.022147, 0.022452, 0.022485, 0.022997, 0.023438, 0.023488, 0.023522, 0.02367, 0.023682, 0.023836, 0.024044, 0.024045, 0.024133, 0.024232, 0.024249, 0.024349, 0.025233, 0.025262, 0.025273, 0.025713, 0.025898, 0.026073, 0.026229, 0.026273, 0.026396, 0.026479, 0.026491, 0.026593, 0.026874, 0.027142, 0.027418, 0.027441, 0.02766, 0.028019, 0.028342, 0.028598, 0.029036, 0.029091, 0.02922, 0.029316, 0.029333, 0.029479, 0.029616, 0.029705, 0.029853, 0.030013, 0.030239, 0.030359, 0.030364, 0.030856, 0.030994, 0.031158, 0.031172, 0.031184, 0.031195, 0.031197, 0.031302, 0.031665, 0.031815, 0.032138, 0.032189, 0.032343, 0.032353, 0.032488, 0.032496, 0.032747, 0.032827, 0.032843, 0.032845, 0.032868, 0.032897, 0.03318, 0.033877, 0.033946, 0.033954, 0.033964, 0.034253, 0.034626, 0.034705, 0.034745, 0.034912, 0.03512, 0.035158, 0.035194, 0.035439, 0.035475, 0.035765, 0.035809, 0.035835, 0.035841, 0.035936, 0.035943, 0.036462, 0.036623, 0.036748, 0.036786, 0.036809, 0.036837, 0.036973, 0.036999, 0.037079, 0.037085, 0.037144, 0.037199, 0.037368, 0.037424, 0.037589, 0.037682, 0.03772, 0.037782, 0.037967, 0.038064, 0.038115, 0.038142, 0.038235, 0.038358, 0.038382, 0.03848, 0.038683, 0.03897, 0.03915, 0.03926, 0.039473, 0.039719, 0.039897, 0.040128, 0.040361, 0.040385, 0.040415, 0.040513, 0.040611, 0.04062, 0.040686, 0.040808, 0.041956, 0.041998, 0.042232, 0.042242, 0.042365, 0.042377, 0.042523, 0.042846, 0.042905, 0.042922, 0.042933, 0.043502, 0.043887, 0.043954, 0.044067, 0.044205, 0.044432, 0.044627, 0.044661, 0.04483, 0.044943, 0.044995, 0.045098, 0.045165, 0.045171, 0.045182, 0.045343, 0.045703, 0.045735, 0.045749, 0.04612, 0.046638, 0.046734, 0.046748, 0.046779, 0.047079, 0.047395, 0.047692, 0.047693, 0.047837, 0.048161, 0.048304, 0.04856, 0.04859, 0.048723, 0.049009, 0.049086, 0.049192, 0.049241, 0.049267, 0.049339, 0.049607, 0.049872, 0.049997, 0.050123, 0.050158, 0.050215, 0.050223, 0.050357, 0.050373, 0.050416, 0.050521, 0.050867, 0.050978, 0.051219, 0.051375, 0.051556, 0.051596, 0.051785, 0.051815, 0.051989, 0.052015, 0.052131, 0.052327, 0.052338, 0.052505, 0.052568, 0.052652, 0.052796, 0.052859, 0.052868, 0.053194, 0.053217, 0.053293, 0.053395, 0.053398, 0.05343, 0.053609, 0.053644, 0.053777, 0.053803, 0.053808, 0.054067, 0.054099, 0.054113, 0.054413, 0.054622, 0.054673, 0.054717, 0.054755, 0.054774, 0.054777, 0.054879, 0.054884, 0.055067, 0.055324, 0.055326, 0.055363, 0.055406, 0.055623, 0.055971, 0.056035, 0.05625, 0.056368, 0.056518, 0.056598, 0.056851, 0.056957, 0.057195, 0.057383, 0.057388, 0.057423, 0.057819, 0.057865, 0.057891, 0.057922, 0.057927, 0.05795, 0.05819, 0.058191, 0.058739, 0.058745, 0.058862, 0.059018, 0.059034, 0.059074, 0.059348, 0.059403, 0.059558, 0.059914, 0.060163, 0.060163, 0.060366, 0.060456, 0.060468, 0.060469, 0.060502, 0.061159, 0.061468, 0.061545, 0.061603, 0.061775, 0.061821, 0.061837, 0.062189, 0.062311, 0.062627, 0.062739, 0.063218, 0.063669, 0.063907, 0.064026, 0.064053, 0.064072, 0.064172, 0.064321, 0.064829, 0.064841, 0.065052, 0.065304, 0.065638, 0.065749, 0.066094, 0.066256, 0.066713, 0.066767, 0.066802, 0.067108, 0.06729, 0.067375, 0.067473, 0.067786, 0.067888, 0.067908, 0.067911, 0.067978, 0.068, 0.068139, 0.06814, 0.068336, 0.068846, 0.068988, 0.069016, 0.069281, 0.06937, 0.069411, 0.06994, 0.070028, 0.070091, 0.070194, 0.071355, 0.07144, 0.071655, 0.071768, 0.072202, 0.072354, 0.072486, 0.072681, 0.072725, 0.072962, 0.073161, 0.073416, 0.073513, 0.073523, 0.073591, 0.073756, 0.073795, 0.073956, 0.074379, 0.074529, 0.074732, 0.074925, 0.075051, 0.075122, 0.07554, 0.075577, 0.07563, 0.075664, 0.075684, 0.075977, 0.076024, 0.076112, 0.076171, 0.076188, 0.076268, 0.076319, 0.076469, 0.07661, 0.076652, 0.076684, 0.076935, 0.07701, 0.077131, 0.077147, 0.077278, 0.077296, 0.077509, 0.077557, 0.077693, 0.077949, 0.078104, 0.07846, 0.078583, 0.078622, 0.078849, 0.078881, 0.079013, 0.079033, 0.079262, 0.079819, 0.079837, 0.079874, 0.079922, 0.080383, 0.080476, 0.080615, 0.080666, 0.080728, 0.080798, 0.080836, 0.080954, 0.080982, 0.081169, 0.081545, 0.081865, 0.082218, 0.08229, 0.082513, 0.082592, 0.082625, 0.082675, 0.082688, 0.082689, 0.082706, 0.082809, 0.082914, 0.083162, 0.083212, 0.083352, 0.083451, 0.083463, 0.08371, 0.083749, 0.083806, 0.083949, 0.08398, 0.084174, 0.084227, 0.08445, 0.084843, 0.085411, 0.085533, 0.085798, 0.085895, 0.085934, 0.086111, 0.086149, 0.086287, 0.086356, 0.08661, 0.086764, 0.086916, 0.087571, 0.087641, 0.08766, 0.08777, 0.087802, 0.088261, 0.088623, 0.089356, 0.08945, 0.089834, 0.089871, 0.089976, 0.090108, 0.090131, 0.090169, 0.090375, 0.090983, 0.091039, 0.091102, 0.091161, 0.091306, 0.09157, 0.09189, 0.092216, 0.092515, 0.092573, 0.0926, 0.092616, 0.092665, 0.092964, 0.093443, 0.093592, 0.0941, 0.094187, 0.094227, 0.094773, 0.094834, 0.095072, 0.095281, 0.095342, 0.095405, 0.095566, 0.095676, 0.095695, 0.096005, 0.096144, 0.096195, 0.096361, 0.096677, 0.096829, 0.096975, 0.097005, 0.097358, 0.097422, 0.097464, 0.097504, 0.097579, 0.097651, 0.097707, 0.098292, 0.098362, 0.098383, 0.098391, 0.098991, 0.099106, 0.09949, 0.10006, 0.100108, 0.100253, 0.10054, 0.100581, 0.100712, 0.100988, 0.101042, 0.101043, 0.101318, 0.101366, 0.101445, 0.1017, 0.101996, 0.102021, 0.102184, 0.102353, 0.102607, 0.102886, 0.102892, 0.102917, 0.103183, 0.103233, 0.10338, 0.104239, 0.104409, 0.104667, 0.104775, 0.104985, 0.105063, 0.105112, 0.105115, 0.105579, 0.105811, 0.106003, 0.106136, 0.106144, 0.10621, 0.106325, 0.106358, 0.106391, 0.106441, 0.10697, 0.106997, 0.107025, 0.107035, 0.107148, 0.107307, 0.107394, 0.107398, 0.107648, 0.107937, 0.108018, 0.108064, 0.108126, 0.108341, 0.108554, 0.108568, 0.108715, 0.108727, 0.10879, 0.108911, 0.109052, 0.109156, 0.109231, 0.109299, 0.109474, 0.109563, 0.109682, 0.10983, 0.109859, 0.1099, 0.110243, 0.110399, 0.110625, 0.110884, 0.111259, 0.111349, 0.111605, 0.111616, 0.111964, 0.111978, 0.112132, 0.112621, 0.112727, 0.112874, 0.11289, 0.113092, 0.11323, 0.11331, 0.113817, 0.113837, 0.113897, 0.113927, 0.113987, 0.114101, 0.114102, 0.11417, 0.114222, 0.114237, 0.114517, 0.114879, 0.114926, 