{"sigma_r": 1.5244, "sigma_i": 1.4304, "m": 2, "seed": 2918923713, "n_k": {"1": 4233, "2": 1007, "3": 201, "4": 35, "5": 3, "6+": 0}, "dlogr": [0.0, 0.0, 0.0, 0.000278, 0.000517, 0.000932, 0.001976, 0.002057, 0.00239, 0.002448, 0.002479, 0.002608, 0.002922, 0.002969, 0.003087, 0.003551, 0.003702, 0.003972, 0.004061, 0.004266, 0.004404, 0.004434, 0.004468, 0.004487, 0.00457, 0.005138, 0.005438, 0.005463, 0.005663, 0.005787, 0.005907, 0.006055, 0.006162, 0.006209, 0.006339, 0.006396, 0.006757, 0.007056, 0.007226, 0.00773, 0.008314, 0.008476, 0.008551, 0.009247, 0.00942, 0.009661, 0.009667, 0.009716, 0.009859, 0.010124, 0.010137, 0.010308, 0.010519, 0.011082, 0.01127, 0.011631, 0.011679, 0.011687, 0.011763, 0.011786, 0.012082, 0.01211, 0.01254, 0.012552, 0.012559, 0.012619, 0.012757, 0.012944, 0.013318, 0.013383, 0.013678, 0.013689, 0.013721, 0.013727, 0.013739, 0.013818, 0.013846, 0.014054, 0.014278, 0.014593, 0.014638, 0.014802, 0.014875, 0.01513, 0.01538, 0.015576, 0.01574, 0.015835, 0.015953, 0.016101, 0.016375, 0.016384, 0.016451, 0.016556, 0.016628, 0.016808, 0.01687, 0.017378, 0.017511, 0.017757, 0.018236, 0.018598, 0.018739, 0.018805, 0.018952, 0.019239, 0.019386, 0.019558, 0.019816, 0.020242, 0.020487, 0.020564, 0.020907, 0.021116, 0.021354, 0.021395, 0.021597, 0.021704, 0.021706, 0.022088, 0.022119, 0.022205, 0.022528, 0.022607, 0.022619, 0.022807, 0.023018, 0.023076, 0.023705, 0.023766, 0.023782, 0.023814, 0.023891, 0.024003, 0.024065, 0.024123, 0.024195, 0.024677, 0.025331, 0.025423, 0.025442, 0.025482, 0.025675, 0.025728, 0.026181, 0.026268, 0.026489, 0.026577, 0.026664, 0.026852, 0.02689, 0.026973, 0.027028, 0.02708, 0.02711, 0.027222, 0.027314, 0.027317, 0.02759, 0.027595, 0.027616, 0.027678, 0.027692, 0.028321, 0.02862, 0.029186, 0.029442, 0.029456, 0.029935, 0.030487, 0.030523, 0.030805, 0.030936, 0.03109, 0.031171, 0.031351, 0.031389, 0.031459, 0.032008, 0.032462, 0.032557, 0.032588, 0.032708, 0.03323, 0.033274, 0.033565, 0.03372, 0.033971, 0.034054, 0.034193, 0.034685, 0.034764, 0.034863, 0.035163, 0.035236, 0.035241, 0.035261, 0.035453, 0.03556, 0.035571, 0.035862, 0.035948, 0.036228, 0.03649, 0.036598, 0.036885, 0.037232, 0.03744, 0.037442, 0.037624, 0.037728, 0.038112, 0.038186, 0.0382, 0.038613, 0.038616, 0.038954, 0.039189, 0.039256, 0.039284, 0.039299, 0.039588, 0.039625, 0.039639, 0.03986, 0.040251, 0.040571, 0.040918, 0.040965, 0.041026, 0.04142, 0.041881, 0.041891, 0.041894, 0.042134, 0.042135, 0.042464, 0.042612, 0.042737, 0.042837, 0.043025, 0.043239, 0.043284, 0.043371, 0.043457, 0.043461, 0.04355, 0.043696, 0.04382, 0.044546, 0.044658, 0.044748, 0.04506, 0.045405, 0.045541, 0.045923, 0.046164, 0.046296, 0.046303, 0.046317, 0.04639, 0.046509, 0.046889, 0.04694, 0.047338, 0.047529, 0.047776, 0.047973, 0.048249, 0.048284, 0.048436, 0.048535, 0.048562, 0.048777, 0.048898, 0.04916, 0.049293, 0.049534, 0.049667, 0.049983, 0.04999, 0.050125, 0.050473, 0.051187, 0.051585, 0.051641, 0.051682, 0.052456, 0.05299, 0.053235, 0.053255, 0.053431, 0.053469, 0.053524, 0.053684, 0.053758, 0.054004, 0.054201, 0.054412, 0.054684, 0.054716, 0.054744, 0.055227, 0.055304, 0.055511, 0.055517, 0.055543, 0.055822, 0.055844, 0.055994, 0.05632, 0.056471, 0.05654, 0.056572, 0.057065, 0.057294, 0.057362, 0.057734, 0.05778, 0.057816, 0.057895, 0.057996, 0.058304, 0.058384, 0.058728, 0.058788, 0.058876, 0.05906, 0.059083, 0.059089, 0.0592, 0.05927, 0.059754, 0.059955, 0.06012, 0.06013, 0.0603, 0.060514, 0.06052, 0.060525, 0.060593, 0.060621, 0.060847, 0.060913, 0.061171, 0.061807, 0.061947, 0.062013, 0.062091, 0.062168, 0.062194, 0.063168, 0.063174, 0.063252, 0.063536, 0.063761, 0.063858, 0.063905, 0.063981, 0.064127, 0.064293, 0.064321, 0.064682, 0.064713, 0.064778, 0.064937, 0.064958, 0.065177, 0.065551, 0.065578, 0.06581, 0.065944, 0.066111, 0.066132, 0.066156, 0.066367, 0.066422, 0.066545, 0.066816, 0.067127, 0.067321, 0.067506, 0.067749, 0.067965, 0.068419, 0.068629, 0.068753, 0.06879, 0.068961, 0.069304, 0.069726, 0.070168, 0.070524, 0.070526, 0.070549, 0.070556, 0.070711, 0.070737, 0.070893, 0.071009, 0.071122, 0.071347, 0.071369, 0.071771, 0.071806, 0.072065, 0.072379, 0.072396, 0.072469, 0.072502, 0.072644, 0.072885, 0.072993, 0.073007, 0.07303, 0.073376, 0.073465, 0.073526, 0.073671, 0.073857, 0.073959, 0.073971, 0.074587, 0.075432, 0.075449, 0.075716, 0.075807, 0.075825, 0.075836, 0.076508, 0.076556, 0.076839, 0.077067, 0.078118, 0.078208, 0.078313, 0.078351, 0.078594, 0.078815, 0.079268, 0.079506, 0.079649, 0.080361, 0.080431, 0.080746, 0.080933, 0.081276, 0.081297, 0.081297, 0.081349, 0.081497, 0.081793, 0.08187, 0.082097, 0.082124, 0.082504, 0.082607, 0.082679, 0.08278, 0.082818, 0.0836, 0.083662, 0.08383, 0.083938, 0.083951, 0.08412, 0.084465, 0.084568, 0.084721, 0.084802, 0.084893, 0.084925, 0.084938, 0.085334, 0.085987, 0.086419, 0.086433, 0.086511, 0.08663, 0.086849, 0.086867, 0.086912, 0.086923, 0.087681, 0.088329, 0.088439, 0.088766, 0.088794, 0.089782, 0.090045, 0.090058, 0.0901, 0.090274, 0.090501, 0.090727, 0.090877, 0.09092, 0.091133, 0.091442, 0.091664, 0.09184, 0.091871, 0.092189, 0.092211, 0.092224, 0.092332, 0.092581, 0.092709, 0.092736, 0.092774, 0.093304, 0.093777, 0.093829, 0.094144, 0.094344, 0.094611, 0.094667, 0.094708, 0.095255, 0.095258, 0.0954, 0.095519, 0.095586, 0.09591, 0.096316, 0.096687, 0.096855, 0.097085, 0.097177, 0.097184, 0.097472, 0.097575, 0.097821, 0.097909, 0.098109, 0.098203, 0.098357, 0.098468, 0.098633, 0.099225, 0.099742, 0.100218, 0.100289, 0.100482, 0.100686, 0.100816, 0.101022, 0.101253, 0.101307, 0.101372, 0.101723, 0.102201, 0.102322, 0.102331, 0.10296, 0.103056, 0.103081, 0.103203, 0.103305, 0.103501, 0.103656, 0.103728, 0.103796, 0.104199, 0.104372, 0.104486, 0.104511, 0.104668, 0.105007, 0.105191, 0.10531, 0.105671, 0.105682, 0.105997, 0.106157, 0.106299, 0.106488, 0.106586, 0.106775, 0.106929, 0.106968, 0.107184, 0.107248, 0.107493, 0.107562, 0.107762, 0.108023, 0.108071, 0.108232, 0.108462, 0.109261, 0.109367, 0.10959, 0.110552, 0.110905, 0.110971, 0.111499, 0.111796, 0.112001, 0.112187, 0.112469, 0.112489, 0.112554, 0.113447, 0.113455, 0.114153, 0.114646, 0.114931, 0.115286, 0.11553, 0.11603, 0.116061, 0.116452, 0.116483, 0.116646, 0.116657, 0.116793, 0.116795, 0.117277, 0.117415, 0.11762, 0.117805, 0.117973, 0.117981, 0.11807, 0.118116, 0.118171, 0.118405, 0.118534, 0.118595, 0.11877, 0.119042, 0.119131, 0.119352, 0.1195, 0.119579, 0.119735, 0.119984, 0.120276, 0.121009, 0.121223, 0.121328, 0.122098, 0.12223, 0.122235, 0.122457, 0.122859, 0.122871, 0.12296, 0.123282, 0.123343, 0.123353, 0.123749, 0.12387, 0.1239, 0.124057, 0.124138, 0.12447, 0.124617, 0.124729, 0.124811, 0.125014, 0.125681, 0.125981, 0.126084, 0.126337, 0.12657, 0.126788, 0.126903, 0.127186, 0.128024, 0.128189, 0.128624, 0.128741, 0.128786, 0.128997, 0.129124, 0.129284, 0.129335, 0.129479, 0.129495, 0.129572, 0.129787, 0.129851, 0.130025, 0.130071, 0.130163, 0.130246, 0.130494, 0.130652, 0.130876, 0.130961, 0.131509, 0.131627, 0.131676, 0.132078, 0.13239, 0.132417, 0.132432, 0.133314, 0.133592, 0.134077, 0.134241, 0.134318, 0.134416, 0.13452, 0.134852, 0.13506, 0.135327, 0.135884, 0.136006, 0.136591, 0.136877, 0.137225, 0.138448, 0.138919, 0.138937, 0.139194, 0.139301, 0.139368, 0.139501, 0.139718, 0.139845, 0.140213, 0.140343, 0.140367, 0.140576, 0.140801, 0.140828, 0.141156, 0.141359, 0.14147, 0.141663, 0.141732, 0.142037, 0.143052, 0.14361, 0.143687, 0.143858, 0.143899, 0.144212, 0.144421, 0.144518, 0.144674, 0.145084, 0.145207, 0.145926, 0.145968, 0.146003, 0.146332, 0.146409, 0.146649, 0.146826, 0.147176, 0.147264, 0.147963, 0.148644, 0.148668, 0.149271, 0.149578, 0.14985, 0.150554, 0.150822, 0.150965, 0.151216, 0.151225, 0.151982, 0.152149, 0.152377, 0.152738, 0.152761, 0.152807, 0.15288, 0.153136, 0.153232, 0.153547, 0.153675, 0.153692, 0.153763, 0.153831, 0.154031, 0.15405, 0.154063, 0.154533, 0.155404, 0.156061, 0.156396, 0.156541, 0.156711, 0.157213, 0.157402, 0.157635, 0.158039, 0.158204, 0.158574, 0.158864,