{"sigma_r": 1.9103, "sigma_i": 0.8747, "m": 0, "seed": 2871635827, "n_k": {"1": 4127, "2": 1019, "3": 221, "4": 54, "5": 7, "6+": 2}, "dlogr": [1.8e-05, 4e-05, 0.000349, 0.000579, 0.000634, 0.00091, 0.001129, 0.001215, 0.001327, 0.001526, 0.001527, 0.001627, 0.001687, 0.001689, 0.002066, 0.002115, 0.002549, 0.002586, 0.002735, 0.002772, 0.002872, 0.003113, 0.003138, 0.003251, 0.003792, 0.003864, 0.003944, 0.003944, 0.004008, 0.004169, 0.004355, 0.004407, 0.004454, 0.004598, 0.004625, 0.004629, 0.004966, 0.005062, 0.0051, 0.005273, 0.005559, 0.005609, 0.005631, 0.005646, 0.005746, 0.005755, 0.006048, 0.006137, 0.006626, 0.006633, 0.006742, 0.00704, 0.00715, 0.00777, 0.00789, 0.008161, 0.008231, 0.00828, 0.008322, 0.008611, 0.008663, 0.008896, 0.008918, 0.00892, 0.008922, 0.009008, 0.009273, 0.009684, 0.009719, 0.009792, 0.009808, 0.009843, 0.010025, 0.010055, 0.010087, 0.010435, 0.010521, 0.010634, 0.010941, 0.011295, 0.011803, 0.012294, 0.012522, 0.012547, 0.012592, 0.012673, 0.012705, 0.012904, 0.013019, 0.013213, 0.01335, 0.013505, 0.013873, 0.013951, 0.014157, 0.014291, 0.014535, 0.014573, 0.014887, 0.015023, 0.015276, 0.015454, 0.01563, 0.015633, 0.015784, 0.015846, 0.015885, 0.016144, 0.016417, 0.016831, 0.016926, 0.016932, 0.017295, 0.017402, 0.01745, 0.017513, 0.017874, 0.017914, 0.01799, 0.018039, 0.018274, 0.018606, 0.01891, 0.018927, 0.018941, 0.019123, 0.019221, 0.019423, 0.019452, 0.019554, 0.019864, 0.019929, 0.020108, 0.020389, 0.020561, 0.020653, 0.020685, 0.020705, 0.020902, 0.021062, 0.021064, 0.02108, 0.021157, 0.021191, 0.021302, 0.021432, 0.021463, 0.021473, 0.021476, 0.02159, 0.0216, 0.021798, 0.022073, 0.022714, 0.022745, 0.023205, 0.023281, 0.023567, 0.023726, 0.02373, 0.024221, 0.024355, 0.024403, 0.024578, 0.024725, 0.024842, 0.024882, 0.024995, 0.025618, 0.025723, 0.025801, 0.026428, 0.026489, 0.026819, 0.02686, 0.026861, 0.026986, 0.027279, 0.027417, 0.027506, 0.027674, 0.027705, 0.027993, 0.028255, 0.028272, 0.028923, 0.029143, 0.029203, 0.029591, 0.029719, 0.029751, 0.029785, 0.029895, 0.02998, 0.030011, 0.030046, 0.030064, 0.030205, 0.030341, 0.030597, 0.030863, 0.031087, 0.031094, 0.031334, 0.031342, 0.031392, 0.031748, 0.032393, 0.0324, 0.032478, 0.032708, 0.032836, 0.033104, 0.033201, 0.033384, 0.033388, 0.033452, 0.03359, 0.033848, 0.033877, 0.034008, 0.034218, 0.03444, 0.034687, 0.034865, 0.035194, 0.03548, 0.035875, 0.036017, 0.036184, 0.036254, 0.036481, 0.036529, 0.036854, 0.037334, 0.037474, 0.037618, 0.038094, 0.038183, 0.038717, 0.038813, 0.039307, 0.039328, 0.03975, 0.039796, 0.040056, 0.040169, 0.040741, 0.040991, 0.041188, 0.041371, 0.041454, 0.041529, 0.042111, 0.042187, 0.042358, 0.042411, 0.042534, 0.042795, 0.043096, 0.043365, 0.043375, 0.043416, 0.043526, 0.043715, 0.044151, 0.044215, 0.044336, 0.044638, 0.044918, 0.045026, 0.045209, 0.046357, 0.046367, 0.046734, 0.046902, 0.047268, 0.047285, 0.047342, 0.047444, 0.047547, 0.047668, 0.047799, 0.048096, 0.048311, 0.048386, 0.048693, 0.048835, 0.049043, 0.049062, 0.049203, 0.049354, 0.049383, 0.049612, 0.049713, 0.049852, 0.050133, 0.0502, 0.050273, 0.050453, 0.050799, 0.051089, 0.051175, 0.051362, 0.051366, 0.051386, 0.051519, 0.051636, 0.051644, 0.05189, 0.052099, 0.052362, 0.052523, 0.052634, 0.052739, 0.053137, 0.053164, 0.053509, 0.053568, 0.054054, 0.05415, 0.054356, 0.054412, 0.054481, 0.054738, 0.05492, 0.054928, 0.055116, 0.055172, 0.055411, 0.056022, 0.056238, 0.056268, 0.056344, 0.056368, 0.056864, 0.057083, 0.057088, 0.05723, 0.05733, 0.05734, 0.057489, 0.057529, 0.057661, 0.05775, 0.057832, 0.057838, 0.057883, 0.058041, 0.058292, 0.058486, 0.058529, 0.058674, 0.059111, 0.059286, 0.059428, 0.059527, 0.059651, 0.060074, 0.060094, 0.060193, 0.060304, 0.060368, 0.060396, 0.0605, 0.06129, 0.061378, 0.061698, 0.061724, 0.061736, 0.061832, 0.062136, 0.062144, 0.06219, 0.06238, 0.062469, 0.062478, 0.062483, 0.062622, 0.062711, 0.062719, 0.062941, 0.063053, 0.063102, 0.063269, 0.063329, 0.0634, 0.063467, 0.063535, 0.063872, 0.064129, 0.064243, 0.064278, 0.064467, 0.064696, 0.064872, 0.06488, 0.06492, 0.065175, 0.065182, 0.065606, 0.065667, 0.065766, 0.065778, 0.065816, 0.066235, 0.066418, 0.06648, 0.067106, 0.067133, 0.067144, 0.067433, 0.067528, 0.067637, 0.067962, 0.068454, 0.068632, 0.06887, 0.06901, 0.069238, 0.069888, 0.069911, 0.069978, 0.069988, 0.070131, 0.070159, 0.070434, 0.070473, 0.070694, 0.071028, 0.071068, 0.071144, 0.071212, 0.071328, 0.07144, 0.071634, 0.07203, 0.072132, 0.072151, 0.072254, 0.072396, 0.072903, 0.073152, 0.073231, 0.073264, 0.073384, 0.073401, 0.073858, 0.074461, 0.07447, 0.074524, 0.074573, 0.074867, 0.07521, 0.075239, 0.075332, 0.075389, 0.075495, 0.075653, 0.075661, 0.075976, 0.076155, 0.076171, 0.076414, 0.076468, 0.077294, 0.077506, 0.077532, 0.077575, 0.078118, 0.078411, 0.078767, 0.078784, 0.079138, 0.079231, 0.079358, 0.079369, 0.079447, 0.079996, 0.080089, 0.080256, 0.080323, 0.080479, 0.080758, 0.0808, 0.080809, 0.081317, 0.081704, 0.081942, 0.082015, 0.082094, 0.082204, 0.082205, 0.082248, 0.082606, 0.082651, 0.082802, 0.082817, 0.082966, 0.083225, 0.083241, 0.083281, 0.083915, 0.084712, 0.084863, 0.084876, 0.085038, 0.085437, 0.085453, 0.085746, 0.085823, 0.085877, 0.086338, 0.086476, 0.087046, 0.087154, 0.087162, 0.087372, 0.087423, 0.087985, 0.088091, 0.088352, 0.088443, 0.088564, 0.088663, 0.089274, 0.089481, 0.089531, 0.089651, 0.089884, 0.090098, 0.09025, 0.090308, 0.090543, 0.090631, 0.09098, 0.091298, 0.091463, 0.091643, 0.091718, 0.09181, 0.091873, 0.092023, 0.092102, 0.092519, 0.092757, 0.092903, 0.093007, 0.093042, 0.093156, 0.093156, 0.093277, 0.094081, 0.094176, 0.09446, 0.094549, 0.094613, 0.094662, 0.095089, 0.095119, 0.095182, 0.095385, 0.095645, 0.095745, 0.095973, 0.096076, 0.096129, 0.096263, 0.096384, 0.096435, 0.096444, 0.096933, 0.096995, 0.097051, 0.097228, 0.09747, 0.097654, 0.097805, 0.097856, 0.098271, 0.098721, 0.098813, 0.09899, 0.09907, 0.099073, 0.099286, 0.099554, 0.099847, 0.099885, 0.100104, 0.100117, 0.100319, 0.100407, 0.100422, 0.100427, 0.100486, 0.100751, 0.101145, 0.101491, 0.102016, 0.102659, 0.103359, 0.10336, 0.103381, 0.103507, 0.103536, 0.103666, 0.103672, 0.104066, 0.104436, 0.104524, 0.105034, 0.105066, 0.10524, 0.105878, 0.106062, 0.106223, 0.106239, 0.106682, 0.106688, 0.106835, 0.107093, 0.107203, 0.107612, 0.107655, 0.107748, 0.107892, 0.109015, 0.109197, 0.10934, 0.10973, 0.10981, 0.109911, 0.110092, 0.110123, 0.110349, 0.110394, 0.110573, 0.110576, 0.110607, 0.110709, 0.110969, 0.111164, 0.111523, 0.11159, 0.111605, 0.111624, 0.111737, 0.112031, 0.112152, 0.112527, 0.112527, 0.11261, 0.112636, 0.112722, 0.112972, 0.1131, 0.113114, 0.113115, 0.113367, 0.113386, 0.113389, 0.113515, 0.113682, 0.11391, 0.11404, 0.114227, 0.114514, 0.114619, 0.114735, 0.114812, 0.114827, 0.115047, 0.115368, 0.11548, 0.115489, 0.115622, 0.115712, 0.116252, 0.116674, 0.117053, 0.117358, 0.117813, 0.118406, 0.118514, 0.118634, 0.11874, 0.11905, 0.119285, 0.119285, 0.119376, 0.11958, 0.119597, 0.119607, 0.11968, 0.119957, 0.120717, 0.121124, 0.121249, 0.12135, 0.121563, 0.121595, 0.121798, 0.122413, 0.122647, 0.122713, 0.1231, 0.123754, 0.12405, 0.124234, 0.124236, 0.124765, 0.124845, 0.124898, 0.125963, 0.126198, 0.126792, 0.12731, 0.127587, 0.127603, 0.127903, 0.128238, 0.128666, 0.128744, 0.128954, 0.129017, 0.129052, 0.129072, 0.129433, 0.129477, 0.129784, 0.129997, 0.130011, 0.130028, 0.130114, 0.130137, 0.130153, 0.130479, 0.130616, 0.13073, 0.130743, 0.131118, 0.131234, 0.13154, 0.131663, 0.13203, 0.132657, 0.133182, 0.133421, 0.133723, 0.133973, 0.134152, 0.134513, 0.13475, 0.134944, 0.135164, 0.135496, 0.135571, 0.135712, 0.135902, 0.136178, 0.137104, 0.137147, 0.137259, 0.137677, 0.138229, 0.138234, 0.138996, 0.139218, 0.139468, 0.139613, 0.139958, 0.140552, 0.141439, 0.141885, 0.142257, 0.142334, 0.142681, 0.142742, 0.142903, 0.144307, 0.14435, 0.144379, 0.144381, 0.144452, 0.144622, 0.144651, 0.144652, 0.144693, 0.144919, 0.145196, 0.145388, 0.145474, 0.14559, 