{"sigma_r": 2.3939, "sigma_i": 0.5349, "m": 6, "seed": 1165390500, "n_k": {"1": 3963, "2": 906, "3": 261, "4": 68, "5": 18, "6+": 2}, "dlogr": [0.0, 0.0, 9e-06, 0.000401, 0.000408, 0.000438, 0.00047, 0.000491, 0.000731, 0.000797, 0.001405, 0.00152, 0.001615, 0.001683, 0.001861, 0.001862, 0.001885, 0.001926, 0.002463, 0.002498, 0.00281, 0.00287, 0.003029, 0.003245, 0.003248, 0.003288, 0.003411, 0.003643, 0.004529, 0.00504, 0.005061, 0.005463, 0.005475, 0.005553, 0.006051, 0.006375, 0.007115, 0.007325, 0.007374, 0.007769, 0.007853, 0.008069, 0.008241, 0.008448, 0.008493, 0.009088, 0.009124, 0.009391, 0.009486, 0.0096, 0.00984, 0.009995, 0.010009, 0.01022, 0.010249, 0.010734, 0.010927, 0.011414, 0.011533, 0.011573, 0.011625, 0.011652, 0.012045, 0.012059, 0.012098, 0.012247, 0.012343, 0.01266, 0.01284, 0.012924, 0.013008, 0.0134, 0.013674, 0.01372, 0.013727, 0.014167, 0.014223, 0.014294, 0.014432, 0.014455, 0.014526, 0.014755, 0.014805, 0.015075, 0.015145, 0.015304, 0.015552, 0.015563, 0.015929, 0.016008, 0.016031, 0.016057, 0.0162, 0.016201, 0.01621, 0.016608, 0.01722, 0.017471, 0.017655, 0.018036, 0.018109, 0.01814, 0.01815, 0.019337, 0.019472, 0.019525, 0.019887, 0.019983, 0.020284, 0.020419, 0.021222, 0.021352, 0.021411, 0.021669, 0.02168, 0.021721, 0.021782, 0.021907, 0.021944, 0.021974, 0.022119, 0.022198, 0.022226, 0.022567, 0.022582, 0.022788, 0.023174, 0.023201, 0.023416, 0.023459, 0.023481, 0.02368, 0.023703, 0.024122, 0.024387, 0.024656, 0.024837, 0.025081, 0.025218, 0.025251, 0.025315, 0.025398, 0.025409, 0.025707, 0.025966, 0.026648, 0.026831, 0.027012, 0.02725, 0.027379, 0.027414, 0.027453, 0.027657, 0.027843, 0.02785, 0.028144, 0.028254, 0.028301, 0.028651, 0.028711, 0.029176, 0.02959, 0.029902, 0.030118, 0.030308, 0.031015, 0.031115, 0.031224, 0.032019, 0.032435, 0.032659, 0.032821, 0.032849, 0.033235, 0.033246, 0.033309, 0.033452, 0.033861, 0.033897, 0.03393, 0.034242, 0.034335, 0.034486, 0.034636, 0.034802, 0.034831, 0.03558, 0.035882, 0.036067, 0.036109, 0.036245, 0.036367, 0.036542, 0.036597, 0.036686, 0.037064, 0.037176, 0.037728, 0.037947, 0.038118, 0.038309, 0.038843, 0.038924, 0.038945, 0.038971, 0.039213, 0.039548, 0.039581, 0.039822, 0.039866, 0.039889, 0.039921, 0.040203, 0.040283, 0.040427, 0.040807, 0.040988, 0.041103, 0.041109, 0.041643, 0.041681, 0.04175, 0.041778, 0.041841, 0.041969, 0.042188, 0.042261, 0.042923, 0.042973, 0.043101, 0.043263, 0.043275, 0.043477, 0.043834, 0.043941, 0.04421, 0.044233, 0.04426, 0.044307, 0.044367, 0.044492, 0.044779, 0.044886, 0.045164, 0.045431, 0.045514, 0.045586, 0.045743, 0.045972, 0.046095, 0.046357, 0.046409, 0.046598, 0.047235, 0.047573, 0.047638, 0.047757, 0.047767, 0.047853, 0.047969, 0.048058, 0.048095, 0.048098, 0.048293, 0.04834, 0.048591, 0.048815, 0.048856, 0.048912, 0.049389, 0.049709, 0.049766, 0.04998, 0.050055, 0.050412, 0.050706, 0.051119, 0.051162, 0.051726, 0.052162, 0.052347, 0.052531, 0.052539, 0.052816, 0.052873, 0.052989, 0.053285, 0.053782, 0.053789, 0.053943, 0.054017, 0.054398, 0.054405, 0.05443, 0.054845, 0.055135, 0.055383, 0.055442, 0.055503, 0.05568, 0.055818, 0.056097, 0.05613, 0.056285, 0.05645, 0.056543, 0.056597, 0.0566, 0.056646, 0.056678, 0.056764, 0.057075, 0.057192, 0.057228, 0.057617, 0.057674, 0.057735, 0.05774, 0.057813, 0.058144, 0.05828, 0.058616, 0.058711, 0.059005, 0.059069, 0.059183, 0.059231, 0.059236, 0.059331, 0.059343, 0.059531, 0.059651, 0.059658, 0.059966, 0.061345, 0.061407, 0.061413, 0.062073, 0.062236, 0.062526, 0.06272, 0.06281, 0.062816, 0.063005, 0.063021, 0.063052, 0.063233, 0.063585, 0.063602, 0.063788, 0.064268, 0.064511, 0.064767, 0.064805, 0.064933, 0.06508, 0.06539, 0.06547, 0.06559, 0.06577, 0.065963, 0.066461, 0.066624, 0.066686, 0.06714, 0.067176, 0.067496, 0.06787, 0.06788, 0.0679, 0.068321, 0.069094, 0.069494, 0.069523, 0.069578, 0.069915, 0.069989, 0.07002, 0.070047, 0.070138, 0.070308, 0.070704, 0.070864, 0.070999, 0.071316, 0.071406, 0.071453, 0.071628, 0.071803, 0.071855, 0.071962, 0.072096, 0.072203, 0.072275, 0.072324, 0.072399, 0.072446, 0.072945, 0.073318, 0.073394, 0.07346, 0.073493, 0.073834, 0.074266, 0.074327, 0.07471, 0.074782, 0.074842, 0.074863, 0.074911, 0.075781, 0.076018, 0.076047, 0.076163, 0.076323, 0.076404, 0.076478, 0.07685, 0.076982, 0.077258, 0.077507, 0.077535, 0.077771, 0.077954, 0.077956, 0.078291, 0.078551, 0.078711, 0.078872, 0.078878, 0.079488, 0.079505, 0.079703, 0.079722, 0.079753, 0.07989, 0.079913, 0.080017, 0.080537, 0.080568, 0.080581, 0.08067, 0.08088, 0.081268, 0.08129, 0.081357, 0.08151, 0.081826, 0.082318, 0.082537, 0.082558, 0.082938, 0.083806, 0.083983, 0.084038, 0.084114, 0.084123, 0.084567, 0.084687, 0.085443, 0.08549, 0.085552, 0.085648, 0.085793, 0.086122, 0.086176, 0.086746, 0.087304, 0.087623, 0.088397, 0.088453, 0.08878, 0.088894, 0.089017, 0.089096, 0.089201, 0.089455, 0.089584, 0.089619, 0.089664, 0.089931, 0.090107, 0.090176, 0.090312, 0.090455, 0.090459, 0.090894, 0.091025, 0.091043, 0.091167, 0.091478, 0.092324, 0.092324, 0.092784, 0.092804, 0.093059, 0.093293, 0.093772, 0.093894, 0.094293, 0.094434, 0.094535, 0.094542, 0.094641, 0.094653, 0.094768, 0.094875, 0.09488, 0.094892, 0.094963, 0.095302, 0.095508, 0.096095, 0.096235, 0.096468, 0.096942, 0.097183, 0.09734, 0.097619, 0.097636, 0.099006, 0.099013, 0.099055, 0.099212, 0.099603, 0.10037, 0.10041, 0.10054, 0.100616, 0.10064, 0.100899, 0.101302, 0.101747, 0.101832, 0.101924, 0.102042, 0.102044, 0.102881, 0.103022, 0.103455, 0.103489, 0.103659, 0.10407, 0.104098, 0.104206, 0.10432, 0.104347, 0.104393, 0.104462, 0.104611, 0.104703, 0.10489, 0.104943, 0.105, 0.105047, 0.105212, 0.105844, 0.105897, 0.10595, 0.106095, 0.106291, 0.106377, 0.106424, 0.106518, 0.106709, 0.106722, 0.107241, 0.107451, 0.107684, 0.108074, 0.108315, 0.108602, 0.108748, 0.108839, 0.108877, 0.108908, 0.108974, 0.109007, 0.10903, 0.109189, 0.109329, 0.109345, 0.109415, 0.109626, 0.110213, 0.110231, 0.110354, 0.110513, 0.110621, 0.110829, 0.110835, 0.110962, 0.111312, 0.111481, 0.111545, 0.112017, 0.112118, 0.112123, 0.11229, 0.112309, 0.113125, 0.113263, 0.113509, 0.113651, 0.113798, 0.114289, 0.114611, 0.114668, 0.11482, 0.114871, 0.115098, 0.115335, 0.115378, 0.115462, 0.115757, 0.115798, 0.11591, 0.116086, 0.116159, 0.116476, 0.116539, 0.116789, 0.116909, 0.117009, 0.117285, 0.1182, 0.118205, 0.118209, 0.118309, 0.1184, 0.118472, 0.118523, 0.118771, 0.119163, 0.119168, 0.119326, 0.119365, 0.119937, 0.120145, 0.120186, 0.120263, 0.120315, 0.120352, 0.12036, 0.120631, 0.120911, 0.121257, 0.121427, 0.121497, 0.121572, 0.121661, 0.121872, 0.12192, 0.122013, 0.122053, 0.122499, 0.122782, 0.122994, 0.123179, 0.123307, 0.1239, 0.12395, 0.124017, 0.124179, 0.124336, 0.124548, 0.124586, 0.124702, 0.124773, 0.124819, 0.125183, 0.125266, 0.125268, 0.125642, 0.12565, 0.126275, 0.126657, 0.126686, 0.126884, 0.126904, 0.12692, 0.126945, 0.127256, 0.127522, 0.12755, 0.127621, 0.127676, 0.12786, 0.128205, 0.128313, 0.128932, 0.129038, 0.129189, 0.129236, 0.129429, 0.129633, 0.129652, 0.129938, 0.130211, 0.13026, 0.130783, 0.130968, 0.131339, 0.131554, 0.131591, 0.131644, 0.131819, 0.131897, 0.132153, 0.132314, 0.132591, 0.133151, 0.133257, 0.133444, 0.133798, 0.134821, 0.134948, 0.135023, 0.135539, 0.135693, 0.136212, 0.13625, 0.136455, 0.136936, 0.136978, 0.137107, 0.137156, 0.137649, 0.137837, 0.138313, 0.139105, 0.139604, 0.139724, 0.139848, 0.139887, 0.139939, 0.140175, 0.14022, 0.140259, 0.140289, 0.140405, 0.141017, 0.141178, 0.141322, 0.141674, 0.141796, 0.141804, 0.141865, 0.141978, 0.142051, 0.142552, 0.142778, 0.143096, 0.14332, 0.143336, 0.143455, 0.143778, 0.143816, 0.143831, 0.144169, 0.144484, 0.144661, 0.144855, 0.144935, 0.145001, 0.145243, 0.146083, 0.146277, 0.146474, 0.146698, 0.146883, 0.147214, 0.147405, 0.147719, 0.147971, 0.148008, 0.14824, 0.148318, 0.148325, 0.148382, 0.148413, 0.148788, 0.149162, 0.149267, 0.149427, 0.149568, 0.149656, 0.150428, 0.150548, 0.1516, 0.151782, 0.151782, 0.153036, 0.153703, 0.154529, 0.155682, 0.155989,