{"sigma_r": 0.9707, "sigma_i": 1.1186, "m": 6, "seed": 2447546016, "n_k": {"1": 4092, "2": 1015, "3": 236, "4": 51, "5": 11, "6+": 3}, "dlogr": [0.0, 0.0, 0.000183, 0.000425, 0.000582, 0.000705, 0.00076, 0.00103, 0.001147, 0.001209, 0.001501, 0.001762, 0.001836, 0.001989, 0.002121, 0.002201, 0.002528, 0.002588, 0.002604, 0.002731, 0.002818, 0.003094, 0.003133, 0.003198, 0.003207, 0.003293, 0.003404, 0.003653, 0.003914, 0.004344, 0.004378, 0.004408, 0.004499, 0.004718, 0.004779, 0.004793, 0.004795, 0.005118, 0.005251, 0.005339, 0.005602, 0.005649, 0.005656, 0.005763, 0.005765, 0.005785, 0.005893, 0.00595, 0.006225, 0.006391, 0.006482, 0.006537, 0.006652, 0.006692, 0.00675, 0.006816, 0.006824, 0.00711, 0.007382, 0.007528, 0.00759, 0.007601, 0.007745, 0.007807, 0.007825, 0.007833, 0.008168, 0.008236, 0.008336, 0.008392, 0.008423, 0.008632, 0.008689, 0.008699, 0.008797, 0.009406, 0.009588, 0.009619, 0.009845, 0.009939, 0.010078, 0.010462, 0.010527, 0.010718, 0.010785, 0.010963, 0.011101, 0.011234, 0.011484, 0.011712, 0.011801, 0.011916, 0.012224, 0.012415, 0.012463, 0.01269, 0.013083, 0.013111, 0.013204, 0.013332, 0.01356, 0.013786, 0.013789, 0.013955, 0.013983, 0.014138, 0.014141, 0.014298, 0.014489, 0.014535, 0.01466, 0.014774, 0.014823, 0.014861, 0.014915, 0.015049, 0.015416, 0.015459, 0.015527, 0.015761, 0.015934, 0.015943, 0.016006, 0.016106, 0.016289, 0.016548, 0.016554, 0.016696, 0.01695, 0.01707, 0.017104, 0.017255, 0.0173, 0.017632, 0.017775, 0.018117, 0.018265, 0.018321, 0.018605, 0.018696, 0.018713, 0.018713, 0.018733, 0.018911, 0.018936, 0.019404, 0.019518, 0.019606, 0.019693, 0.019781, 0.019897, 0.019918, 0.019995, 0.020058, 0.020107, 0.020121, 0.020148, 0.020411, 0.020713, 0.020719, 0.020813, 0.020905, 0.020926, 0.02098, 0.021068, 0.021126, 0.021499, 0.021581, 0.021668, 0.021701, 0.021878, 0.021912, 0.021952, 0.022029, 0.022035, 0.022108, 0.022258, 0.022308, 0.022381, 0.022398, 0.022426, 0.022484, 0.022729, 0.022741, 0.022931, 0.023042, 0.023092, 0.023235, 0.023255, 0.023491, 0.02363, 0.02387, 0.023881, 0.023883, 0.024058, 0.024073, 0.024134, 0.024265, 0.024735, 0.024822, 0.024911, 0.024991, 0.02517, 0.025222, 0.025309, 0.025352, 0.02556, 0.025602, 0.025764, 0.026099, 0.026166, 0.026207, 0.026283, 0.026298, 0.026364, 0.026379, 0.026456, 0.026503, 0.026531, 0.026676, 0.026678, 0.026753, 0.027286, 0.027576, 0.0278, 0.027891, 0.028411, 0.028579, 0.028823, 0.028896, 0.028911, 0.029059, 0.029736, 0.029756, 0.029781, 0.029871, 0.029996, 0.030253, 0.030804, 0.030898, 0.030937, 0.031033, 0.031174, 0.031222, 0.03143, 0.031493, 0.031913, 0.032021, 0.032029, 0.032136, 0.032193, 0.032243, 0.032257, 0.032352, 0.032578, 0.032605, 0.032649, 0.032706, 0.032717, 0.033165, 0.033388, 0.033558, 0.033829, 0.03384, 0.034066, 0.034331, 0.03449, 0.03481, 0.034828, 0.034971, 0.034975, 0.03498, 0.03523, 0.035317, 0.035518, 0.035553, 0.03581, 0.035984, 0.036092, 0.036308, 0.036402, 0.036403, 0.036444, 0.036456, 0.036593, 0.036808, 0.037162, 0.037464, 0.037573, 0.037628, 0.037907, 0.038117, 0.038117, 0.038159, 0.038178, 0.038217, 0.038423, 0.038593, 0.038898, 0.039155, 0.039297, 0.039298, 0.039303, 0.039499, 0.039514, 0.039628, 0.039644, 0.039804, 0.039902, 0.039995, 0.040003, 0.040062, 0.040098, 0.040126, 0.040165, 0.040302, 0.040303, 0.04056, 0.040648, 0.040832, 0.040969, 0.040988, 0.040994, 0.041028, 0.04106, 0.041128, 0.041135, 0.041327, 0.041356, 0.04161, 0.041925, 0.04211, 0.042357, 0.042373, 0.042533, 0.04257, 0.042664, 0.042711, 0.042982, 0.043022, 0.04324, 0.043374, 0.043671, 0.043683, 0.04382, 0.044091, 0.044108, 0.044169, 0.044245, 0.044379, 0.044398, 0.044814, 0.045222, 0.045244, 0.04539, 0.045425, 0.045523, 0.04568, 0.045765, 0.045928, 0.046182, 0.046445, 0.046533, 0.046638, 0.047095, 0.047326, 0.047478, 0.047556, 0.048139, 0.048457, 0.04846, 0.048559, 0.04874, 0.048757, 0.048944, 0.048952, 0.049013, 0.049088, 0.049377, 0.049652, 0.049831, 0.049951, 0.050109, 0.050112, 0.050155, 0.050247, 0.050261, 0.050301, 0.050346, 0.050595, 0.05062, 0.050745, 0.050858, 0.050869, 0.050986, 0.051099, 0.051521, 0.051526, 0.05182, 0.051947, 0.052316, 0.052414, 0.052474, 0.052529, 0.052818, 0.052868, 0.052934, 0.053319, 0.053404, 0.053462, 0.053515, 0.053745, 0.053818, 0.053842, 0.05385, 0.054018, 0.054117, 0.054119, 0.054193, 0.054213, 0.054245, 0.054571, 0.054621, 0.054621, 0.054794, 0.054827, 0.054869, 0.054917, 0.054961, 0.055187, 0.055309, 0.055376, 0.055389, 0.055397, 0.05554, 0.05555, 0.055617, 0.055877, 0.05588, 0.055956, 0.056108, 0.056114, 0.056134, 0.056172, 0.056229, 0.056348, 0.056417, 0.056459, 0.05648, 0.056588, 0.056655, 0.056905, 0.056932, 0.057431, 0.057872, 0.058019, 0.058042, 0.05818, 0.058344, 0.0584, 0.05854, 0.058567, 0.058595, 0.059066, 0.059194, 0.059215, 0.059402, 0.059402, 0.059417, 0.059457, 0.059535, 0.059632, 0.059761, 0.059819, 0.059888, 0.06011, 0.060147, 0.060646, 0.060888, 0.061142, 0.061435, 0.061452, 0.06147, 0.061621, 0.061758, 0.061803, 0.061864, 0.061912, 0.061953, 0.062075, 0.063138, 0.063413, 0.063661, 0.063703, 0.064009, 0.064034, 0.064463, 0.064473, 0.064609, 0.064623, 0.06465, 0.064956, 0.065017, 0.065157, 0.065238, 0.065417, 0.065497, 0.06556, 0.065568, 0.065595, 0.065638, 0.065675, 0.065825, 0.065964, 0.066101, 0.066194, 0.066345, 0.066491, 0.066915, 0.066985, 0.067217, 0.067276, 0.067344, 0.067425, 0.067593, 0.067706, 0.067831, 0.068104, 0.068261, 0.068315, 0.068449, 0.068848, 0.069107, 0.069112, 0.069392, 0.069485, 0.069571, 0.069834, 0.069842, 0.069949, 0.069992, 0.07014, 0.070191, 0.0704, 0.070609, 0.070704, 0.070993, 0.071452, 0.071738, 0.071745, 0.072442, 0.073179, 0.073225, 0.073946, 0.074032, 0.074069, 0.074102, 0.074171, 0.074258, 0.074478, 0.074727, 0.074734, 0.074747, 0.074845, 0.074885, 0.075945, 0.076419, 0.076439, 0.076633, 0.076891, 0.076995, 0.077045, 0.077162, 0.07724, 0.077276, 0.077422, 0.077544, 0.077577, 0.077695, 0.078351, 0.078568, 0.078706, 0.078971, 0.07899, 0.079014, 0.079123, 0.079465, 0.079492, 0.079762, 0.080167, 0.080168, 0.080243, 0.080503, 0.080516, 0.080614, 0.080735, 0.080812, 0.081008, 0.081123, 0.081378, 0.081588, 0.081851, 0.082061, 0.08232, 0.082333, 0.082449, 0.0825, 0.082548, 0.082563, 0.082565, 0.082597, 0.082996, 0.083094, 0.08325, 0.083384, 0.08342, 0.084034, 0.084125, 0.084328, 0.084516, 0.084569, 0.084681, 0.084703, 0.085172, 0.085398, 0.086434, 0.086612, 0.087139, 0.087556, 0.087558, 0.087711, 0.088277, 0.088342, 0.088587, 0.088849, 0.089232, 0.089364, 0.08941, 0.09005, 0.09009, 0.090126, 0.090175, 0.09057, 0.091012, 0.091528, 0.091694, 0.091804, 0.091905, 0.092061, 0.092094, 0.092211, 0.092279, 0.092591, 0.092621, 0.092805, 0.092894, 0.092969, 0.093049, 0.093094, 0.093105, 0.093626, 0.094443, 0.09506, 0.095109, 0.095213, 0.095231, 0.095384, 0.095565, 0.095565, 0.095645, 0.095817, 0.096211, 0.096272, 0.096285, 0.096407, 0.096412, 0.096626, 0.096753, 0.096833, 0.096871, 0.096976, 0.097242, 0.097332, 0.097467, 0.097483, 0.097484, 0.097533, 0.097536, 0.097689, 0.097942, 0.098007, 0.098152, 0.098337, 0.098655, 0.098989, 0.099295, 0.09936, 0.099744, 0.099843, 0.100239, 0.10044, 0.100828, 0.100848, 0.100965, 0.100971, 0.101137, 0.101267, 0.101281, 0.10139, 0.101571, 0.101681, 0.101681, 0.101708, 0.101993, 0.10225, 0.102251, 0.102252, 0.102736, 0.10281, 0.102894, 0.103257, 0.103283, 0.103494, 0.103937, 0.103988, 0.104148, 0.104295, 0.104577, 0.104801, 0.105169, 0.105187, 0.105188, 0.105254, 0.105395, 0.105649, 0.106565, 0.106599, 0.106642, 0.106965, 0.107202, 0.107393, 0.10753, 0.107915, 0.107963, 0.108623, 0.108735, 0.108741, 0.10891, 0.109002, 0.109089, 0.109233, 0.109261, 0.109451, 0.10955, 0.10975, 0.109764, 0.109782, 0.109837, 0.109912, 0.110064, 0.110797, 0.110846, 0.110935, 0.111728, 0.112221, 0.112233, 0.112337, 0.112815, 0.112883, 0.113133, 0.113213, 0.113286, 0.113304, 0.113363, 0.11349, 0.114356, 0.114882, 0.115202, 0.115277, 0.11534, 0.115373, 0.115648, 0.115784, 0.116028, 0.116526, 0.116974, 0.117024, 0.117073, 0.117255, 0.117286, 0.117296, 0.117409, 0.117413, 0.117795, 