{"sigma_r": 3.0, "sigma_i": 0.8747, "m": 5, "seed": 336267675, "n_k": {"1": 4038, "2": 975, "3": 247, "4": 48, "5": 11, "6+": 2}, "dlogr": [0.0, 5.9e-05, 0.000303, 0.00092, 0.001049, 0.001186, 0.001205, 0.001314, 0.001363, 0.001463, 0.001631, 0.001677, 0.001703, 0.001877, 0.001884, 0.002025, 0.002222, 0.002579, 0.002742, 0.002817, 0.003011, 0.003295, 0.003469, 0.003719, 0.003789, 0.0038, 0.00407, 0.004097, 0.004137, 0.004185, 0.004378, 0.00451, 0.004528, 0.004698, 0.004708, 0.005151, 0.005271, 0.005303, 0.005542, 0.005826, 0.005943, 0.006106, 0.006207, 0.006249, 0.006379, 0.006659, 0.006667, 0.007189, 0.00746, 0.007511, 0.007627, 0.007834, 0.009058, 0.009174, 0.009356, 0.009557, 0.009647, 0.009696, 0.009775, 0.00989, 0.010056, 0.010211, 0.010631, 0.010773, 0.010773, 0.011314, 0.011359, 0.011662, 0.01174, 0.01214, 0.012248, 0.012544, 0.012712, 0.012995, 0.013155, 0.0132, 0.01354, 0.013719, 0.013732, 0.013768, 0.01379, 0.013858, 0.014274, 0.014753, 0.014854, 0.014985, 0.015122, 0.015353, 0.015544, 0.015575, 0.016566, 0.016569, 0.016576, 0.016618, 0.016625, 0.016647, 0.016983, 0.017179, 0.017329, 0.017925, 0.017932, 0.018018, 0.018376, 0.0184, 0.018463, 0.018582, 0.018824, 0.019054, 0.01957, 0.019976, 0.020031, 0.020153, 0.020247, 0.020468, 0.02064, 0.020961, 0.021224, 0.021421, 0.021774, 0.02183, 0.022093, 0.022156, 0.02256, 0.022881, 0.022918, 0.023165, 0.023342, 0.023352, 0.023734, 0.024137, 0.024139, 0.024271, 0.024434, 0.02448, 0.024736, 0.024777, 0.024807, 0.024918, 0.025078, 0.025256, 0.025434, 0.025603, 0.025702, 0.025815, 0.026378, 0.026417, 0.026421, 0.026427, 0.026439, 0.02645, 0.026627, 0.02671, 0.026762, 0.027069, 0.027118, 0.027199, 0.027801, 0.027999, 0.028175, 0.028514, 0.028561, 0.028594, 0.028806, 0.029286, 0.029352, 0.029527, 0.029541, 0.029607, 0.029687, 0.030048, 0.030145, 0.030175, 0.030211, 0.03038, 0.03045, 0.03052, 0.030603, 0.030727, 0.030744, 0.031232, 0.031373, 0.031384, 0.031924, 0.032075, 0.032244, 0.03225, 0.033297, 0.033389, 0.033604, 0.033636, 0.034032, 0.034469, 0.034521, 0.034897, 0.035215, 0.035263, 0.03542, 0.035649, 0.035721, 0.035751, 0.035775, 0.036637, 0.036877, 0.037107, 0.037383, 0.037516, 0.037609, 0.037625, 0.037712, 0.037885, 0.037958, 0.03801, 0.038029, 0.038218, 0.039269, 0.039291, 0.039485, 0.039546, 0.039709, 0.040035, 0.040215, 0.040682, 0.041078, 0.041098, 0.041107, 0.04157, 0.041666, 0.0418, 0.041961, 0.04244, 0.042614, 0.042731, 0.042865, 0.042875, 0.042893, 0.042997, 0.043026, 0.043289, 0.043489, 0.044243, 0.044245, 0.044271, 0.044419, 0.044481, 0.044499, 0.044887, 0.04534, 0.045699, 0.045803, 0.045907, 0.045907, 0.046212, 0.04623, 0.046248, 0.046981, 0.047064, 0.047201, 0.047401, 0.047721, 0.048165, 0.048608, 0.048621, 0.0487, 0.048761, 0.048831, 0.048892, 0.049006, 0.04928, 0.049289, 0.049324, 0.049925, 0.050427, 0.050503, 0.050687, 0.050693, 0.051885, 0.051908, 0.051971, 0.052066, 0.052274, 0.052698, 0.052905, 0.052962, 0.053071, 0.053143, 0.053325, 0.05349, 0.053567, 0.05379, 0.05389, 0.053905, 0.054164, 0.054204, 0.054348, 0.054369, 0.054378, 0.054496, 0.054634, 0.054906, 0.055004, 0.05545, 0.055579, 0.055791, 0.055882, 0.055973, 0.055983, 0.056125, 0.056233, 0.056663, 0.057118, 0.057138, 0.05726, 0.057338, 0.057386, 0.057531, 0.05755, 0.057718, 0.057851, 0.057862, 0.058065, 0.058075, 0.058077, 0.05836, 0.058393, 0.058473, 0.058482, 0.058495, 0.058498, 0.058634, 0.058638, 0.058663, 0.059026, 0.059495, 0.059916, 0.060149, 0.060296, 0.060411, 0.060463, 0.060484, 0.060805, 0.060857, 0.060975, 0.060995, 0.061069, 0.061191, 0.061369, 0.061613, 0.061693, 0.062287, 0.062718, 0.062788, 0.062808, 0.06297, 0.063009, 0.06314, 0.063175, 0.063352, 0.063397, 0.063415, 0.063667, 0.063683, 0.063728, 0.063909, 0.063996, 0.064036, 0.064497, 0.064821, 0.064887, 0.064932, 0.065282, 0.065344, 0.06557, 0.065602, 0.065732, 0.065749, 0.066165, 0.066399, 0.06661, 0.067083, 0.067255, 0.067508, 0.067598, 0.067684, 0.067959, 0.067972, 0.068097, 0.068279, 0.068435, 0.068545, 0.068724, 0.068785, 0.068885, 0.069702, 0.069724, 0.069779, 0.069817, 0.069818, 0.06987, 0.070072, 0.070495, 0.070693, 0.07074, 0.07095, 0.071155, 0.071244, 0.071322, 0.071365, 0.071396, 0.071455, 0.071917, 0.071946, 0.072328, 0.072541, 0.073217, 0.073255, 0.073597, 0.073706, 0.073837, 0.073995, 0.074058, 0.074154, 0.074215, 0.074256, 0.074346, 0.074855, 0.074872, 0.075213, 0.075504, 0.075521, 0.07558, 0.075898, 0.075924, 0.076125, 0.076337, 0.076604, 0.076611, 0.076651, 0.076894, 0.077155, 0.077163, 0.077387, 0.077634, 0.077677, 0.077821, 0.079065, 0.079167, 0.079564, 0.080041, 0.080063, 0.080302, 0.080615, 0.080636, 0.080724, 0.08076, 0.081008, 0.081043, 0.081216, 0.081286, 0.081327, 0.08145, 0.081601, 0.081621, 0.081683, 0.081948, 0.082092, 0.082311, 0.082347, 0.082367, 0.082433, 0.082595, 0.082837, 0.08285, 0.08309, 0.083201, 0.083412, 0.083542, 0.084086, 0.08436, 0.084467, 0.084598, 0.085009, 0.085024, 0.085064, 0.085193, 0.085355, 0.085401, 0.085572, 0.085742, 0.085853, 0.085942, 0.086109, 0.086194, 0.086744, 0.086937, 0.086999, 0.087545, 0.088161, 0.088829, 0.088856, 0.08902, 0.089086, 0.089221, 0.08934, 0.089442, 0.089527, 0.089764, 0.089825, 0.090144, 0.090188, 0.090592, 0.090733, 0.090756, 0.091005, 0.091261, 0.091355, 0.091625, 0.091715, 0.09195, 0.092139, 0.092324, 0.092348, 0.092505, 0.092552, 0.093054, 0.093333, 0.093582, 0.093841, 0.093969, 0.094307, 0.094952, 0.095322, 0.095366, 0.095459, 0.095533, 0.095774, 0.096234, 0.096356, 0.096607, 0.09669, 0.096892, 0.096897, 0.097111, 0.097465, 0.09769, 0.097748, 0.097832, 0.098509, 0.099024, 0.099044, 0.099055, 0.099422, 0.100025, 0.100174, 0.100291, 0.100321, 0.100441, 0.100646, 0.100787, 0.100886, 0.100952, 0.101085, 0.101098, 0.101331, 0.101442, 0.101463, 0.101691, 0.101743, 0.101812, 0.101829, 0.101937, 0.102377, 0.10268, 0.102693, 0.102819, 0.103205, 0.103266, 0.103346, 0.103517, 0.10392, 0.104109, 0.104571, 0.104711, 0.105248, 0.106202, 0.106511, 0.106631, 0.106868, 0.107038, 0.107666, 0.107854, 0.108069, 0.108112, 0.108278, 0.108451, 0.108803, 0.108995, 0.109077, 0.10918, 0.10928, 0.109483, 0.110017, 0.110342, 0.110606, 0.11072, 0.111224, 0.111349, 0.111581, 0.11164, 0.11169, 0.111843, 0.111907, 0.111948, 0.112068, 0.112125, 0.112187, 0.11255, 0.112574, 0.113231, 0.11344, 0.113628, 0.113764, 0.113968, 0.114171, 0.114196, 0.114448, 0.11453, 0.114655, 0.114836, 0.114926, 0.115002, 0.115034, 0.115352, 0.11547, 0.115637, 0.115697, 0.116072, 0.116236, 0.116304, 0.116526, 0.116549, 0.11679, 0.116806, 0.117209, 0.117255, 0.117344, 0.117358, 0.117511, 0.117921, 0.11803, 0.118317, 0.118403, 0.11859, 0.118749, 0.118817, 0.119189, 0.119484, 0.120083, 0.120122, 0.120213, 0.120787, 0.121367, 0.12146, 0.121708, 0.121748, 0.122107, 0.122127, 0.122383, 0.122552, 0.122591, 0.122702, 0.12274, 0.122769, 0.123121, 0.123939, 0.123961, 0.124145, 0.124604, 0.124623, 0.124708, 0.124866, 0.125089, 0.125214, 0.125255, 0.125309, 0.125945, 0.125991, 0.126026, 0.126034, 0.126603, 0.12672, 0.127021, 0.127094, 0.127242, 0.12748, 0.127504, 0.127678, 0.127878, 0.127953, 0.127981, 0.128156, 0.128186, 0.128585, 0.128747, 0.129697, 0.129734, 0.129824, 0.129918, 0.130775, 0.131094, 0.131331, 0.131483, 0.13163, 0.131663, 0.132026, 0.132084, 0.13233, 0.133005, 0.133146, 0.133467, 0.133524, 0.134103, 0.134116, 0.134483, 0.134497, 0.134749, 0.134833, 0.13493, 0.135272, 0.135351, 0.135752, 0.136236, 0.136403, 0.13672, 0.136953, 0.137191, 0.137242, 0.13726, 0.13763, 0.137766, 0.137857, 0.13802, 0.138433, 0.138631, 0.13921, 0.139632, 0.139767, 0.13999, 0.140318, 0.140641, 0.141047, 0.141914, 0.142009, 0.142535, 0.14271, 0.143129, 0.143132, 0.144852, 0.145107, 0.145609, 0.145772, 0.145795, 0.145808, 0.146002, 0.146155, 0.146172, 0.147804, 0.147821, 0.147894, 0.148181, 0.148388, 0.148999, 0.149009, 0.149286, 0.149455, 0.14973, 0.149783, 0.149961, 0.150045, 0.150202, 0.150439, 0.150574, 0.150592, 0.150613, 0.150972, 0.150999, 0.15134, 0.151641, 0.151824, 0.152201, 0.152466, 0.152484, 0.15273, 0.153068, 0.153835, 0.154228, 0.154856,