{"sigma_r": 1.5244, "sigma_i": 0.8747, "m": 1, "seed": 680905534, "n_k": {"1": 4030, "2": 979, "3": 236, "4": 56, "5": 7, "6+": 0}, "dlogr": [0.001056, 0.001836, 0.002038, 0.00242, 0.002517, 0.00252, 0.002634, 0.002929, 0.002971, 0.00319, 0.003287, 0.003474, 0.00354, 0.003973, 0.004087, 0.004396, 0.004413, 0.004686, 0.004722, 0.004727, 0.004859, 0.004869, 0.00527, 0.005321, 0.005334, 0.005407, 0.005431, 0.005607, 0.006095, 0.006258, 0.006317, 0.006469, 0.006569, 0.006717, 0.006823, 0.007087, 0.007142, 0.007273, 0.007338, 0.007575, 0.008009, 0.008513, 0.00861, 0.008696, 0.008781, 0.008787, 0.00899, 0.009196, 0.009252, 0.009321, 0.009339, 0.009389, 0.00955, 0.009813, 0.009985, 0.010362, 0.010481, 0.010699, 0.010708, 0.010931, 0.010999, 0.011068, 0.011165, 0.01143, 0.011585, 0.011595, 0.011608, 0.011945, 0.011966, 0.012496, 0.012567, 0.012913, 0.013057, 0.013106, 0.013334, 0.013427, 0.013755, 0.013788, 0.013865, 0.014015, 0.014054, 0.014142, 0.014183, 0.014557, 0.014563, 0.014757, 0.014913, 0.014938, 0.015021, 0.015027, 0.015121, 0.015243, 0.015452, 0.015565, 0.015592, 0.015709, 0.015735, 0.01593, 0.016057, 0.016163, 0.016221, 0.016479, 0.016522, 0.016544, 0.016569, 0.016621, 0.017026, 0.017083, 0.017178, 0.017424, 0.017792, 0.017956, 0.018186, 0.018278, 0.018284, 0.018386, 0.018517, 0.018914, 0.018973, 0.019046, 0.019265, 0.019275, 0.019582, 0.019681, 0.019939, 0.020091, 0.020596, 0.02061, 0.020795, 0.020879, 0.020901, 0.021389, 0.021404, 0.021506, 0.022017, 0.022058, 0.022281, 0.02245, 0.022616, 0.022752, 0.022868, 0.023224, 0.023558, 0.023563, 0.023818, 0.023954, 0.024026, 0.024366, 0.024547, 0.024882, 0.025003, 0.025325, 0.025383, 0.02549, 0.025496, 0.025582, 0.025608, 0.025961, 0.02599, 0.026211, 0.026281, 0.026495, 0.026601, 0.026625, 0.026711, 0.026723, 0.026894, 0.026969, 0.027172, 0.027365, 0.027573, 0.027582, 0.027725, 0.027788, 0.027812, 0.027891, 0.028115, 0.028205, 0.028638, 0.028668, 0.028696, 0.028782, 0.028946, 0.029085, 0.029094, 0.029146, 0.029203, 0.029515, 0.029632, 0.029704, 0.029745, 0.029766, 0.029862, 0.029926, 0.029966, 0.030067, 0.030072, 0.030204, 0.030474, 0.030858, 0.030875, 0.031128, 0.031193, 0.031245, 0.031411, 0.031452, 0.031475, 0.031503, 0.031731, 0.032377, 0.03259, 0.032595, 0.032888, 0.032992, 0.033036, 0.033112, 0.033245, 0.033269, 0.033547, 0.033683, 0.033755, 0.034093, 0.034129, 0.034736, 0.034783, 0.034908, 0.034946, 0.034958, 0.035081, 0.035387, 0.035491, 0.035647, 0.035798, 0.035892, 0.035918, 0.036065, 0.036106, 0.03615, 0.036158, 0.036218, 0.036266, 0.036391, 0.036401, 0.03667, 0.036702, 0.036895, 0.037354, 0.037493, 0.03779, 0.037909, 0.038485, 0.039484, 0.039978, 0.040273, 0.040276, 0.040502, 0.040753, 0.040857, 0.040928, 0.041447, 0.041525, 0.041652, 0.041721, 0.041774, 0.041796, 0.042186, 0.04221, 0.042219, 0.042578, 0.043299, 0.043366, 0.043683, 0.043939, 0.043978, 0.043989, 0.044566, 0.04465, 0.044729, 0.044773, 0.044931, 0.045341, 0.04543, 0.045463, 0.045467, 0.045582, 0.04573, 0.046041, 0.046423, 0.046434, 0.046646, 0.046775, 0.046807, 0.046822, 0.047022, 0.047204, 0.047665, 0.047799, 0.047857, 0.048148, 0.048345, 0.048757, 0.04876, 0.04934, 0.049349, 0.050036, 0.05009, 0.050092, 0.050182, 0.050212, 0.050393, 0.050423, 0.050591, 0.050603, 0.050806, 0.050816, 0.051061, 0.051422, 0.051479, 0.051553, 0.051793, 0.051885, 0.052306, 0.05234, 0.052503, 0.052631, 0.052734, 0.052808, 0.052896, 0.052977, 0.053078, 0.053195, 0.053588, 0.053741, 0.053885, 0.053937, 0.054082, 0.05434, 0.054434, 0.054582, 0.054759, 0.054814, 0.055198, 0.055769, 0.055947, 0.056813, 0.056875, 0.057018, 0.057022, 0.057096, 0.057118, 0.057119, 0.057181, 0.057343, 0.057427, 0.057432, 0.057433, 0.057764, 0.057873, 0.057944, 0.057994, 0.05808, 0.058253, 0.058552, 0.058567, 0.058569, 0.058767, 0.058902, 0.058966, 0.05921, 0.05934, 0.059384, 0.059538, 0.059617, 0.05968, 0.059748, 0.059802, 0.060307, 0.060595, 0.060795, 0.060956, 0.061219, 0.061219, 0.061675, 0.061715, 0.061826, 0.061885, 0.061965, 0.062035, 0.062138, 0.062187, 0.06286, 0.063114, 0.063575, 0.06358, 0.063686, 0.063897, 0.064078, 0.064431, 0.064499, 0.064679, 0.064936, 0.065085, 0.065239, 0.065452, 0.065517, 0.065564, 0.065614, 0.065629, 0.065679, 0.065825, 0.066218, 0.066451, 0.066515, 0.066531, 0.06665, 0.06667, 0.066762, 0.066853, 0.066868, 0.066886, 0.067307, 0.067429, 0.067915, 0.068012, 0.068053, 0.068078, 0.068295, 0.068476, 0.068564, 0.068784, 0.068926, 0.069058, 0.069193, 0.069277, 0.069909, 0.069936, 0.07001, 0.07031, 0.070668, 0.07081, 0.070886, 0.071116, 0.07131, 0.071314, 0.071317, 0.071424, 0.07153, 0.071636, 0.071826, 0.071962, 0.071962, 0.072089, 0.072205, 0.072207, 0.072233, 0.072353, 0.07237, 0.07251, 0.072579, 0.07291, 0.07305, 0.073065, 0.073336, 0.073492, 0.07369, 0.073751, 0.073884, 0.074279, 0.074292, 0.074638, 0.074669, 0.074684, 0.074992, 0.075034, 0.075212, 0.075275, 0.0754, 0.075491, 0.075738, 0.075826, 0.075878, 0.076191, 0.07629, 0.076449, 0.076746, 0.07678, 0.076859, 0.077373, 0.077553, 0.078027, 0.078154, 0.078788, 0.078789, 0.078921, 0.079365, 0.079443, 0.079475, 0.079585, 0.07977, 0.080534, 0.08068, 0.080729, 0.080864, 0.080888, 0.080931, 0.081058, 0.08118, 0.0813, 0.081521, 0.082558, 0.08262, 0.082744, 0.082799, 0.082815, 0.082868, 0.083003, 0.08302, 0.083109, 0.083821, 0.083909, 0.084393, 0.084598, 0.084615, 0.084777, 0.084796, 0.084832, 0.084903, 0.085087, 0.085214, 0.085382, 0.085457, 0.085521, 0.085845, 0.086277, 0.086689, 0.08683, 0.086996, 0.087241, 0.087302, 0.087459, 0.087709, 0.088102, 0.088177, 0.088333, 0.088416, 0.088614, 0.089591, 0.089719, 0.089733, 0.090031, 0.090232, 0.090315, 0.09068, 0.090905, 0.090912, 0.09113, 0.091457, 0.091602, 0.092193, 0.092246, 0.092306, 0.093404, 0.094323, 0.094455, 0.094662, 0.095308, 0.09535, 0.095361, 0.095417, 0.095651, 0.096243, 0.096442, 0.096914, 0.097424, 0.097426, 0.097505, 0.098248, 0.098351, 0.0984, 0.098573, 0.098738, 0.09881, 0.099084, 0.09913, 0.099372, 0.099669, 0.099828, 0.099866, 0.100124, 0.100359, 0.100376, 0.100545, 0.100669, 0.100714, 0.100911, 0.101062, 0.101315, 0.101482, 0.10151, 0.10152, 0.101682, 0.101892, 0.101975, 0.102144, 0.10219, 0.102229, 0.102932, 0.103009, 0.103861, 0.104067, 0.104103, 0.104117, 0.104216, 0.104274, 0.104678, 0.104928, 0.10523, 0.105293, 0.105391, 0.105548, 0.10563, 0.106212, 0.106298, 0.106643, 0.106703, 0.106915, 0.107077, 0.107084, 0.107278, 0.107389, 0.107424, 0.107463, 0.107482, 0.107657, 0.108119, 0.108328, 0.108751, 0.108844, 0.109194, 0.109259, 0.109564, 0.109708, 0.109715, 0.109829, 0.109905, 0.110094, 0.110114, 0.110183, 0.110468, 0.110469, 0.110662, 0.110766, 0.111307, 0.111621, 0.111655, 0.111953, 0.112101, 0.112234, 0.112309, 0.11245, 0.112533, 0.112853, 0.112939, 0.113072, 0.113487, 0.113525, 0.113577, 0.114179, 0.114181, 0.11452, 0.114553, 0.114589, 0.11472, 0.114797, 0.115117, 0.115234, 0.115431, 0.115484, 0.116103, 0.116295, 0.116529, 0.117011, 0.117562, 0.117998, 0.11827, 0.118363, 0.118366, 0.118539, 0.118588, 0.118614, 0.118637, 0.118682, 0.118786, 0.119586, 0.120086, 0.120237, 0.12037, 0.120534, 0.120648, 0.120707, 0.120881, 0.121012, 0.121028, 0.121068, 0.121244, 0.121324, 0.121504, 0.12201, 0.122284, 0.122295, 0.122755, 0.123023, 0.123124, 0.123149, 0.123407, 0.12349, 0.123732, 0.123944, 0.123952, 0.123962, 0.123978, 0.124088, 0.124096, 0.124148, 0.124235, 0.12443, 0.124722, 0.125038, 0.125138, 0.12532, 0.125366, 0.125491, 0.125552, 0.126275, 0.126368, 0.126473, 0.127109, 0.127362, 0.127543, 0.127548, 0.127631, 0.127724, 0.127876, 0.127889, 0.128147, 0.128176, 0.128379, 0.128611, 0.128819, 0.128851, 0.128943, 0.129771, 0.12989, 0.129978, 0.129994, 0.130167, 0.130431, 0.130729, 0.13122, 0.13134, 0.13136, 0.131623, 0.132283, 0.132346, 0.132369, 0.13245, 0.132525, 0.132648, 0.132666, 0.132807, 0.133022, 0.133096, 0.133164, 0.133794, 0.133912, 0.134067, 0.134494, 0.134675, 0.135164, 0.135212, 0.135485, 0.135971, 0.136366, 0.136414, 0.136422, 0.136643, 0.136774, 0.136868, 0.136971, 0.13709, 0.137472, 0.137557, 0.137705, 0.137825, 