{"sigma_r": 1.9103, "sigma_i": 1.4304, "m": 2, "seed": 1906384551, "n_k": {"1": 4332, "2": 902, "3": 212, "4": 31, "5": 1, "6+": 2}, "dlogr": [4.9e-05, 8e-05, 0.00035, 0.000404, 0.000809, 0.000863, 0.00125, 0.001306, 0.001317, 0.001765, 0.001789, 0.002267, 0.00234, 0.002347, 0.002595, 0.002684, 0.002873, 0.002999, 0.003166, 0.003571, 0.003625, 0.003754, 0.003797, 0.003931, 0.004625, 0.004634, 0.004867, 0.004898, 0.005082, 0.005246, 0.005257, 0.005334, 0.005363, 0.005847, 0.005986, 0.006033, 0.00616, 0.006756, 0.006995, 0.007002, 0.007028, 0.007133, 0.007398, 0.007422, 0.007488, 0.007669, 0.008067, 0.008272, 0.008312, 0.008603, 0.008658, 0.008882, 0.008917, 0.0093, 0.009576, 0.009608, 0.009614, 0.00972, 0.009771, 0.009827, 0.010283, 0.010289, 0.010418, 0.010545, 0.011128, 0.011136, 0.011345, 0.011386, 0.011439, 0.011538, 0.011561, 0.01175, 0.011803, 0.012264, 0.012352, 0.012776, 0.012995, 0.013133, 0.013161, 0.013215, 0.013337, 0.013629, 0.014009, 0.01421, 0.014471, 0.014732, 0.014735, 0.014754, 0.015005, 0.015155, 0.015192, 0.01571, 0.015789, 0.015999, 0.016059, 0.016123, 0.016217, 0.016768, 0.01683, 0.017278, 0.017344, 0.017534, 0.017607, 0.017669, 0.017784, 0.018225, 0.018253, 0.018361, 0.018371, 0.018513, 0.01898, 0.019025, 0.019094, 0.019188, 0.019484, 0.019563, 0.019951, 0.020377, 0.020497, 0.020524, 0.020577, 0.021435, 0.021696, 0.021843, 0.021902, 0.02198, 0.022048, 0.022049, 0.022163, 0.022258, 0.022449, 0.023046, 0.023185, 0.023195, 0.023373, 0.023539, 0.023688, 0.024246, 0.024401, 0.024461, 0.024521, 0.024691, 0.024741, 0.024828, 0.024945, 0.025234, 0.025358, 0.025505, 0.025664, 0.025792, 0.025934, 0.026665, 0.026799, 0.026916, 0.027147, 0.027195, 0.027397, 0.027399, 0.027743, 0.028301, 0.028405, 0.0285, 0.028505, 0.029231, 0.029259, 0.029289, 0.029423, 0.030035, 0.030148, 0.030271, 0.030358, 0.030434, 0.030489, 0.030967, 0.03125, 0.031253, 0.031449, 0.031672, 0.031725, 0.031737, 0.032004, 0.032267, 0.032471, 0.032833, 0.033197, 0.0332, 0.033487, 0.034194, 0.03449, 0.034686, 0.034703, 0.034754, 0.035039, 0.035314, 0.035579, 0.03559, 0.035689, 0.036581, 0.036825, 0.036968, 0.037228, 0.037302, 0.037638, 0.037663, 0.037849, 0.037868, 0.038168, 0.03866, 0.039134, 0.039283, 0.039758, 0.039948, 0.040164, 0.040229, 0.040736, 0.041, 0.041081, 0.042572, 0.042716, 0.043227, 0.043274, 0.043525, 0.04364, 0.043668, 0.043978, 0.044073, 0.044188, 0.044519, 0.045181, 0.045311, 0.045669, 0.045682, 0.045746, 0.045841, 0.045988, 0.046324, 0.047705, 0.047716, 0.04809, 0.048134, 0.04866, 0.049061, 0.049128, 0.049188, 0.049285, 0.049838, 0.04985, 0.049852, 0.050016, 0.050225, 0.050249, 0.050502, 0.050506, 0.050535, 0.050549, 0.050666, 0.050715, 0.050747, 0.050899, 0.050973, 0.051015, 0.051039, 0.051178, 0.051249, 0.05129, 0.051701, 0.051881, 0.052093, 0.052122, 0.052635, 0.052849, 0.053081, 0.053227, 0.053325, 0.053447, 0.053556, 0.053675, 0.053692, 0.054144, 0.054333, 0.055184, 0.05526, 0.055301, 0.055617, 0.056073, 0.056412, 0.056442, 0.056616, 0.057129, 0.057517, 0.057517, 0.05752, 0.057542, 0.057632, 0.057693, 0.05777, 0.057775, 0.057851, 0.057966, 0.058111, 0.05829, 0.058604, 0.059376, 0.059928, 0.060294, 0.060364, 0.06041, 0.060452, 0.060794, 0.060942, 0.060978, 0.061066, 0.061314, 0.061409, 0.061432, 0.061501, 0.061565, 0.061592, 0.061649, 0.061706, 0.061972, 0.062031, 0.062302, 0.062357, 0.062446, 0.062812, 0.062882, 0.062961, 0.063147, 0.063307, 0.063615, 0.063637, 0.06384, 0.064321, 0.064779, 0.065106, 0.065356, 0.065359, 0.065577, 0.06561, 0.065838, 0.065872, 0.066911, 0.067069, 0.067557, 0.067582, 0.068941, 0.069154, 0.069252, 0.069587, 0.069726, 0.070881, 0.070886, 0.071223, 0.071249, 0.071509, 0.071622, 0.071744, 0.07185, 0.071925, 0.072205, 0.072206, 0.072253, 0.073225, 0.07327, 0.073472, 0.073667, 0.074119, 0.07421, 0.074614, 0.074649, 0.074887, 0.075084, 0.075788, 0.075871, 0.076949, 0.077187, 0.077345, 0.077519, 0.077581, 0.077677, 0.077728, 0.077732, 0.078233, 0.07832, 0.078691, 0.078847, 0.079491, 0.079775, 0.080133, 0.080178, 0.080224, 0.080339, 0.080477, 0.080572, 0.080827, 0.080842, 0.080877, 0.081123, 0.081128, 0.081158, 0.081395, 0.081406, 0.081608, 0.082542, 0.082568, 0.082784, 0.082877, 0.083505, 0.083516, 0.083689, 0.084044, 0.084075, 0.084224, 0.084641, 0.084675, 0.08502, 0.085277, 0.085616, 0.085691, 0.085811, 0.086126, 0.086551, 0.086567, 0.086592, 0.086948, 0.087182, 0.087323, 0.087577, 0.087708, 0.087964, 0.088167, 0.08819, 0.088567, 0.088615, 0.08925, 0.08931, 0.089429, 0.08981, 0.090116, 0.090322, 0.090758, 0.091008, 0.091122, 0.09145, 0.091541, 0.092325, 0.092875, 0.093022, 0.093143, 0.09317, 0.093344, 0.093467, 0.093487, 0.093638, 0.0941, 0.0943, 0.094324, 0.094915, 0.094966, 0.095056, 0.095058, 0.095745, 0.0959, 0.096007, 0.096364, 0.096539, 0.09657, 0.096649, 0.096664, 0.096872, 0.097218, 0.097696, 0.098103, 0.098177, 0.098209, 0.098305, 0.098414, 0.098418, 0.099017, 0.099109, 0.09914, 0.099237, 0.099357, 0.099838, 0.099917, 0.100255, 0.100356, 0.10052, 0.100696, 0.100728, 0.100775, 0.10089, 0.100961, 0.101182, 0.10136, 0.101418, 0.101657, 0.10177, 0.102136, 0.102285, 0.102353, 0.102476, 0.102568, 0.10262, 0.102636, 0.103451, 0.103895, 0.104097, 0.104122, 0.104199, 0.104567, 0.104646, 0.10471, 0.104949, 0.104952, 0.105104, 0.105411, 0.105661, 0.105716, 0.105769, 0.10594, 0.106243, 0.106903, 0.106938, 0.107109, 0.107147, 0.107163, 0.107225, 0.107328, 0.107532, 0.107647, 0.107871, 0.107912, 0.110289, 0.110303, 0.110813, 0.110856, 0.110866, 0.111335, 0.111547, 0.111658, 0.111781, 0.112115, 0.112272, 0.112509, 0.112845, 0.113021, 0.113131, 0.113149, 0.113222, 0.113228, 0.113618, 0.113871, 0.113896, 0.11414, 0.11424, 0.115317, 0.115498, 0.115578, 0.115733, 0.116001, 0.116509, 0.116586, 0.116745, 0.116911, 0.117295, 0.117515, 0.117715, 0.117822, 0.117998, 0.118056, 0.118405, 0.118448, 0.11846, 0.11894, 0.119017, 0.119574, 0.120768, 0.121448, 0.12216, 0.122166, 0.122325, 0.122502, 0.122728, 0.122828, 0.124114, 0.124348, 0.125214, 0.125521, 0.125666, 0.1257, 0.125989, 0.125995, 0.126428, 0.127153, 0.12723, 0.127293, 0.127549, 0.127709, 0.127909, 0.127967, 0.128004, 0.128272, 0.12842, 0.129046, 0.129154, 0.129234, 0.129613, 0.129892, 0.130048, 0.130962, 0.131893, 0.132103, 0.132548, 0.133148, 0.133292, 0.133386, 0.13344, 0.13352, 0.134101, 0.134492, 0.134549, 0.134647, 0.134827, 0.134869, 0.135154, 0.135201, 0.136011, 0.136231, 0.13625, 0.136625, 0.136734, 0.136853, 0.136975, 0.137244, 0.13826, 0.13841, 0.138589, 0.139278, 0.139643, 0.140281, 0.140568, 0.14191, 0.142066, 0.14255, 0.142962, 0.143303, 0.143416, 0.143493, 0.144425, 0.144712, 0.145913, 0.146197, 0.146936, 0.147024, 0.147049, 0.147126, 0.147317, 0.147344, 0.147369, 0.147837, 0.148023, 0.148604, 0.148708, 0.148973, 0.150984, 0.151662, 0.152126, 0.152177, 0.152224, 0.152372, 0.153076, 0.153077, 0.15442, 0.154547, 0.154628, 0.155511, 0.155664, 0.155747, 0.15585, 0.15613, 0.156941, 0.157339, 0.157425, 0.157867, 0.157916, 0.158048, 0.158188, 0.158416, 0.158748, 0.159151, 0.159378, 0.15952, 0.159525, 0.159552, 0.15968, 0.15985, 0.160064, 0.160612, 0.160847, 0.161389, 0.16185, 0.162321, 0.162928, 0.162971, 0.163145, 0.163525, 0.163653, 0.16425, 0.164354, 0.164379, 0.164459, 0.164648, 0.164873, 0.165256, 0.165625, 0.166775, 0.166859, 0.166902, 0.167046, 0.167289, 0.16747, 0.167509, 0.167757, 0.168064, 0.168645, 0.168939, 0.169222, 0.169232, 0.169569, 0.1705, 0.170763, 0.171075, 0.171295, 0.171339, 0.171522, 0.171861, 0.172648, 0.173412, 0.173482, 0.174132, 0.174135, 0.174585, 0.175216, 0.175265, 0.175266, 0.175267, 0.175516, 0.176553, 0.176609, 0.176804, 0.176822, 0.176968, 0.177213, 0.177341, 0.17813, 0.178856, 0.17892, 0.179086, 0.179153, 0.179189, 0.179748, 0.180053, 0.180165, 0.18108, 0.181986, 0.182287, 0.183016, 0.183791, 0.183847, 0.184095, 0.1844, 0.184484, 0.184716, 0.184896, 0.185028, 0.185349, 0.185456, 0.185483, 0.185517, 0.18583, 0.1861, 0.186422, 0.187004, 0.187281, 0.187504, 0.187668, 0.1879, 0.188748, 0.188759, 0.189073, 0.189213, 0.189298, 0.189647, 0.189681, 