{"sigma_r": 1.9103, "sigma_i": 0.3271, "m": 3, "seed": 4259976401, "n_k": {"1": 3966, "2": 982, "3": 256, "4": 66, "5": 16, "6+": 6}, "dlogr": [0.000218, 0.000219, 0.000372, 0.000393, 0.000522, 0.000652, 0.00077, 0.000846, 0.000848, 0.000884, 0.000971, 0.001071, 0.00109, 0.001334, 0.001432, 0.00152, 0.001576, 0.002098, 0.002225, 0.002569, 0.002659, 0.002806, 0.003125, 0.00313, 0.003132, 0.003293, 0.003352, 0.003696, 0.003726, 0.003745, 0.003773, 0.003822, 0.003828, 0.004073, 0.004111, 0.004276, 0.004544, 0.004554, 0.004689, 0.004867, 0.004903, 0.004991, 0.005191, 0.005326, 0.005631, 0.005704, 0.006008, 0.006046, 0.00627, 0.006421, 0.006558, 0.006639, 0.006809, 0.006944, 0.006964, 0.007035, 0.007109, 0.007279, 0.007406, 0.007407, 0.007665, 0.00783, 0.008077, 0.008118, 0.008453, 0.008678, 0.008705, 0.008741, 0.008783, 0.008976, 0.008999, 0.009044, 0.009086, 0.00952, 0.009759, 0.0101, 0.010121, 0.010263, 0.010265, 0.010381, 0.010395, 0.010519, 0.010716, 0.010723, 0.011097, 0.01147, 0.011676, 0.01173, 0.011822, 0.012145, 0.012592, 0.012953, 0.01298, 0.013147, 0.013387, 0.01352, 0.013539, 0.013913, 0.014238, 0.014273, 0.014436, 0.014539, 0.014545, 0.014771, 0.014789, 0.014793, 0.014802, 0.015061, 0.015539, 0.01565, 0.015703, 0.016325, 0.016697, 0.016698, 0.0168, 0.016933, 0.017011, 0.017048, 0.017091, 0.017103, 0.017294, 0.018072, 0.018075, 0.018116, 0.018207, 0.018219, 0.018236, 0.018342, 0.018441, 0.019096, 0.019128, 0.019347, 0.019522, 0.019574, 0.019681, 0.019952, 0.019964, 0.020011, 0.020388, 0.02064, 0.021066, 0.021183, 0.021416, 0.021524, 0.021612, 0.02162, 0.021623, 0.02171, 0.022082, 0.022504, 0.022645, 0.022712, 0.022917, 0.022956, 0.022983, 0.023034, 0.023346, 0.023397, 0.023476, 0.023605, 0.023788, 0.02381, 0.023992, 0.024184, 0.024257, 0.024584, 0.024739, 0.024999, 0.025143, 0.025381, 0.025532, 0.025659, 0.025782, 0.025859, 0.025989, 0.025994, 0.026076, 0.026199, 0.026634, 0.026736, 0.027052, 0.027342, 0.027541, 0.027857, 0.027952, 0.028267, 0.028517, 0.028567, 0.028578, 0.028706, 0.029022, 0.029066, 0.029187, 0.02931, 0.029741, 0.029765, 0.029829, 0.030174, 0.030283, 0.030406, 0.030562, 0.030626, 0.030793, 0.031178, 0.031676, 0.03174, 0.031989, 0.032089, 0.032124, 0.032503, 0.03267, 0.032886, 0.032938, 0.033008, 0.033175, 0.033383, 0.033518, 0.033563, 0.033738, 0.033781, 0.033815, 0.034418, 0.034455, 0.034717, 0.034858, 0.035259, 0.03527, 0.035363, 0.035717, 0.035965, 0.036226, 0.036295, 0.036532, 0.036603, 0.036641, 0.037267, 0.037273, 0.037339, 0.037661, 0.037798, 0.03832, 0.038387, 0.038412, 0.038432, 0.038662, 0.039133, 0.039207, 0.039838, 0.039845, 0.039911, 0.039937, 0.039956, 0.040035, 0.040183, 0.040273, 0.040284, 0.040707, 0.040917, 0.041039, 0.041552, 0.041795, 0.042172, 0.042209, 0.042625, 0.042694, 0.042903, 0.04293, 0.043041, 0.043097, 0.043392, 0.043681, 0.044269, 0.044583, 0.044615, 0.04468, 0.044702, 0.04484, 0.044923, 0.045043, 0.045185, 0.045197, 0.045336, 0.045351, 0.04557, 0.04569, 0.045919, 0.045951, 0.046206, 0.046334, 0.046363, 0.046449, 0.046761, 0.047108, 0.047206, 0.047518, 0.047585, 0.04808, 0.048449, 0.048572, 0.048633, 0.048992, 0.049082, 0.049122, 0.049144, 0.049291, 0.049519, 0.04972, 0.050069, 0.050153, 0.050169, 0.050277, 0.050362, 0.050398, 0.050462, 0.050478, 0.050513, 0.050521, 0.050617, 0.050703, 0.050859, 0.051139, 0.051309, 0.051317, 0.051864, 0.051927, 0.051989, 0.052175, 0.052273, 0.052337, 0.052549, 0.052577, 0.052627, 0.05271, 0.052711, 0.0528, 0.052844, 0.053033, 0.05314, 0.053149, 0.053391, 0.053495, 0.053708, 0.053769, 0.054353, 0.054358, 0.054487, 0.054604, 0.054708, 0.054799, 0.054893, 0.054895, 0.055285, 0.055441, 0.055654, 0.055703, 0.055805, 0.055969, 0.056125, 0.056209, 0.056345, 0.056648, 0.056697, 0.056741, 0.057375, 0.057456, 0.0576, 0.057692, 0.058229, 0.058317, 0.058545, 0.058748, 0.058884, 0.059022, 0.059067, 0.059205, 0.059239, 0.059251, 0.059413, 0.059921, 0.059971, 0.059971, 0.0601, 0.060119, 0.060137, 0.060154, 0.060179, 0.060244, 0.060297, 0.060392, 0.060711, 0.061021, 0.061051, 0.061217, 0.061227, 0.061381, 0.061523, 0.061615, 0.061699, 0.061709, 0.062095, 0.06225, 0.062372, 0.062554, 0.062555, 0.062668, 0.062671, 0.06286, 0.062993, 0.063057, 0.063115, 0.063218, 0.063226, 0.06345, 0.063608, 0.063638, 0.063754, 0.063863, 0.06428, 0.064369, 0.064471, 0.064694, 0.064975, 0.065284, 0.065285, 0.065365, 0.065518, 0.065644, 0.065732, 0.066172, 0.066224, 0.066307, 0.06634, 0.066435, 0.066721, 0.067366, 0.067468, 0.067619, 0.067786, 0.068646, 0.068651, 0.068856, 0.069457, 0.069619, 0.070109, 0.07011, 0.070118, 0.070179, 0.070338, 0.07046, 0.070746, 0.070863, 0.070903, 0.070987, 0.071023, 0.071434, 0.071449, 0.071529, 0.071632, 0.071881, 0.072041, 0.072094, 0.072405, 0.07282, 0.072827, 0.073081, 0.073446, 0.073547, 0.073565, 0.073779, 0.074, 0.074118, 0.074124, 0.074177, 0.074346, 0.074554, 0.074572, 0.074647, 0.074743, 0.074839, 0.075044, 0.075055, 0.0751, 0.075175, 0.075344, 0.075395, 0.075434, 0.075607, 0.075655, 0.075689, 0.076234, 0.076271, 0.076598, 0.076705, 0.076961, 0.077123, 0.077209, 0.077536, 0.077749, 0.077975, 0.078015, 0.078259, 0.078488, 0.078759, 0.078914, 0.07899, 0.079132, 0.079495, 0.07951, 0.079928, 0.079939, 0.079967, 0.079996, 0.080168, 0.080384, 0.080745, 0.080966, 0.080974, 0.081312, 0.081363, 0.081408, 0.081966, 0.082073, 0.082756, 0.082985, 0.083193, 0.08331, 0.083411, 0.083956, 0.084185, 0.084584, 0.084765, 0.085103, 0.085136, 0.085228, 0.085359, 0.085558, 0.085575, 0.08563, 0.085729, 0.085754, 0.086426, 0.086871, 0.086927, 0.087096, 0.087185, 0.087206, 0.087268, 0.087277, 0.087425, 0.087561, 0.08763, 0.088217, 0.08827, 0.08838, 0.088821, 0.088964, 0.088974, 0.08911, 0.089242, 0.089392, 0.089449, 0.089546, 0.089823, 0.089823, 0.090058, 0.090106, 0.090234, 0.090253, 0.090367, 0.0909, 0.090961, 0.091472, 0.091602, 0.091711, 0.092053, 0.092073, 0.092595, 0.092724, 0.093264, 0.0933, 0.09342, 0.093455, 0.093604, 0.093929, 0.093992, 0.094196, 0.094503, 0.09456, 0.094835, 0.095564, 0.095604, 0.095784, 0.096034, 0.096469, 0.096485, 0.096495, 0.096499, 0.097198, 0.097409, 0.097498, 0.097669, 0.097746, 0.097749, 0.097807, 0.097856, 0.097877, 0.097993, 0.098075, 0.098282, 0.098285, 0.098357, 0.098376, 0.098568, 0.098624, 0.098835, 0.098906, 0.098957, 0.099023, 0.099095, 0.099133, 0.099226, 0.099294, 0.099383, 0.099385, 0.099751, 0.099898, 0.100202, 0.100739, 0.100829, 0.10095, 0.101328, 0.101392, 0.101437, 0.101682, 0.101693, 0.101848, 0.102003, 0.102009, 0.102049, 0.102071, 0.102146, 0.102246, 0.102506, 0.102604, 0.102785, 0.1028, 0.102914, 0.103394, 0.103702, 0.103813, 0.104047, 0.104131, 0.104277, 0.104315, 0.10435, 0.10452, 0.104883, 0.1052, 0.105202, 0.105222, 0.105693, 0.106116, 0.106263, 0.10647, 0.106619, 0.106716, 0.106817, 0.107305, 0.107417, 0.107583, 0.10841, 0.10847, 0.108623, 0.108881, 0.109113, 0.109336, 0.109383, 0.109669, 0.109849, 0.110316, 0.110404, 0.110804, 0.110836, 0.111069, 0.111313, 0.11143, 0.111436, 0.111507, 0.111753, 0.111821, 0.11261, 0.112913, 0.113266, 0.113269, 0.113394, 0.113604, 0.113742, 0.114001, 0.114046, 0.114627, 0.114715, 0.114842, 0.114984, 0.115198, 0.115444, 0.115607, 0.115742, 0.116059, 0.11607, 0.116145, 0.116225, 0.116226, 0.116246, 0.116522, 0.116658, 0.117251, 0.117519, 0.117616, 0.11793, 0.117983, 0.118132, 0.118256, 0.118388, 0.118466, 0.118484, 0.118663, 0.118944, 0.119369, 0.119622, 0.121279, 0.121467, 0.121669, 0.121765, 0.121903, 0.121997, 0.122067, 0.122186, 0.12269, 0.122771, 0.123599, 0.123922, 0.124486, 0.124515, 0.124536, 0.12486, 0.124992, 0.124994, 0.125025, 0.125083, 0.125098, 0.125211, 0.125483, 0.125613, 0.125631, 0.125697, 0.126624, 0.126707, 0.127131, 0.12724, 0.127281, 0.127587, 0.127715, 0.127792, 0.128113, 0.128359, 0.128434, 0.128446, 0.128475, 0.128534, 0.128718, 0.128791, 0.128992, 0.129083, 0.12949, 0.129625, 0.130053, 0.130342, 0.130551, 0.130789, 0.130849, 0.13102, 0.131196, 0.132099, 0.13223, 0.132665, 0.13326, 0.133495, 0.133637, 0.134578, 0.135028, 0.135058, 0.135379, 0.135469, 0.135591, 