{"sigma_r": 0.9707, "sigma_i": 0.2558, "m": 5, "seed": 3169579780, "n_k": {"1": 3865, "2": 980, "3": 254, "4": 73, "5": 18, "6+": 0}, "dlogr": [0.0, 0.0, 0.0, 4e-05, 5.4e-05, 0.000178, 0.000333, 0.000369, 0.000548, 0.000584, 0.000616, 0.000724, 0.000761, 0.000808, 0.000855, 0.000932, 0.001155, 0.001313, 0.001333, 0.001415, 0.001458, 0.001538, 0.001628, 0.001701, 0.002049, 0.002136, 0.002144, 0.002215, 0.00235, 0.002373, 0.002378, 0.002427, 0.002453, 0.002462, 0.002804, 0.002855, 0.003199, 0.003283, 0.003453, 0.003646, 0.003674, 0.003955, 0.004092, 0.004283, 0.004295, 0.004478, 0.004557, 0.004646, 0.00465, 0.004666, 0.004673, 0.004678, 0.00478, 0.004805, 0.004849, 0.005085, 0.005159, 0.005229, 0.005364, 0.005688, 0.005747, 0.005768, 0.005925, 0.006264, 0.006412, 0.006438, 0.006554, 0.00657, 0.006923, 0.006989, 0.007233, 0.007329, 0.007353, 0.007386, 0.007681, 0.007694, 0.00785, 0.007916, 0.00808, 0.0081, 0.008255, 0.008845, 0.008866, 0.008991, 0.009019, 0.009043, 0.00908, 0.00927, 0.009381, 0.009391, 0.009482, 0.009572, 0.009724, 0.009921, 0.009965, 0.009966, 0.01022, 0.010348, 0.01035, 0.010397, 0.010432, 0.010662, 0.010738, 0.010853, 0.011004, 0.011018, 0.01111, 0.011294, 0.011519, 0.011582, 0.011651, 0.011757, 0.011843, 0.012083, 0.012132, 0.012138, 0.012361, 0.012619, 0.012649, 0.01265, 0.01273, 0.012771, 0.012907, 0.01307, 0.013192, 0.013267, 0.013419, 0.013431, 0.013816, 0.014213, 0.014288, 0.014424, 0.014828, 0.014868, 0.015029, 0.015103, 0.015192, 0.015212, 0.015292, 0.015345, 0.015429, 0.015462, 0.015605, 0.015687, 0.015699, 0.015703, 0.015739, 0.0159, 0.016185, 0.016289, 0.016467, 0.016487, 0.016684, 0.016706, 0.016741, 0.016795, 0.01689, 0.01726, 0.017297, 0.01764, 0.017649, 0.017731, 0.018082, 0.018181, 0.018296, 0.018378, 0.018384, 0.018738, 0.018793, 0.018896, 0.019008, 0.019127, 0.019206, 0.019468, 0.019485, 0.019523, 0.01957, 0.019664, 0.019734, 0.019799, 0.019863, 0.019929, 0.019979, 0.020101, 0.020184, 0.02064, 0.02069, 0.020726, 0.020751, 0.020894, 0.021017, 0.021069, 0.02138, 0.021583, 0.021771, 0.021792, 0.021967, 0.022086, 0.022187, 0.022377, 0.022473, 0.022582, 0.022621, 0.022622, 0.022729, 0.022795, 0.022883, 0.02326, 0.02356, 0.023937, 0.024, 0.024033, 0.024046, 0.024063, 0.024107, 0.024262, 0.024356, 0.025031, 0.025187, 0.025292, 0.025301, 0.025412, 0.025471, 0.025584, 0.025813, 0.025955, 0.025962, 0.025996, 0.026245, 0.026351, 0.026366, 0.026476, 0.026484, 0.026506, 0.026515, 0.026695, 0.027224, 0.027268, 0.027418, 0.027427, 0.027475, 0.027494, 0.027522, 0.027523, 0.027587, 0.027672, 0.027803, 0.028119, 0.028216, 0.028374, 0.028427, 0.028454, 0.028557, 0.028597, 0.028617, 0.02933, 0.02964, 0.029693, 0.029763, 0.029781, 0.029817, 0.029832, 0.029903, 0.029931, 0.030267, 0.030373, 0.030658, 0.030688, 0.030723, 0.030775, 0.030952, 0.031025, 0.031033, 0.031451, 0.031582, 0.031608, 0.031674, 0.031716, 0.031742, 0.031851, 0.031867, 0.032222, 0.032233, 0.032325, 0.032421, 0.032493, 0.032551, 0.032576, 0.032594, 0.032776, 0.033635, 0.03367, 0.03368, 0.033852, 0.033923, 0.033998, 0.03422, 0.034301, 0.034334, 0.034535, 0.034632, 0.034748, 0.034885, 0.03494, 0.035065, 0.035604, 0.035649, 0.035892, 0.036316, 0.036369, 0.036805, 0.036844, 0.037091, 0.037173, 0.037221, 0.03738, 0.037466, 0.037526, 0.037627, 0.038277, 0.038416, 0.038458, 0.038482, 0.038484, 0.038509, 0.038902, 0.038938, 0.039026, 0.039114, 0.039206, 0.039273, 0.039289, 0.039608, 0.039817, 0.04025, 0.040257, 0.040381, 0.040441, 0.040482, 0.040591, 0.040865, 0.040976, 0.041003, 0.041044, 0.041079, 0.041099, 0.041332, 0.041341, 0.041574, 0.041746, 0.042527, 0.042595, 0.042705, 0.042769, 0.042954, 0.043014, 0.043176, 0.043257, 0.04348, 0.043604, 0.043796, 0.044103, 0.044105, 0.044383, 0.044412, 0.044606, 0.044878, 0.044897, 0.044962, 0.045143, 0.045199, 0.045391, 0.045694, 0.046212, 0.046851, 0.046998, 0.047047, 0.047083, 0.047134, 0.047194, 0.047381, 0.04746, 0.047623, 0.047729, 0.047767, 0.047874, 0.048093, 0.048348, 0.048502, 0.048634, 0.048652, 0.04888, 0.048921, 0.049045, 0.049078, 0.049155, 0.049272, 0.049594, 0.049618, 0.049666, 0.049707, 0.05017, 0.050312, 0.050406, 0.050408, 0.050505, 0.050645, 0.05074, 0.05101, 0.051447, 0.05145, 0.051731, 0.051956, 0.052022, 0.052046, 0.052115, 0.052228, 0.05226, 0.05283, 0.052848, 0.052913, 0.052919, 0.052984, 0.053281, 0.053438, 0.053446, 0.053625, 0.053766, 0.053786, 0.053875, 0.053979, 0.054197, 0.054208, 0.054232, 0.054466, 0.054516, 0.05483, 0.055295, 0.05536, 0.055374, 0.055449, 0.055493, 0.055891, 0.055914, 0.056418, 0.056637, 0.056684, 0.056821, 0.056871, 0.056978, 0.057057, 0.057094, 0.057128, 0.057309, 0.057443, 0.057569, 0.057636, 0.058173, 0.058205, 0.058288, 0.058527, 0.058669, 0.058866, 0.059203, 0.059504, 0.059744, 0.059752, 0.059856, 0.060015, 0.060256, 0.060363, 0.060433, 0.060475, 0.060508, 0.060734, 0.060742, 0.060752, 0.060753, 0.060929, 0.061123, 0.061168, 0.061203, 0.061241, 0.061384, 0.061434, 0.06148, 0.061546, 0.061751, 0.061887, 0.062011, 0.062205, 0.062246, 0.062432, 0.062494, 0.06256, 0.062634, 0.06269, 0.062875, 0.06344, 0.063511, 0.063777, 0.063829, 0.063857, 0.063872, 0.064161, 0.06421, 0.064336, 0.064338, 0.064386, 0.064465, 0.06448, 0.064572, 0.064781, 0.064892, 0.065062, 0.065114, 0.065234, 0.065242, 0.065495, 0.065523, 0.065642, 0.065646, 0.065818, 0.065851, 0.066117, 0.066128, 0.066533, 0.066662, 0.066787, 0.066817, 0.066923, 0.067111, 0.067274, 0.067294, 0.06794, 0.067963, 0.068124, 0.068164, 0.068405, 0.068458, 0.068541, 0.068547, 0.068731, 0.068744, 0.068759, 0.068771, 0.069003, 0.069202, 0.069364, 0.069452, 0.069764, 0.06986, 0.070107, 0.070215, 0.070249, 0.070319, 0.070401, 0.070564, 0.070916, 0.070918, 0.070976, 0.071078, 0.071166, 0.071187, 0.071422, 0.071499, 0.071517, 0.071545, 0.071625, 0.071766, 0.071867, 0.0719, 0.072036, 0.072289, 0.072342, 0.072476, 0.072526, 0.072842, 0.072924, 0.073546, 0.073586, 0.073683, 0.073687, 0.073914, 0.073962, 0.074174, 0.074399, 0.074461, 0.074511, 0.074523, 0.074557, 0.074567, 0.074661, 0.074724, 0.074726, 0.075043, 0.07527, 0.075387, 0.075397, 0.075542, 0.075881, 0.075888, 0.075963, 0.076011, 0.076353, 0.076423, 0.076444, 0.076518, 0.076525, 0.076754, 0.076767, 0.076834, 0.076914, 0.07718, 0.077504, 0.077537, 0.077613, 0.077627, 0.077714, 0.077841, 0.07792, 0.077984, 0.078235, 0.078425, 0.078775, 0.078824, 0.078855, 0.07887, 0.078886, 0.078899, 0.078981, 0.079095, 0.079397, 0.079622, 0.07997, 0.079978, 0.08058, 0.080613, 0.080797, 0.081127, 0.081337, 0.081467, 0.081601, 0.082054, 0.082642, 0.082952, 0.083072, 0.083312, 0.083474, 0.08357, 0.083575, 0.083609, 0.083684, 0.083733, 0.08384, 0.083874, 0.084047, 0.084283, 0.084376, 0.084385, 0.084712, 0.08491, 0.085086, 0.085395, 0.085409, 0.085415, 0.085737, 0.085764, 0.085905, 0.085926, 0.08605, 0.086229, 0.086326, 0.086498, 0.086961, 0.087176, 0.087544, 0.087586, 0.087993, 0.088048, 0.088151, 0.08879, 0.089108, 0.089461, 0.089722, 0.089925, 0.090057, 0.090067, 0.090251, 0.09069, 0.090732, 0.090989, 0.091342, 0.091526, 0.091551, 0.091559, 0.092603, 0.093056, 0.093347, 0.093724, 0.094628, 0.094802, 0.094839, 0.095019, 0.095444, 0.095522, 0.096023, 0.096317, 0.096423, 0.096674, 0.096877, 0.096979, 0.097017, 0.09708, 0.097133, 0.097227, 0.097379, 0.097544, 0.097553, 0.098364, 0.09839, 0.098435, 0.098456, 0.098504, 0.098517, 0.098549, 0.098579, 0.098889, 0.099162, 0.099226, 0.099343, 0.099435, 0.099578, 0.099713, 0.099717, 0.099809, 0.099954, 0.100047, 0.100075, 0.100107, 0.100122, 0.100238, 0.100242, 0.100251, 0.100338, 0.100756, 0.101203, 0.101207, 0.10122, 0.101398, 0.101457, 0.101578, 0.101733, 0.102066, 0.102188, 0.102236, 0.102301, 0.102436, 0.10256, 0.102809, 0.102834, 0.103054, 0.103131, 0.103615, 0.103684, 0.103861, 0.103928, 0.104682, 0.105042, 0.105134, 0.105232, 0.105284, 0.105286, 0.105376, 0.105408, 0.105738, 0.105896, 0.106026, 0.106243, 0.106389, 0.106496, 0.106744, 0.106868, 0.106897, 0.10694, 0.107297, 0.107552, 0.107552, 0.107567, 0.107628, 0.107671, 0.10785, 0.107995, 0.108197, 0.108308, 