{"sigma_r": 2.3939, "sigma_i": 0.8747, "m": 6, "seed": 2859683878, "n_k": {"1": 3882, "2": 1005, "3": 235, "4": 58, "5": 7, "6+": 1}, "dlogr": [0.0, 0.000229, 0.000541, 0.000665, 0.000776, 0.000797, 0.000889, 0.000901, 0.000981, 0.001214, 0.001609, 0.001834, 0.00189, 0.002127, 0.002157, 0.002534, 0.002535, 0.002919, 0.003295, 0.003317, 0.003523, 0.003524, 0.003579, 0.003672, 0.003682, 0.003709, 0.003762, 0.003816, 0.004048, 0.00419, 0.004534, 0.004639, 0.004672, 0.00484, 0.004937, 0.004987, 0.00504, 0.005285, 0.005427, 0.005437, 0.005582, 0.00573, 0.005749, 0.005768, 0.005787, 0.005856, 0.005901, 0.006314, 0.006643, 0.006731, 0.006832, 0.007228, 0.007555, 0.007654, 0.00776, 0.007893, 0.007963, 0.009121, 0.009514, 0.009823, 0.009873, 0.009891, 0.009973, 0.010194, 0.010215, 0.010424, 0.010528, 0.010916, 0.011171, 0.011415, 0.012075, 0.012259, 0.012381, 0.012587, 0.012745, 0.012767, 0.012829, 0.012848, 0.012918, 0.01312, 0.013133, 0.013233, 0.013561, 0.013749, 0.013759, 0.013992, 0.01403, 0.01403, 0.014173, 0.014324, 0.014638, 0.014806, 0.014971, 0.014988, 0.015037, 0.015135, 0.015199, 0.015208, 0.015817, 0.016079, 0.016098, 0.016368, 0.016381, 0.01642, 0.016499, 0.016625, 0.016703, 0.016846, 0.016854, 0.016896, 0.017231, 0.017514, 0.01782, 0.017856, 0.018017, 0.018208, 0.018543, 0.018733, 0.018968, 0.019497, 0.019562, 0.019696, 0.019824, 0.019905, 0.020027, 0.020488, 0.020599, 0.020984, 0.021022, 0.021265, 0.021483, 0.021671, 0.021811, 0.021842, 0.021847, 0.022361, 0.022392, 0.022392, 0.022779, 0.022789, 0.022923, 0.023131, 0.023504, 0.023646, 0.023841, 0.023882, 0.02399, 0.024109, 0.024117, 0.0242, 0.024357, 0.025255, 0.025273, 0.025351, 0.025483, 0.025514, 0.026411, 0.026487, 0.026771, 0.02709, 0.027206, 0.027244, 0.027258, 0.027386, 0.027928, 0.0282, 0.028318, 0.029088, 0.030233, 0.030278, 0.030295, 0.030509, 0.030613, 0.030712, 0.030987, 0.031124, 0.031226, 0.031279, 0.031342, 0.031593, 0.032294, 0.032339, 0.032648, 0.033448, 0.033689, 0.033779, 0.034037, 0.034097, 0.034107, 0.034266, 0.034344, 0.034593, 0.03482, 0.035053, 0.035066, 0.035079, 0.035267, 0.035361, 0.035383, 0.03554, 0.035701, 0.035773, 0.035886, 0.035912, 0.036117, 0.036292, 0.036358, 0.036435, 0.036602, 0.036879, 0.037054, 0.037329, 0.037351, 0.03775, 0.037917, 0.038069, 0.038385, 0.038534, 0.038719, 0.038854, 0.038859, 0.038894, 0.039128, 0.039391, 0.039653, 0.039976, 0.039998, 0.04026, 0.040361, 0.040476, 0.040495, 0.040571, 0.041288, 0.041314, 0.041336, 0.041336, 0.041605, 0.04161, 0.041812, 0.042274, 0.04229, 0.042565, 0.042639, 0.042666, 0.042721, 0.042993, 0.043264, 0.043315, 0.043841, 0.044117, 0.044461, 0.044487, 0.044874, 0.044979, 0.04519, 0.045649, 0.045705, 0.045765, 0.045828, 0.045871, 0.045963, 0.046129, 0.046393, 0.04664, 0.046775, 0.046784, 0.046827, 0.046937, 0.046964, 0.047152, 0.047238, 0.047277, 0.047582, 0.04768, 0.047687, 0.047787, 0.047933, 0.048062, 0.048156, 0.048647, 0.048855, 0.048899, 0.049033, 0.049224, 0.049332, 0.049732, 0.0498, 0.049887, 0.049917, 0.049985, 0.050095, 0.050424, 0.050456, 0.050722, 0.050908, 0.051076, 0.051161, 0.051205, 0.051629, 0.051685, 0.052915, 0.052963, 0.053098, 0.053124, 0.053155, 0.053169, 0.053203, 0.053426, 0.053572, 0.053681, 0.053989, 0.054174, 0.054359, 0.055205, 0.055298, 0.055392, 0.055457, 0.055459, 0.055484, 0.055885, 0.056038, 0.056212, 0.056619, 0.056746, 0.056862, 0.056942, 0.057536, 0.057601, 0.05791, 0.057949, 0.057968, 0.05797, 0.058292, 0.058467, 0.058487, 0.05853, 0.058658, 0.058944, 0.05957, 0.05969, 0.060074, 0.060126, 0.060264, 0.061275, 0.061336, 0.061521, 0.061525, 0.061647, 0.061738, 0.061796, 0.061992, 0.062123, 0.062322, 0.062348, 0.062473, 0.06276, 0.062917, 0.063053, 0.063326, 0.063428, 0.064186, 0.064252, 0.064343, 0.064465, 0.064583, 0.064997, 0.064999, 0.065189, 0.06531, 0.065426, 0.065476, 0.065598, 0.06566, 0.065865, 0.066019, 0.066085, 0.066101, 0.066172, 0.066256, 0.066372, 0.067095, 0.067368, 0.067504, 0.067883, 0.068033, 0.068543, 0.06899, 0.069426, 0.069433, 0.069537, 0.06969, 0.069812, 0.069853, 0.070071, 0.070112, 0.070133, 0.070382, 0.070761, 0.070793, 0.070812, 0.071115, 0.07119, 0.071352, 0.071488, 0.071725, 0.071862, 0.072116, 0.072547, 0.072705, 0.073105, 0.073137, 0.073452, 0.073712, 0.074178, 0.074452, 0.074786, 0.074814, 0.074903, 0.074913, 0.074982, 0.075002, 0.075058, 0.075378, 0.075442, 0.07547, 0.07549, 0.075549, 0.075572, 0.075747, 0.076377, 0.076436, 0.076497, 0.076873, 0.076912, 0.077138, 0.07715, 0.077199, 0.077315, 0.077333, 0.07753, 0.077624, 0.077936, 0.077947, 0.078042, 0.078233, 0.078523, 0.078547, 0.07872, 0.079119, 0.079462, 0.079468, 0.079755, 0.079773, 0.079864, 0.079904, 0.080035, 0.080181, 0.080205, 0.080379, 0.080519, 0.080606, 0.080642, 0.080652, 0.081095, 0.081446, 0.081531, 0.081612, 0.08162, 0.081629, 0.081932, 0.082228, 0.082302, 0.082313, 0.082334, 0.082404, 0.082538, 0.083117, 0.083159, 0.083715, 0.084065, 0.084105, 0.08424, 0.08432, 0.084389, 0.08446, 0.0845, 0.084982, 0.085688, 0.086343, 0.086806, 0.087058, 0.087979, 0.088045, 0.088581, 0.088632, 0.088999, 0.089281, 0.089793, 0.08994, 0.09014, 0.090456, 0.090516, 0.090782, 0.09099, 0.091088, 0.091523, 0.091586, 0.091631, 0.091777, 0.092047, 0.092397, 0.092711, 0.093422, 0.093488, 0.093528, 0.09357, 0.094039, 0.094247, 0.094267, 0.09439, 0.094631, 0.094634, 0.094882, 0.09498, 0.095381, 0.095631, 0.095986, 0.096006, 0.096467, 0.096547, 0.096699, 0.096748, 0.096946, 0.097025, 0.097129, 0.097227, 0.097316, 0.097429, 0.097492, 0.097812, 0.098166, 0.098207, 0.09865, 0.098863, 0.099041, 0.099117, 0.09936, 0.099385, 0.099389, 0.099577, 0.099631, 0.099644, 0.099699, 0.100018, 0.100072, 0.100208, 0.100238, 0.100271, 0.100276, 0.100305, 0.100425, 0.100618, 0.100758, 0.100806, 0.101071, 0.101384, 0.101601, 0.101948, 0.101977, 0.102162, 0.102189, 0.102431, 0.102453, 0.10252, 0.102727, 0.103444, 0.103504, 0.104262, 0.10451, 0.104709, 0.104727, 0.105506, 0.105567, 0.105697, 0.105762, 0.105867, 0.105878, 0.106012, 0.106365, 0.106375, 0.106548, 0.106648, 0.106735, 0.10695, 0.107842, 0.108097, 0.108137, 0.108248, 0.108561, 0.108922, 0.108993, 0.109144, 0.109473, 0.109611, 0.10963, 0.109667, 0.109841, 0.110113, 0.110249, 0.110431, 0.110521, 0.110817, 0.111379, 0.111511, 0.112024, 0.112157, 0.113024, 0.113066, 0.113239, 0.113476, 0.113923, 0.114051, 0.114147, 0.114548, 0.114736, 0.114771, 0.114926, 0.114951, 0.115663, 0.115968, 0.116146, 0.116301, 0.116327, 0.116456, 0.116743, 0.116905, 0.117485, 0.117494, 0.117574, 0.117638, 0.117661, 0.117703, 0.118113, 0.118191, 0.118849, 0.118939, 0.119013, 0.119122, 0.12006, 0.120134, 0.120336, 0.120395, 0.12068, 0.120869, 0.121057, 0.121441, 0.122015, 0.122426, 0.123384, 0.12341, 0.123526, 0.123531, 0.123678, 0.123724, 0.124417, 0.124566, 0.124988, 0.125718, 0.125827, 0.126683, 0.126819, 0.127725, 0.127836, 0.12801, 0.128384, 0.128512, 0.128688, 0.1287, 0.128879, 0.128891, 0.129049, 0.129282, 0.129568, 0.129612, 0.129653, 0.129947, 0.130022, 0.130066, 0.130818, 0.130922, 0.131447, 0.131594, 0.131726, 0.131895, 0.132037, 0.132191, 0.13262, 0.132742, 0.132878, 0.133061, 0.133204, 0.133275, 0.133398, 0.133451, 0.133532, 0.133862, 0.134158, 0.134547, 0.134595, 0.134968, 0.135015, 0.135023, 0.135507, 0.13565, 0.136181, 0.136474, 0.136499, 0.136679, 0.136716, 0.136763, 0.137063, 0.137078, 0.137096, 0.137122, 0.137181, 0.137225, 0.137371, 0.137438, 0.137517, 0.137667, 0.137788, 0.138066, 0.138358, 0.138366, 0.138487, 0.138641, 0.138959, 0.139642, 0.139949, 0.140279, 0.14045, 0.140583, 0.141003, 0.141346, 0.141686, 0.141691, 0.142342, 0.142397, 0.142411, 0.142589, 0.142697, 0.143177, 0.143207, 0.143292, 0.143381, 0.143809, 0.143822, 0.14385, 0.14392, 0.143965, 0.144379, 0.144717, 0.144732, 0.145296, 0.145573, 0.14648, 0.146492, 0.146967, 0.147195, 0.147282, 0.147287, 0.14755, 0.147626, 0.148193, 0.148338, 0.148352, 0.14843, 0.148648, 0.148672, 0.148885, 0.14892, 0.149607, 0.150216, 0.150333, 0.150502, 0.15064, 0.1511, 0.15112, 0.151186, 0.151718, 0.151889, 0.151954, 0.152038, 0.153387, 