{"sigma_r": 3.0, "sigma_i": 0.2, "m": 2, "seed": 4123869779, "n_k": {"1": 3959, "2": 953, "3": 266, "4": 66, "5": 14, "6+": 7}, "dlogr": [2.5e-05, 4.8e-05, 0.000384, 0.001166, 0.001228, 0.001263, 0.001375, 0.001591, 0.001626, 0.001658, 0.001693, 0.001791, 0.001938, 0.001948, 0.001949, 0.001994, 0.002092, 0.002125, 0.002774, 0.002948, 0.003523, 0.003573, 0.00398, 0.004034, 0.004104, 0.004104, 0.004317, 0.004445, 0.004493, 0.004722, 0.00493, 0.005641, 0.006178, 0.006342, 0.006434, 0.006488, 0.006568, 0.006924, 0.007397, 0.007586, 0.007984, 0.008071, 0.008278, 0.00834, 0.008348, 0.00844, 0.008526, 0.008743, 0.009109, 0.009112, 0.009197, 0.009282, 0.009424, 0.009544, 0.009743, 0.009792, 0.009816, 0.009969, 0.010024, 0.01005, 0.010093, 0.010099, 0.010132, 0.010705, 0.010711, 0.011414, 0.011564, 0.011564, 0.011669, 0.011714, 0.012001, 0.012062, 0.012138, 0.012192, 0.012202, 0.012499, 0.012596, 0.012676, 0.012688, 0.013012, 0.013431, 0.013469, 0.01351, 0.013581, 0.013856, 0.013903, 0.014026, 0.014047, 0.014473, 0.014863, 0.014963, 0.015037, 0.015092, 0.015096, 0.015157, 0.015892, 0.016098, 0.016099, 0.016432, 0.016467, 0.01665, 0.016654, 0.016804, 0.01694, 0.017195, 0.01722, 0.017493, 0.017515, 0.017572, 0.017873, 0.018603, 0.019078, 0.019128, 0.019303, 0.019435, 0.019459, 0.019663, 0.019782, 0.019843, 0.019977, 0.020537, 0.020579, 0.020661, 0.020728, 0.020938, 0.02109, 0.02125, 0.021473, 0.021845, 0.02203, 0.022312, 0.022418, 0.022464, 0.022971, 0.023046, 0.023106, 0.023401, 0.023531, 0.023595, 0.02387, 0.024017, 0.024214, 0.024395, 0.024695, 0.02476, 0.025074, 0.025372, 0.025475, 0.025955, 0.026182, 0.026853, 0.027228, 0.027417, 0.02746, 0.027542, 0.027683, 0.027708, 0.02776, 0.028185, 0.028234, 0.028297, 0.02842, 0.028471, 0.028628, 0.028639, 0.028849, 0.02996, 0.030029, 0.030064, 0.03037, 0.030555, 0.030583, 0.030595, 0.03112, 0.031272, 0.031432, 0.031666, 0.031683, 0.031734, 0.031758, 0.031814, 0.031865, 0.032265, 0.032339, 0.032448, 0.032621, 0.032675, 0.032997, 0.033208, 0.033472, 0.033572, 0.033671, 0.033676, 0.033747, 0.034005, 0.034207, 0.034553, 0.034697, 0.035001, 0.035124, 0.035321, 0.035478, 0.035506, 0.035533, 0.03556, 0.035974, 0.036128, 0.036302, 0.036329, 0.036622, 0.036665, 0.036705, 0.037056, 0.037539, 0.037751, 0.037759, 0.037884, 0.038296, 0.038361, 0.038377, 0.038502, 0.038546, 0.038876, 0.039175, 0.039385, 0.039518, 0.039548, 0.039761, 0.039866, 0.039872, 0.040213, 0.040265, 0.040596, 0.040884, 0.040908, 0.040918, 0.040959, 0.040996, 0.041051, 0.041161, 0.041467, 0.041623, 0.041841, 0.041928, 0.042109, 0.042336, 0.042638, 0.042707, 0.043091, 0.043178, 0.043489, 0.04363, 0.043809, 0.044206, 0.044442, 0.044585, 0.044603, 0.044993, 0.045162, 0.045383, 0.0454, 0.045499, 0.0459, 0.045901, 0.046313, 0.046402, 0.046496, 0.046641, 0.04678, 0.04693, 0.047001, 0.047023, 0.047039, 0.04715, 0.047685, 0.04805, 0.048191, 0.0484, 0.049157, 0.049261, 0.049308, 0.049404, 0.049465, 0.0495, 0.050257, 0.05036, 0.050396, 0.050436, 0.051105, 0.05168, 0.051929, 0.05196, 0.052049, 0.052053, 0.052112, 0.052221, 0.052598, 0.053028, 0.053073, 0.053074, 0.053143, 0.053157, 0.053235, 0.053255, 0.053505, 0.053739, 0.053789, 0.054072, 0.054134, 0.054408, 0.054427, 0.054659, 0.055373, 0.055622, 0.05579, 0.056305, 0.056799, 0.056926, 0.057113, 0.057282, 0.057501, 0.057908, 0.057951, 0.058054, 0.058104, 0.058196, 0.058254, 0.058307, 0.058867, 0.058916, 0.058979, 0.059028, 0.059241, 0.059356, 0.059573, 0.059814, 0.060015, 0.06003, 0.060071, 0.060209, 0.060582, 0.06093, 0.061121, 0.061388, 0.061397, 0.061663, 0.062066, 0.062242, 0.062304, 0.062498, 0.062538, 0.062731, 0.062786, 0.062876, 0.063367, 0.063464, 0.06354, 0.063695, 0.063746, 0.063962, 0.063985, 0.064076, 0.064206, 0.064301, 0.064352, 0.064581, 0.064615, 0.06468, 0.064822, 0.064836, 0.064911, 0.065039, 0.065339, 0.065358, 0.065527, 0.065552, 0.065797, 0.065807, 0.065902, 0.065908, 0.066087, 0.06617, 0.06624, 0.066562, 0.066712, 0.066935, 0.067024, 0.067028, 0.067309, 0.067341, 0.067436, 0.067486, 0.067494, 0.067596, 0.067669, 0.067728, 0.067872, 0.068379, 0.068997, 0.068997, 0.069319, 0.069329, 0.069348, 0.06944, 0.06973, 0.069858, 0.070385, 0.070726, 0.070986, 0.070988, 0.071021, 0.071235, 0.071531, 0.071999, 0.07225, 0.072591, 0.072665, 0.072674, 0.072778, 0.072872, 0.073198, 0.073212, 0.073354, 0.073747, 0.073978, 0.074165, 0.074354, 0.074484, 0.074616, 0.074742, 0.074809, 0.075047, 0.0752, 0.075287, 0.07536, 0.075621, 0.075901, 0.075908, 0.075986, 0.076592, 0.076702, 0.076774, 0.07741, 0.077525, 0.077571, 0.077575, 0.077667, 0.077759, 0.07786, 0.077956, 0.07815, 0.078221, 0.078234, 0.07836, 0.078772, 0.078848, 0.078903, 0.079069, 0.080213, 0.080373, 0.080627, 0.080855, 0.081707, 0.081749, 0.081758, 0.081789, 0.081946, 0.081999, 0.082232, 0.082266, 0.082399, 0.082583, 0.083081, 0.083474, 0.083603, 0.083625, 0.083746, 0.083776, 0.083778, 0.083816, 0.083958, 0.084055, 0.084087, 0.08446, 0.085045, 0.085053, 0.085691, 0.085811, 0.08598, 0.086635, 0.086892, 0.086895, 0.087779, 0.088676, 0.088731, 0.088989, 0.089023, 0.089082, 0.089206, 0.089292, 0.089368, 0.089552, 0.089617, 0.090267, 0.090773, 0.090885, 0.091017, 0.091504, 0.091839, 0.092042, 0.092928, 0.093316, 0.093565, 0.094117, 0.094281, 0.094312, 0.094338, 0.09466, 0.094734, 0.094905, 0.095056, 0.095113, 0.095497, 0.09558, 0.095595, 0.095757, 0.095774, 0.096008, 0.096111, 0.096643, 0.09666, 0.096684, 0.09676, 0.096872, 0.097112, 0.09713, 0.097323, 0.097357, 0.097664, 0.097665, 0.097854, 0.09893, 0.099112, 0.09931, 0.099668, 0.099769, 0.100108, 0.100214, 0.100337, 0.100878, 0.101313, 0.101652, 0.101721, 0.102206, 0.10248, 0.102905, 0.102906, 0.103204, 0.103697, 0.104105, 0.104211, 0.104246, 0.10447, 0.104603, 0.104863, 0.105144, 0.105286, 0.105333, 0.105349, 0.105451, 0.105697, 0.105925, 0.106058, 0.106363, 0.106389, 0.106402, 0.106635, 0.106702, 0.106924, 0.107031, 0.107985, 0.108077, 0.108125, 0.108509, 0.108543, 0.108811, 0.10884, 0.109029, 0.109041, 0.109048, 0.109269, 0.109274, 0.109281, 0.109392, 0.109591, 0.109719, 0.109922, 0.1105, 0.1105, 0.110511, 0.110631, 0.110691, 0.110845, 0.111012, 0.111077, 0.111251, 0.111341, 0.111955, 0.112337, 0.113125, 0.113152, 0.113475, 0.114249, 0.114741, 0.114746, 0.115504, 0.115574, 0.115748, 0.115963, 0.116111, 0.116811, 0.116855, 0.117262, 0.117918, 0.118247, 0.118569, 0.118603, 0.118648, 0.119075, 0.11921, 0.119214, 0.11958, 0.119731, 0.119745, 0.120153, 0.120313, 0.120326, 0.120552, 0.120556, 0.120595, 0.120909, 0.121075, 0.12138, 0.121408, 0.121515, 0.121596, 0.121762, 0.12186, 0.121881, 0.122216, 0.122321, 0.122332, 0.122888, 0.122927, 0.123113, 0.123215, 0.123608, 0.123644, 0.123831, 0.124093, 0.124757, 0.124792, 0.124947, 0.124974, 0.12533, 0.125646, 0.125823, 0.125856, 0.126077, 0.126303, 0.126632, 0.126951, 0.127076, 0.12776, 0.127891, 0.12814, 0.128288, 0.128291, 0.128805, 0.129221, 0.129293, 0.129508, 0.129816, 0.130071, 0.130116, 0.130124, 0.130333, 0.130592, 0.13082, 0.130896, 0.131195, 0.131235, 0.131374, 0.131669, 0.13247, 0.132546, 0.132732, 0.132973, 0.133111, 0.133205, 0.133282, 0.13342, 0.133859, 0.133927, 0.134189, 0.134231, 0.134403, 0.134523, 0.134978, 0.135179, 0.135425, 0.135701, 0.135835, 0.135847, 0.135888, 0.135901, 0.135901, 0.136597, 0.137048, 0.137451, 0.137667, 0.137979, 0.138116, 0.138133, 0.138194, 0.138241, 0.138301, 0.138312, 0.138632, 0.138862, 0.139301, 0.139444, 0.139509, 0.139621, 0.139874, 0.139982, 0.140322, 0.140433, 0.140488, 0.141027, 0.141028, 0.141102, 0.141693, 0.141992, 0.142049, 0.14206, 0.142298, 0.142659, 0.142808, 0.142814, 0.142898, 0.143192, 0.143258, 0.14335, 0.143476, 0.143483, 0.143674, 0.143714, 0.144233, 0.144292, 0.144495, 0.144535, 0.144761, 0.144936, 0.145072, 0.14511, 0.14514, 0.145558, 0.145979, 0.146121, 0.146326, 0.146439, 0.146467, 0.146586, 0.146642, 0.146662, 0.146795, 0.147009, 0.14706, 0.147092, 0.147431, 0.1475, 0.147568, 0.147855, 0.147988, 0.148285, 0.148873, 0.149432, 0.149501, 0.149583, 0.149942, 0.150006, 0.150569, 0.150581, 0.150793, 