{"sigma_r": 1.2164, "sigma_i": 0.4183, "m": 7, "seed": 1896508396, "n_k": {"1": 3895, "2": 929, "3": 280, "4": 63, "5": 16, "6+": 1}, "dlogr": [0.0, 0.0, 0.0, 5.1e-05, 0.000235, 0.000274, 0.000289, 0.000378, 0.000397, 0.000453, 0.000488, 0.000829, 0.00092, 0.001085, 0.001351, 0.001529, 0.001578, 0.001635, 0.001951, 0.002028, 0.002121, 0.002283, 0.002319, 0.002387, 0.002598, 0.002902, 0.003114, 0.00319, 0.003205, 0.003386, 0.003416, 0.003627, 0.00376, 0.004263, 0.004473, 0.005011, 0.005022, 0.005252, 0.005333, 0.005449, 0.00557, 0.005682, 0.005863, 0.005876, 0.005938, 0.006115, 0.006391, 0.006426, 0.00646, 0.006513, 0.00665, 0.006832, 0.006898, 0.006947, 0.007021, 0.007206, 0.007359, 0.007383, 0.007454, 0.007781, 0.007887, 0.008033, 0.008041, 0.008173, 0.008282, 0.008505, 0.008673, 0.008788, 0.008808, 0.009089, 0.00911, 0.00919, 0.009225, 0.009267, 0.009309, 0.009463, 0.009481, 0.00963, 0.009696, 0.009818, 0.009862, 0.010229, 0.010388, 0.0107, 0.010716, 0.010764, 0.010837, 0.010846, 0.011012, 0.01106, 0.011142, 0.011174, 0.011276, 0.011497, 0.011509, 0.011657, 0.011675, 0.011983, 0.011998, 0.012006, 0.012019, 0.01205, 0.012198, 0.012251, 0.012345, 0.012492, 0.012768, 0.012845, 0.01292, 0.012931, 0.012975, 0.013206, 0.013249, 0.013422, 0.013553, 0.013781, 0.01407, 0.014103, 0.014323, 0.014367, 0.014429, 0.014584, 0.014602, 0.01504, 0.015065, 0.015077, 0.015195, 0.01526, 0.015266, 0.015494, 0.015512, 0.015559, 0.015583, 0.015691, 0.015851, 0.016033, 0.016167, 0.016343, 0.016405, 0.016504, 0.016505, 0.016557, 0.016657, 0.016725, 0.016869, 0.016912, 0.017097, 0.017167, 0.017274, 0.017287, 0.017341, 0.017628, 0.017702, 0.017835, 0.017861, 0.017884, 0.018028, 0.01826, 0.018291, 0.01838, 0.018436, 0.018641, 0.018737, 0.018852, 0.018903, 0.018921, 0.019101, 0.019332, 0.019575, 0.0199, 0.020081, 0.020201, 0.020213, 0.020328, 0.020501, 0.020829, 0.021137, 0.021384, 0.021467, 0.021609, 0.022072, 0.022225, 0.022283, 0.022437, 0.02262, 0.022631, 0.023059, 0.023094, 0.023214, 0.023355, 0.023449, 0.023604, 0.023663, 0.023742, 0.024042, 0.024071, 0.02421, 0.024512, 0.024568, 0.024576, 0.025132, 0.025197, 0.025227, 0.025396, 0.025476, 0.025516, 0.025534, 0.02557, 0.025655, 0.025785, 0.025796, 0.02587, 0.025958, 0.025975, 0.026026, 0.026092, 0.026277, 0.026318, 0.026444, 0.026838, 0.026855, 0.026925, 0.026998, 0.027006, 0.027337, 0.02736, 0.027483, 0.02756, 0.027591, 0.027667, 0.027961, 0.028095, 0.028422, 0.028545, 0.028824, 0.028849, 0.028873, 0.029061, 0.029147, 0.029193, 0.029219, 0.029318, 0.029351, 0.029611, 0.02964, 0.030143, 0.030275, 0.030329, 0.030687, 0.030688, 0.030787, 0.031065, 0.031343, 0.031512, 0.031562, 0.031719, 0.031994, 0.032083, 0.032275, 0.032309, 0.032674, 0.032817, 0.032819, 0.03287, 0.033585, 0.03361, 0.033667, 0.033955, 0.034031, 0.034234, 0.034305, 0.0346, 0.034828, 0.034865, 0.034866, 0.034894, 0.035007, 0.0351, 0.035141, 0.035541, 0.035588, 0.035779, 0.036014, 0.036295, 0.036329, 0.036677, 0.036836, 0.036849, 0.036958, 0.037245, 0.037369, 0.037421, 0.037451, 0.037574, 0.037717, 0.037793, 0.037873, 0.037998, 0.038157, 0.038366, 0.038618, 0.03868, 0.039146, 0.039271, 0.039719, 0.03974, 0.039929, 0.040325, 0.040339, 0.040694, 0.040768, 0.040844, 0.040917, 0.041198, 0.041325, 0.041363, 0.041577, 0.041578, 0.041769, 0.041835, 0.041882, 0.042489, 0.042802, 0.042824, 0.042883, 0.042963, 0.042995, 0.04305, 0.043064, 0.043163, 0.043384, 0.043471, 0.043594, 0.043932, 0.044185, 0.044324, 0.044436, 0.044595, 0.044612, 0.044635, 0.044742, 0.044815, 0.044983, 0.045392, 0.045514, 0.045587, 0.045902, 0.045929, 0.04602, 0.046137, 0.046284, 0.04645, 0.046612, 0.046678, 0.046758, 0.046838, 0.047312, 0.047403, 0.047492, 0.047585, 0.047739, 0.047875, 0.048137, 0.048232, 0.04853, 0.048581, 0.048637, 0.048648, 0.048854, 0.048983, 0.049032, 0.049042, 0.049252, 0.049309, 0.049393, 0.049403, 0.04944, 0.049853, 0.049856, 0.049876, 0.049907, 0.050006, 0.050068, 0.050282, 0.05046, 0.050928, 0.051024, 0.051261, 0.051585, 0.05164, 0.051733, 0.051966, 0.051984, 0.052044, 0.052085, 0.052655, 0.052729, 0.052786, 0.052933, 0.052999, 0.053053, 0.053101, 0.053239, 0.053262, 0.053435, 0.053817, 0.053991, 0.054019, 0.05432, 0.054685, 0.05491, 0.055152, 0.055162, 0.055213, 0.055235, 0.055343, 0.055378, 0.055379, 0.055477, 0.055708, 0.055998, 0.056126, 0.056157, 0.056251, 0.056458, 0.056514, 0.056773, 0.057071, 0.057088, 0.057284, 0.057612, 0.057858, 0.057875, 0.057984, 0.058011, 0.058131, 0.058248, 0.058427, 0.058572, 0.0586, 0.058619, 0.05881, 0.058874, 0.058933, 0.059067, 0.059086, 0.059188, 0.059214, 0.059248, 0.059379, 0.059761, 0.059854, 0.059864, 0.060447, 0.060509, 0.060997, 0.061134, 0.06132, 0.06133, 0.061366, 0.061449, 0.061675, 0.061687, 0.061785, 0.061871, 0.061936, 0.062023, 0.062029, 0.062148, 0.062257, 0.062299, 0.063196, 0.063248, 0.063282, 0.06343, 0.063511, 0.063729, 0.063783, 0.063997, 0.064294, 0.064489, 0.064555, 0.064616, 0.064763, 0.065118, 0.065211, 0.065245, 0.065455, 0.0657, 0.065911, 0.066094, 0.066098, 0.066465, 0.066664, 0.066734, 0.067018, 0.067092, 0.067103, 0.067119, 0.067348, 0.067433, 0.067511, 0.067837, 0.067913, 0.068033, 0.068118, 0.068142, 0.068273, 0.068273, 0.068905, 0.069015, 0.069032, 0.069293, 0.069297, 0.069365, 0.069629, 0.06963, 0.069647, 0.069671, 0.069854, 0.069875, 0.070032, 0.070153, 0.070218, 0.070401, 0.070451, 0.070513, 0.070543, 0.071247, 0.071289, 0.07222, 0.072393, 0.072474, 0.072831, 0.072915, 0.072915, 0.072989, 0.073071, 0.073333, 0.073333, 0.073641, 0.073681, 0.073879, 0.074046, 0.074102, 0.074247, 0.074354, 0.074433, 0.074691, 0.074701, 0.074907, 0.074917, 0.074925, 0.07496, 0.075034, 0.075056, 0.075269, 0.075449, 0.07554, 0.075561, 0.075674, 0.075702, 0.076062, 0.076204, 0.076325, 0.076446, 0.076539, 0.076575, 0.07661, 0.076683, 0.076834, 0.077362, 0.077638, 0.077652, 0.077787, 0.077826, 0.07828, 0.079142, 0.079274, 0.079436, 0.079664, 0.079848, 0.08006, 0.080299, 0.080493, 0.08053, 0.080838, 0.080911, 0.08141, 0.081697, 0.081903, 0.081922, 0.081973, 0.082257, 0.082357, 0.082394, 0.08263, 0.082662, 0.082977, 0.082988, 0.083298, 0.083399, 0.08342, 0.083502, 0.08354, 0.084053, 0.084061, 0.084157, 0.084184, 0.084813, 0.084963, 0.085033, 0.085565, 0.085866, 0.085866, 0.085967, 0.085985, 0.08639, 0.08648, 0.086513, 0.086546, 0.086797, 0.086844, 0.087091, 0.087271, 0.088083, 0.088301, 0.088418, 0.088679, 0.088821, 0.088838, 0.089088, 0.089214, 0.089215, 0.089468, 0.089477, 0.08948, 0.089682, 0.089852, 0.089898, 0.090234, 0.090541, 0.090639, 0.090693, 0.090707, 0.090805, 0.091229, 0.091349, 0.091475, 0.09165, 0.091764, 0.091817, 0.091921, 0.092671, 0.092687, 0.09274, 0.09314, 0.093165, 0.093179, 0.093286, 0.093706, 0.09403, 0.094106, 0.094597, 0.094782, 0.095037, 0.095087, 0.095433, 0.095815, 0.095903, 0.095904, 0.095908, 0.096118, 0.096128, 0.096378, 0.096682, 0.096835, 0.096896, 0.09735, 0.097419, 0.097509, 0.097906, 0.097966, 0.098111, 0.098141, 0.09819, 0.098318, 0.098397, 0.098585, 0.09887, 0.098932, 0.099279, 0.099566, 0.099705, 0.099746, 0.099881, 0.100087, 0.100134, 0.100403, 0.100768, 0.100831, 0.100843, 0.101007, 0.101059, 0.10113, 0.101432, 0.101556, 0.101867, 0.101982, 0.101991, 0.102114, 0.102533, 0.102582, 0.102924, 0.10319, 0.103401, 0.103964, 0.104035, 0.104315, 0.104354, 0.104359, 0.104521, 0.104756, 0.104838, 0.104934, 0.105395, 0.105665, 0.106084, 0.106229, 0.106342, 0.106563, 0.106583, 0.106817, 0.106937, 0.107077, 0.107156, 0.107191, 0.107296, 0.107671, 0.107729, 0.107747, 0.107828, 0.107959, 0.108007, 0.108078, 0.108101, 0.108369, 0.108501, 0.109363, 0.110122, 0.110265, 0.110641, 0.110761, 0.110929, 0.111351, 0.111392, 0.111536, 0.111898, 0.111933, 0.111981, 0.111982, 0.112062, 0.11214, 0.113097, 0.113125, 0.113148, 0.113196, 0.11355, 0.113633, 0.114084, 0.114118, 0.114423, 0.114535, 0.114575, 0.114599, 0.114661, 0.114814, 0.115069, 0.115099, 0.1153, 0.115419, 0.115428, 0.115559, 0.115649, 0.11582, 0.115939, 0.1162, 0.116701, 0.116865, 0.117094, 0.117441, 0.117735, 0.117783, 0.117977, 0.11842, 