{"sigma_r": 3.0, "sigma_i": 0.3271, "m": 6, "seed": 1869087250, "n_k": {"1": 3946, "2": 948, "3": 267, "4": 65, "5": 15, "6+": 2}, "dlogr": [0.0, 0.000118, 0.00036, 0.000573, 0.000894, 0.00108, 0.001111, 0.001113, 0.001242, 0.001423, 0.001845, 0.002054, 0.002183, 0.002238, 0.002566, 0.002731, 0.002889, 0.003059, 0.003362, 0.003423, 0.004127, 0.004155, 0.004444, 0.004564, 0.004598, 0.004658, 0.004842, 0.004879, 0.004945, 0.005192, 0.005262, 0.005277, 0.005361, 0.005409, 0.00548, 0.005538, 0.005562, 0.005723, 0.005946, 0.006488, 0.006489, 0.006489, 0.006778, 0.006951, 0.006972, 0.007478, 0.007539, 0.007936, 0.007984, 0.008134, 0.008213, 0.008337, 0.008342, 0.008345, 0.008425, 0.008623, 0.008819, 0.008959, 0.009281, 0.009315, 0.009798, 0.009802, 0.010014, 0.010177, 0.010315, 0.01051, 0.010724, 0.010748, 0.010931, 0.010939, 0.010954, 0.011225, 0.011406, 0.011678, 0.01218, 0.012205, 0.012313, 0.012384, 0.012525, 0.0127, 0.0129, 0.013297, 0.013417, 0.013587, 0.01384, 0.014097, 0.014248, 0.014491, 0.014618, 0.01484, 0.014887, 0.015109, 0.015311, 0.015313, 0.015338, 0.015454, 0.015462, 0.0155, 0.015547, 0.015561, 0.015594, 0.015876, 0.016117, 0.016294, 0.016315, 0.016613, 0.016649, 0.017005, 0.017019, 0.017209, 0.017211, 0.017608, 0.017904, 0.017933, 0.018255, 0.018447, 0.018516, 0.018972, 0.01904, 0.019123, 0.019206, 0.019437, 0.01952, 0.019594, 0.020068, 0.020069, 0.020394, 0.020423, 0.020467, 0.020499, 0.020557, 0.020777, 0.021006, 0.021703, 0.021913, 0.021931, 0.022094, 0.022509, 0.022781, 0.022796, 0.022946, 0.022986, 0.023146, 0.023198, 0.02323, 0.023497, 0.023552, 0.023658, 0.023762, 0.023837, 0.023866, 0.024071, 0.024152, 0.024664, 0.024702, 0.024952, 0.025146, 0.025334, 0.025419, 0.025429, 0.025601, 0.025635, 0.025641, 0.025724, 0.02616, 0.026301, 0.026339, 0.026419, 0.026465, 0.026678, 0.026794, 0.026936, 0.027614, 0.027641, 0.027922, 0.028066, 0.028118, 0.028712, 0.02896, 0.028995, 0.02903, 0.029375, 0.029421, 0.029578, 0.029604, 0.029634, 0.029791, 0.02982, 0.030134, 0.030151, 0.030396, 0.030399, 0.030456, 0.030564, 0.030867, 0.030869, 0.03099, 0.032184, 0.032414, 0.032545, 0.032785, 0.03283, 0.032833, 0.032864, 0.032952, 0.033244, 0.033548, 0.033549, 0.033633, 0.033795, 0.033885, 0.034107, 0.034229, 0.034284, 0.034499, 0.034753, 0.034849, 0.034963, 0.035084, 0.035256, 0.035406, 0.035649, 0.035782, 0.035805, 0.036654, 0.036807, 0.037047, 0.037275, 0.0373, 0.037365, 0.037538, 0.03769, 0.037826, 0.037992, 0.038045, 0.038092, 0.038108, 0.03845, 0.038488, 0.03878, 0.038869, 0.038967, 0.039028, 0.039051, 0.039298, 0.039366, 0.039448, 0.039485, 0.039806, 0.039862, 0.03988, 0.039886, 0.041037, 0.041093, 0.041645, 0.042256, 0.042386, 0.042801, 0.042866, 0.042999, 0.043037, 0.04328, 0.043302, 0.043826, 0.044871, 0.044936, 0.045035, 0.045184, 0.045358, 0.045683, 0.045891, 0.045958, 0.04613, 0.046253, 0.046278, 0.046278, 0.04642, 0.046775, 0.046906, 0.047289, 0.047512, 0.047576, 0.047647, 0.047687, 0.047819, 0.047821, 0.047908, 0.047967, 0.048358, 0.048383, 0.048424, 0.048646, 0.04882, 0.049505, 0.050104, 0.050226, 0.050331, 0.050365, 0.050403, 0.050543, 0.050745, 0.050826, 0.050969, 0.051498, 0.052048, 0.052196, 0.052614, 0.0528, 0.052884, 0.053087, 0.053326, 0.053823, 0.05399, 0.053992, 0.054001, 0.054066, 0.054275, 0.054374, 0.054389, 0.054634, 0.054677, 0.054842, 0.055065, 0.055148, 0.055264, 0.05534, 0.055472, 0.055529, 0.055655, 0.05569, 0.05576, 0.055899, 0.056088, 0.05611, 0.056367, 0.05666, 0.05668, 0.056916, 0.057028, 0.057407, 0.057666, 0.057737, 0.058502, 0.058526, 0.058948, 0.058952, 0.05905, 0.059298, 0.059333, 0.059429, 0.059449, 0.059466, 0.059721, 0.05979, 0.059792, 0.060068, 0.060206, 0.060413, 0.060812, 0.061009, 0.061811, 0.06195, 0.061987, 0.062753, 0.062798, 0.063076, 0.063135, 0.063151, 0.063187, 0.063228, 0.063266, 0.063409, 0.063691, 0.064511, 0.064639, 0.064656, 0.06479, 0.064821, 0.064846, 0.064936, 0.064999, 0.065331, 0.065544, 0.065683, 0.065822, 0.065829, 0.065899, 0.065939, 0.066225, 0.066365, 0.066484, 0.066735, 0.066865, 0.067356, 0.067512, 0.067706, 0.067811, 0.068345, 0.068868, 0.069029, 0.069074, 0.069664, 0.069895, 0.069939, 0.07005, 0.070339, 0.070365, 0.070877, 0.070892, 0.071206, 0.071326, 0.071386, 0.071537, 0.071551, 0.071605, 0.071769, 0.071938, 0.072272, 0.072369, 0.072408, 0.07253, 0.073033, 0.073803, 0.073845, 0.074027, 0.074057, 0.076062, 0.076206, 0.076392, 0.07661, 0.076659, 0.076792, 0.076801, 0.076827, 0.076906, 0.077354, 0.077359, 0.077454, 0.07746, 0.077705, 0.077795, 0.077961, 0.078272, 0.078295, 0.078323, 0.078546, 0.078706, 0.078865, 0.079192, 0.079547, 0.0796, 0.080861, 0.081283, 0.08133, 0.081388, 0.081452, 0.081531, 0.081784, 0.081844, 0.08186, 0.082285, 0.082365, 0.082921, 0.083101, 0.083402, 0.083922, 0.084338, 0.084587, 0.084621, 0.084951, 0.084955, 0.085085, 0.085262, 0.085276, 0.085277, 0.08567, 0.085704, 0.085717, 0.085866, 0.085877, 0.086357, 0.086507, 0.086854, 0.087033, 0.08735, 0.087501, 0.08753, 0.087583, 0.087735, 0.087836, 0.088025, 0.088044, 0.08831, 0.088389, 0.0884, 0.088463, 0.088525, 0.088607, 0.089183, 0.089273, 0.089509, 0.089744, 0.089892, 0.089894, 0.09017, 0.090786, 0.091126, 0.091433, 0.091532, 0.092242, 0.092337, 0.092428, 0.092489, 0.092767, 0.092811, 0.093204, 0.093561, 0.093725, 0.093897, 0.094061, 0.094161, 0.094428, 0.094548, 0.094812, 0.094962, 0.095052, 0.095067, 0.095253, 0.095287, 0.095799, 0.095915, 0.095956, 0.096946, 0.096991, 0.096999, 0.097355, 0.097522, 0.097572, 0.09758, 0.097611, 0.097841, 0.097936, 0.098182, 0.098199, 0.098333, 0.098537, 0.098931, 0.09897, 0.099343, 0.099679, 0.099896, 0.100198, 0.100887, 0.101082, 0.101105, 0.101123, 0.101214, 0.101596, 0.101632, 0.101672, 0.101775, 0.102048, 0.102294, 0.102352, 0.102544, 0.102652, 0.102764, 0.103437, 0.103477, 0.103532, 0.104565, 0.104768, 0.104862, 0.104951, 0.105636, 0.105836, 0.105874, 0.105879, 0.105904, 0.106094, 0.106191, 0.106231, 0.106267, 0.106876, 0.107072, 0.107263, 0.107289, 0.10731, 0.107491, 0.107538, 0.107627, 0.107856, 0.107983, 0.108467, 0.108834, 0.10932, 0.109517, 0.109696, 0.109761, 0.109763, 0.110047, 0.110164, 0.110197, 0.110455, 0.110469, 0.110769, 0.111011, 0.111218, 0.111469, 0.111604, 0.111789, 0.112031, 0.112308, 0.112354, 0.112485, 0.112968, 0.11302, 0.113352, 0.113511, 0.113545, 0.113656, 0.113993, 0.114312, 0.114555, 0.114717, 0.115179, 0.115267, 0.115332, 0.115381, 0.115578, 0.115623, 0.115835, 0.115914, 0.116313, 0.116428, 0.116684, 0.116801, 0.117178, 0.117342, 0.117575, 0.117652, 0.11772, 0.117922, 0.118088, 0.118214, 0.118278, 0.118583, 0.118634, 0.118967, 0.119232, 0.119239, 0.11926, 0.119394, 0.119702, 0.119713, 0.120064, 0.120144, 0.120716, 0.120908, 0.120975, 0.121097, 0.121173, 0.121238, 0.121381, 0.122234, 0.122312, 0.122726, 0.123248, 0.12371, 0.124346, 0.124379, 0.124875, 0.124998, 0.12515, 0.125164, 0.125861, 0.126038, 0.126103, 0.126187, 0.126429, 0.126488, 0.126516, 0.126547, 0.126602, 0.126732, 0.127055, 0.127577, 0.128292, 0.128344, 0.128376, 0.128739, 0.129094, 0.129154, 0.129291, 0.129302, 0.129402, 0.129431, 0.130193, 0.130832, 0.131236, 0.131554, 0.131828, 0.132178, 0.132209, 0.132824, 0.132975, 0.133, 0.133056, 0.13332, 0.133366, 0.133461, 0.134119, 0.134314, 0.134369, 0.134809, 0.134976, 0.135319, 0.135617, 0.135638, 0.135779, 0.135889, 0.136079, 0.136564, 0.13673, 0.137089, 0.13717, 0.137265, 0.137484, 0.137509, 0.13753, 0.137639, 0.137734, 0.137796, 0.137846, 0.137932, 0.138077, 0.138096, 0.138317, 0.138338, 0.138415, 0.138515, 0.138874, 0.138949, 0.13918, 0.139458, 0.139795, 0.139826, 0.139892, 0.139899, 0.140041, 0.140642, 0.141196, 0.141862, 0.142178, 0.142282, 0.142432, 0.142564, 0.14259, 0.142941, 0.14302, 0.143215, 0.143432, 0.143441, 0.143675, 0.143929, 0.144006, 0.144318, 0.144486, 0.144861, 0.144892, 0.145002, 0.145034, 0.145065, 0.145449, 0.145491, 0.145943, 0.14612, 0.146328, 0.146495, 0.146523, 0.147468, 0.147478, 0.148304, 0.149072, 0.149162, 0.149421, 0.149543, 0.149579, 0.149644, 0.150224, 0.150669, 0.150735, 0.15089, 0.151666, 