{"sigma_r": 1.9103, "sigma_i": 0.684, "m": 6, "seed": 3555341294, "n_k": {"1": 4023, "2": 901, "3": 261, "4": 55, "5": 7, "6+": 0}, "dlogr": [0.0, 0.000225, 0.000314, 0.000605, 0.000683, 0.00083, 0.000923, 0.000969, 0.001013, 0.001723, 0.001779, 0.00185, 0.002161, 0.00219, 0.002334, 0.002434, 0.002493, 0.002874, 0.003459, 0.003566, 0.003717, 0.003901, 0.00417, 0.004337, 0.004359, 0.005099, 0.005187, 0.005421, 0.005473, 0.005534, 0.005614, 0.005889, 0.00589, 0.006537, 0.006607, 0.006631, 0.006664, 0.006718, 0.00677, 0.007157, 0.007235, 0.007399, 0.007462, 0.007605, 0.007742, 0.007972, 0.008026, 0.008811, 0.009097, 0.009473, 0.009541, 0.009744, 0.009827, 0.009892, 0.009893, 0.009899, 0.010202, 0.010359, 0.010514, 0.010685, 0.010756, 0.010797, 0.011125, 0.011163, 0.011934, 0.01212, 0.012411, 0.012561, 0.012953, 0.013074, 0.013128, 0.013404, 0.013539, 0.013592, 0.013765, 0.013777, 0.01399, 0.014019, 0.014435, 0.014724, 0.014776, 0.014865, 0.01488, 0.015012, 0.015162, 0.015411, 0.015485, 0.015837, 0.015891, 0.016443, 0.016623, 0.017171, 0.017204, 0.017271, 0.017616, 0.017653, 0.018496, 0.018651, 0.018871, 0.018924, 0.019056, 0.019224, 0.019264, 0.019491, 0.01961, 0.019632, 0.019793, 0.020194, 0.020654, 0.020822, 0.021032, 0.021158, 0.021467, 0.021522, 0.021567, 0.021671, 0.021709, 0.021735, 0.021962, 0.022057, 0.022365, 0.022466, 0.022558, 0.022569, 0.022763, 0.022777, 0.02289, 0.023168, 0.023204, 0.023251, 0.023398, 0.023503, 0.023643, 0.0237, 0.023809, 0.024255, 0.024261, 0.024483, 0.024604, 0.024719, 0.02505, 0.025278, 0.025653, 0.025668, 0.02582, 0.025916, 0.025968, 0.026065, 0.026104, 0.02641, 0.026649, 0.026684, 0.026714, 0.027096, 0.027479, 0.027507, 0.02772, 0.027947, 0.028243, 0.028522, 0.028634, 0.028788, 0.028816, 0.028884, 0.029211, 0.029242, 0.029283, 0.029636, 0.029902, 0.029995, 0.030333, 0.030449, 0.030815, 0.030829, 0.031114, 0.031526, 0.031612, 0.032035, 0.032494, 0.032587, 0.03279, 0.032862, 0.033309, 0.033326, 0.033379, 0.033528, 0.033805, 0.033826, 0.033828, 0.034511, 0.034582, 0.034744, 0.035229, 0.035346, 0.035746, 0.035854, 0.035878, 0.036193, 0.036332, 0.036569, 0.036636, 0.036837, 0.036839, 0.036924, 0.036942, 0.03703, 0.037108, 0.037147, 0.03715, 0.037641, 0.037646, 0.037817, 0.038008, 0.038207, 0.03834, 0.038721, 0.038834, 0.038966, 0.0396, 0.039821, 0.040149, 0.040235, 0.04029, 0.040421, 0.040453, 0.04065, 0.040651, 0.04069, 0.040732, 0.040898, 0.041189, 0.041405, 0.041501, 0.04155, 0.042045, 0.042219, 0.042241, 0.042597, 0.042851, 0.04341, 0.043647, 0.043756, 0.044043, 0.044089, 0.044388, 0.044567, 0.044878, 0.044882, 0.045043, 0.04511, 0.045594, 0.045595, 0.045687, 0.045687, 0.046228, 0.046256, 0.046263, 0.046604, 0.046648, 0.046745, 0.046905, 0.047323, 0.047342, 0.048024, 0.048402, 0.048519, 0.048635, 0.048728, 0.048756, 0.048858, 0.04888, 0.049352, 0.049466, 0.04953, 0.050096, 0.050136, 0.050253, 0.050429, 0.050535, 0.050927, 0.051039, 0.051063, 0.051197, 0.051309, 0.051833, 0.052744, 0.052766, 0.052816, 0.052987, 0.053037, 0.053204, 0.053323, 0.053773, 0.053898, 0.054053, 0.054137, 0.054464, 0.054534, 0.054567, 0.054741, 0.054848, 0.054851, 0.054863, 0.055515, 0.055632, 0.055944, 0.056082, 0.056998, 0.0571, 0.057609, 0.057747, 0.057873, 0.058049, 0.058143, 0.058417, 0.058451, 0.058496, 0.05861, 0.058795, 0.058838, 0.058847, 0.059025, 0.059176, 0.059223, 0.059241, 0.059372, 0.059468, 0.059557, 0.05966, 0.059968, 0.060024, 0.060528, 0.060705, 0.060765, 0.060784, 0.060794, 0.060934, 0.061415, 0.06145, 0.061484, 0.061549, 0.061921, 0.061981, 0.06202, 0.062055, 0.062143, 0.062236, 0.062631, 0.062671, 0.062687, 0.062838, 0.062883, 0.062926, 0.063586, 0.06362, 0.063839, 0.063894, 0.063896, 0.064245, 0.064284, 0.064493, 0.064511, 0.064625, 0.064636, 0.064653, 0.064698, 0.064819, 0.064951, 0.065177, 0.065267, 0.066002, 0.066044, 0.066209, 0.066339, 0.066526, 0.066902, 0.066988, 0.067436, 0.067519, 0.067711, 0.068342, 0.068466, 0.06892, 0.069093, 0.069401, 0.069412, 0.069658, 0.069672, 0.069791, 0.069844, 0.069963, 0.070163, 0.070258, 0.07061, 0.070944, 0.070965, 0.071084, 0.071548, 0.071629, 0.071695, 0.071706, 0.071809, 0.071827, 0.071908, 0.072124, 0.072203, 0.072208, 0.072253, 0.072283, 0.072543, 0.073147, 0.073539, 0.073666, 0.073727, 0.073869, 0.073907, 0.073915, 0.0741, 0.074165, 0.074196, 0.074356, 0.074361, 0.074532, 0.074738, 0.074787, 0.07486, 0.075192, 0.075633, 0.075773, 0.075804, 0.075885, 0.075895, 0.075914, 0.076124, 0.076198, 0.076546, 0.076586, 0.076611, 0.076684, 0.076874, 0.077242, 0.077341, 0.07745, 0.077546, 0.077953, 0.07801, 0.078105, 0.078262, 0.078314, 0.078626, 0.078871, 0.07934, 0.080319, 0.080506, 0.080711, 0.081486, 0.082192, 0.082486, 0.082619, 0.082626, 0.082733, 0.083578, 0.083655, 0.083974, 0.084036, 0.084068, 0.084163, 0.084437, 0.084797, 0.084828, 0.084947, 0.085247, 0.085251, 0.085387, 0.085403, 0.085483, 0.085844, 0.086071, 0.086246, 0.086278, 0.086726, 0.087451, 0.087469, 0.087635, 0.087783, 0.087962, 0.087982, 0.088464, 0.088727, 0.088985, 0.089123, 0.089236, 0.089411, 0.089531, 0.089676, 0.089744, 0.090033, 0.090311, 0.09036, 0.09061, 0.090961, 0.091117, 0.091415, 0.091453, 0.091539, 0.091697, 0.092405, 0.092864, 0.093107, 0.09344, 0.094434, 0.094456, 0.094485, 0.095251, 0.09544, 0.095825, 0.095962, 0.09612, 0.096205, 0.096245, 0.096246, 0.096251, 0.09645, 0.096498, 0.096857, 0.097306, 0.097426, 0.09751, 0.097548, 0.097674, 0.097759, 0.098046, 0.098243, 0.098258, 0.098296, 0.098384, 0.098461, 0.09859, 0.098862, 0.099353, 0.099638, 0.099643, 0.099742, 0.099764, 0.099784, 0.099817, 0.099826, 0.100222, 0.10048, 0.100696, 0.101286, 0.101965, 0.102108, 0.102221, 0.102586, 0.102816, 0.102847, 0.10301, 0.103193, 0.10418, 0.104388, 0.104443, 0.104473, 0.104485, 0.104621, 0.104852, 0.105777, 0.106402, 0.106466, 0.106653, 0.106795, 0.106812, 0.107097, 0.107103, 0.107115, 0.107329, 0.107554, 0.107562, 0.107682, 0.107908, 0.108805, 0.108905, 0.109042, 0.109048, 0.109417, 0.109428, 0.109506, 0.109585, 0.109615, 0.109693, 0.109778, 0.110277, 0.110283, 0.110385, 0.110458, 0.111161, 0.111166, 0.111246, 0.111266, 0.111497, 0.11155, 0.111587, 0.111607, 0.11214, 0.112377, 0.112405, 0.112587, 0.112733, 0.11278, 0.11292, 0.112931, 0.112956, 0.113028, 0.113484, 0.113531, 0.11356, 0.114202, 0.114212, 0.114228, 0.114264, 0.114376, 0.114467, 0.114467, 0.114656, 0.115377, 0.115462, 0.115875, 0.116088, 0.116206, 0.116402, 0.117061, 0.11717, 0.117295, 0.117626, 0.117722, 0.117747, 0.117983, 0.118112, 0.118489, 0.118752, 0.118868, 0.119447, 0.119554, 0.119657, 0.119851, 0.120508, 0.120515, 0.120855, 0.121317, 0.122017, 0.122149, 0.122347, 0.122482, 0.122698, 0.123017, 0.12308, 0.123142, 0.123332, 0.12415, 0.124234, 0.124421, 0.124442, 0.124692, 0.125475, 0.125483, 0.125613, 0.125705, 0.125983, 0.126337, 0.126502, 0.126684, 0.126686, 0.126713, 0.129662, 0.129753, 0.129777, 0.129875, 0.129943, 0.130582, 0.130638, 0.130794, 0.131055, 0.131087, 0.131111, 0.131482, 0.131502, 0.131578, 0.131966, 0.132102, 0.132348, 0.132563, 0.132991, 0.133097, 0.133387, 0.133427, 0.133445, 0.133593, 0.133819, 0.133909, 0.134426, 0.134656, 0.134773, 0.13493, 0.135125, 0.135515, 0.135673, 0.135934, 0.136313, 0.136334, 0.136821, 0.136848, 0.136856, 0.136898, 0.137041, 0.137272, 0.137327, 0.137347, 0.137445, 0.137542, 0.137599, 0.138066, 0.138171, 0.138244, 0.138574, 0.139047, 0.139116, 0.139138, 0.13944, 0.139659, 0.14018, 0.140332, 0.14103, 0.14114, 0.141211, 0.141799, 0.141812, 0.14269, 0.14295, 0.143093, 0.143187, 0.14356, 0.1438, 0.1438, 0.144012, 0.144029, 0.144206, 0.144705, 0.144817, 0.145028, 0.1453, 0.145541, 0.146456, 0.146687, 0.147006, 0.147053, 0.147095, 0.147098, 0.147445, 0.147467, 0.147541, 0.147609, 0.147696, 0.147993, 0.148563, 0.148757, 0.148994, 0.149414, 0.149561, 0.149576, 0.149672, 0.149735, 0.149782, 0.149784, 0.150226, 0.150267, 0.150522, 0.150647, 0.151172, 0.151583, 0.151586, 0.151813, 0.151949, 0.152069, 0.152137, 0.152293, 0.152321, 0.15334, 0.153448, 0.153773, 0.15387, 0.154141, 0.154242, 0.154412, 0.154528, 