{"sigma_r": 1.2164, "sigma_i": 0.3271, "m": 3, "seed": 199348090, "n_k": {"1": 3954, "2": 1005, "3": 231, "4": 65, "5": 15, "6+": 1}, "dlogr": [0.000227, 0.000412, 0.000458, 0.000584, 0.000643, 0.000799, 0.0008, 0.000815, 0.000941, 0.000941, 0.00106, 0.001114, 0.001266, 0.001281, 0.001309, 0.00138, 0.001491, 0.002179, 0.002446, 0.002565, 0.00257, 0.002587, 0.002617, 0.002624, 0.002795, 0.002911, 0.003031, 0.003036, 0.003246, 0.003438, 0.003474, 0.003579, 0.003637, 0.003695, 0.003908, 0.004156, 0.004382, 0.004526, 0.004529, 0.004782, 0.004789, 0.005005, 0.005028, 0.005207, 0.00533, 0.005528, 0.005582, 0.005663, 0.005721, 0.005772, 0.005812, 0.005906, 0.005985, 0.006217, 0.006235, 0.006285, 0.006736, 0.006739, 0.006893, 0.00727, 0.007489, 0.007519, 0.007658, 0.007698, 0.007789, 0.007934, 0.007947, 0.007956, 0.008011, 0.008178, 0.008243, 0.008314, 0.008364, 0.008365, 0.008535, 0.008602, 0.008727, 0.009065, 0.00919, 0.009248, 0.009276, 0.009306, 0.009467, 0.009495, 0.009744, 0.009789, 0.00979, 0.010042, 0.010117, 0.010939, 0.011184, 0.011326, 0.011402, 0.011624, 0.011965, 0.012114, 0.01213, 0.012162, 0.012225, 0.012266, 0.012304, 0.012305, 0.012519, 0.012572, 0.01271, 0.012786, 0.012786, 0.013068, 0.013361, 0.013392, 0.013558, 0.013956, 0.014096, 0.014126, 0.014473, 0.014517, 0.014525, 0.014536, 0.014642, 0.014689, 0.015083, 0.015118, 0.0152, 0.015407, 0.015426, 0.015466, 0.015499, 0.015507, 0.01565, 0.015685, 0.015709, 0.015826, 0.01614, 0.016146, 0.01621, 0.016248, 0.016439, 0.016473, 0.016737, 0.016767, 0.016809, 0.017102, 0.017228, 0.017397, 0.017416, 0.017426, 0.017613, 0.01789, 0.017898, 0.018157, 0.018282, 0.018403, 0.018408, 0.018427, 0.018431, 0.018639, 0.018666, 0.018679, 0.018804, 0.018955, 0.018997, 0.019144, 0.01932, 0.019392, 0.019538, 0.019729, 0.019772, 0.019823, 0.020168, 0.020281, 0.020318, 0.020451, 0.020766, 0.021324, 0.021556, 0.021559, 0.021917, 0.021965, 0.022074, 0.022082, 0.022134, 0.022137, 0.022243, 0.022243, 0.022367, 0.022469, 0.022521, 0.022559, 0.022565, 0.022969, 0.022975, 0.023011, 0.023049, 0.023197, 0.023513, 0.023822, 0.024082, 0.024111, 0.024364, 0.02478, 0.025452, 0.026607, 0.026817, 0.026932, 0.027045, 0.027409, 0.027436, 0.027448, 0.027496, 0.027539, 0.027623, 0.027651, 0.027727, 0.028096, 0.028379, 0.028445, 0.028468, 0.028689, 0.028867, 0.029045, 0.029368, 0.029662, 0.029722, 0.029808, 0.030136, 0.030355, 0.03039, 0.030474, 0.030561, 0.03081, 0.03104, 0.031428, 0.031458, 0.031504, 0.031521, 0.031623, 0.031718, 0.031979, 0.032099, 0.032125, 0.032175, 0.032226, 0.032596, 0.03304, 0.033234, 0.033285, 0.033443, 0.033472, 0.033603, 0.033742, 0.033959, 0.034168, 0.034419, 0.034439, 0.03444, 0.034496, 0.03467, 0.034677, 0.034906, 0.035353, 0.035504, 0.035756, 0.035819, 0.03596, 0.036091, 0.03612, 0.036447, 0.036802, 0.037005, 0.037175, 0.037255, 0.03749, 0.037533, 0.037673, 0.037711, 0.037869, 0.037964, 0.037982, 0.038006, 0.038173, 0.038211, 0.038283, 0.038292, 0.038341, 0.038515, 0.038545, 0.038636, 0.038642, 0.038761, 0.038811, 0.039147, 0.039171, 0.039234, 0.039572, 0.039622, 0.039937, 0.039995, 0.04002, 0.04008, 0.040095, 0.040417, 0.040687, 0.040872, 0.04093, 0.040942, 0.041341, 0.04138, 0.041709, 0.042017, 0.042395, 0.042497, 0.042778, 0.042943, 0.043103, 0.043357, 0.04381, 0.043957, 0.044097, 0.044291, 0.044452, 0.044526, 0.044943, 0.045074, 0.045146, 0.045168, 0.045176, 0.045203, 0.04524, 0.045413, 0.045618, 0.045775, 0.045931, 0.046081, 0.046255, 0.046415, 0.046761, 0.047068, 0.047123, 0.047166, 0.047411, 0.047489, 0.047507, 0.047613, 0.04776, 0.047788, 0.047887, 0.048029, 0.048125, 0.048135, 0.048632, 0.0487, 0.04871, 0.0489, 0.049113, 0.049227, 0.049283, 0.049414, 0.049439, 0.049695, 0.049853, 0.050148, 0.050168, 0.050317, 0.050372, 0.050377, 0.050471, 0.050512, 0.050684, 0.050745, 0.051256, 0.051531, 0.051555, 0.05183, 0.052194, 0.052494, 0.052775, 0.052819, 0.052848, 0.053269, 0.05327, 0.053394, 0.053602, 0.053605, 0.053783, 0.053934, 0.053939, 0.053959, 0.054006, 0.05409, 0.05416, 0.054547, 0.055044, 0.055701, 0.05573, 0.055897, 0.055986, 0.056134, 0.056157, 0.056309, 0.056453, 0.056552, 0.056609, 0.056776, 0.056843, 0.057237, 0.057242, 0.057297, 0.057387, 0.057547, 0.057682, 0.057705, 0.057752, 0.057926, 0.058009, 0.058026, 0.058233, 0.058391, 0.059243, 0.059262, 0.059274, 0.059509, 0.059552, 0.059615, 0.05969, 0.060036, 0.060072, 0.060093, 0.060134, 0.060212, 0.060547, 0.060555, 0.060678, 0.061112, 0.061334, 0.061419, 0.061429, 0.061498, 0.061683, 0.061688, 0.061696, 0.062002, 0.062031, 0.062131, 0.062421, 0.062703, 0.062747, 0.063029, 0.063033, 0.063048, 0.063111, 0.063323, 0.064029, 0.064129, 0.064431, 0.064844, 0.065054, 0.065234, 0.065368, 0.065635, 0.065643, 0.065761, 0.065761, 0.065803, 0.065892, 0.066028, 0.066077, 0.066267, 0.066269, 0.066383, 0.066724, 0.067011, 0.067018, 0.067209, 0.067538, 0.067677, 0.067919, 0.067937, 0.067938, 0.068317, 0.06832, 0.068355, 0.068428, 0.068781, 0.068806, 0.068976, 0.069339, 0.06944, 0.069571, 0.069976, 0.070001, 0.070029, 0.070075, 0.07016, 0.070184, 0.070223, 0.070245, 0.070325, 0.070378, 0.070535, 0.070701, 0.070798, 0.071309, 0.071353, 0.071383, 0.07143, 0.071432, 0.071724, 0.071733, 0.071809, 0.071919, 0.072204, 0.072322, 0.072436, 0.072946, 0.073069, 0.073194, 0.073246, 0.073323, 0.073466, 0.073502, 0.073808, 0.073816, 0.074058, 0.074214, 0.074305, 0.0744, 0.074453, 0.074811, 0.075499, 0.075551, 0.075564, 0.075748, 0.075997, 0.076099, 0.076196, 0.076215, 0.076313, 0.076383, 0.076961, 0.076962, 0.07722, 0.077326, 0.077421, 0.077432, 0.077734, 0.077929, 0.077988, 0.07805, 0.078059, 0.07809, 0.07833, 0.07847, 0.078697, 0.078796, 0.078875, 0.078902, 0.07894, 0.078979, 0.079323, 0.079586, 0.079708, 0.080072, 0.080173, 0.08032, 0.080354, 0.080444, 0.080451, 0.08079, 0.080836, 0.080928, 0.081026, 0.081259, 0.081295, 0.081308, 0.081641, 0.081925, 0.081985, 0.08271, 0.082835, 0.08285, 0.082928, 0.082996, 0.083309, 0.083381, 0.083383, 0.083464, 0.083848, 0.083926, 0.084057, 0.084072, 0.084273, 0.084498, 0.084996, 0.085491, 0.085747, 0.085908, 0.085939, 0.085973, 0.086004, 0.086122, 0.086129, 0.086141, 0.086224, 0.086282, 0.086423, 0.086564, 0.086583, 0.086791, 0.086851, 0.087099, 0.087178, 0.087188, 0.087438, 0.087889, 0.088166, 0.088182, 0.088487, 0.088512, 0.08909, 0.089163, 0.089713, 0.089732, 0.089762, 0.089768, 0.090486, 0.090536, 0.090554, 0.090591, 0.090613, 0.090873, 0.091105, 0.091156, 0.091352, 0.091479, 0.091534, 0.091612, 0.091833, 0.092215, 0.09228, 0.092379, 0.092698, 0.092879, 0.093381, 0.09388, 0.094135, 0.094395, 0.09445, 0.094549, 0.094569, 0.094643, 0.094751, 0.094767, 0.094791, 0.094793, 0.094865, 0.094943, 0.09496, 0.095141, 0.095155, 0.095216, 0.09528, 0.095517, 0.095558, 0.095559, 0.095882, 0.095902, 0.09592, 0.096015, 0.096046, 0.096543, 0.096673, 0.096865, 0.097158, 0.097551, 0.097843, 0.097852, 0.097928, 0.098246, 0.098308, 0.098567, 0.098846, 0.099177, 0.099492, 0.099638, 0.099725, 0.099822, 0.100212, 0.100439, 0.100647, 0.101042, 0.10117, 0.101287, 0.101523, 0.101651, 0.101846, 0.101879, 0.102009, 0.102302, 0.102322, 0.102409, 0.10261, 0.103088, 0.103148, 0.1034, 0.103436, 0.103659, 0.103753, 0.104064, 0.104162, 0.104225, 0.104407, 0.104746, 0.105474, 0.105657, 0.105786, 0.105835, 0.106076, 0.106161, 0.106231, 0.106307, 0.106398, 0.106843, 0.107219, 0.107467, 0.10774, 0.107977, 0.108244, 0.108475, 0.10886, 0.109087, 0.109485, 0.109538, 0.109646, 0.109877, 0.110018, 0.110185, 0.11027, 0.110278, 0.110406, 0.110502, 0.110559, 0.111002, 0.111007, 0.111036, 0.111342, 0.111347, 0.111387, 0.111556, 0.111559, 0.111808, 0.112648, 0.112679, 0.112736, 0.113037, 0.113097, 0.113256, 0.1133, 0.113751, 0.113757, 0.113849, 0.114263, 0.114861, 0.115121, 0.115319, 0.115353, 0.115531, 0.115605, 0.115819, 0.11594, 0.116267, 0.116364, 0.116478, 0.116898, 0.116901, 0.117478, 0.117563, 0.117631, 0.117866, 0.118172, 0.118311, 0.118447, 0.118467, 0.118484, 0.118864, 0.118914, 0.119178, 0.119253, 0.119425, 0.119487, 0.1197, 0.119781, 0.119995, 0.120442, 