{"sigma_r": 1.9103, "sigma_i": 1.1186, "m": 2, "seed": 2432931735, "n_k": {"1": 3541, "2": 861, "3": 191, "4": 42, "5": 5, "6+": 1}, "dlogr": [0.00036, 0.000745, 0.000795, 0.001134, 0.001369, 0.001449, 0.001476, 0.001601, 0.001758, 0.001878, 0.002106, 0.002149, 0.002187, 0.002231, 0.002243, 0.002323, 0.002353, 0.002677, 0.003252, 0.00326, 0.003275, 0.003317, 0.003349, 0.003397, 0.00348, 0.003506, 0.003517, 0.003578, 0.004066, 0.004141, 0.004231, 0.004354, 0.004536, 0.004811, 0.00519, 0.005884, 0.006017, 0.00623, 0.00649, 0.006606, 0.006696, 0.006713, 0.006823, 0.006837, 0.007176, 0.007226, 0.00728, 0.007456, 0.007557, 0.007602, 0.007611, 0.007901, 0.008025, 0.00945, 0.009485, 0.009628, 0.009669, 0.009809, 0.009961, 0.010015, 0.010891, 0.01101, 0.011378, 0.011536, 0.011788, 0.011959, 0.012344, 0.012484, 0.012824, 0.012966, 0.012967, 0.013222, 0.013491, 0.013734, 0.013891, 0.013987, 0.01417, 0.014192, 0.014392, 0.014554, 0.014924, 0.014963, 0.015197, 0.015222, 0.015537, 0.01594, 0.015985, 0.016495, 0.016534, 0.016552, 0.016944, 0.016992, 0.017039, 0.017195, 0.017238, 0.017531, 0.017778, 0.017971, 0.018037, 0.018456, 0.018737, 0.01874, 0.019779, 0.019809, 0.020038, 0.02007, 0.020125, 0.020779, 0.021271, 0.021364, 0.021408, 0.021429, 0.021869, 0.02188, 0.021905, 0.021993, 0.022371, 0.022548, 0.022571, 0.022917, 0.022927, 0.023068, 0.0232, 0.023304, 0.023423, 0.023668, 0.024087, 0.024362, 0.025084, 0.025452, 0.025457, 0.025543, 0.025573, 0.025673, 0.02596, 0.025989, 0.026425, 0.026743, 0.027045, 0.027232, 0.027596, 0.027928, 0.028012, 0.028047, 0.028168, 0.028776, 0.028961, 0.028966, 0.029113, 0.029183, 0.029226, 0.029284, 0.02963, 0.029692, 0.029854, 0.029869, 0.029957, 0.029968, 0.030726, 0.030739, 0.030744, 0.030836, 0.031031, 0.031081, 0.031131, 0.031808, 0.031834, 0.031879, 0.032068, 0.033095, 0.033103, 0.033305, 0.033353, 0.033738, 0.034237, 0.034362, 0.034581, 0.034811, 0.035451, 0.035452, 0.035681, 0.035731, 0.035809, 0.035826, 0.035995, 0.03627, 0.03641, 0.036479, 0.036587, 0.03663, 0.036712, 0.036757, 0.037325, 0.037341, 0.037446, 0.037814, 0.037853, 0.037995, 0.038293, 0.038807, 0.038846, 0.038932, 0.038981, 0.039861, 0.040072, 0.04043, 0.040791, 0.040844, 0.040858, 0.040958, 0.041437, 0.042009, 0.042287, 0.042647, 0.043203, 0.043562, 0.043709, 0.044598, 0.044796, 0.045372, 0.045509, 0.045817, 0.045952, 0.046523, 0.046557, 0.046752, 0.046774, 0.046975, 0.047076, 0.047563, 0.047682, 0.0477, 0.047916, 0.048063, 0.048216, 0.04845, 0.048838, 0.049291, 0.049806, 0.050095, 0.0502, 0.050638, 0.05077, 0.050999, 0.051135, 0.051603, 0.05171, 0.052255, 0.052343, 0.052448, 0.052739, 0.052789, 0.053109, 0.053641, 0.053958, 0.054249, 0.054299, 0.054335, 0.054375, 0.054534, 0.054632, 0.05475, 0.054793, 0.0548, 0.054935, 0.054969, 0.055451, 0.055868, 0.055994, 0.056066, 0.05623, 0.056334, 0.056527, 0.056653, 0.056864, 0.056931, 0.057034, 0.057122, 0.057186, 0.05736, 0.057468, 0.057495, 0.057817, 0.058172, 0.058241, 0.058368, 0.05841, 0.058453, 0.058727, 0.058917, 0.059129, 0.059159, 0.059402, 0.05953, 0.05967, 0.05975, 0.059788, 0.060009, 0.060036, 0.060293, 0.060508, 0.06088, 0.061085, 0.061153, 0.061312, 0.061651, 0.061782, 0.061956, 0.062005, 0.063137, 0.063499, 0.063753, 0.063862, 0.06488, 0.065054, 0.065862, 0.065964, 0.065982, 0.066323, 0.066491, 0.066684, 0.06673, 0.06678, 0.066821, 0.067129, 0.067145, 0.067356, 0.067546, 0.067935, 0.068448, 0.069518, 0.069989, 0.070042, 0.070186, 0.070212, 0.071084, 0.07119, 0.071253, 0.071735, 0.071759, 0.071829, 0.071878, 0.071932, 0.07202, 0.072425, 0.073019, 0.07332, 0.073332, 0.073832, 0.073943, 0.074116, 0.074196, 0.074234, 0.074271, 0.074706, 0.074867, 0.075068, 0.075088, 0.075613, 0.076252, 0.076279, 0.07662, 0.076773, 0.077108, 0.077524, 0.077687, 0.077987, 0.078184, 0.078635, 0.078846, 0.079029, 0.079485, 0.079651, 0.079983, 0.080503, 0.080538, 0.080694, 0.080932, 0.081368, 0.081376, 0.081386, 0.081497, 0.081512, 0.082071, 0.082132, 0.082176, 0.082403, 0.08243, 0.082565, 0.083012, 0.083813, 0.083925, 0.084123, 0.084421, 0.084648, 0.085128, 0.085238, 0.085243, 0.085562, 0.085867, 0.085917, 0.0865, 0.086702, 0.086713, 0.087524, 0.087756, 0.087778, 0.088115, 0.088126, 0.088272, 0.088358, 0.088762, 0.08883, 0.08916, 0.089228, 0.089792, 0.089857, 0.090172, 0.090217, 0.090329, 0.090465, 0.090479, 0.090836, 0.090911, 0.090926, 0.091148, 0.091543, 0.091583, 0.091829, 0.092234, 0.092258, 0.092263, 0.092404, 0.092542, 0.092815, 0.092925, 0.093015, 0.093026, 0.093205, 0.093293, 0.093719, 0.093971, 0.094189, 0.094465, 0.095063, 0.095446, 0.095474, 0.095768, 0.096498, 0.096789, 0.096818, 0.096828, 0.097147, 0.097336, 0.097488, 0.097585, 0.09769, 0.098165, 0.099135, 0.099245, 0.099493, 0.099724, 0.10055, 0.100787, 0.100816, 0.101067, 0.101369, 0.101445, 0.102585, 0.102604, 0.102717, 0.102775, 0.102885, 0.102895, 0.102905, 0.103235, 0.103371, 0.103591, 0.103667, 0.103888, 0.10406, 0.104541, 0.104549, 0.104692, 0.104801, 0.104993, 0.105036, 0.105208, 0.105662, 0.106001, 0.106764, 0.106999, 0.107083, 0.107116, 0.107499, 0.107545, 0.107649, 0.107668, 0.108645, 0.108658, 0.108705, 0.108772, 0.108925, 0.109048, 0.109457, 0.110077, 0.11008, 0.11009, 0.110284, 0.110339, 0.111291, 0.111559, 0.111872, 0.111902, 0.112391, 0.112496, 0.112814, 0.113026, 0.113164, 0.113196, 0.113507, 0.1136, 0.113628, 0.113859, 0.113939, 0.11414, 0.114327, 0.114519, 0.114543, 0.11467, 0.114844, 0.11499, 0.115171, 0.115293, 0.115749, 0.115819, 0.116089, 0.116102, 0.116345, 0.116448, 0.116931, 0.116944, 0.117947, 0.118182, 0.118309, 0.118757, 0.119481, 0.119961, 0.120066, 0.120165, 0.120217, 0.120531, 0.120921, 0.1212, 0.121363, 0.121679, 0.121833, 0.121935, 0.122021, 0.122532, 0.122679, 0.122746, 0.123155, 0.123366, 0.123481, 0.124003, 0.124137, 0.124252, 0.1247, 0.124751, 0.12504, 0.125076, 0.125622, 0.125872, 0.125884, 0.126005, 0.126498, 0.127511, 0.127722, 0.127849, 0.128471, 0.128585, 0.128609, 0.12882, 0.128942, 0.129558, 0.129739, 0.130451, 0.130714, 0.130997, 0.131383, 0.131522, 0.131535, 0.131598, 0.13173, 0.131835, 0.132135, 0.132567, 0.133333, 0.133435, 0.133696, 0.133883, 0.134398, 0.134528, 0.13524, 0.135348, 0.135378, 0.135712, 0.135841, 0.135934, 0.136221, 0.136505, 0.136574, 0.137321, 0.137332, 0.137487, 0.137514, 0.138368, 0.138984, 0.13938, 0.139634, 0.139756, 0.139756, 0.139923, 0.140019, 0.140273, 0.140564, 0.140738, 0.140756, 0.140957, 0.141215, 0.141367, 0.142167, 0.142259, 0.142582, 0.142606, 0.142784, 0.143355, 0.143813, 0.143939, 0.143973, 0.144242, 0.144592, 0.144706, 0.145043, 0.145414, 0.145519, 0.146097, 0.14619, 0.146249, 0.146369, 0.14639, 0.146396, 0.146415, 0.146586, 0.146801, 0.148081, 0.148281, 0.148496, 0.14859, 0.148679, 0.149055, 0.149454, 0.149466, 0.15026, 0.150625, 0.15085, 0.151012, 0.151703, 0.151774, 0.152249, 0.152262, 0.152404, 0.152413, 0.152617, 0.153042, 0.153173, 0.153357, 0.153574, 0.153987, 0.153997, 0.154881, 0.155731, 0.15601, 0.156624, 0.156934, 0.157303, 0.158591, 0.158715, 0.158722, 0.159022, 0.159105, 0.159163, 0.159223, 0.159351, 0.160004, 0.160282, 0.160936, 0.16107, 0.161182, 0.161328, 0.162638, 0.162676, 0.163013, 0.164177, 0.164536, 0.164713, 0.165073, 0.165115, 0.165285, 0.166093, 0.167579, 0.167766, 0.167838, 0.168144, 0.169831, 0.169877, 0.171487, 0.171603, 0.171818, 0.172421, 0.172523, 0.172527, 0.172587, 0.172697, 0.173378, 0.173836, 0.174419, 0.174928, 0.175365, 0.176165, 0.176215, 0.176557, 0.176912, 0.176948, 0.177466, 0.177843, 0.17787, 0.178273, 0.178329, 0.178409, 0.17896, 0.179134, 0.179276, 0.179393, 0.180483, 0.180919, 0.181631, 0.182103, 0.182167, 0.182192, 0.182314, 0.182468, 0.182691, 0.182853, 0.183156, 0.183283, 0.183544, 0.183889, 0.184657, 0.185228, 0.185579, 0.185631, 0.185634, 0.186365, 0.186772, 0.186938, 0.18735, 0.187532, 0.188025, 0.188714, 0.189038, 0.189059, 0.189596, 0.189676, 0.189736, 0.189793, 0.190137, 0.190275, 0.190664, 0.191616, 0.191928, 0.19285, 0.192956, 0.193075, 0.193276, 0.193929, 0.194332, 0.194652, 0.194664, 0.194821, 0.195128, 0.195155, 