{"sigma_r": 1.2164, "sigma_i": 1.4304, "m": 0, "seed": 1873264553, "n_k": {"1": 3531, "2": 820, "3": 172, "4": 33, "5": 6, "6+": 0}, "dlogr": [1.4e-05, 0.000497, 0.00054, 0.000572, 0.000843, 0.000855, 0.001201, 0.001254, 0.001422, 0.001477, 0.001669, 0.001696, 0.001699, 0.001742, 0.001792, 0.001812, 0.00217, 0.00248, 0.002492, 0.002575, 0.002884, 0.002913, 0.003108, 0.003422, 0.003484, 0.003859, 0.004054, 0.004096, 0.004421, 0.004552, 0.004649, 0.005308, 0.005771, 0.005792, 0.005806, 0.006171, 0.006184, 0.006305, 0.006507, 0.006964, 0.007038, 0.00743, 0.007684, 0.007709, 0.008308, 0.008421, 0.008454, 0.008475, 0.008597, 0.009071, 0.0092, 0.009663, 0.010378, 0.010706, 0.010878, 0.011118, 0.011343, 0.011447, 0.011708, 0.01175, 0.011763, 0.011916, 0.012088, 0.012091, 0.012575, 0.012737, 0.012784, 0.012851, 0.013516, 0.013528, 0.01374, 0.013835, 0.014193, 0.014831, 0.014944, 0.014953, 0.015017, 0.015116, 0.015417, 0.015465, 0.015514, 0.016194, 0.016203, 0.016353, 0.016671, 0.017022, 0.017423, 0.017828, 0.017846, 0.018036, 0.018039, 0.018306, 0.018519, 0.018688, 0.018767, 0.019021, 0.019137, 0.019754, 0.020484, 0.020865, 0.02102, 0.021076, 0.021328, 0.02145, 0.021459, 0.021588, 0.021603, 0.021817, 0.022036, 0.022037, 0.022287, 0.022529, 0.022864, 0.02288, 0.022934, 0.022963, 0.023125, 0.023502, 0.0236, 0.023872, 0.024076, 0.024214, 0.024939, 0.02496, 0.025057, 0.025141, 0.025277, 0.025295, 0.025378, 0.026347, 0.02643, 0.026826, 0.026873, 0.026874, 0.0271, 0.027342, 0.027391, 0.027719, 0.028233, 0.02868, 0.028749, 0.028966, 0.029185, 0.029233, 0.029384, 0.029393, 0.029448, 0.029492, 0.029904, 0.030042, 0.030454, 0.030505, 0.030657, 0.030835, 0.031027, 0.031068, 0.031169, 0.03122, 0.031551, 0.03185, 0.032039, 0.032082, 0.032489, 0.032501, 0.033053, 0.033098, 0.03322, 0.033365, 0.033628, 0.033863, 0.034629, 0.034742, 0.034888, 0.034972, 0.035313, 0.03532, 0.035937, 0.035952, 0.036384, 0.037271, 0.037397, 0.0374, 0.037665, 0.037761, 0.038454, 0.038499, 0.039032, 0.039289, 0.03945, 0.040277, 0.040367, 0.040542, 0.040581, 0.040582, 0.040739, 0.041056, 0.041518, 0.041901, 0.041973, 0.042333, 0.042778, 0.042795, 0.042815, 0.043037, 0.043076, 0.043089, 0.044096, 0.044107, 0.04422, 0.04425, 0.044319, 0.044442, 0.044605, 0.044647, 0.044652, 0.044697, 0.044826, 0.045069, 0.04545, 0.04546, 0.045607, 0.045617, 0.045672, 0.045996, 0.046111, 0.046688, 0.046717, 0.047011, 0.047078, 0.047487, 0.047901, 0.048368, 0.048413, 0.04848, 0.048648, 0.049084, 0.049499, 0.049848, 0.050272, 0.050803, 0.051027, 0.05131, 0.051337, 0.051902, 0.052165, 0.052583, 0.052742, 0.052766, 0.053265, 0.05369, 0.053904, 0.053912, 0.054467, 0.05481, 0.054816, 0.054869, 0.054973, 0.054975, 0.055126, 0.055269, 0.0555, 0.055674, 0.055699, 0.055717, 0.055741, 0.055861, 0.056002, 0.05687, 0.057046, 0.057093, 0.057341, 0.057578, 0.057662, 0.057702, 0.05774, 0.057782, 0.057916, 0.058113, 0.058677, 0.058849, 0.059196, 0.059476, 0.060371, 0.060654, 0.061046, 0.061615, 0.061676, 0.06215, 0.062538, 0.06257, 0.062757, 0.063071, 0.063334, 0.063632, 0.063645, 0.06429, 0.064549, 0.064612, 0.064687, 0.064796, 0.065606, 0.065709, 0.065766, 0.065829, 0.065896, 0.065969, 0.066262, 0.066567, 0.066643, 0.066756, 0.066855, 0.066858, 0.066926, 0.067404, 0.067848, 0.068388, 0.06845, 0.068673, 0.069082, 0.069419, 0.069747, 0.069952, 0.070108, 0.070138, 0.070589, 0.070778, 0.071006, 0.071125, 0.071287, 0.071492, 0.07154, 0.07154, 0.071556, 0.0716, 0.071841, 0.071848, 0.071865, 0.07238, 0.072389, 0.07244, 0.072444, 0.0727, 0.072853, 0.073026, 0.073067, 0.073077, 0.073267, 0.073277, 0.073382, 0.073738, 0.073863, 0.073905, 0.073973, 0.074254, 0.074292, 0.074383, 0.075153, 0.075166, 0.075176, 0.075342, 0.075645, 0.075774, 0.075812, 0.075863, 0.076089, 0.07628, 0.076547, 0.076657, 0.077503, 0.077582, 0.078231, 0.078275, 0.078748, 0.078996, 0.079259, 0.079307, 0.079386, 0.079549, 0.079568, 0.079608, 0.079679, 0.080623, 0.081342, 0.081368, 0.081402, 0.081405, 0.081593, 0.081781, 0.08214, 0.082883, 0.083003, 0.083191, 0.08328, 0.084141, 0.084502, 0.084877, 0.085538, 0.08575, 0.085795, 0.086322, 0.086342, 0.086434, 0.086607, 0.087774, 0.088421, 0.088537, 0.088945, 0.089079, 0.089161, 0.089815, 0.090614, 0.09073, 0.090804, 0.091068, 0.091071, 0.091165, 0.091185, 0.091233, 0.091377, 0.091577, 0.091779, 0.092447, 0.092555, 0.093224, 0.093368, 0.0935, 0.094028, 0.094049, 0.094276, 0.094462, 0.094561, 0.094584, 0.095112, 0.095589, 0.096203, 0.09635, 0.096555, 0.096627, 0.096706, 0.096802, 0.096887, 0.097039, 0.097116, 0.097131, 0.097384, 0.09745, 0.097587, 0.097647, 0.097757, 0.097889, 0.098079, 0.098385, 0.098664, 0.098692, 0.098788, 0.098793, 0.098913, 0.098925, 0.098989, 0.099024, 0.099345, 0.099557, 0.099667, 0.100033, 0.100544, 0.100617, 0.100911, 0.101326, 0.10148, 0.101939, 0.102308, 0.102343, 0.102401, 0.102479, 0.102922, 0.103068, 0.103102, 0.103137, 0.103273, 0.103503, 0.103747, 0.103854, 0.104036, 0.104084, 0.104171, 0.104195, 0.104553, 0.104956, 0.105169, 0.105467, 0.105707, 0.105973, 0.106061, 0.106576, 0.106833, 0.107001, 0.107098, 0.107203, 0.10748, 0.107546, 0.107728, 0.107741, 0.107797, 0.107897, 0.107899, 0.108056, 0.10815, 0.108288, 0.108298, 0.1095, 0.110443, 0.110664, 0.110892, 0.110955, 0.110958, 0.111033, 0.111247, 0.111472, 0.111648, 0.112235, 0.112393, 0.112426, 0.112463, 0.11274, 0.112975, 0.113169, 0.113186, 0.113287, 0.113356, 0.113379, 0.11355, 0.113742, 0.113792, 0.113999, 0.114527, 0.114739, 0.114939, 0.115338, 0.115447, 0.115538, 0.115726, 0.115816, 0.116266, 0.116299, 0.116415, 0.11676, 0.117044, 0.117558, 0.117853, 0.117862, 0.118246, 0.118584, 0.118765, 0.118848, 0.119169, 0.119336, 0.11942, 0.119576, 0.11962, 0.11971, 0.119836, 0.12098, 0.121041, 0.121075, 0.121217, 0.121806, 0.122103, 0.122787, 0.12289, 0.124835, 0.124934, 0.125037, 0.125081, 0.125249, 0.125342, 0.125509, 0.125577, 0.125833, 0.125986, 0.126112, 0.126178, 0.12636, 0.126366, 0.12678, 0.127729, 0.127826, 0.128026, 0.128104, 0.128837, 0.129, 0.129528, 0.129947, 0.130094, 0.130413, 0.130489, 0.130569, 0.130867, 0.130996, 0.131384, 0.131649, 0.131919, 0.131949, 0.132148, 0.132229, 0.13228, 0.13285, 0.132869, 0.133023, 0.133317, 0.133387, 0.133583, 0.133782, 0.133969, 0.134101, 0.134502, 0.134516, 0.134842, 0.13539, 0.135524, 0.135629, 0.136263, 0.136283, 0.136398, 0.136592, 0.136709, 0.136853, 0.137043, 0.137289, 0.137737, 0.137788, 0.137832, 0.138072, 0.138627, 0.139047, 0.13958, 0.140024, 0.14021, 0.140991, 0.141808, 0.141955, 0.142138, 0.142478, 0.142927, 0.143279, 0.143515, 0.143666, 0.144147, 0.144698, 0.144945, 0.145134, 0.145255, 0.145604, 0.145935, 0.146125, 0.146422, 0.146665, 0.147, 0.147083, 0.147599, 0.147602, 0.148052, 0.148139, 0.148141, 0.148146, 0.148744, 0.148889, 0.149318, 0.149364, 0.149506, 0.149525, 0.14967, 0.149699, 0.149761, 0.149918, 0.150168, 0.150243, 0.150411, 0.150564, 0.15078, 0.150949, 0.151004, 0.151089, 0.151388, 0.151443, 0.15249, 0.152534, 0.152706, 0.152976, 0.153122, 0.153426, 0.154198, 0.154277, 0.154303, 0.154365, 0.154894, 0.155326, 0.155512, 0.155821, 0.156172, 0.156545, 0.156651, 0.156745, 0.157584, 0.157696, 0.157777, 0.15825, 0.158634, 0.159267, 0.15928, 0.159317, 0.159548, 0.159596, 0.159614, 0.159772, 0.160127, 0.160245, 0.160285, 0.160364, 0.160715, 0.160727, 0.160735, 0.16079, 0.161707, 0.161732, 0.162137, 0.162345, 0.162388, 0.162493, 0.162503, 0.162589, 0.162745, 0.164582, 0.165841, 0.165955, 0.166161, 0.166956, 0.167073, 0.167367, 0.167405, 0.16764, 0.168465, 0.168746, 0.168882, 0.169264, 0.16942, 0.169501, 0.169729, 0.170883, 0.171024, 0.17107, 0.171502, 0.171749, 0.172036, 0.172059, 0.172173, 0.172246, 0.17228, 0.172697, 0.172782, 0.172974, 0.173299, 0.173318, 0.173902, 0.17419, 0.174326, 0.174372, 0.174417, 0.175027, 0.175071, 0.175741, 0.175954, 0.176518, 0.176683, 0.177755, 0.177997, 0.178844, 0.17913, 0.179308, 0.179459, 0.180192, 0.180465, 0.180733, 0.181349, 0.181506, 0.181894, 0.182136, 0.182412, 0.183057, 0.183829, 0.184271, 0.18455, 0.184827, 0.185234, 0.185298, 0.185557, 