{"sigma_r": 3.0, "sigma_i": 0.2558, "m": 4, "seed": 90749099, "n_k": {"1": 3317, "2": 793, "3": 233, "4": 52, "5": 14, "6+": 2}, "dlogr": [0.0, 0.0, 0.000361, 0.000409, 0.000461, 0.000511, 0.000608, 0.000744, 0.000896, 0.000964, 0.001061, 0.001484, 0.00186, 0.002009, 0.002056, 0.002485, 0.002611, 0.002655, 0.003178, 0.00339, 0.003418, 0.003862, 0.003934, 0.004128, 0.004201, 0.004667, 0.004818, 0.005195, 0.005659, 0.005805, 0.00692, 0.00758, 0.007614, 0.007633, 0.008008, 0.008334, 0.008779, 0.008886, 0.008981, 0.009117, 0.009522, 0.009747, 0.009821, 0.009867, 0.010004, 0.010049, 0.010577, 0.01067, 0.010703, 0.010766, 0.010778, 0.011507, 0.011833, 0.011953, 0.012316, 0.012688, 0.01322, 0.013368, 0.01347, 0.01359, 0.013723, 0.01391, 0.01453, 0.014606, 0.014611, 0.015009, 0.015383, 0.015432, 0.015677, 0.015886, 0.016013, 0.01605, 0.016365, 0.016536, 0.016925, 0.016978, 0.017029, 0.017111, 0.01722, 0.017469, 0.017633, 0.017803, 0.017812, 0.01787, 0.01807, 0.018348, 0.019025, 0.019425, 0.019458, 0.019507, 0.019551, 0.019872, 0.01997, 0.020048, 0.020071, 0.020077, 0.020342, 0.020615, 0.021113, 0.021174, 0.021184, 0.021208, 0.021297, 0.021422, 0.021622, 0.021651, 0.021876, 0.022258, 0.022261, 0.0223, 0.022426, 0.022466, 0.022739, 0.022855, 0.022953, 0.023202, 0.023235, 0.024064, 0.02485, 0.025309, 0.025335, 0.025441, 0.025534, 0.025546, 0.02576, 0.025916, 0.025946, 0.026205, 0.026313, 0.026347, 0.026486, 0.026581, 0.026956, 0.027101, 0.027196, 0.027558, 0.02761, 0.027659, 0.027946, 0.028118, 0.028192, 0.028694, 0.028716, 0.02872, 0.028721, 0.029316, 0.029634, 0.029734, 0.029996, 0.030059, 0.030059, 0.030413, 0.030455, 0.030527, 0.030598, 0.03088, 0.031239, 0.031245, 0.031568, 0.03158, 0.031886, 0.032095, 0.032308, 0.032489, 0.03277, 0.032771, 0.032863, 0.032872, 0.032911, 0.032998, 0.033006, 0.03354, 0.03419, 0.034274, 0.034478, 0.034513, 0.034806, 0.03482, 0.035414, 0.035422, 0.035575, 0.035658, 0.035906, 0.036031, 0.036064, 0.036161, 0.036542, 0.036658, 0.036799, 0.036942, 0.037172, 0.037402, 0.037428, 0.037672, 0.037756, 0.037947, 0.037952, 0.038215, 0.038225, 0.038467, 0.03872, 0.038946, 0.03905, 0.039313, 0.03934, 0.039685, 0.039783, 0.039801, 0.039874, 0.040077, 0.040236, 0.04063, 0.040879, 0.040885, 0.040989, 0.041365, 0.041945, 0.042154, 0.042164, 0.042211, 0.042253, 0.042311, 0.042465, 0.042677, 0.04319, 0.043229, 0.043251, 0.043428, 0.043583, 0.043652, 0.043744, 0.043751, 0.04378, 0.044034, 0.044204, 0.044276, 0.044359, 0.044634, 0.044903, 0.04504, 0.045053, 0.045683, 0.045752, 0.046627, 0.04702, 0.047145, 0.047357, 0.047538, 0.047559, 0.047625, 0.048065, 0.048148, 0.048262, 0.048958, 0.049004, 0.049043, 0.049795, 0.050128, 0.050315, 0.050467, 0.050583, 0.050656, 0.050875, 0.050962, 0.051162, 0.051177, 0.051638, 0.051677, 0.051717, 0.052256, 0.052496, 0.052595, 0.052849, 0.053186, 0.053435, 0.053479, 0.053661, 0.053907, 0.053943, 0.053964, 0.054049, 0.054253, 0.05436, 0.054695, 0.054866, 0.054885, 0.055063, 0.05516, 0.055375, 0.055434, 0.055692, 0.055881, 0.05611, 0.056788, 0.056817, 0.056936, 0.057111, 0.057114, 0.057196, 0.057444, 0.057825, 0.058445, 0.058821, 0.059645, 0.060198, 0.060502, 0.060977, 0.061142, 0.061237, 0.061275, 0.061281, 0.061371, 0.061531, 0.061844, 0.061965, 0.06223, 0.062271, 0.062445, 0.06277, 0.062807, 0.062942, 0.063051, 0.063125, 0.063132, 0.063423, 0.063484, 0.063519, 0.06369, 0.063695, 0.063752, 0.063839, 0.063921, 0.063997, 0.064026, 0.064328, 0.064385, 0.064483, 0.06453, 0.064605, 0.065016, 0.065193, 0.065243, 0.065544, 0.065797, 0.065995, 0.066208, 0.06681, 0.066913, 0.066931, 0.067111, 0.067509, 0.068064, 0.068169, 0.068202, 0.068328, 0.068578, 0.0686, 0.069111, 0.06919, 0.069237, 0.069275, 0.069363, 0.069725, 0.06978, 0.069819, 0.06984, 0.070506, 0.070817, 0.071146, 0.071357, 0.071387, 0.071518, 0.071642, 0.072575, 0.073211, 0.073558, 0.073597, 0.073831, 0.073951, 0.074062, 0.07414, 0.074251, 0.074319, 0.074484, 0.074686, 0.074894, 0.074942, 0.075121, 0.075209, 0.075214, 0.075286, 0.075678, 0.076259, 0.076368, 0.076414, 0.076493, 0.07763, 0.077809, 0.078036, 0.078241, 0.07828, 0.078321, 0.078653, 0.079106, 0.079209, 0.079264, 0.07958, 0.080132, 0.080192, 0.080234, 0.080388, 0.080863, 0.080904, 0.081026, 0.081276, 0.081647, 0.081841, 0.081903, 0.082268, 0.08232, 0.082351, 0.082807, 0.082832, 0.08286, 0.083536, 0.083618, 0.083717, 0.083902, 0.084062, 0.084172, 0.08437, 0.085094, 0.085498, 0.085561, 0.085651, 0.085864, 0.086333, 0.086334, 0.086641, 0.087145, 0.087216, 0.08752, 0.087907, 0.088319, 0.088368, 0.08844, 0.088485, 0.088797, 0.08884, 0.089414, 0.089461, 0.089619, 0.090112, 0.090189, 0.090499, 0.090637, 0.090686, 0.090716, 0.090834, 0.090949, 0.090963, 0.090982, 0.091368, 0.091708, 0.091721, 0.092044, 0.092311, 0.092345, 0.09249, 0.0936, 0.093679, 0.093794, 0.093948, 0.094037, 0.09447, 0.094822, 0.09572, 0.09583, 0.096165, 0.096244, 0.096265, 0.096357, 0.096594, 0.096863, 0.097818, 0.097948, 0.09806, 0.09819, 0.098721, 0.098752, 0.098797, 0.099349, 0.100396, 0.102284, 0.102348, 0.102362, 0.102373, 0.102428, 0.102436, 0.103191, 0.103312, 0.105388, 0.105442, 0.105513, 0.105531, 0.105687, 0.106003, 0.106281, 0.106345, 0.106752, 0.107029, 0.107416, 0.107684, 0.107792, 0.107988, 0.108166, 0.10829, 0.108311, 0.108492, 0.108554, 0.108781, 0.10883, 0.108952, 0.108972, 0.109299, 0.109379, 0.109492, 0.109716, 0.109783, 0.109804, 0.109911, 0.109954, 0.110017, 0.11008, 0.110603, 0.11095, 0.111161, 0.111282, 0.111375, 0.111407, 0.111667, 0.111932, 0.11216, 0.112192, 0.112908, 0.11294, 0.113244, 0.114236, 0.114289, 0.114569, 0.114639, 0.114884, 0.114956, 0.11554, 0.115598, 0.115765, 0.116547, 0.116746, 0.116895, 0.117057, 0.117149, 0.117187, 0.117231, 0.11736, 0.117481, 0.117551, 0.118095, 0.118163, 0.11834, 0.118526, 0.118976, 0.119011, 0.119076, 0.120433, 0.120774, 0.121168, 0.121344, 0.121516, 0.121578, 0.121651, 0.121887, 0.121908, 0.12197, 0.122662, 0.123354, 0.123596, 0.123839, 0.123859, 0.124249, 0.124372, 0.124609, 0.124627, 0.124691, 0.124723, 0.124978, 0.125198, 0.125723, 0.125788, 0.125882, 0.126006, 0.126095, 0.126113, 0.126206, 0.126506, 0.12741, 0.127846, 0.128755, 0.128978, 0.12932, 0.129364, 0.129406, 0.130604, 0.130624, 0.13106, 0.131099, 0.131137, 0.13115, 0.131761, 0.131797, 0.132249, 0.132276, 0.132479, 0.132725, 0.132904, 0.133357, 0.133387, 0.133676, 0.134018, 0.134248, 0.134347, 0.134364, 0.13437, 0.134721, 0.135094, 0.135192, 0.135237, 0.135741, 0.135792, 0.136391, 0.13646, 0.136535, 0.13654, 0.136739, 0.137032, 0.137127, 0.137338, 0.137552, 0.13789, 0.138248, 0.138426, 0.138696, 0.138898, 0.139005, 0.139019, 0.139076, 0.139426, 0.139589, 0.140199, 0.140246, 0.14131, 0.141844, 0.142217, 0.142572, 0.142867, 0.143126, 0.143246, 0.143485, 0.143953, 0.144041, 0.144218, 0.14453, 0.144841, 0.144871, 0.146128, 0.14616, 0.146263, 0.146377, 0.146514, 0.146814, 0.147395, 0.147542, 0.147577, 0.147928, 0.148476, 0.148518, 0.148678, 0.148763, 0.149021, 0.149191, 0.149422, 0.149824, 0.149911, 0.150036, 0.150094, 0.150647, 0.151119, 0.151594, 0.151765, 0.151769, 0.152811, 0.152843, 0.152962, 0.152988, 0.153356, 0.153925, 0.154068, 0.154158, 0.154214, 0.154398, 0.154705, 0.154796, 0.154913, 0.155127, 0.155313, 0.155462, 0.155752, 0.155798, 0.156028, 0.156142, 0.156219, 0.156328, 0.156502, 0.156575, 0.156969, 0.157373, 0.157584, 0.158002, 0.158173, 0.158992, 0.159074, 0.159495, 0.160032, 0.160104, 0.160185, 0.160273, 0.160768, 0.160859, 0.160955, 0.161221, 0.161295, 0.161855, 0.162204, 0.162808, 0.163325, 0.163352, 0.163878, 0.163904, 0.164949, 0.165388, 0.165489, 0.166103, 0.16636, 0.166402, 0.166765, 0.166803, 0.167209, 0.167346, 0.16761, 0.167776, 0.167976, 0.168123, 0.168124, 0.168472, 0.168824, 0.169221, 0.169453, 0.169559, 0.169625, 0.169868, 0.169883, 0.170149, 0.170294, 0.171415, 0.172153, 0.172257, 0.173006, 0.173117, 0.173293, 0.173466, 0.173548, 0.173608, 0.173944, 0.173988, 0.1744, 0.175147, 0.175211, 0.175298, 0.17579, 0.175832, 0.175876, 0.176187, 0.176329, 0.176672, 0.176931, 0.177021, 0.17725, 