{"sigma_r": 1.9103, "sigma_i": 0.8747, "m": 3, "seed": 3385415779, "n_k": {"1": 3428, "2": 853, "3": 230, "4": 43, "5": 11, "6+": 1}, "dlogr": [0.000234, 0.000313, 0.000682, 0.000767, 0.00082, 0.000824, 0.001491, 0.002319, 0.002852, 0.003234, 0.003427, 0.003682, 0.003881, 0.003945, 0.004006, 0.004318, 0.004752, 0.004782, 0.004834, 0.005062, 0.005127, 0.005142, 0.005635, 0.005709, 0.005789, 0.005984, 0.006059, 0.006123, 0.006198, 0.006299, 0.006394, 0.007128, 0.007422, 0.007518, 0.007775, 0.008122, 0.008485, 0.0088, 0.008816, 0.009188, 0.009375, 0.009495, 0.009675, 0.009718, 0.009851, 0.009952, 0.010179, 0.010181, 0.010326, 0.010563, 0.010964, 0.011284, 0.01151, 0.011526, 0.011878, 0.011921, 0.012043, 0.012287, 0.013159, 0.013301, 0.013431, 0.013528, 0.013534, 0.013553, 0.014196, 0.014201, 0.015047, 0.015222, 0.01537, 0.015392, 0.01553, 0.015702, 0.01575, 0.015862, 0.01595, 0.016239, 0.016649, 0.016681, 0.016849, 0.016969, 0.017071, 0.017392, 0.017423, 0.017665, 0.01822, 0.018226, 0.01847, 0.018798, 0.018936, 0.019177, 0.019602, 0.019734, 0.020064, 0.020197, 0.02047, 0.020509, 0.020544, 0.02072, 0.020772, 0.020775, 0.021029, 0.021211, 0.021379, 0.021575, 0.021868, 0.022217, 0.022226, 0.022242, 0.022374, 0.022613, 0.023065, 0.02362, 0.023688, 0.023934, 0.024128, 0.024312, 0.024417, 0.024594, 0.024671, 0.024929, 0.025006, 0.025074, 0.02511, 0.025701, 0.025739, 0.025748, 0.025806, 0.025977, 0.026005, 0.026033, 0.026157, 0.026748, 0.026994, 0.027002, 0.027074, 0.027324, 0.027417, 0.027541, 0.027621, 0.027873, 0.027952, 0.028037, 0.028677, 0.028963, 0.029094, 0.029165, 0.029329, 0.02938, 0.029722, 0.029961, 0.030314, 0.030409, 0.03042, 0.030536, 0.030552, 0.030575, 0.031092, 0.03113, 0.031386, 0.031436, 0.031662, 0.031814, 0.03225, 0.032324, 0.032357, 0.032372, 0.032431, 0.032464, 0.032608, 0.032926, 0.033285, 0.033479, 0.033528, 0.033609, 0.033731, 0.033935, 0.033982, 0.034222, 0.034951, 0.034989, 0.035357, 0.035634, 0.036201, 0.036362, 0.036411, 0.036455, 0.036586, 0.036721, 0.036942, 0.037389, 0.03741, 0.037412, 0.037508, 0.037578, 0.037695, 0.03781, 0.03783, 0.038515, 0.038534, 0.039174, 0.039495, 0.039929, 0.040022, 0.040298, 0.040381, 0.040735, 0.041268, 0.041629, 0.041726, 0.04185, 0.042168, 0.042376, 0.042417, 0.042563, 0.042613, 0.042705, 0.043028, 0.043433, 0.043763, 0.043833, 0.043906, 0.044224, 0.044364, 0.044642, 0.045105, 0.045394, 0.04575, 0.045788, 0.046102, 0.046146, 0.046731, 0.047352, 0.04757, 0.048018, 0.048219, 0.048294, 0.048678, 0.048923, 0.050006, 0.050017, 0.050032, 0.050036, 0.050057, 0.050123, 0.050239, 0.050935, 0.05136, 0.051931, 0.051999, 0.052156, 0.052196, 0.052433, 0.052641, 0.05265, 0.05276, 0.052805, 0.053002, 0.053125, 0.053156, 0.053192, 0.053277, 0.053406, 0.053421, 0.053646, 0.053904, 0.053907, 0.053997, 0.054337, 0.054406, 0.054417, 0.054678, 0.054835, 0.054841, 0.055053, 0.055532, 0.05563, 0.055698, 0.055805, 0.055967, 0.056146, 0.056147, 0.056232, 0.057122, 0.05748, 0.057488, 0.057649, 0.057702, 0.057837, 0.05796, 0.058187, 0.058389, 0.058693, 0.058855, 0.059061, 0.059117, 0.059576, 0.060214, 0.060655, 0.060721, 0.060776, 0.061103, 0.061203, 0.06129, 0.061477, 0.062147, 0.06217, 0.062484, 0.062501, 0.062532, 0.063364, 0.063931, 0.064301, 0.064471, 0.064889, 0.065335, 0.065419, 0.066003, 0.066072, 0.066253, 0.066348, 0.066367, 0.06643, 0.066465, 0.066572, 0.066954, 0.06706, 0.06713, 0.067501, 0.067573, 0.067627, 0.067882, 0.067896, 0.067958, 0.068012, 0.06822, 0.068286, 0.068342, 0.068611, 0.068766, 0.068773, 0.068947, 0.068965, 0.068982, 0.069021, 0.069041, 0.069089, 0.069399, 0.069557, 0.069575, 0.069576, 0.069593, 0.069668, 0.069777, 0.07, 0.070245, 0.070348, 0.070684, 0.070733, 0.070944, 0.071107, 0.07123, 0.071295, 0.071423, 0.071423, 0.07149, 0.071542, 0.071632, 0.072479, 0.072511, 0.072518, 0.072573, 0.072916, 0.073637, 0.073777, 0.074063, 0.074292, 0.074307, 0.074652, 0.074808, 0.074989, 0.075015, 0.075222, 0.075716, 0.075738, 0.076239, 0.076507, 0.076849, 0.077188, 0.077684, 0.077767, 0.077954, 0.078044, 0.078107, 0.078294, 0.078429, 0.07853, 0.078536, 0.079271, 0.079394, 0.079668, 0.07974, 0.079788, 0.079909, 0.08013, 0.08014, 0.080202, 0.080223, 0.080271, 0.08032, 0.080495, 0.080614, 0.080657, 0.080742, 0.0809, 0.080931, 0.082452, 0.082596, 0.082643, 0.083174, 0.083773, 0.083825, 0.08395, 0.084155, 0.085244, 0.085424, 0.085794, 0.085824, 0.086084, 0.086242, 0.086579, 0.086987, 0.0873, 0.087381, 0.087476, 0.087556, 0.087651, 0.087889, 0.087913, 0.088706, 0.089044, 0.089825, 0.090227, 0.090394, 0.090585, 0.090594, 0.091443, 0.091718, 0.09209, 0.092147, 0.092155, 0.092241, 0.09251, 0.092541, 0.092952, 0.093111, 0.093112, 0.093762, 0.093782, 0.093799, 0.094072, 0.094193, 0.094482, 0.094667, 0.094816, 0.09494, 0.095005, 0.095064, 0.095174, 0.096353, 0.096362, 0.096423, 0.096883, 0.097427, 0.097859, 0.098062, 0.098264, 0.098379, 0.09847, 0.098523, 0.098563, 0.098678, 0.098687, 0.098887, 0.099014, 0.099355, 0.099392, 0.099548, 0.100085, 0.10074, 0.100752, 0.100773, 0.101016, 0.101597, 0.102225, 0.10233, 0.10243, 0.102731, 0.102751, 0.102864, 0.103624, 0.103818, 0.104244, 0.104413, 0.104493, 0.104534, 0.104823, 0.104876, 0.104969, 0.105106, 0.105113, 0.105175, 0.105947, 0.106088, 0.106175, 0.106903, 0.107383, 0.107979, 0.108215, 0.108249, 0.108319, 0.108509, 0.108669, 0.108698, 0.108759, 0.108825, 0.109414, 0.109561, 0.109918, 0.109969, 0.110255, 0.110257, 0.110287, 0.110689, 0.110745, 0.111464, 0.111535, 0.111536, 0.111617, 0.111915, 0.111954, 0.112056, 0.112496, 0.112527, 0.112968, 0.113001, 0.113397, 0.113983, 0.114183, 0.114215, 0.114319, 0.114635, 0.114732, 0.114944, 0.115558, 0.115648, 0.115747, 0.115766, 0.116514, 0.116639, 0.116734, 0.117163, 0.117482, 0.117589, 0.11762, 0.117762, 0.117979, 0.11824, 0.118418, 0.118704, 0.118794, 0.119085, 0.119114, 0.119187, 0.120284, 0.120451, 0.120863, 0.121455, 0.121686, 0.121797, 0.121889, 0.121975, 0.122346, 0.122537, 0.123186, 0.123394, 0.123831, 0.123843, 0.124064, 0.124182, 0.125394, 0.125645, 0.125652, 0.125658, 0.126547, 0.127151, 0.12735, 0.127914, 0.128369, 0.128457, 0.128659, 0.128708, 0.128794, 0.129157, 0.129268, 0.129588, 0.12969, 0.129703, 0.129844, 0.13088, 0.131334, 0.131589, 0.131602, 0.131878, 0.132172, 0.132187, 0.132416, 0.132776, 0.133666, 0.134064, 0.134284, 0.134462, 0.134584, 0.134688, 0.134719, 0.135393, 0.135413, 0.135418, 0.135648, 0.135825, 0.135891, 0.137098, 0.137189, 0.1373, 0.137305, 0.137317, 0.137499, 0.137721, 0.137911, 0.138145, 0.138651, 0.139071, 0.139082, 0.139327, 0.139436, 0.139456, 0.139461, 0.139873, 0.140162, 0.140259, 0.140937, 0.140972, 0.141141, 0.141312, 0.14159, 0.141597, 0.142096, 0.142129, 0.142397, 0.142429, 0.142527, 0.142714, 0.143013, 0.143042, 0.143298, 0.143387, 0.143513, 0.143513, 0.143527, 0.143644, 0.144356, 0.144437, 0.144492, 0.145222, 0.145558, 0.146059, 0.146484, 0.146695, 0.1472, 0.147741, 0.148255, 0.148539, 0.148845, 0.14899, 0.149339, 0.149842, 0.150058, 0.150087, 0.150465, 0.150668, 0.15112, 0.15238, 0.152426, 0.152444, 0.153044, 0.153085, 0.153354, 0.15457, 0.154577, 0.154653, 0.155253, 0.155341, 0.155672, 0.155698, 0.15602, 0.1561, 0.156266, 0.156334, 0.156527, 0.156598, 0.156606, 0.156893, 0.157075, 0.157509, 0.157816, 0.157839, 0.158245, 0.158349, 0.158478, 0.158692, 0.158887, 0.158916, 0.159299, 0.159438, 0.159521, 0.159658, 0.160121, 0.160186, 0.16027, 0.160425, 0.161252, 0.161737, 0.161753, 0.16199, 0.162733, 0.163043, 0.163544, 0.163707, 0.163947, 0.16398, 0.164047, 0.16428, 0.164509, 0.164959, 0.165219, 0.165421, 0.166394, 0.166448, 0.166752, 0.166767, 0.166924, 0.167842, 0.168031, 0.168173, 0.168225, 0.168497, 0.16861, 0.168719, 0.168883, 0.168955, 0.169043, 0.169134, 0.16915, 0.169567, 0.169639, 0.169854, 0.169913, 0.169923, 0.170218, 0.171311, 0.17137, 0.171702, 0.171891, 0.172027, 0.172564, 0.173391, 0.173393, 0.173658, 0.17402, 0.174121, 0.174415, 0.174961, 0.174972, 0.175167, 0.17521, 0.175214, 0.17573, 0.176083, 0.176158, 0.176162, 0.176185, 0.17657, 0.176782, 0.177236, 0.177527, 