{"sigma_r": 1.5244, "sigma_i": 1.4304, "m": 7, "seed": 3063009859, "n_k": {"1": 3636, "2": 841, "3": 189, "4": 28, "5": 6, "6+": 0}, "dlogr": [0.001237, 0.001243, 0.001313, 0.00151, 0.001713, 0.002075, 0.002157, 0.002321, 0.002622, 0.002624, 0.002741, 0.00284, 0.002886, 0.002923, 0.003391, 0.003605, 0.004019, 0.004137, 0.004164, 0.004501, 0.004557, 0.004686, 0.004715, 0.004753, 0.004771, 0.004832, 0.004949, 0.005265, 0.005269, 0.00571, 0.006138, 0.006219, 0.006634, 0.006772, 0.006781, 0.007209, 0.007362, 0.007415, 0.007451, 0.007714, 0.007736, 0.007937, 0.008093, 0.008291, 0.008366, 0.008727, 0.009269, 0.009591, 0.009732, 0.00985, 0.010159, 0.010389, 0.010637, 0.010705, 0.01071, 0.010715, 0.010787, 0.010903, 0.01101, 0.011083, 0.01128, 0.011342, 0.012098, 0.012368, 0.012434, 0.012642, 0.012885, 0.01289, 0.013013, 0.013183, 0.013211, 0.01331, 0.013561, 0.013665, 0.013701, 0.013745, 0.014213, 0.014255, 0.014313, 0.014544, 0.014838, 0.014927, 0.015206, 0.015464, 0.01551, 0.015659, 0.015748, 0.015801, 0.016068, 0.016069, 0.016352, 0.016548, 0.017267, 0.017695, 0.01796, 0.017991, 0.018016, 0.018324, 0.01834, 0.018389, 0.018663, 0.01914, 0.019311, 0.01932, 0.019329, 0.019575, 0.019765, 0.020063, 0.020414, 0.020605, 0.020649, 0.020708, 0.020977, 0.021148, 0.021182, 0.021304, 0.021331, 0.021851, 0.021963, 0.02205, 0.022119, 0.022192, 0.022285, 0.022442, 0.022653, 0.022873, 0.02298, 0.023099, 0.023424, 0.023738, 0.023994, 0.024355, 0.024438, 0.02603, 0.02603, 0.026093, 0.026113, 0.026286, 0.026308, 0.026434, 0.026511, 0.026841, 0.02697, 0.026974, 0.027277, 0.027439, 0.027536, 0.027607, 0.027674, 0.027736, 0.028081, 0.028428, 0.028917, 0.029073, 0.029429, 0.029459, 0.029462, 0.029491, 0.029574, 0.029612, 0.029864, 0.030137, 0.030228, 0.030265, 0.03078, 0.031163, 0.031263, 0.031453, 0.032101, 0.032135, 0.032613, 0.032799, 0.032865, 0.033187, 0.033269, 0.033703, 0.033731, 0.034034, 0.034263, 0.034406, 0.034547, 0.034888, 0.035012, 0.035054, 0.035213, 0.035431, 0.035467, 0.035729, 0.035818, 0.036127, 0.03648, 0.036747, 0.03681, 0.037015, 0.037234, 0.037418, 0.037757, 0.037771, 0.037798, 0.037902, 0.038131, 0.038413, 0.038524, 0.038611, 0.038678, 0.038855, 0.038914, 0.038924, 0.039064, 0.039135, 0.039277, 0.039315, 0.039594, 0.039976, 0.040059, 0.04035, 0.040427, 0.040449, 0.040513, 0.040612, 0.04069, 0.040956, 0.041337, 0.041782, 0.042248, 0.042414, 0.042651, 0.04302, 0.043181, 0.043272, 0.043399, 0.04342, 0.043444, 0.043458, 0.043505, 0.044024, 0.04422, 0.04448, 0.044834, 0.044842, 0.04485, 0.045184, 0.045287, 0.045497, 0.045604, 0.045663, 0.045802, 0.045807, 0.045854, 0.046239, 0.04647, 0.046701, 0.046787, 0.046802, 0.046888, 0.046921, 0.047209, 0.047759, 0.047817, 0.048661, 0.049143, 0.04915, 0.049191, 0.049376, 0.049418, 0.049962, 0.050402, 0.050611, 0.050628, 0.050682, 0.050735, 0.050943, 0.051272, 0.051445, 0.051504, 0.051546, 0.051565, 0.05158, 0.051838, 0.051884, 0.052122, 0.052155, 0.052304, 0.0525, 0.052506, 0.053345, 0.053481, 0.053513, 0.053581, 0.054085, 0.054095, 0.054182, 0.054234, 0.054251, 0.054349, 0.05443, 0.054872, 0.054909, 0.055454, 0.055769, 0.056337, 0.056488, 0.056681, 0.05695, 0.057045, 0.057323, 0.05739, 0.057435, 0.057514, 0.057552, 0.058252, 0.058424, 0.058651, 0.05871, 0.058923, 0.059037, 0.059064, 0.059122, 0.059138, 0.05952, 0.060265, 0.060635, 0.061041, 0.061284, 0.061578, 0.061609, 0.061774, 0.061893, 0.061897, 0.062092, 0.06221, 0.062462, 0.062516, 0.062543, 0.062559, 0.06258, 0.06278, 0.062866, 0.06333, 0.063677, 0.064004, 0.064151, 0.064388, 0.064662, 0.064799, 0.065184, 0.065489, 0.065888, 0.06589, 0.066088, 0.066859, 0.066952, 0.0679, 0.068167, 0.068186, 0.068277, 0.068959, 0.069057, 0.069225, 0.069234, 0.069263, 0.069455, 0.069496, 0.069809, 0.069961, 0.069984, 0.070392, 0.070514, 0.070529, 0.070649, 0.070857, 0.070886, 0.071223, 0.071284, 0.071294, 0.071621, 0.07201, 0.072041, 0.072151, 0.072992, 0.073103, 0.073284, 0.073351, 0.07336, 0.073381, 0.073871, 0.074004, 0.074255, 0.074464, 0.074631, 0.074831, 0.075001, 0.075152, 0.075165, 0.075218, 0.075426, 0.075595, 0.076272, 0.077128, 0.077284, 0.077349, 0.077534, 0.07754, 0.077556, 0.077689, 0.078122, 0.078209, 0.078593, 0.078632, 0.079197, 0.079403, 0.079606, 0.079937, 0.080413, 0.080576, 0.080634, 0.081249, 0.081761, 0.081822, 0.082215, 0.082328, 0.082594, 0.082831, 0.082874, 0.083592, 0.084046, 0.084049, 0.084407, 0.084587, 0.084992, 0.085104, 0.08609, 0.086115, 0.086577, 0.086892, 0.087499, 0.08756, 0.087645, 0.087755, 0.088718, 0.088928, 0.089098, 0.089541, 0.089848, 0.090441, 0.090701, 0.090868, 0.09137, 0.091535, 0.091802, 0.092216, 0.092728, 0.092825, 0.092901, 0.093294, 0.093312, 0.093439, 0.093606, 0.093847, 0.095126, 0.095224, 0.095271, 0.095412, 0.095811, 0.095888, 0.096053, 0.09627, 0.096479, 0.09671, 0.096789, 0.096977, 0.097027, 0.097221, 0.097652, 0.097684, 0.098351, 0.098498, 0.098633, 0.099315, 0.099322, 0.099373, 0.099582, 0.09981, 0.09982, 0.100078, 0.100485, 0.100503, 0.101311, 0.10133, 0.101441, 0.101609, 0.101666, 0.101933, 0.10194, 0.102264, 0.102545, 0.102622, 0.102715, 0.102809, 0.103667, 0.103789, 0.103998, 0.104306, 0.10466, 0.104858, 0.104875, 0.10593, 0.106352, 0.10681, 0.106844, 0.108051, 0.108054, 0.108094, 0.108398, 0.108464, 0.108663, 0.10905, 0.109128, 0.109452, 0.11052, 0.110814, 0.110999, 0.1113, 0.111458, 0.112028, 0.112065, 0.112403, 0.112463, 0.112603, 0.112862, 0.113018, 0.113913, 0.114132, 0.11427, 0.114556, 0.114688, 0.114953, 0.115482, 0.115503, 0.115605, 0.115616, 0.115921, 0.116099, 0.116189, 0.116632, 0.116986, 0.117574, 0.11797, 0.118031, 0.118104, 0.118359, 0.118574, 0.118979, 0.119387, 0.119555, 0.119575, 0.119585, 0.119783, 0.12037, 0.120657, 0.120934, 0.121601, 0.121603, 0.121612, 0.122272, 0.122812, 0.123011, 0.123438, 0.123549, 0.123625, 0.123654, 0.1241, 0.124187, 0.124798, 0.125541, 0.125656, 0.125789, 0.126464, 0.126678, 0.126739, 0.126882, 0.127118, 0.12783, 0.127876, 0.127908, 0.127953, 0.128189, 0.128431, 0.128579, 0.128792, 0.128881, 0.129343, 0.130128, 0.130621, 0.130729, 0.130948, 0.13099, 0.131476, 0.132015, 0.132151, 0.132296, 0.132411, 0.132639, 0.132979, 0.133035, 0.133048, 0.134267, 0.134282, 0.134292, 0.134354, 0.134398, 0.13472, 0.134744, 0.134775, 0.13526, 0.136248, 0.136279, 0.136312, 0.136412, 0.136422, 0.136876, 0.137034, 0.137486, 0.138927, 0.139106, 0.139441, 0.139749, 0.140301, 0.140404, 0.140784, 0.141844, 0.142348, 0.142567, 0.143031, 0.143135, 0.143493, 0.143674, 0.144306, 0.144447, 0.145312, 0.146064, 0.146129, 0.146218, 0.146881, 0.14694, 0.147272, 0.147524, 0.147812, 0.147922, 0.147926, 0.147983, 0.148144, 0.148206, 0.148211, 0.148777, 0.149529, 0.149834, 0.149968, 0.150043, 0.150443, 0.150465, 0.150816, 0.150851, 0.150923, 0.150949, 0.151342, 0.151432, 0.151479, 0.151553, 0.151637, 0.152057, 0.152205, 0.153056, 0.153288, 0.153904, 0.154422, 0.154685, 0.155113, 0.155882, 0.1562, 0.15624, 0.156308, 0.156718, 0.1568, 0.156813, 0.156974, 0.157301, 0.157979, 0.15873, 0.158736, 0.158754, 0.159045, 0.159238, 0.159303, 0.159478, 0.160421, 0.160438, 0.161772, 0.161855, 0.162085, 0.162362, 0.16255, 0.162948, 0.163366, 0.163374, 0.163655, 0.164195, 0.164355, 0.164417, 0.164529, 0.164589, 0.164717, 0.165106, 0.165161, 0.165388, 0.165687, 0.166646, 0.167532, 0.167641, 0.167676, 0.167697, 0.167861, 0.167964, 0.168271, 0.168379, 0.169596, 0.169855, 0.170206, 0.170384, 0.170395, 0.170482, 0.170486, 0.171062, 0.171345, 0.172133, 0.172643, 0.172676, 0.1728, 0.173251, 0.173431, 0.173791, 0.174076, 0.174181, 0.174354, 0.174837, 0.175077, 0.175269, 0.175444, 0.175871, 0.176454, 0.176613, 0.176638, 0.176797, 0.177003, 0.177085, 0.17714, 0.177242, 0.177384, 0.177506, 0.177714, 0.178814, 0.17895, 0.180184, 0.180213, 0.180537, 0.181282, 0.182258, 0.182623, 0.183053, 0.183124, 0.183211, 0.183318, 0.183732, 0.184139, 0.18433, 0.184515, 0.184824, 0.185342, 0.185365, 0.186343, 0.186476, 0.186785, 0.186948, 0.187399, 0.187759, 0.188267, 0.188276, 0.188356, 0.18837, 0.18893, 0.189032, 0.189301, 0.189431, 0.189745, 