{"sigma_r": 1.9103, "sigma_i": 0.8747, "m": 6, "seed": 2719276895, "n_k": {"1": 3357, "2": 871, "3": 205, "4": 56, "5": 7, "6+": 0}, "dlogr": [0.000117, 0.000242, 0.000308, 0.000314, 0.000596, 0.000774, 0.001349, 0.001408, 0.001891, 0.002202, 0.003077, 0.003161, 0.003242, 0.003347, 0.003463, 0.003676, 0.003893, 0.003912, 0.004152, 0.00419, 0.004293, 0.004476, 0.004483, 0.004559, 0.004617, 0.004656, 0.004966, 0.004977, 0.00514, 0.00528, 0.005453, 0.005483, 0.005541, 0.005565, 0.005834, 0.006214, 0.006218, 0.006243, 0.006364, 0.00692, 0.006983, 0.007303, 0.007321, 0.007322, 0.007403, 0.007554, 0.007557, 0.007561, 0.007627, 0.008265, 0.008389, 0.008779, 0.008901, 0.008987, 0.009246, 0.009282, 0.009372, 0.009577, 0.009611, 0.009642, 0.009697, 0.009703, 0.0099, 0.010128, 0.010577, 0.010592, 0.011311, 0.011766, 0.012259, 0.012326, 0.012664, 0.012891, 0.013055, 0.013264, 0.013784, 0.013889, 0.01405, 0.014101, 0.014394, 0.014529, 0.014701, 0.0148, 0.014917, 0.014996, 0.015581, 0.015684, 0.015729, 0.015768, 0.015869, 0.015871, 0.016222, 0.016376, 0.016434, 0.016542, 0.016585, 0.016596, 0.016682, 0.016687, 0.016729, 0.016785, 0.016993, 0.01718, 0.017361, 0.017436, 0.01762, 0.017858, 0.017939, 0.018204, 0.018288, 0.018665, 0.018829, 0.018863, 0.018894, 0.018906, 0.018994, 0.01919, 0.019347, 0.019353, 0.019607, 0.019837, 0.019859, 0.020068, 0.020177, 0.020292, 0.020329, 0.020503, 0.020756, 0.021009, 0.021039, 0.021133, 0.021269, 0.022121, 0.022127, 0.022196, 0.022589, 0.022748, 0.022929, 0.023229, 0.023342, 0.023823, 0.024103, 0.024318, 0.024329, 0.024398, 0.024479, 0.024564, 0.024732, 0.02498, 0.025109, 0.025284, 0.025308, 0.025454, 0.025675, 0.026243, 0.026643, 0.027106, 0.027258, 0.027623, 0.027992, 0.028175, 0.02837, 0.028653, 0.028709, 0.028998, 0.029035, 0.02907, 0.029261, 0.029606, 0.029669, 0.029782, 0.029921, 0.030229, 0.030912, 0.030982, 0.031012, 0.032888, 0.03325, 0.033473, 0.033718, 0.033768, 0.033804, 0.034626, 0.034885, 0.035362, 0.035618, 0.035683, 0.035697, 0.037007, 0.03716, 0.037209, 0.037486, 0.038351, 0.038745, 0.038852, 0.039046, 0.039568, 0.040047, 0.040349, 0.040626, 0.041046, 0.041127, 0.04121, 0.04121, 0.041245, 0.041353, 0.041478, 0.041673, 0.041819, 0.041924, 0.041958, 0.042121, 0.042326, 0.042494, 0.042766, 0.042802, 0.042913, 0.043028, 0.043136, 0.043267, 0.043627, 0.04382, 0.044133, 0.044254, 0.044255, 0.044278, 0.044456, 0.044665, 0.044687, 0.044792, 0.044805, 0.044853, 0.045001, 0.04549, 0.045512, 0.045612, 0.045768, 0.045852, 0.045857, 0.046175, 0.046262, 0.046336, 0.04635, 0.04657, 0.047091, 0.04755, 0.047608, 0.047688, 0.047923, 0.048293, 0.048317, 0.048347, 0.048384, 0.048581, 0.048695, 0.048758, 0.048806, 0.049417, 0.049485, 0.049734, 0.050012, 0.050419, 0.050856, 0.051198, 0.051244, 0.051639, 0.051866, 0.051942, 0.052044, 0.052058, 0.052118, 0.052218, 0.052236, 0.052329, 0.052594, 0.052807, 0.053085, 0.053173, 0.053321, 0.053479, 0.05349, 0.053524, 0.053636, 0.053693, 0.053781, 0.054282, 0.0543, 0.054613, 0.054664, 0.054917, 0.055207, 0.055614, 0.055794, 0.055826, 0.056129, 0.05621, 0.056592, 0.056633, 0.057126, 0.057465, 0.057694, 0.057731, 0.057835, 0.057972, 0.057982, 0.058015, 0.058078, 0.058192, 0.058799, 0.058852, 0.059059, 0.059064, 0.05913, 0.059297, 0.059341, 0.059401, 0.059738, 0.059801, 0.060089, 0.06054, 0.060701, 0.060971, 0.061031, 0.061407, 0.061463, 0.061672, 0.061991, 0.062008, 0.062087, 0.062399, 0.062538, 0.0629, 0.063355, 0.063441, 0.063541, 0.063614, 0.06442, 0.064794, 0.065089, 0.065162, 0.065505, 0.065594, 0.065815, 0.066082, 0.066438, 0.0666, 0.066753, 0.066772, 0.06684, 0.066883, 0.06695, 0.067667, 0.067852, 0.068216, 0.068387, 0.068396, 0.068396, 0.068446, 0.068861, 0.068899, 0.068973, 0.069194, 0.069325, 0.069416, 0.069855, 0.070074, 0.070388, 0.071001, 0.071168, 0.071748, 0.071809, 0.071826, 0.072055, 0.072699, 0.073295, 0.073371, 0.073779, 0.073809, 0.073845, 0.073919, 0.074211, 0.074319, 0.074558, 0.074759, 0.074995, 0.075458, 0.075695, 0.076359, 0.076411, 0.076438, 0.076542, 0.076592, 0.076904, 0.077319, 0.077552, 0.077996, 0.078055, 0.078279, 0.078288, 0.078392, 0.078451, 0.078514, 0.07854, 0.078871, 0.078937, 0.079237, 0.079258, 0.079714, 0.079783, 0.079808, 0.079826, 0.079942, 0.080039, 0.080141, 0.080373, 0.080958, 0.080998, 0.081068, 0.081566, 0.081741, 0.082097, 0.082123, 0.082248, 0.082294, 0.082364, 0.082729, 0.083079, 0.083713, 0.083781, 0.083983, 0.083984, 0.084026, 0.084039, 0.084197, 0.08421, 0.0851, 0.085298, 0.085389, 0.085589, 0.086151, 0.086303, 0.086305, 0.086594, 0.086798, 0.086963, 0.087509, 0.088002, 0.088374, 0.088408, 0.088772, 0.08894, 0.089252, 0.08967, 0.089683, 0.090071, 0.090075, 0.090329, 0.090495, 0.090692, 0.090752, 0.090757, 0.090917, 0.091119, 0.091207, 0.091251, 0.091371, 0.091371, 0.091487, 0.091653, 0.091681, 0.091701, 0.091768, 0.091831, 0.091897, 0.0923, 0.092551, 0.092753, 0.093075, 0.093503, 0.093623, 0.093723, 0.093815, 0.094145, 0.094508, 0.094698, 0.09504, 0.095215, 0.095328, 0.095604, 0.09564, 0.095722, 0.095735, 0.095893, 0.095894, 0.096036, 0.096098, 0.097493, 0.097743, 0.097972, 0.098294, 0.098322, 0.098484, 0.098514, 0.098528, 0.098744, 0.098891, 0.098998, 0.099777, 0.100076, 0.10009, 0.100147, 0.10025, 0.100407, 0.10057, 0.1008, 0.101342, 0.101451, 0.101509, 0.101907, 0.102009, 0.102236, 0.10288, 0.102904, 0.102917, 0.103042, 0.103198, 0.103844, 0.103926, 0.103973, 0.104597, 0.104911, 0.105239, 0.105345, 0.105507, 0.105717, 0.106204, 0.106206, 0.106594, 0.106649, 0.106681, 0.107099, 0.107138, 0.107169, 0.107214, 0.107583, 0.107879, 0.107956, 0.108118, 0.108226, 0.108733, 0.108882, 0.10892, 0.109168, 0.109246, 0.10929, 0.109484, 0.10978, 0.110053, 0.110471, 0.110654, 0.110711, 0.110879, 0.110933, 0.110983, 0.111008, 0.111017, 0.111632, 0.112029, 0.112054, 0.112119, 0.112382, 0.112441, 0.113248, 0.113327, 0.113416, 0.11346, 0.113677, 0.113714, 0.113759, 0.115016, 0.115017, 0.115217, 0.115271, 0.115515, 0.115547, 0.11565, 0.115683, 0.115748, 0.115923, 0.116089, 0.116179, 0.116315, 0.116867, 0.117011, 0.11723, 0.117358, 0.117556, 0.117679, 0.118297, 0.118445, 0.118517, 0.118807, 0.119049, 0.119072, 0.119245, 0.119586, 0.119762, 0.120001, 0.120148, 0.120268, 0.120477, 0.120896, 0.121081, 0.121748, 0.121984, 0.122443, 0.122639, 0.123096, 0.123571, 0.123651, 0.123664, 0.123666, 0.123717, 0.12393, 0.123965, 0.124484, 0.124627, 0.124977, 0.125115, 0.125131, 0.125184, 0.125339, 0.125425, 0.125481, 0.125573, 0.125657, 0.12593, 0.126198, 0.12687, 0.126969, 0.127706, 0.127745, 0.127946, 0.128032, 0.128497, 0.128505, 0.12859, 0.12894, 0.129012, 0.129212, 0.129829, 0.130206, 0.130288, 0.131042, 0.131711, 0.131806, 0.131832, 0.131909, 0.132866, 0.13312, 0.133493, 0.133572, 0.133845, 0.133918, 0.134101, 0.134142, 0.134201, 0.134356, 0.13444, 0.134603, 0.134614, 0.136058, 0.13629, 0.136291, 0.136361, 0.136647, 0.136679, 0.136843, 0.137133, 0.137218, 0.137243, 0.137486, 0.137592, 0.138002, 0.138151, 0.13845, 0.138967, 0.139038, 0.13931, 0.139339, 0.139366, 0.139581, 0.139822, 0.140431, 0.140474, 0.140689, 0.140816, 0.140836, 0.1413, 0.14133, 0.141883, 0.142018, 0.142304, 0.142376, 0.142966, 0.143347, 0.143496, 0.143533, 0.143849, 0.143987, 0.144178, 0.144964, 0.144971, 0.145193, 0.145347, 0.145877, 0.146188, 0.146244, 0.146306, 0.146633, 0.146635, 0.146701, 0.147041, 0.147277, 0.147571, 0.147649, 0.147699, 0.148333, 0.148414, 0.148758, 0.149445, 0.149612, 0.150734, 0.151089, 0.151127, 0.151378, 0.151392, 0.151394, 0.152069, 0.152943, 0.153263, 0.154273, 0.154353, 0.154371, 0.154466, 0.154522, 0.154556, 0.154651, 0.155273, 0.155418, 0.156592, 0.157016, 0.157111, 0.157138, 0.157149, 0.157305, 0.157868, 0.157875, 0.15789, 0.158628, 0.158701, 0.159134, 0.160258, 0.16069, 0.161878, 0.162133, 0.162271, 0.16312, 0.163211, 0.163544, 0.163888, 0.164025, 0.164543, 0.164556, 0.164741, 0.165106, 0.165206, 0.165369, 0.165455, 0.165953, 0.166401, 0.166628, 0.167486, 0.167517, 0.167562, 0.167947, 0.168781, 0.169006, 0.169112, 0.169417, 0.169557, 0.171186, 0.171439, 0.171869, 