{"sigma_r": 1.2164, "sigma_i": 0.4183, "m": 3, "seed": 3618028795, "n_k": {"1": 3302, "2": 832, "3": 244, "4": 58, "5": 11, "6+": 3}, "dlogr": [0.0, 8e-06, 2.5e-05, 0.000311, 0.000318, 0.000375, 0.00078, 0.000873, 0.000905, 0.000926, 0.001037, 0.001168, 0.001214, 0.001234, 0.001548, 0.001649, 0.001763, 0.001785, 0.001914, 0.001952, 0.001964, 0.002088, 0.002307, 0.002382, 0.002408, 0.002435, 0.002508, 0.002579, 0.002642, 0.00267, 0.002737, 0.002743, 0.003017, 0.003169, 0.003186, 0.003259, 0.003292, 0.00366, 0.003838, 0.003862, 0.003935, 0.00405, 0.004186, 0.004223, 0.004667, 0.004727, 0.004835, 0.004884, 0.005048, 0.005588, 0.005661, 0.00572, 0.005775, 0.00595, 0.006306, 0.006361, 0.006558, 0.006648, 0.006756, 0.00688, 0.007609, 0.007655, 0.007664, 0.007673, 0.007697, 0.007754, 0.007898, 0.007903, 0.008068, 0.008253, 0.008375, 0.008421, 0.008623, 0.008784, 0.009067, 0.009144, 0.009205, 0.00969, 0.009785, 0.010057, 0.010486, 0.010651, 0.010832, 0.010893, 0.011076, 0.01124, 0.011295, 0.011318, 0.011931, 0.012062, 0.012167, 0.012184, 0.012308, 0.012468, 0.013004, 0.013217, 0.013472, 0.013711, 0.013879, 0.013955, 0.014095, 0.014098, 0.014233, 0.014363, 0.014441, 0.01455, 0.014676, 0.014699, 0.014859, 0.014957, 0.015196, 0.015253, 0.015435, 0.015675, 0.015696, 0.016068, 0.016196, 0.016254, 0.016277, 0.01638, 0.016381, 0.016419, 0.016441, 0.016718, 0.016853, 0.016881, 0.017125, 0.017128, 0.017282, 0.017327, 0.017683, 0.018104, 0.018211, 0.018309, 0.018598, 0.018695, 0.018761, 0.018835, 0.018884, 0.019036, 0.019408, 0.019591, 0.019672, 0.019805, 0.019958, 0.020062, 0.020069, 0.020082, 0.020106, 0.020259, 0.020331, 0.020404, 0.020426, 0.020453, 0.020564, 0.020658, 0.02072, 0.020825, 0.021124, 0.021179, 0.021341, 0.021611, 0.021648, 0.02192, 0.021973, 0.022087, 0.022108, 0.022466, 0.02263, 0.022733, 0.022836, 0.023007, 0.023442, 0.023443, 0.023566, 0.023572, 0.023828, 0.024144, 0.024532, 0.024613, 0.024662, 0.024742, 0.024757, 0.024759, 0.024883, 0.024932, 0.024968, 0.025061, 0.025226, 0.025311, 0.025425, 0.025472, 0.025476, 0.025528, 0.0257, 0.025859, 0.026016, 0.026127, 0.026164, 0.026235, 0.026295, 0.026402, 0.026409, 0.026422, 0.026716, 0.026948, 0.027054, 0.027101, 0.027128, 0.027201, 0.027464, 0.027485, 0.027552, 0.027613, 0.027963, 0.02828, 0.028575, 0.028952, 0.02901, 0.029366, 0.029445, 0.029714, 0.029748, 0.029898, 0.030017, 0.030207, 0.030407, 0.031106, 0.03137, 0.03138, 0.031413, 0.031444, 0.031469, 0.031669, 0.031801, 0.031943, 0.032298, 0.032347, 0.03237, 0.032528, 0.032626, 0.032794, 0.032836, 0.032911, 0.033042, 0.033384, 0.033439, 0.033528, 0.03365, 0.033794, 0.033948, 0.034039, 0.034155, 0.034426, 0.034431, 0.034705, 0.034789, 0.034803, 0.034856, 0.034993, 0.035116, 0.035153, 0.035251, 0.035648, 0.035699, 0.035823, 0.036033, 0.036148, 0.036171, 0.036226, 0.036403, 0.036779, 0.036789, 0.037158, 0.03727, 0.037637, 0.037869, 0.038274, 0.038359, 0.038721, 0.03879, 0.038865, 0.03897, 0.039038, 0.039049, 0.039124, 0.039599, 0.039716, 0.040271, 0.040304, 0.040393, 0.040682, 0.04079, 0.040989, 0.041344, 0.041514, 0.041799, 0.041896, 0.041962, 0.042042, 0.042148, 0.042786, 0.043215, 0.043247, 0.043325, 0.04334, 0.043821, 0.043881, 0.043939, 0.044023, 0.044039, 0.044088, 0.044245, 0.044386, 0.044499, 0.044666, 0.044801, 0.045011, 0.045142, 0.045159, 0.045179, 0.045252, 0.045301, 0.045319, 0.045325, 0.045329, 0.045542, 0.045711, 0.046052, 0.046329, 0.046371, 0.046527, 0.046659, 0.046757, 0.046946, 0.047493, 0.047915, 0.048138, 0.048811, 0.049378, 0.049808, 0.049831, 0.049942, 0.050274, 0.050475, 0.050809, 0.050822, 0.05094, 0.050967, 0.051126, 0.051161, 0.051649, 0.051658, 0.051659, 0.052305, 0.052651, 0.052991, 0.053271, 0.053323, 0.053472, 0.053624, 0.053646, 0.053886, 0.054173, 0.054504, 0.054536, 0.054634, 0.05477, 0.054851, 0.055018, 0.055047, 0.055191, 0.055318, 0.055319, 0.056165, 0.05624, 0.056309, 0.056333, 0.056345, 0.056633, 0.056683, 0.056725, 0.056809, 0.056989, 0.057133, 0.057237, 0.057274, 0.057358, 0.057497, 0.057869, 0.058143, 0.058239, 0.058345, 0.058408, 0.058712, 0.059115, 0.059302, 0.059352, 0.059818, 0.059861, 0.060029, 0.060223, 0.060586, 0.060884, 0.061554, 0.061651, 0.061704, 0.061745, 0.061853, 0.061931, 0.062217, 0.062921, 0.06296, 0.063333, 0.063354, 0.063626, 0.06376, 0.0641, 0.064239, 0.064253, 0.064353, 0.064455, 0.064548, 0.064563, 0.065153, 0.065199, 0.065236, 0.065913, 0.065928, 0.066129, 0.066175, 0.066554, 0.066581, 0.06669, 0.066953, 0.067234, 0.067581, 0.067592, 0.067747, 0.067757, 0.067871, 0.068012, 0.068135, 0.068173, 0.068199, 0.068265, 0.068457, 0.069089, 0.069096, 0.069157, 0.069175, 0.069549, 0.069779, 0.070199, 0.070259, 0.070326, 0.070817, 0.07142, 0.071591, 0.071732, 0.071969, 0.072126, 0.072288, 0.072423, 0.072471, 0.072588, 0.072727, 0.072749, 0.072888, 0.073303, 0.073358, 0.073548, 0.074086, 0.074157, 0.074179, 0.074308, 0.074398, 0.074404, 0.074482, 0.07454, 0.07468, 0.074684, 0.074856, 0.075016, 0.075103, 0.075285, 0.075514, 0.075585, 0.075706, 0.075714, 0.075732, 0.075873, 0.076103, 0.076202, 0.076203, 0.076386, 0.076703, 0.07671, 0.076762, 0.076866, 0.076897, 0.076898, 0.077034, 0.077071, 0.077655, 0.077787, 0.077872, 0.077913, 0.077934, 0.078014, 0.078129, 0.078165, 0.078196, 0.07825, 0.07846, 0.078643, 0.078992, 0.079086, 0.079159, 0.079503, 0.079537, 0.07975, 0.07981, 0.079905, 0.080118, 0.08013, 0.080152, 0.080557, 0.080615, 0.080693, 0.080733, 0.081335, 0.081394, 0.081758, 0.081763, 0.081849, 0.082455, 0.082599, 0.082624, 0.082637, 0.084122, 0.084728, 0.084799, 0.084906, 0.085429, 0.085654, 0.085858, 0.085883, 0.086112, 0.086439, 0.086632, 0.086693, 0.087061, 0.087148, 0.087456, 0.087545, 0.087666, 0.088319, 0.088545, 0.088697, 0.088726, 0.08887, 0.089025, 0.089232, 0.089754, 0.089929, 0.090043, 0.090544, 0.090575, 0.091042, 0.091378, 0.09146, 0.091668, 0.091912, 0.092004, 0.092024, 0.092192, 0.092221, 0.092464, 0.092468, 0.092501, 0.092666, 0.093415, 0.093444, 0.09373, 0.093762, 0.093979, 0.093983, 0.094129, 0.094158, 0.094303, 0.094479, 0.094599, 0.094955, 0.095043, 0.095126, 0.095508, 0.095794, 0.095937, 0.09594, 0.096098, 0.096121, 0.096463, 0.096499, 0.096639, 0.096765, 0.096962, 0.097069, 0.097225, 0.097677, 0.09774, 0.097881, 0.098541, 0.09876, 0.098905, 0.098973, 0.099011, 0.099234, 0.099309, 0.099439, 0.099586, 0.099662, 0.100105, 0.100297, 0.100306, 0.100382, 0.100591, 0.100869, 0.100975, 0.100991, 0.100998, 0.101013, 0.101377, 0.101398, 0.101525, 0.101821, 0.10187, 0.101963, 0.10257, 0.102699, 0.102812, 0.103204, 0.10367, 0.10407, 0.1041, 0.104458, 0.104611, 0.104638, 0.104695, 0.104998, 0.105083, 0.105148, 0.105236, 0.105676, 0.105707, 0.106441, 0.106812, 0.106942, 0.107494, 0.107898, 0.108046, 0.1081, 0.108383, 0.108726, 0.108914, 0.109191, 0.109961, 0.110005, 0.110011, 0.110028, 0.110044, 0.110097, 0.110274, 0.110423, 0.110518, 0.110607, 0.110841, 0.111074, 0.111803, 0.111828, 0.111886, 0.112153, 0.112866, 0.112932, 0.11295, 0.113045, 0.11307, 0.113176, 0.113248, 0.113317, 0.113403, 0.113447, 0.113571, 0.114141, 0.114358, 0.114491, 0.114847, 0.114901, 0.115402, 0.115525, 0.115957, 0.116135, 0.116264, 0.116339, 0.116349, 0.116536, 0.116861, 0.117489, 0.117522, 0.117534, 0.117699, 0.117792, 0.117927, 0.118073, 0.118299, 0.118575, 0.118579, 0.118823, 0.119305, 0.119501, 0.119668, 0.120082, 0.120149, 0.120162, 0.120864, 0.120964, 0.121186, 0.121359, 0.12146, 0.121496, 0.121497, 0.121711, 0.121948, 0.122281, 0.122293, 0.122297, 0.122709, 0.12329, 0.123414, 0.123535, 0.123719, 0.123919, 0.123925, 0.124124, 0.124412, 0.124638, 0.124643, 0.124707, 0.125095, 0.125371, 0.125521, 0.126197, 0.126432, 0.126529, 0.126702, 0.127134, 0.127277, 0.127311, 0.127395, 0.127448, 0.127677, 0.12789, 0.128596, 0.128724, 0.128726, 0.128954, 0.129254, 0.129611, 0.130014, 0.130369, 0.130411, 0.130877, 0.130956, 0.131199, 0.131447, 0.131595, 0.131636, 0.131641, 0.131794, 0.131859, 0.132051, 0.13244, 0.133011, 0.13316, 0.133301, 0.133362, 0.133368, 0.133708, 0.134047, 0.134278, 0.134673, 0.134695, 0.13507, 