{"sigma_r": 2.3939, "sigma_i": 0.8747, "m": 6, "seed": 2859683878, "n_k": {"1": 3282, "2": 848, "3": 197, "4": 54, "5": 5, "6+": 0}, "dlogr": [0.0, 0.000386, 0.000541, 0.000776, 0.000797, 0.000981, 0.001609, 0.00189, 0.002127, 0.002157, 0.002919, 0.003017, 0.003295, 0.003317, 0.003524, 0.003533, 0.003579, 0.003682, 0.003709, 0.003736, 0.003784, 0.003816, 0.00419, 0.004534, 0.004617, 0.004639, 0.004665, 0.004672, 0.00484, 0.00484, 0.004899, 0.004987, 0.00504, 0.005437, 0.005582, 0.00573, 0.005749, 0.005768, 0.005787, 0.005923, 0.006145, 0.006274, 0.006731, 0.006774, 0.006871, 0.007228, 0.007253, 0.007555, 0.007627, 0.007654, 0.00776, 0.007893, 0.007955, 0.007963, 0.009007, 0.009121, 0.009185, 0.009514, 0.009632, 0.009786, 0.009973, 0.010215, 0.010402, 0.010424, 0.010916, 0.010942, 0.011171, 0.012075, 0.012259, 0.012587, 0.012829, 0.012847, 0.013759, 0.013957, 0.013992, 0.014019, 0.01403, 0.01403, 0.014173, 0.014574, 0.014638, 0.014806, 0.014853, 0.015439, 0.015702, 0.015839, 0.016098, 0.016368, 0.016523, 0.016846, 0.016896, 0.017142, 0.01782, 0.017824, 0.017883, 0.018208, 0.018543, 0.018733, 0.019497, 0.019562, 0.019696, 0.019741, 0.019824, 0.020027, 0.020599, 0.021265, 0.021671, 0.021811, 0.021815, 0.021847, 0.022361, 0.022626, 0.022628, 0.022779, 0.022923, 0.023022, 0.023131, 0.023601, 0.023653, 0.024109, 0.0242, 0.024357, 0.024723, 0.024915, 0.025255, 0.025351, 0.025414, 0.025514, 0.026487, 0.02709, 0.02714, 0.027524, 0.027928, 0.0282, 0.028318, 0.028438, 0.029088, 0.029192, 0.029732, 0.029804, 0.030072, 0.030155, 0.030233, 0.030509, 0.030613, 0.030883, 0.031124, 0.031221, 0.031342, 0.031593, 0.032339, 0.032648, 0.033302, 0.033448, 0.033468, 0.034037, 0.034097, 0.034107, 0.034273, 0.034344, 0.034586, 0.034593, 0.034642, 0.03482, 0.035066, 0.035267, 0.035361, 0.035383, 0.035701, 0.035886, 0.036117, 0.036292, 0.036435, 0.037329, 0.037351, 0.037917, 0.038534, 0.038719, 0.038854, 0.038859, 0.039128, 0.039588, 0.039651, 0.039653, 0.039976, 0.039998, 0.04026, 0.040361, 0.040476, 0.041039, 0.041314, 0.041336, 0.042274, 0.04229, 0.042565, 0.042639, 0.042666, 0.042703, 0.042721, 0.04276, 0.043315, 0.043348, 0.04382, 0.044117, 0.045649, 0.045705, 0.045765, 0.045828, 0.045871, 0.045947, 0.046129, 0.046291, 0.046393, 0.046627, 0.046827, 0.046937, 0.047277, 0.047493, 0.047582, 0.04768, 0.047687, 0.047787, 0.047933, 0.048156, 0.048647, 0.048899, 0.049033, 0.049036, 0.049069, 0.049224, 0.049445, 0.04948, 0.049732, 0.0498, 0.049887, 0.049917, 0.049985, 0.050095, 0.050424, 0.050456, 0.050722, 0.050908, 0.051685, 0.052237, 0.052267, 0.052497, 0.052573, 0.052963, 0.053098, 0.053124, 0.053132, 0.053155, 0.053169, 0.053313, 0.053676, 0.053681, 0.053989, 0.054222, 0.054388, 0.054673, 0.055205, 0.055392, 0.055457, 0.055459, 0.055484, 0.0555, 0.055885, 0.056038, 0.056212, 0.056415, 0.056746, 0.056808, 0.056862, 0.057186, 0.057309, 0.057601, 0.057724, 0.05791, 0.057968, 0.058292, 0.05845, 0.058467, 0.058487, 0.05853, 0.058809, 0.058944, 0.059143, 0.059898, 0.060074, 0.060126, 0.060264, 0.061331, 0.06152, 0.061521, 0.061525, 0.061738, 0.061992, 0.062322, 0.062348, 0.062917, 0.063326, 0.064186, 0.064252, 0.064276, 0.064343, 0.064583, 0.064612, 0.064997, 0.064999, 0.065127, 0.065267, 0.06531, 0.065351, 0.065402, 0.065561, 0.065579, 0.06566, 0.066019, 0.066085, 0.066372, 0.066419, 0.066558, 0.067037, 0.067095, 0.067368, 0.067504, 0.067883, 0.067907, 0.06796, 0.068033, 0.068543, 0.06899, 0.069318, 0.069426, 0.069433, 0.069612, 0.06969, 0.069843, 0.069853, 0.070112, 0.070133, 0.070382, 0.070793, 0.070812, 0.070836, 0.071115, 0.07119, 0.071352, 0.071725, 0.072206, 0.072547, 0.072705, 0.073105, 0.073452, 0.073602, 0.073712, 0.074178, 0.074814, 0.074913, 0.074982, 0.074995, 0.075002, 0.075058, 0.07549, 0.075549, 0.075572, 0.076286, 0.076392, 0.076819, 0.077138, 0.07715, 0.077333, 0.07753, 0.077802, 0.077947, 0.078042, 0.078191, 0.078472, 0.07872, 0.079459, 0.079755, 0.079773, 0.079864, 0.080606, 0.080652, 0.081095, 0.081273, 0.081446, 0.081546, 0.081612, 0.08162, 0.081629, 0.081639, 0.081932, 0.082313, 0.082538, 0.083159, 0.083415, 0.083628, 0.083715, 0.084105, 0.08432, 0.084389, 0.08446, 0.084982, 0.08676, 0.087002, 0.08704, 0.087058, 0.088045, 0.089281, 0.089793, 0.090516, 0.090782, 0.091586, 0.092397, 0.092478, 0.093488, 0.093528, 0.093845, 0.094189, 0.094267, 0.09439, 0.094508, 0.094629, 0.094631, 0.094882, 0.09498, 0.095271, 0.095381, 0.095393, 0.095453, 0.095631, 0.096006, 0.09632, 0.096467, 0.096699, 0.096748, 0.096928, 0.096946, 0.096952, 0.097025, 0.097469, 0.097492, 0.098016, 0.098166, 0.098207, 0.09865, 0.098863, 0.098993, 0.09936, 0.099385, 0.099389, 0.099577, 0.100271, 0.100276, 0.100305, 0.100425, 0.10061, 0.100758, 0.101219, 0.101543, 0.101601, 0.101948, 0.101977, 0.102162, 0.102189, 0.102412, 0.102453, 0.10252, 0.102727, 0.102793, 0.102905, 0.103274, 0.103444, 0.103504, 0.10378, 0.104262, 0.104303, 0.104337, 0.10451, 0.104727, 0.104778, 0.105567, 0.105697, 0.105762, 0.106012, 0.106365, 0.106375, 0.106432, 0.106548, 0.106735, 0.106794, 0.107842, 0.108097, 0.108137, 0.108248, 0.108561, 0.108573, 0.108752, 0.108922, 0.109103, 0.109611, 0.10963, 0.109667, 0.109841, 0.110113, 0.110431, 0.110521, 0.111379, 0.111511, 0.111667, 0.112622, 0.112778, 0.113066, 0.113476, 0.113915, 0.113923, 0.114147, 0.114157, 0.114238, 0.114411, 0.114736, 0.114926, 0.114951, 0.115591, 0.115663, 0.115968, 0.11599, 0.116146, 0.116301, 0.116327, 0.116456, 0.116743, 0.117485, 0.117494, 0.117574, 0.117661, 0.117703, 0.117958, 0.117977, 0.118113, 0.118849, 0.118939, 0.119013, 0.119122, 0.119296, 0.119918, 0.120336, 0.120395, 0.120431, 0.120702, 0.12121, 0.121441, 0.122295, 0.122426, 0.122523, 0.122929, 0.123259, 0.123384, 0.123531, 0.123724, 0.124194, 0.124354, 0.124417, 0.124566, 0.124988, 0.125477, 0.125718, 0.125827, 0.126819, 0.127725, 0.127748, 0.127836, 0.12801, 0.128384, 0.128512, 0.128521, 0.128891, 0.129282, 0.129539, 0.129568, 0.129947, 0.130141, 0.130519, 0.130886, 0.130922, 0.131411, 0.131447, 0.131726, 0.132037, 0.132191, 0.13262, 0.132742, 0.132878, 0.133061, 0.133275, 0.133451, 0.13378, 0.13379, 0.134092, 0.134158, 0.134595, 0.134765, 0.134885, 0.13493, 0.134968, 0.135507, 0.136181, 0.136474, 0.136716, 0.136736, 0.136895, 0.137063, 0.137078, 0.137096, 0.1371, 0.137181, 0.137225, 0.137371, 0.137517, 0.137788, 0.138066, 0.138163, 0.138358, 0.138366, 0.138487, 0.138641, 0.138743, 0.138803, 0.138812, 0.138959, 0.139622, 0.140327, 0.140335, 0.14045, 0.140902, 0.141129, 0.141346, 0.142397, 0.142697, 0.143207, 0.143381, 0.143663, 0.143809, 0.14385, 0.143965, 0.14403, 0.144379, 0.144732, 0.145296, 0.145347, 0.145449, 0.14648, 0.146492, 0.147195, 0.147287, 0.148352, 0.148648, 0.148672, 0.149295, 0.149447, 0.150333, 0.15041, 0.150548, 0.15064, 0.1511, 0.15112, 0.151889, 0.151954, 0.152038, 0.153387, 0.153577, 0.153603, 0.153714, 0.153805, 0.154911, 0.154957, 0.155044, 0.156219, 0.156349, 0.156808, 0.1571, 0.157508, 0.157641, 0.15909, 0.159274, 0.159539, 0.159988, 0.161442, 0.161479, 0.161496, 0.161713, 0.161843, 0.161989, 0.162231, 0.16235, 0.162419, 0.16259, 0.162794, 0.16309, 0.163304, 0.163368, 0.163967, 0.164251, 0.164617, 0.164666, 0.164682, 0.165206, 0.165209, 0.165729, 0.165814, 0.165915, 0.166422, 0.166619, 0.166985, 0.167105, 0.167544, 0.167749, 0.167802, 0.168842, 0.169109, 0.169272, 0.169603, 0.169943, 0.169988, 0.17021, 0.170289, 0.170325, 0.170468, 0.170528, 0.17067, 0.170716, 0.171224, 0.171414, 0.171558, 0.171563, 0.171948, 0.172092, 0.172299, 0.17248, 0.172683, 0.172863, 0.173217, 0.17344, 0.173621, 0.173757, 0.174135, 0.174396, 0.175023, 0.175091, 0.175406, 0.176124, 0.176239, 0.176377, 0.176807, 0.177871, 0.178361, 0.178646, 0.179042, 0.179131, 0.179576, 0.180178, 0.180561, 0.180865, 0.181176, 0.181294, 0.1814, 0.181931, 0.182115, 0.182158, 0.182658, 0.182819, 0.183163, 0.183229, 0.183908, 0.184643, 0.186524, 0.186661, 0.186736, 0.186954, 0.187415, 0.18786, 0.187903, 0.188074, 0.188309, 0.1888, 0.189211, 0.189223, 0.18979, 0.189942, 0.190089, 0.19033, 0.190585, 0.190932, 