{"sigma_r": 1.9103, "sigma_i": 0.3271, "m": 1, "seed": 2273399689, "n_k": {"1": 3302, "2": 789, "3": 242, "4": 55, "5": 15, "6+": 1}, "dlogr": [0.0, 0.000582, 0.000794, 0.00093, 0.000993, 0.001214, 0.001429, 0.001898, 0.001958, 0.002113, 0.002258, 0.002285, 0.002335, 0.002337, 0.00261, 0.003286, 0.003462, 0.003794, 0.004079, 0.00417, 0.005123, 0.005395, 0.005446, 0.005643, 0.005903, 0.006089, 0.006091, 0.006213, 0.006286, 0.00638, 0.007145, 0.00734, 0.007367, 0.007524, 0.007528, 0.007577, 0.007782, 0.008181, 0.008288, 0.008308, 0.00832, 0.008412, 0.008464, 0.008561, 0.008681, 0.008874, 0.008918, 0.008984, 0.009291, 0.00951, 0.009813, 0.009814, 0.009822, 0.009943, 0.010178, 0.010203, 0.010289, 0.010392, 0.010416, 0.010909, 0.011029, 0.011029, 0.011326, 0.011481, 0.011486, 0.011556, 0.011764, 0.011991, 0.012493, 0.012824, 0.012987, 0.013133, 0.013212, 0.013308, 0.01364, 0.01368, 0.013898, 0.014096, 0.014366, 0.014502, 0.014811, 0.015234, 0.01559, 0.015628, 0.015718, 0.015718, 0.015752, 0.016118, 0.016134, 0.016193, 0.016344, 0.016416, 0.016632, 0.016696, 0.017162, 0.017517, 0.017964, 0.018073, 0.018114, 0.018219, 0.01843, 0.018552, 0.018577, 0.018577, 0.018969, 0.018977, 0.019218, 0.019258, 0.019265, 0.019526, 0.020073, 0.020329, 0.020545, 0.020707, 0.021029, 0.021262, 0.02148, 0.021578, 0.021584, 0.021628, 0.021733, 0.02175, 0.021839, 0.022161, 0.022884, 0.022916, 0.023031, 0.023179, 0.023313, 0.023348, 0.023488, 0.023522, 0.023781, 0.023978, 0.024239, 0.024583, 0.02526, 0.025427, 0.025699, 0.025942, 0.026128, 0.026178, 0.026342, 0.026475, 0.027007, 0.027207, 0.027276, 0.027473, 0.027641, 0.027705, 0.028048, 0.028135, 0.028386, 0.028621, 0.029182, 0.029219, 0.02949, 0.029619, 0.029701, 0.029923, 0.029959, 0.030012, 0.030298, 0.030364, 0.030428, 0.030514, 0.030624, 0.030699, 0.03078, 0.030982, 0.032184, 0.032235, 0.033373, 0.033511, 0.033551, 0.033552, 0.033862, 0.034032, 0.034091, 0.034711, 0.034807, 0.035171, 0.035209, 0.035369, 0.035814, 0.036052, 0.03633, 0.036354, 0.036571, 0.036584, 0.036674, 0.036897, 0.037132, 0.03719, 0.037305, 0.037563, 0.037653, 0.037701, 0.038065, 0.038176, 0.038285, 0.038288, 0.038528, 0.038976, 0.039069, 0.039509, 0.039528, 0.040012, 0.040077, 0.040126, 0.040289, 0.040477, 0.040495, 0.040781, 0.040909, 0.041125, 0.041426, 0.041684, 0.042126, 0.042402, 0.042709, 0.042727, 0.042753, 0.042877, 0.04306, 0.043339, 0.043339, 0.043406, 0.043635, 0.043669, 0.043859, 0.043861, 0.044018, 0.044439, 0.044454, 0.044686, 0.044727, 0.044736, 0.044862, 0.044868, 0.045337, 0.045384, 0.04543, 0.045434, 0.04589, 0.0459, 0.046022, 0.046257, 0.046297, 0.046428, 0.046922, 0.046943, 0.047241, 0.047289, 0.047459, 0.047696, 0.048021, 0.048036, 0.048215, 0.048258, 0.048578, 0.048736, 0.049004, 0.049055, 0.049342, 0.049441, 0.049471, 0.0495, 0.049742, 0.050015, 0.050338, 0.050667, 0.050748, 0.050936, 0.051342, 0.051817, 0.051829, 0.052061, 0.052092, 0.052174, 0.052844, 0.052889, 0.052939, 0.053112, 0.053206, 0.053473, 0.053978, 0.054014, 0.054096, 0.054102, 0.054273, 0.054538, 0.054786, 0.05536, 0.055386, 0.055413, 0.055649, 0.055695, 0.0559, 0.05595, 0.056061, 0.056413, 0.056425, 0.056998, 0.057235, 0.057781, 0.05802, 0.058102, 0.058704, 0.059059, 0.059161, 0.059347, 0.059766, 0.060032, 0.060133, 0.060805, 0.060972, 0.061109, 0.061332, 0.061522, 0.061549, 0.061794, 0.061833, 0.061959, 0.062045, 0.062082, 0.062235, 0.06235, 0.062414, 0.06263, 0.063003, 0.063111, 0.063123, 0.063542, 0.063651, 0.06388, 0.064137, 0.064433, 0.064809, 0.065649, 0.066047, 0.066321, 0.066441, 0.066462, 0.066748, 0.067532, 0.067622, 0.067904, 0.067958, 0.068097, 0.068123, 0.068128, 0.068255, 0.068265, 0.068635, 0.068723, 0.068726, 0.068831, 0.069003, 0.069499, 0.069904, 0.070124, 0.070278, 0.0704, 0.070581, 0.07099, 0.071067, 0.071602, 0.07173, 0.071784, 0.072253, 0.072387, 0.072595, 0.073241, 0.073532, 0.073771, 0.073982, 0.074096, 0.074357, 0.074379, 0.074546, 0.074719, 0.074906, 0.075453, 0.075491, 0.075588, 0.076167, 0.076186, 0.076466, 0.076524, 0.076557, 0.076625, 0.076801, 0.076954, 0.077203, 0.077745, 0.078118, 0.07851, 0.07868, 0.079494, 0.079827, 0.080346, 0.08077, 0.080839, 0.080913, 0.081102, 0.081281, 0.081904, 0.08191, 0.082036, 0.082152, 0.082336, 0.08237, 0.08252, 0.082532, 0.082555, 0.082756, 0.082776, 0.082844, 0.083116, 0.083155, 0.083538, 0.083596, 0.083613, 0.083852, 0.084034, 0.084408, 0.0847, 0.084806, 0.08481, 0.084919, 0.08507, 0.085074, 0.085302, 0.086408, 0.086473, 0.086891, 0.087035, 0.087477, 0.08772, 0.087759, 0.087773, 0.087899, 0.088124, 0.088131, 0.088227, 0.088431, 0.088546, 0.088866, 0.089012, 0.089256, 0.089415, 0.089468, 0.089577, 0.090132, 0.090137, 0.090567, 0.090713, 0.090977, 0.091082, 0.091155, 0.091303, 0.091468, 0.091681, 0.091725, 0.091742, 0.092265, 0.092294, 0.093442, 0.093987, 0.09417, 0.094319, 0.0952, 0.095206, 0.095514, 0.095557, 0.095781, 0.096186, 0.096609, 0.096735, 0.09694, 0.097497, 0.097536, 0.097962, 0.098013, 0.098304, 0.098426, 0.09864, 0.099079, 0.099175, 0.099258, 0.09926, 0.099421, 0.09961, 0.099777, 0.099917, 0.100669, 0.100769, 0.100833, 0.100964, 0.10123, 0.101756, 0.101899, 0.102059, 0.102808, 0.103301, 0.103357, 0.103377, 0.103933, 0.103958, 0.103992, 0.104219, 0.104743, 0.104918, 0.105023, 0.105096, 0.105209, 0.106185, 0.107648, 0.107877, 0.10821, 0.108226, 0.10829, 0.108335, 0.10837, 0.108606, 0.109116, 0.109633, 0.109641, 0.109794, 0.109934, 0.109982, 0.110047, 0.110179, 0.110214, 0.110318, 0.110479, 0.110518, 0.110738, 0.111032, 0.111499, 0.11174, 0.111773, 0.111801, 0.111984, 0.112124, 0.112271, 0.112641, 0.112804, 0.113002, 0.11346, 0.113623, 0.113741, 0.113751, 0.113795, 0.115149, 0.115393, 0.11569, 0.115701, 0.115936, 0.116185, 0.116623, 0.117145, 0.117336, 0.117758, 0.117781, 0.117919, 0.117994, 0.118904, 0.118907, 0.119143, 0.11919, 0.119311, 0.119518, 0.119589, 0.119673, 0.119895, 0.119992, 0.119995, 0.120066, 0.120157, 0.120172, 0.120377, 0.120712, 0.120724, 0.120853, 0.121059, 0.121369, 0.121537, 0.121671, 0.122092, 0.122156, 0.122273, 0.122405, 0.122432, 0.122684, 0.1229, 0.123306, 0.123452, 0.123631, 0.123716, 0.124408, 0.124634, 0.124654, 0.12483, 0.12527, 0.126098, 0.126105, 0.126704, 0.126735, 0.127017, 0.127073, 0.127385, 0.127783, 0.127825, 0.127996, 0.128064, 0.128176, 0.128216, 0.128241, 0.128313, 0.128621, 0.128711, 0.128927, 0.129184, 0.129308, 0.129312, 0.129313, 0.129328, 0.129434, 0.129434, 0.129442, 0.129467, 0.129481, 0.129563, 0.129968, 0.130129, 0.130274, 0.130386, 0.13042, 0.130752, 0.130863, 0.130935, 0.131034, 0.131258, 0.131364, 0.131885, 0.131964, 0.132119, 0.13213, 0.132558, 0.133339, 0.133442, 0.133623, 0.133778, 0.133898, 0.134376, 0.134618, 0.134635, 0.13485, 0.135545, 0.135927, 0.135929, 0.136699, 0.136728, 0.136963, 0.137582, 0.137724, 0.137904, 0.137975, 0.138233, 0.138666, 0.13918, 0.139191, 0.139438, 0.139561, 0.139592, 0.139946, 0.140387, 0.140726, 0.141335, 0.141608, 0.14214, 0.142214, 0.142753, 0.14282, 0.142886, 0.143102, 0.1434, 0.143461, 0.143767, 0.144232, 0.144665, 0.144972, 0.145267, 0.1458, 0.145844, 0.146062, 0.14611, 0.146116, 0.146424, 0.147236, 0.147299, 0.147726, 0.147855, 0.147978, 0.147979, 0.148339, 0.148522, 0.148713, 0.14958, 0.15028, 0.150309, 0.15056, 0.150648, 0.150757, 0.151398, 0.152295, 0.152759, 0.152851, 0.153171, 0.153565, 0.153863, 0.154014, 0.154181, 0.154527, 0.155088, 0.155088, 0.155173, 0.155332, 0.155562, 0.156416, 0.156555, 0.157337, 0.157761, 0.157872, 0.158297, 0.15881, 0.159477, 0.15964, 0.160325, 0.161063, 0.161839, 0.162283, 0.162791, 0.162989, 0.163057, 0.163687, 0.164219, 0.164274, 0.164294, 0.164321, 0.164707, 0.165027, 0.165353, 0.165695, 0.166188, 0.166369, 0.166838, 0.166896, 0.167001, 0.16711, 0.167225, 0.16754, 0.168096, 0.168961, 0.169218, 0.169272, 0.169475, 0.16957, 0.169842, 0.169924, 0.170332, 0.170541, 0.170695, 0.171377, 0.171614, 0.171674, 0.171691, 0.172303, 0.172618, 0.172781, 0.173052, 0.173563, 0.17367, 0.17388, 0.174218, 0.174421, 0.174917, 0.175374, 0.175433, 0.175522, 0.175957, 0.176063, 0.176099,