{"sigma_r": 1.9103, "sigma_i": 0.4183, "m": 3, "seed": 4028946127, "n_k": {"1": 3339, "2": 872, "3": 201, "4": 69, "5": 11, "6+": 3}, "dlogr": [0.00011, 0.000384, 0.000504, 0.000558, 0.000574, 0.00084, 0.000853, 0.000904, 0.000931, 0.000949, 0.001033, 0.001189, 0.001453, 0.002473, 0.002604, 0.002644, 0.002694, 0.00282, 0.00359, 0.003793, 0.004167, 0.004204, 0.004275, 0.004361, 0.004651, 0.004971, 0.005031, 0.005048, 0.005352, 0.00559, 0.005738, 0.005767, 0.006082, 0.006167, 0.006181, 0.006322, 0.00677, 0.006832, 0.006918, 0.00713, 0.00722, 0.007294, 0.007626, 0.007648, 0.007836, 0.007965, 0.008069, 0.008098, 0.008103, 0.008416, 0.008718, 0.00872, 0.008815, 0.009174, 0.009186, 0.009246, 0.009566, 0.009781, 0.00979, 0.0098, 0.01, 0.010611, 0.010744, 0.010882, 0.010996, 0.011, 0.011125, 0.011642, 0.011683, 0.012172, 0.012427, 0.012881, 0.013008, 0.013035, 0.013138, 0.013285, 0.013333, 0.013362, 0.013381, 0.013395, 0.013751, 0.014015, 0.014042, 0.014065, 0.014323, 0.014569, 0.014658, 0.014828, 0.014892, 0.014994, 0.015122, 0.01533, 0.015629, 0.015653, 0.016059, 0.016191, 0.016306, 0.016492, 0.016504, 0.016807, 0.01682, 0.01721, 0.017286, 0.017377, 0.017985, 0.018398, 0.01843, 0.018727, 0.018884, 0.018919, 0.019655, 0.019984, 0.020084, 0.02009, 0.020259, 0.020462, 0.020493, 0.020548, 0.020759, 0.021229, 0.021498, 0.021603, 0.021745, 0.021821, 0.021832, 0.021848, 0.022026, 0.022154, 0.022198, 0.022281, 0.022621, 0.022893, 0.023001, 0.023111, 0.023343, 0.023439, 0.023894, 0.023911, 0.02416, 0.024419, 0.024483, 0.024545, 0.024806, 0.024962, 0.025209, 0.025383, 0.025549, 0.025755, 0.025894, 0.026029, 0.026115, 0.02634, 0.02652, 0.026837, 0.027145, 0.027266, 0.027456, 0.027489, 0.027589, 0.027704, 0.027928, 0.028208, 0.028283, 0.028328, 0.028346, 0.028754, 0.028758, 0.028781, 0.028905, 0.029103, 0.029115, 0.029152, 0.029154, 0.029209, 0.029314, 0.029565, 0.029929, 0.030149, 0.030199, 0.030267, 0.03064, 0.030745, 0.030914, 0.030986, 0.031034, 0.031208, 0.031389, 0.031522, 0.031578, 0.031608, 0.031639, 0.031724, 0.031726, 0.032387, 0.032582, 0.032675, 0.032959, 0.033206, 0.033299, 0.033369, 0.033517, 0.033537, 0.033896, 0.034129, 0.034147, 0.034156, 0.034433, 0.034556, 0.034561, 0.034812, 0.035006, 0.035016, 0.035467, 0.035511, 0.035793, 0.036064, 0.036087, 0.036224, 0.03631, 0.036382, 0.036943, 0.037021, 0.037226, 0.037294, 0.037495, 0.037562, 0.037634, 0.03787, 0.038083, 0.038121, 0.038243, 0.038397, 0.038507, 0.038693, 0.039592, 0.039803, 0.040198, 0.040569, 0.040803, 0.040866, 0.040901, 0.041062, 0.041115, 0.041516, 0.04153, 0.041653, 0.041714, 0.042091, 0.042271, 0.042341, 0.042368, 0.042583, 0.042746, 0.042785, 0.043431, 0.043565, 0.043631, 0.043933, 0.044134, 0.044482, 0.04467, 0.04467, 0.044832, 0.044915, 0.045147, 0.045151, 0.045289, 0.045415, 0.046444, 0.046458, 0.047354, 0.047374, 0.047465, 0.04791, 0.048143, 0.048156, 0.048258, 0.048488, 0.048651, 0.048777, 0.048794, 0.049071, 0.049133, 0.049147, 0.049388, 0.049577, 0.049589, 0.049648, 0.049654, 0.050121, 0.050296, 0.050322, 0.050697, 0.051316, 0.051401, 0.051627, 0.051743, 0.051884, 0.052278, 0.052291, 0.05254, 0.053137, 0.053521, 0.054087, 0.054151, 0.054744, 0.055041, 0.05564, 0.055696, 0.056018, 0.056487, 0.056624, 0.056624, 0.05683, 0.056966, 0.056995, 0.057037, 0.057143, 0.057289, 0.057378, 0.057562, 0.05802, 0.058472, 0.058527, 0.058602, 0.058624, 0.058631, 0.058695, 0.059057, 0.059434, 0.05947, 0.0595, 0.059681, 0.059796, 0.059856, 0.059898, 0.06029, 0.060386, 0.06039, 0.060446, 0.060469, 0.060712, 0.060813, 0.060954, 0.061276, 0.061331, 0.061436, 0.061452, 0.061569, 0.061653, 0.06171, 0.062217, 0.062241, 0.062387, 0.062489, 0.062511, 0.062676, 0.062705, 0.062761, 0.062768, 0.063488, 0.063517, 0.063954, 0.064042, 0.064376, 0.06448, 0.06452, 0.065117, 0.065287, 0.065401, 0.065959, 0.066, 0.066106, 0.066266, 0.066294, 0.066315, 0.066322, 0.066404, 0.06662, 0.066627, 0.066732, 0.066792, 0.06687, 0.067131, 0.067307, 0.067689, 0.067751, 0.067813, 0.067849, 0.067987, 0.068109, 0.068128, 0.068257, 0.068695, 0.068772, 0.068795, 0.069425, 0.069451, 0.069536, 0.069546, 0.069552, 0.069666, 0.070964, 0.071324, 0.071354, 0.071442, 0.072281, 0.072293, 0.0726, 0.072672, 0.072688, 0.072909, 0.072911, 0.073099, 0.073116, 0.073185, 0.073188, 0.073493, 0.073497, 0.073498, 0.073539, 0.073589, 0.073846, 0.073855, 0.074106, 0.074311, 0.074348, 0.074488, 0.074596, 0.074831, 0.075264, 0.07541, 0.07571, 0.075856, 0.075976, 0.076025, 0.076121, 0.076262, 0.076319, 0.076341, 0.076892, 0.07691, 0.077249, 0.077264, 0.077436, 0.077769, 0.077864, 0.077918, 0.078438, 0.078592, 0.078613, 0.078676, 0.079091, 0.079134, 0.079434, 0.080012, 0.08005, 0.080387, 0.08074, 0.081064, 0.081099, 0.081566, 0.081652, 0.08188, 0.082095, 0.082552, 0.082703, 0.082946, 0.08301, 0.083727, 0.084329, 0.084415, 0.084481, 0.084584, 0.084619, 0.085115, 0.085124, 0.085345, 0.08562, 0.085627, 0.085893, 0.086152, 0.086511, 0.086553, 0.086736, 0.087083, 0.087328, 0.087352, 0.087845, 0.087966, 0.088003, 0.088025, 0.088149, 0.088179, 0.088267, 0.08828, 0.088432, 0.08872, 0.0893, 0.089412, 0.089433, 0.090213, 0.090888, 0.091208, 0.091262, 0.091676, 0.091677, 0.091767, 0.092526, 0.092536, 0.092869, 0.09298, 0.093146, 0.093363, 0.093449, 0.093738, 0.094086, 0.094277, 0.094521, 0.095271, 0.095286, 0.095428, 0.095514, 0.0956, 0.095646, 0.095751, 0.096322, 0.09633, 0.096357, 0.096501, 0.096842, 0.096863, 0.096883, 0.097362, 0.097718, 0.097963, 0.097983, 0.098058, 0.098082, 0.098354, 0.098411, 0.098982, 0.098983, 0.099024, 0.099029, 0.099548, 0.099716, 0.099726, 0.099933, 0.10007, 0.100371, 0.10046, 0.100519, 0.100528, 0.100718, 0.100764, 0.100913, 0.101009, 0.101372, 0.101493, 0.1015, 0.101615, 0.101629, 0.101696, 0.101929, 0.102012, 0.102141, 0.102228, 0.10313, 0.103225, 0.103361, 0.103534, 0.103813, 0.103899, 0.104018, 0.104185, 0.104358, 0.104413, 0.104628, 0.105146, 0.105178, 0.10526, 0.105525, 0.105865, 0.10589, 0.106211, 0.106284, 0.10661, 0.107245, 0.107274, 0.107459, 0.10759, 0.107717, 0.107833, 0.108016, 0.108074, 0.108258, 0.108611, 0.108896, 0.109091, 0.109359, 0.110001, 0.110049, 0.110226, 0.110451, 0.110578, 0.110648, 0.110656, 0.111921, 0.11213, 0.112158, 0.112219, 0.112263, 0.112422, 0.112563, 0.112845, 0.112932, 0.113033, 0.113292, 0.113476, 0.113965, 0.114152, 0.11432, 0.114458, 0.114895, 0.115531, 0.116249, 0.116649, 0.11701, 0.117433, 0.117497, 0.117521, 0.117683, 0.117689, 0.117824, 0.118153, 0.118212, 0.119657, 0.119756, 0.119767, 0.120003, 0.120238, 0.120333, 0.120368, 0.120414, 0.121105, 0.12126, 0.121274, 0.121681, 0.122294, 0.122436, 0.122537, 0.12269, 0.122857, 0.123487, 0.12365, 0.124265, 0.124375, 0.125695, 0.125812, 0.126146, 0.126564, 0.126908, 0.126941, 0.127397, 0.127752, 0.128291, 0.128357, 0.128808, 0.128945, 0.129335, 0.129461, 0.129486, 0.129526, 0.129805, 0.130193, 0.13022, 0.130386, 0.130757, 0.130852, 0.130941, 0.130949, 0.13099, 0.131078, 0.131583, 0.131912, 0.133332, 0.133335, 0.133835, 0.134197, 0.134285, 0.134364, 0.134525, 0.134679, 0.134734, 0.134883, 0.135017, 0.135039, 0.135101, 0.135763, 0.135795, 0.135917, 0.136239, 0.136304, 0.136441, 0.137118, 0.137166, 0.137168, 0.13809, 0.138599, 0.138626, 0.139084, 0.139247, 0.139327, 0.139353, 0.139372, 0.139806, 0.140146, 0.140259, 0.140474, 0.140638, 0.140972, 0.141565, 0.14178, 0.142012, 0.142981, 0.143007, 0.143094, 0.143189, 0.143457, 0.143944, 0.144311, 0.144519, 0.144708, 0.145211, 0.145335, 0.145365, 0.145507, 0.145685, 0.146285, 0.146641, 0.147365, 0.147392, 0.147915, 0.148119, 0.148184, 0.148232, 0.148759, 0.149213, 0.149299, 0.149846, 0.149862, 0.149982, 0.150196, 0.150209, 0.150372, 0.150604, 0.151023, 0.151963, 0.152006, 0.152027, 0.152192, 0.152494, 0.152716, 0.153146, 0.154064, 0.154356, 0.154847, 0.155716, 0.155764, 0.155986, 0.156204, 0.156241, 0.156266, 0.156461, 0.15655, 0.156572, 0.156751, 0.156958, 0.157069, 0.157635, 0.157717, 0.157756, 0.157962, 0.158032, 0.158364, 0.158516, 0.15882, 0.159053, 0.159086, 0.159307, 0.159319, 0.159353, 0.15963, 