{"sigma_r": 0.9707, "sigma_i": 0.4183, "m": 5, "seed": 2282546097, "n_k": {"1": 3290, "2": 869, "3": 247, "4": 65, "5": 10, "6+": 7}, "dlogr": [0.0, 0.0, 5.4e-05, 0.00014, 0.000464, 0.000506, 0.000593, 0.000763, 0.000776, 0.000956, 0.001038, 0.001348, 0.00135, 0.001785, 0.001938, 0.002275, 0.002301, 0.002307, 0.002501, 0.002541, 0.002875, 0.003184, 0.00334, 0.003351, 0.003628, 0.003642, 0.003643, 0.003811, 0.004448, 0.004622, 0.004902, 0.004995, 0.00503, 0.005202, 0.005353, 0.005423, 0.005536, 0.005541, 0.005839, 0.005847, 0.006493, 0.006513, 0.006851, 0.006984, 0.007066, 0.007091, 0.00743, 0.007473, 0.007507, 0.007523, 0.007535, 0.007666, 0.007772, 0.007877, 0.0079, 0.008032, 0.008097, 0.008102, 0.008126, 0.00816, 0.008347, 0.008557, 0.008913, 0.00901, 0.009223, 0.009418, 0.009431, 0.009602, 0.009702, 0.009806, 0.009835, 0.009972, 0.010051, 0.010076, 0.010091, 0.010093, 0.010354, 0.010366, 0.010637, 0.010652, 0.010688, 0.010707, 0.010803, 0.010832, 0.010901, 0.011026, 0.011092, 0.011208, 0.011227, 0.011267, 0.011707, 0.011994, 0.012187, 0.01233, 0.012345, 0.012358, 0.012667, 0.012823, 0.012867, 0.012939, 0.013029, 0.013113, 0.013157, 0.013217, 0.013854, 0.014194, 0.014386, 0.014528, 0.014533, 0.014614, 0.014655, 0.014888, 0.015019, 0.015253, 0.015267, 0.015566, 0.015646, 0.015681, 0.01583, 0.01588, 0.015944, 0.01609, 0.016099, 0.016272, 0.016276, 0.016412, 0.016554, 0.016565, 0.016762, 0.016912, 0.016954, 0.017098, 0.017195, 0.017286, 0.017384, 0.017463, 0.017573, 0.017686, 0.017753, 0.017966, 0.018211, 0.018437, 0.018457, 0.018574, 0.018575, 0.01868, 0.018813, 0.018947, 0.019188, 0.0192, 0.019322, 0.019325, 0.019449, 0.019589, 0.019608, 0.019851, 0.019892, 0.020024, 0.020399, 0.020657, 0.020924, 0.020943, 0.020976, 0.021147, 0.021204, 0.021342, 0.021352, 0.021391, 0.021409, 0.022012, 0.022175, 0.022314, 0.022595, 0.022609, 0.022831, 0.022982, 0.023115, 0.02342, 0.023575, 0.024018, 0.024091, 0.024365, 0.024514, 0.024586, 0.024606, 0.024614, 0.0247, 0.025465, 0.025542, 0.025731, 0.025785, 0.025791, 0.02581, 0.025955, 0.026064, 0.026285, 0.026548, 0.026588, 0.026801, 0.026955, 0.027015, 0.027499, 0.027517, 0.027528, 0.027637, 0.027787, 0.027997, 0.028067, 0.028146, 0.028149, 0.028297, 0.02846, 0.028753, 0.028761, 0.028994, 0.029003, 0.029022, 0.02904, 0.029288, 0.029563, 0.029779, 0.03005, 0.030097, 0.030713, 0.030723, 0.030847, 0.031258, 0.031499, 0.031632, 0.031869, 0.031937, 0.032179, 0.032304, 0.032337, 0.032351, 0.03251, 0.032539, 0.032541, 0.032601, 0.032723, 0.032751, 0.03319, 0.033401, 0.033458, 0.033645, 0.033668, 0.033677, 0.033683, 0.033701, 0.033795, 0.03383, 0.033856, 0.03391, 0.034123, 0.034193, 0.034512, 0.034555, 0.034697, 0.034763, 0.03487, 0.034957, 0.035111, 0.035407, 0.035587, 0.035953, 0.03613, 0.0362, 0.036207, 0.036219, 0.03629, 0.036296, 0.03657, 0.036589, 0.036595, 0.036599, 0.036885, 0.037082, 0.037143, 0.037162, 0.037225, 0.037432, 0.037443, 0.037682, 0.037701, 0.037849, 0.037957, 0.038288, 0.038781, 0.038879, 0.038889, 0.039232, 0.039244, 0.039467, 0.039529, 0.039623, 0.039795, 0.039819, 0.039975, 0.040058, 0.040078, 0.0403, 0.040491, 0.040731, 0.040762, 0.040929, 0.040962, 0.041037, 0.041047, 0.041329, 0.041363, 0.041463, 0.041481, 0.041627, 0.041786, 0.041869, 0.041885, 0.042028, 0.042045, 0.042093, 0.042103, 0.042156, 0.042183, 0.04277, 0.043387, 0.043662, 0.043782, 0.043839, 0.043841, 0.043906, 0.043921, 0.044014, 0.044044, 0.044131, 0.044747, 0.044761, 0.044884, 0.045341, 0.045523, 0.045526, 0.045762, 0.045967, 0.045974, 0.046123, 0.046174, 0.046314, 0.046435, 0.046441, 0.046474, 0.046805, 0.046937, 0.047053, 0.047208, 0.047255, 0.047313, 0.047554, 0.047998, 0.048023, 0.048152, 0.048243, 0.048284, 0.04859, 0.048713, 0.048734, 0.049014, 0.049125, 0.049295, 0.049445, 0.04945, 0.049469, 0.049649, 0.049711, 0.050212, 0.050252, 0.050366, 0.050543, 0.051026, 0.051246, 0.051258, 0.051322, 0.051772, 0.051866, 0.052063, 0.052071, 0.052082, 0.052124, 0.052402, 0.052969, 0.053078, 0.053152, 0.053192, 0.053325, 0.05334, 0.053849, 0.054202, 0.054274, 0.054686, 0.055055, 0.05508, 0.055111, 0.055146, 0.055154, 0.055239, 0.055322, 0.05546, 0.055641, 0.055674, 0.055706, 0.055758, 0.055855, 0.055924, 0.056024, 0.056206, 0.056251, 0.056311, 0.056419, 0.056544, 0.056727, 0.056791, 0.056955, 0.056968, 0.057015, 0.057122, 0.057167, 0.057484, 0.057521, 0.057877, 0.058114, 0.058189, 0.058521, 0.058528, 0.058847, 0.059058, 0.059221, 0.059436, 0.059449, 0.059467, 0.059504, 0.059516, 0.059617, 0.059764, 0.059795, 0.059949, 0.060175, 0.060301, 0.060644, 0.060853, 0.060896, 0.060965, 0.061113, 0.061291, 0.061343, 0.061358, 0.061416, 0.061439, 0.061467, 0.06161, 0.06178, 0.061957, 0.062066, 0.062264, 0.06228, 0.062436, 0.062478, 0.062591, 0.062949, 0.063283, 0.063389, 0.063471, 0.063513, 0.063559, 0.063726, 0.063772, 0.063914, 0.063927, 0.064105, 0.064278, 0.064324, 0.064391, 0.064587, 0.06478, 0.064976, 0.065022, 0.065474, 0.065566, 0.065571, 0.065743, 0.065856, 0.06586, 0.066322, 0.066431, 0.066695, 0.066976, 0.067447, 0.067538, 0.067635, 0.068027, 0.068159, 0.06832, 0.068451, 0.068666, 0.068888, 0.068943, 0.069006, 0.069046, 0.069074, 0.069238, 0.069417, 0.069508, 0.069783, 0.069863, 0.070359, 0.070486, 0.070574, 0.07092, 0.070968, 0.071047, 0.071069, 0.071213, 0.071387, 0.071435, 0.071494, 0.071498, 0.071612, 0.071902, 0.071954, 0.072005, 0.07201, 0.072214, 0.072221, 0.072237, 0.072542, 0.072658, 0.072723, 0.072795, 0.07285, 0.073186, 0.073189, 0.073622, 0.073944, 0.073953, 0.074024, 0.074112, 0.074268, 0.074493, 0.074517, 0.074521, 0.07471, 0.074713, 0.074819, 0.074979, 0.075223, 0.075647, 0.075661, 0.075749, 0.075951, 0.076123, 0.076359, 0.076449, 0.076615, 0.076858, 0.076875, 0.076966, 0.077034, 0.07726, 0.0773, 0.077702, 0.077732, 0.07777, 0.077777, 0.07811, 0.078399, 0.078612, 0.078982, 0.078993, 0.079058, 0.07909, 0.079254, 0.079539, 0.079695, 0.080541, 0.08087, 0.081049, 0.081524, 0.08173, 0.081782, 0.081789, 0.081909, 0.081966, 0.081967, 0.082018, 0.082144, 0.082212, 0.082219, 0.082283, 0.082293, 0.082467, 0.08347, 0.083514, 0.083544, 0.083918, 0.083956, 0.084144, 0.084203, 0.084247, 0.084595, 0.084672, 0.084717, 0.084967, 0.085031, 0.085263, 0.085458, 0.0858, 0.085845, 0.086154, 0.08625, 0.086411, 0.086485, 0.086488, 0.086547, 0.086564, 0.086619, 0.086897, 0.087008, 0.087074, 0.087319, 0.087554, 0.087617, 0.087619, 0.087773, 0.087947, 0.08842, 0.088463, 0.088633, 0.088691, 0.089007, 0.089224, 0.089893, 0.089943, 0.090049, 0.090062, 0.090403, 0.090467, 0.090512, 0.09059, 0.090705, 0.090728, 0.090907, 0.091051, 0.091375, 0.092233, 0.092381, 0.092401, 0.092596, 0.092788, 0.092838, 0.092899, 0.093147, 0.09328, 0.093291, 0.093507, 0.093942, 0.094059, 0.094118, 0.094539, 0.094542, 0.094757, 0.094799, 0.09482, 0.094881, 0.094882, 0.095404, 0.09562, 0.095621, 0.095703, 0.095919, 0.096316, 0.096503, 0.096518, 0.096649, 0.096747, 0.097713, 0.097809, 0.097895, 0.098405, 0.098563, 0.098625, 0.098763, 0.098967, 0.099649, 0.099751, 0.100119, 0.100217, 0.100559, 0.100634, 0.100883, 0.101275, 0.101344, 0.101553, 0.101591, 0.101768, 0.101865, 0.102404, 0.10255, 0.102602, 0.102782, 0.102799, 0.103161, 0.10357, 0.103678, 0.1037, 0.103882, 0.104186, 0.104403, 0.105051, 0.105215, 0.105226, 0.105243, 0.105383, 0.105968, 0.106482, 0.106489, 0.106509, 0.106524, 0.106675, 0.106754, 0.107051, 0.107067, 0.107202, 0.107272, 0.107699, 0.107768, 0.107909, 0.107918, 0.108342, 0.108582, 0.108598, 0.108668, 0.108913, 0.109132, 0.109445, 0.109969, 0.109972, 0.110202, 0.110301, 0.110649, 0.110813, 0.110888, 0.110935, 0.110955, 0.111198, 0.11124, 0.111262, 0.111359, 0.111427, 0.111861, 0.111906, 0.112248, 0.112397, 0.113493, 0.113669, 0.113839, 0.113864, 0.114376, 0.114452, 0.114494, 0.114521, 0.114549, 0.114772, 0.11505, 0.115167, 0.11531, 0.115635, 0.115749, 0.115875, 0.11611, 0.116405, 0.116426, 0.116524, 0.116569, 0.116699, 0.116756, 0.117268, 0.11739, 0.117605, 0.11762, 0.118122, 0.118202, 0.118599, 0.118981, 0.119027, 0.119323, 0.119334, 0.119514, 0.119861, 