{"sigma_r": 1.9103, "sigma_i": 0.5349, "m": 7, "seed": 2830367844, "n_k": {"1": 3316, "2": 834, "3": 229, "4": 43, "5": 7, "6+": 1}, "dlogr": [0.000133, 0.000149, 0.000261, 0.000408, 0.000861, 0.001072, 0.001135, 0.001566, 0.001804, 0.001808, 0.001933, 0.001936, 0.002031, 0.002286, 0.002312, 0.002422, 0.002515, 0.00298, 0.003102, 0.003152, 0.003446, 0.003468, 0.003532, 0.003765, 0.003787, 0.00386, 0.003908, 0.00401, 0.004169, 0.004428, 0.004708, 0.004818, 0.004966, 0.004974, 0.005019, 0.005558, 0.005662, 0.006025, 0.006056, 0.006312, 0.00673, 0.006748, 0.007002, 0.007694, 0.007774, 0.007887, 0.007938, 0.008388, 0.008633, 0.009072, 0.009251, 0.009827, 0.009898, 0.009938, 0.010093, 0.010342, 0.010436, 0.010455, 0.011048, 0.011267, 0.011301, 0.011351, 0.01164, 0.011858, 0.011893, 0.011974, 0.012065, 0.012207, 0.01227, 0.012503, 0.012834, 0.013436, 0.01351, 0.013642, 0.013935, 0.014293, 0.014419, 0.014458, 0.014525, 0.014879, 0.014956, 0.015037, 0.015388, 0.015891, 0.016371, 0.016957, 0.017112, 0.017233, 0.01755, 0.017791, 0.017814, 0.017931, 0.018092, 0.01832, 0.018961, 0.019596, 0.019602, 0.019627, 0.019634, 0.019856, 0.020054, 0.020063, 0.020398, 0.020503, 0.020591, 0.020797, 0.021109, 0.021248, 0.021347, 0.021616, 0.021838, 0.022051, 0.022126, 0.022181, 0.022751, 0.022797, 0.022798, 0.023313, 0.02333, 0.023566, 0.023846, 0.024024, 0.024118, 0.024491, 0.024931, 0.02586, 0.025974, 0.025995, 0.026041, 0.026081, 0.026093, 0.026161, 0.02625, 0.026266, 0.026293, 0.026794, 0.027002, 0.02706, 0.027202, 0.027279, 0.027556, 0.027738, 0.027936, 0.027996, 0.028061, 0.028145, 0.028224, 0.028864, 0.028877, 0.028904, 0.028993, 0.029027, 0.02922, 0.029242, 0.02945, 0.030097, 0.030186, 0.030274, 0.030346, 0.030416, 0.030455, 0.030527, 0.030679, 0.031067, 0.031091, 0.031166, 0.031258, 0.031621, 0.031739, 0.0318, 0.031835, 0.031909, 0.032025, 0.032052, 0.032462, 0.033005, 0.033314, 0.033385, 0.033531, 0.033597, 0.033808, 0.033859, 0.034182, 0.034281, 0.034557, 0.034748, 0.034845, 0.034934, 0.0352, 0.03548, 0.03575, 0.035919, 0.036188, 0.036334, 0.036414, 0.036985, 0.037121, 0.037123, 0.03757, 0.038278, 0.038361, 0.038656, 0.038683, 0.03877, 0.038836, 0.039058, 0.039297, 0.03933, 0.039803, 0.039862, 0.04066, 0.04091, 0.04111, 0.041557, 0.041711, 0.041898, 0.041905, 0.042224, 0.042345, 0.043192, 0.043392, 0.043414, 0.04348, 0.043598, 0.04368, 0.043681, 0.044023, 0.044109, 0.04413, 0.044363, 0.04496, 0.044968, 0.045502, 0.045779, 0.045903, 0.046063, 0.046092, 0.046103, 0.046257, 0.046262, 0.046459, 0.046521, 0.046584, 0.046615, 0.047118, 0.047135, 0.047333, 0.04831, 0.048344, 0.048426, 0.048478, 0.049166, 0.049604, 0.049778, 0.049836, 0.04984, 0.050002, 0.050468, 0.050714, 0.051044, 0.051207, 0.051271, 0.05162, 0.051748, 0.05187, 0.051873, 0.052503, 0.05273, 0.05314, 0.053636, 0.053664, 0.053742, 0.054079, 0.054364, 0.054397, 0.054482, 0.054678, 0.054757, 0.054839, 0.054992, 0.055015, 0.055516, 0.056328, 0.056369, 0.05669, 0.056715, 0.056878, 0.05713, 0.057548, 0.057629, 0.057725, 0.05778, 0.05779, 0.057859, 0.05794, 0.058069, 0.058302, 0.058349, 0.058457, 0.058974, 0.059537, 0.059856, 0.059892, 0.060217, 0.060249, 0.060309, 0.06034, 0.060464, 0.060489, 0.060572, 0.060593, 0.060633, 0.060962, 0.061211, 0.061272, 0.061285, 0.061732, 0.061867, 0.062051, 0.062371, 0.062385, 0.063116, 0.063156, 0.063413, 0.06351, 0.064105, 0.064346, 0.06455, 0.064653, 0.064687, 0.064894, 0.06491, 0.065123, 0.065344, 0.065929, 0.065947, 0.066027, 0.066074, 0.066134, 0.06634, 0.066363, 0.066411, 0.066618, 0.066687, 0.066691, 0.066755, 0.066794, 0.067313, 0.067826, 0.067838, 0.067852, 0.068025, 0.068229, 0.068279, 0.068814, 0.069168, 0.069266, 0.069388, 0.069719, 0.069862, 0.070096, 0.070165, 0.070697, 0.070698, 0.070699, 0.070793, 0.070804, 0.071253, 0.071372, 0.071626, 0.071737, 0.072405, 0.072441, 0.072982, 0.073096, 0.07325, 0.073251, 0.074192, 0.074483, 0.075306, 0.075315, 0.075471, 0.075534, 0.076034, 0.076388, 0.076445, 0.076484, 0.076745, 0.076907, 0.077059, 0.077318, 0.077652, 0.077831, 0.078141, 0.078146, 0.078427, 0.078686, 0.078873, 0.078937, 0.078954, 0.079247, 0.079355, 0.079595, 0.079786, 0.079896, 0.080084, 0.080458, 0.080514, 0.080601, 0.081387, 0.081502, 0.081784, 0.082014, 0.082025, 0.082435, 0.083023, 0.083203, 0.083653, 0.083906, 0.084106, 0.08421, 0.0849, 0.085163, 0.085231, 0.085257, 0.085263, 0.085472, 0.085503, 0.085724, 0.08592, 0.086631, 0.086937, 0.087231, 0.087537, 0.087753, 0.087824, 0.087987, 0.088008, 0.088439, 0.088827, 0.088832, 0.08923, 0.089372, 0.089928, 0.08999, 0.090435, 0.091167, 0.091761, 0.092158, 0.092199, 0.092278, 0.092449, 0.09263, 0.092934, 0.093662, 0.094017, 0.094019, 0.094059, 0.094166, 0.094189, 0.094384, 0.09464, 0.094785, 0.09514, 0.095733, 0.09585, 0.095983, 0.096101, 0.096571, 0.096639, 0.09668, 0.096857, 0.097167, 0.09721, 0.097254, 0.097353, 0.098251, 0.09868, 0.098858, 0.09886, 0.099298, 0.099513, 0.100545, 0.100568, 0.100846, 0.100917, 0.101019, 0.101891, 0.101899, 0.102081, 0.102301, 0.102302, 0.10232, 0.102409, 0.10316, 0.103822, 0.103988, 0.104005, 0.104203, 0.104899, 0.105213, 0.105274, 0.105434, 0.105663, 0.105746, 0.106611, 0.106665, 0.106951, 0.107602, 0.10812, 0.10828, 0.108302, 0.108659, 0.108791, 0.108915, 0.108943, 0.10954, 0.109573, 0.109679, 0.109832, 0.109999, 0.110105, 0.110425, 0.110638, 0.110685, 0.11083, 0.111024, 0.111262, 0.111285, 0.111415, 0.111684, 0.112306, 0.112405, 0.113492, 0.113496, 0.113664, 0.113823, 0.114011, 0.114197, 0.114288, 0.114571, 0.114692, 0.115091, 0.115167, 0.1153, 0.115664, 0.115785, 0.115856, 0.116062, 0.116384, 0.11681, 0.117202, 0.11776, 0.117836, 0.118185, 0.118624, 0.119019, 0.119129, 0.119282, 0.11949, 0.11984, 0.120133, 0.120436, 0.120564, 0.120732, 0.120807, 0.121147, 0.121286, 0.121613, 0.121939, 0.121954, 0.122075, 0.122131, 0.122508, 0.122555, 0.122757, 0.122975, 0.123188, 0.123252, 0.123289, 0.123418, 0.123515, 0.123687, 0.123947, 0.124612, 0.12476, 0.12487, 0.125391, 0.125452, 0.125694, 0.126002, 0.126125, 0.126129, 0.126308, 0.126332, 0.126361, 0.126381, 0.126424, 0.126493, 0.126506, 0.126517, 0.127149, 0.127551, 0.128324, 0.128539, 0.129516, 0.129941, 0.130056, 0.130076, 0.130134, 0.130267, 0.130681, 0.131036, 0.131157, 0.131241, 0.131402, 0.131405, 0.131542, 0.131692, 0.132301, 0.132382, 0.132644, 0.132703, 0.132772, 0.132881, 0.132901, 0.133013, 0.133129, 0.133522, 0.134247, 0.134482, 0.134605, 0.134825, 0.134978, 0.135043, 0.13524, 0.135321, 0.135553, 0.135722, 0.136757, 0.137315, 0.137655, 0.13773, 0.138143, 0.138262, 0.138324, 0.138415, 0.13852, 0.138774, 0.138796, 0.138954, 0.13896, 0.139, 0.139026, 0.13913, 0.139447, 0.139886, 0.139897, 0.140061, 0.140409, 0.140517, 0.140807, 0.140845, 0.141339, 0.141592, 0.14163, 0.142065, 0.142866, 0.142945, 0.143279, 0.143347, 0.143737, 0.144167, 0.144206, 0.145054, 0.145522, 0.145964, 0.146246, 0.146284, 0.146333, 0.146546, 0.146609, 0.146711, 0.146778, 0.146884, 0.146904, 0.147039, 0.14717, 0.147416, 0.147548, 0.147926, 0.148183, 0.148239, 0.148259, 0.148364, 0.148424, 0.14851, 0.148748, 0.148784, 0.148844, 0.150061, 0.150086, 0.150379, 0.150425, 0.150573, 0.150596, 0.151014, 0.151458, 0.151512, 0.151886, 0.151913, 0.151919, 0.152041, 0.152213, 0.152238, 0.152273, 0.152433, 0.153598, 0.153699, 0.153878, 0.154161, 0.154223, 0.154266, 0.154289, 0.154484, 0.154938, 0.155948, 0.156404, 0.156457, 0.156624, 0.15768, 0.157929, 0.157962, 0.158403, 0.158642, 0.158923, 0.158944, 0.159122, 0.159856, 0.160109, 0.160606, 0.160624, 0.160712, 0.160731, 0.160844, 0.160992, 0.161516, 0.161567, 0.162181, 0.162331, 0.162486, 0.162501, 0.162573, 0.162668, 0.163362, 0.164191, 0.164762, 0.16539, 0.166554, 0.166794, 0.166828, 0.166885, 0.166904, 0.167517, 0.167598, 0.168011, 0.168551, 0.169481, 0.169541, 0.169898, 0.170397, 0.170655, 0.170717, 0.170771, 0.170944, 0.172036, 0.172207, 0.172213, 0.173022, 0.173132, 0.173382, 0.1735, 0.173974, 0.173995, 0.174271, 0.174785, 0.175864, 0.176152, 0.176592, 0.177004, 0.177119, 0.177563, 0.177678, 0.177983, 