{"sigma_r": 3.0, "sigma_i": 1.1186, "m": 3, "seed": 631518774, "n_k": {"1": 3453, "2": 842, "3": 201, "4": 36, "5": 8, "6+": 2}, "dlogr": [0.000101, 0.000227, 0.000503, 0.000592, 0.000775, 0.000877, 0.001411, 0.001459, 0.001779, 0.00189, 0.001904, 0.001947, 0.002105, 0.002577, 0.002698, 0.003061, 0.003565, 0.003753, 0.004175, 0.004474, 0.004534, 0.0047, 0.00478, 0.00522, 0.005918, 0.005925, 0.006026, 0.006162, 0.006274, 0.006505, 0.006634, 0.006809, 0.007165, 0.007229, 0.007345, 0.007348, 0.007557, 0.00762, 0.007692, 0.007765, 0.007817, 0.008129, 0.008489, 0.008514, 0.008782, 0.008896, 0.008924, 0.009043, 0.009049, 0.009192, 0.009421, 0.009486, 0.009498, 0.0098, 0.009828, 0.009896, 0.009905, 0.010351, 0.010441, 0.010504, 0.010581, 0.010592, 0.011012, 0.011099, 0.011147, 0.011202, 0.012067, 0.01221, 0.012987, 0.013308, 0.013363, 0.013881, 0.013939, 0.014056, 0.014072, 0.014396, 0.014449, 0.014648, 0.015354, 0.015586, 0.015739, 0.015985, 0.016515, 0.016741, 0.017101, 0.017473, 0.017528, 0.017775, 0.017859, 0.018021, 0.018045, 0.018228, 0.018234, 0.018281, 0.018307, 0.018502, 0.0186, 0.018896, 0.019042, 0.019369, 0.019505, 0.019602, 0.019927, 0.019946, 0.020853, 0.021038, 0.021194, 0.021451, 0.02147, 0.021563, 0.022398, 0.022445, 0.02254, 0.022586, 0.022713, 0.022842, 0.022907, 0.022952, 0.023095, 0.023484, 0.023736, 0.024835, 0.025424, 0.025578, 0.025669, 0.025806, 0.025909, 0.025937, 0.025939, 0.025941, 0.026027, 0.026395, 0.026619, 0.02673, 0.026783, 0.027139, 0.027213, 0.027272, 0.027428, 0.027572, 0.027793, 0.027816, 0.027819, 0.028116, 0.028679, 0.028731, 0.028785, 0.029018, 0.0291, 0.029112, 0.029121, 0.029124, 0.029207, 0.029278, 0.029356, 0.029361, 0.029777, 0.030056, 0.03055, 0.032187, 0.032306, 0.032372, 0.032387, 0.032716, 0.0329, 0.032955, 0.033132, 0.033211, 0.033324, 0.034413, 0.034458, 0.035338, 0.035357, 0.035375, 0.036132, 0.03689, 0.037011, 0.037088, 0.037522, 0.037793, 0.038018, 0.038082, 0.038589, 0.03874, 0.039427, 0.039558, 0.040058, 0.040317, 0.040338, 0.040958, 0.041035, 0.041637, 0.041674, 0.04175, 0.041946, 0.04232, 0.042877, 0.043172, 0.043264, 0.043373, 0.043455, 0.043508, 0.044016, 0.044146, 0.044187, 0.044312, 0.044372, 0.044656, 0.044801, 0.044854, 0.044938, 0.04528, 0.04533, 0.045454, 0.045562, 0.045609, 0.04656, 0.046635, 0.046824, 0.047334, 0.048224, 0.049288, 0.049393, 0.049548, 0.049858, 0.049883, 0.049897, 0.049942, 0.050014, 0.050131, 0.050208, 0.050294, 0.050684, 0.051021, 0.051045, 0.051399, 0.051907, 0.051981, 0.051992, 0.052084, 0.052515, 0.052682, 0.052734, 0.053047, 0.053676, 0.054735, 0.055309, 0.055315, 0.055462, 0.055733, 0.055772, 0.055985, 0.056114, 0.056506, 0.05669, 0.056971, 0.057373, 0.057518, 0.057582, 0.057801, 0.058343, 0.058458, 0.058728, 0.059111, 0.059632, 0.059707, 0.059936, 0.060209, 0.060573, 0.061218, 0.061513, 0.062333, 0.062466, 0.062773, 0.062947, 0.062951, 0.062968, 0.063358, 0.063798, 0.063855, 0.064254, 0.064623, 0.064827, 0.06491, 0.065111, 0.065177, 0.065602, 0.065798, 0.065872, 0.066426, 0.066541, 0.066591, 0.067157, 0.06751, 0.06794, 0.068243, 0.068437, 0.068488, 0.068588, 0.068931, 0.069083, 0.069106, 0.06913, 0.069281, 0.070085, 0.070085, 0.070092, 0.07013, 0.070157, 0.071235, 0.071235, 0.071323, 0.071378, 0.071732, 0.071756, 0.071805, 0.071856, 0.07193, 0.072022, 0.072136, 0.072419, 0.072893, 0.073258, 0.073593, 0.073877, 0.073927, 0.074484, 0.074719, 0.074888, 0.075225, 0.075589, 0.075591, 0.075706, 0.07602, 0.076424, 0.076737, 0.077133, 0.077136, 0.077719, 0.078184, 0.078333, 0.078558, 0.078622, 0.078878, 0.078918, 0.079305, 0.079437, 0.079573, 0.079594, 0.079765, 0.080292, 0.080721, 0.080815, 0.08142, 0.081548, 0.082786, 0.083098, 0.083484, 0.083889, 0.084113, 0.084515, 0.084642, 0.085062, 0.085072, 0.08559, 0.085687, 0.085888, 0.086191, 0.087766, 0.087769, 0.087804, 0.087828, 0.088337, 0.088494, 0.088932, 0.08907, 0.089171, 0.089211, 0.089237, 0.089427, 0.090745, 0.090823, 0.092011, 0.092027, 0.092428, 0.092619, 0.093111, 0.093427, 0.093454, 0.093485, 0.094196, 0.094388, 0.094517, 0.094744, 0.095069, 0.096139, 0.096362, 0.096753, 0.097284, 0.097551, 0.097894, 0.097968, 0.098132, 0.099356, 0.099413, 0.099458, 0.099486, 0.099608, 0.099827, 0.099911, 0.100995, 0.101549, 0.101907, 0.102069, 0.102351, 0.102414, 0.103543, 0.103984, 0.104285, 0.104739, 0.105322, 0.105412, 0.106163, 0.106243, 0.106935, 0.107111, 0.107178, 0.107186, 0.107808, 0.108533, 0.109126, 0.109222, 0.109262, 0.10938, 0.109474, 0.109572, 0.109704, 0.10989, 0.110333, 0.110845, 0.111169, 0.111255, 0.111365, 0.111923, 0.112426, 0.112453, 0.112534, 0.112716, 0.112717, 0.113038, 0.113102, 0.113655, 0.113745, 0.114388, 0.115023, 0.115055, 0.11532, 0.115432, 0.115493, 0.115633, 0.116002, 0.116671, 0.11668, 0.117136, 0.117249, 0.118133, 0.118752, 0.11883, 0.119101, 0.119181, 0.119606, 0.119776, 0.121093, 0.121205, 0.121206, 0.121486, 0.121569, 0.121914, 0.122378, 0.122816, 0.123211, 0.12336, 0.123406, 0.123567, 0.123864, 0.124172, 0.124288, 0.124522, 0.12466, 0.125268, 0.125446, 0.126674, 0.126766, 0.12699, 0.126999, 0.127539, 0.127849, 0.127952, 0.128021, 0.128795, 0.129, 0.12928, 0.129805, 0.129893, 0.130129, 0.130876, 0.130911, 0.131005, 0.131515, 0.131712, 0.131874, 0.131908, 0.132521, 0.132535, 0.132839, 0.133053, 0.133617, 0.133845, 0.134122, 0.13457, 0.134783, 0.13483, 0.134854, 0.134871, 0.135222, 0.135452, 0.135472, 0.136453, 0.136834, 0.13684, 0.137395, 0.137585, 0.138831, 0.139085, 0.139607, 0.139733, 0.140775, 0.140866, 0.140901, 0.14136, 0.14156, 0.141562, 0.141597, 0.141666, 0.141748, 0.14176, 0.142079, 0.142093, 0.142448, 0.14264, 0.143231, 0.143681, 0.143714, 0.144268, 0.145064, 0.145115, 0.145496, 0.145881, 0.146032, 0.146198, 0.146309, 0.146418, 0.146764, 0.146824, 0.146906, 0.147188, 0.147419, 0.147725, 0.148074, 0.148135, 0.148364, 0.148589, 0.148832, 0.148934, 0.148981, 0.149187, 0.149372, 0.149559, 0.149845, 0.149882, 0.149991, 0.150287, 0.150289, 0.150392, 0.150546, 0.150594, 0.150868, 0.150965, 0.151101, 0.151575, 0.15179, 0.15193, 0.152018, 0.152672, 0.153374, 0.153833, 0.153963, 0.154069, 0.154667, 0.155063, 0.155174, 0.155181, 0.155442, 0.155573, 0.155728, 0.155828, 0.156153, 0.156221, 0.156312, 0.156399, 0.156753, 0.156918, 0.156975, 0.157009, 0.157202, 0.157355, 0.157474, 0.157561, 0.157563, 0.157741, 0.158073, 0.158256, 0.158307, 0.158378, 0.158432, 0.15892, 0.15934, 0.159367, 0.159426, 0.159882, 0.160523, 0.16062, 0.160842, 0.161228, 0.161726, 0.162087, 0.162147, 0.162444, 0.162462, 0.163294, 0.163552, 0.16468, 0.165293, 0.165505, 0.165581, 0.165622, 0.165825, 0.165971, 0.166317, 0.166516, 0.166681, 0.166997, 0.167144, 0.167521, 0.16771, 0.168148, 0.168505, 0.169234, 0.169813, 0.170864, 0.171432, 0.171729, 0.172209, 0.172322, 0.172479, 0.172522, 0.172837, 0.173256, 0.173531, 0.173755, 0.173786, 0.174317, 0.174427, 0.174427, 0.174508, 0.175069, 0.17535, 0.175542, 0.175606, 0.175884, 0.176841, 0.17701, 0.177126, 0.177697, 0.177838, 0.177937, 0.177986, 0.17818, 0.178222, 0.178246, 0.178446, 0.178549, 0.178717, 0.17892, 0.179109, 0.179503, 0.179594, 0.179804, 0.179921, 0.180191, 0.181124, 0.181533, 0.182111, 0.182302, 0.182531, 0.18276, 0.183338, 0.183554, 0.183942, 0.184244, 0.184708, 0.184802, 0.185216, 0.185662, 0.18605, 0.186283, 0.186806, 0.186857, 0.186973, 0.187242, 0.187571, 0.187733, 0.187848, 0.188096, 0.188401, 0.188705, 0.188706, 0.188925, 0.188954, 0.189509, 0.189926, 0.19017, 0.190481, 0.190969, 0.191628, 0.192333, 0.192615, 0.192848, 0.193244, 0.193891, 0.194123, 0.194475, 0.194603, 0.194698, 0.194783, 0.194794, 0.195138, 0.196507, 0.196819, 0.196858, 0.196933, 0.19696, 0.197006, 0.197069, 0.197226, 0.197291, 0.19785, 0.198251, 0.198472, 0.198511, 0.198522, 0.198653, 0.199323, 0.199704, 0.201831, 0.201919, 0.202068, 0.202266, 0.20227, 0.202284, 0.202468, 0.203407, 0.203904, 0.203966, 0.204129, 0.204325, 0.204963, 0.205231, 0.205786, 0.206281, 0.206357, 0.206558, 0.2067, 0.207067, 0.207258, 0.20727, 0.207544, 0.207723, 0.208672, 0.210009, 0.210037, 0.210236, 0.210252, 