{"sigma_r": 1.9103, "sigma_i": 0.2558, "m": 3, "seed": 4151608687, "n_k": {"1": 3254, "2": 838, "3": 227, "4": 62, "5": 10, "6+": 3}, "dlogr": [0.000166, 0.000358, 0.000397, 0.000508, 0.000681, 0.000684, 0.000732, 0.000773, 0.000836, 0.00101, 0.001335, 0.001359, 0.001447, 0.001571, 0.001871, 0.001876, 0.002128, 0.002233, 0.002864, 0.003408, 0.00341, 0.003519, 0.00359, 0.003805, 0.003964, 0.004411, 0.004606, 0.004902, 0.004983, 0.005315, 0.006009, 0.006125, 0.006919, 0.00712, 0.007173, 0.007291, 0.007368, 0.00756, 0.007588, 0.007655, 0.007937, 0.008372, 0.00892, 0.009064, 0.009245, 0.009284, 0.00942, 0.009824, 0.010008, 0.010496, 0.010592, 0.010646, 0.01078, 0.010836, 0.010861, 0.010894, 0.01124, 0.011345, 0.011704, 0.011833, 0.01188, 0.011917, 0.011968, 0.012562, 0.012708, 0.012745, 0.012767, 0.012924, 0.012948, 0.013017, 0.01317, 0.013233, 0.013404, 0.013486, 0.013802, 0.013845, 0.013913, 0.014004, 0.014295, 0.014442, 0.014752, 0.014983, 0.015025, 0.015112, 0.015309, 0.015317, 0.01532, 0.01558, 0.015643, 0.015706, 0.015765, 0.016099, 0.016211, 0.016296, 0.016411, 0.01675, 0.016821, 0.017149, 0.017244, 0.0173, 0.017331, 0.01735, 0.017427, 0.01756, 0.01772, 0.017775, 0.01793, 0.017967, 0.018078, 0.018122, 0.018129, 0.018191, 0.018201, 0.018507, 0.018563, 0.019258, 0.019379, 0.019481, 0.019534, 0.019688, 0.019766, 0.019862, 0.019886, 0.020283, 0.020731, 0.020919, 0.021553, 0.021657, 0.022109, 0.022153, 0.022414, 0.022671, 0.022762, 0.022783, 0.022876, 0.023153, 0.023688, 0.023932, 0.023944, 0.023956, 0.024288, 0.024692, 0.024749, 0.024862, 0.024954, 0.025069, 0.025274, 0.025313, 0.025411, 0.025577, 0.02579, 0.025822, 0.025893, 0.02595, 0.026104, 0.026164, 0.026227, 0.026267, 0.026362, 0.026526, 0.026549, 0.026551, 0.026613, 0.026692, 0.02674, 0.026882, 0.02733, 0.027584, 0.027808, 0.027884, 0.027893, 0.027915, 0.027923, 0.028407, 0.028443, 0.028528, 0.028584, 0.028708, 0.028714, 0.028839, 0.029042, 0.02934, 0.02943, 0.029544, 0.029573, 0.029841, 0.030964, 0.030982, 0.031246, 0.031312, 0.031467, 0.032316, 0.032384, 0.03239, 0.032712, 0.032796, 0.032832, 0.032877, 0.032949, 0.033329, 0.033522, 0.033754, 0.033766, 0.033954, 0.034029, 0.034513, 0.034789, 0.034858, 0.035016, 0.035194, 0.035465, 0.035809, 0.035942, 0.035988, 0.03599, 0.036068, 0.036182, 0.036516, 0.037191, 0.037376, 0.037546, 0.037699, 0.037838, 0.03806, 0.038207, 0.038249, 0.038436, 0.039065, 0.039428, 0.039498, 0.040018, 0.040127, 0.040222, 0.040295, 0.040466, 0.040702, 0.041301, 0.041785, 0.042098, 0.042139, 0.042223, 0.042339, 0.04243, 0.042727, 0.043555, 0.043616, 0.043746, 0.043763, 0.043842, 0.044148, 0.044204, 0.044339, 0.04451, 0.044519, 0.044675, 0.044991, 0.045065, 0.045092, 0.045567, 0.045766, 0.04587, 0.045994, 0.046082, 0.046098, 0.046384, 0.046718, 0.046739, 0.047134, 0.04772, 0.047775, 0.047814, 0.048127, 0.048475, 0.048529, 0.048698, 0.048728, 0.04895, 0.048957, 0.049138, 0.049139, 0.049579, 0.049584, 0.049735, 0.049774, 0.050423, 0.050563, 0.050651, 0.05111, 0.051222, 0.051755, 0.051858, 0.051917, 0.051977, 0.052121, 0.052353, 0.052584, 0.052778, 0.052786, 0.052799, 0.052954, 0.053521, 0.053536, 0.053794, 0.05385, 0.054196, 0.054369, 0.054413, 0.054717, 0.054739, 0.055015, 0.055107, 0.055123, 0.055269, 0.055505, 0.056078, 0.056177, 0.056319, 0.056554, 0.056626, 0.056659, 0.056941, 0.056959, 0.057034, 0.057486, 0.057573, 0.057762, 0.057947, 0.058184, 0.058249, 0.058258, 0.058882, 0.058948, 0.058966, 0.05926, 0.059377, 0.059505, 0.059755, 0.060028, 0.060111, 0.060173, 0.060296, 0.060673, 0.060828, 0.061124, 0.061143, 0.061292, 0.061356, 0.061487, 0.061636, 0.062356, 0.062435, 0.062475, 0.062537, 0.06256, 0.063068, 0.063182, 0.063784, 0.064148, 0.064254, 0.064425, 0.064503, 0.064747, 0.064939, 0.065034, 0.065157, 0.065165, 0.065179, 0.065308, 0.065362, 0.06553, 0.065794, 0.066113, 0.066271, 0.066443, 0.066508, 0.066617, 0.066963, 0.067031, 0.067163, 0.067215, 0.06748, 0.067859, 0.067986, 0.067989, 0.068445, 0.068481, 0.068759, 0.06882, 0.068872, 0.068912, 0.06898, 0.06916, 0.069475, 0.069678, 0.069821, 0.070193, 0.070701, 0.070889, 0.070914, 0.071088, 0.071118, 0.071307, 0.072457, 0.072686, 0.072933, 0.073468, 0.073667, 0.073694, 0.073754, 0.073898, 0.073925, 0.074626, 0.074715, 0.074863, 0.075542, 0.075574, 0.075845, 0.075999, 0.076688, 0.076768, 0.076833, 0.077435, 0.077519, 0.077636, 0.077832, 0.07801, 0.078155, 0.078687, 0.078807, 0.078976, 0.079071, 0.07916, 0.079296, 0.079501, 0.079534, 0.079545, 0.079603, 0.079787, 0.079805, 0.07987, 0.080018, 0.080244, 0.080445, 0.080529, 0.080818, 0.080825, 0.08114, 0.081309, 0.081589, 0.081799, 0.081833, 0.082058, 0.083089, 0.083155, 0.083861, 0.084005, 0.084166, 0.084177, 0.084496, 0.084877, 0.08501, 0.085301, 0.085368, 0.085531, 0.085598, 0.085689, 0.085715, 0.086073, 0.08617, 0.086333, 0.086509, 0.086523, 0.086595, 0.086959, 0.086985, 0.086989, 0.08726, 0.087474, 0.087476, 0.087494, 0.087642, 0.087646, 0.087852, 0.088111, 0.088545, 0.088558, 0.089076, 0.089481, 0.090083, 0.090226, 0.090423, 0.090581, 0.090857, 0.091152, 0.091469, 0.091872, 0.092187, 0.092256, 0.092323, 0.092815, 0.093029, 0.093056, 0.093588, 0.09406, 0.094083, 0.094121, 0.09427, 0.09432, 0.094453, 0.094661, 0.095034, 0.095629, 0.095679, 0.095763, 0.095783, 0.095883, 0.096031, 0.096043, 0.096076, 0.096473, 0.097206, 0.09721, 0.097354, 0.097636, 0.097713, 0.097737, 0.097809, 0.097863, 0.097892, 0.097953, 0.098025, 0.098514, 0.098678, 0.098729, 0.098805, 0.098866, 0.098923, 0.099097, 0.099159, 0.099286, 0.099696, 0.09971, 0.099923, 0.099957, 0.100068, 0.100279, 0.100351, 0.100426, 0.100573, 0.100689, 0.100722, 0.100752, 0.100829, 0.100858, 0.101876, 0.101893, 0.102037, 0.102149, 0.102515, 0.102547, 0.102654, 0.102667, 0.10283, 0.103118, 0.103725, 0.103968, 0.104141, 0.104153, 0.104161, 0.104243, 0.104492, 0.10454, 0.104592, 0.104596, 0.104684, 0.104685, 0.104751, 0.104769, 0.104901, 0.105121, 0.105784, 0.105841, 0.105851, 0.105925, 0.106239, 0.106245, 0.106586, 0.106785, 0.106856, 0.106913, 0.106928, 0.107082, 0.10715, 0.107226, 0.107512, 0.10777, 0.108623, 0.108845, 0.108949, 0.109284, 0.109334, 0.109604, 0.109766, 0.110172, 0.11035, 0.110407, 0.110593, 0.110636, 0.110696, 0.1107, 0.110886, 0.110915, 0.111208, 0.112075, 0.112374, 0.112387, 0.113088, 0.113153, 0.113589, 0.113687, 0.113813, 0.114064, 0.114122, 0.114343, 0.114347, 0.114453, 0.11465, 0.114815, 0.115335, 0.116055, 0.116064, 0.11616, 0.116247, 0.116312, 0.11641, 0.117137, 0.118255, 0.118288, 0.118468, 0.11967, 0.119803, 0.119936, 0.120082, 0.120252, 0.120816, 0.120832, 0.121245, 0.12131, 0.121418, 0.121962, 0.122084, 0.122683, 0.122795, 0.122824, 0.122887, 0.123102, 0.123215, 0.124031, 0.124116, 0.124467, 0.124574, 0.124961, 0.125011, 0.125087, 0.125228, 0.125592, 0.125681, 0.125743, 0.125746, 0.125875, 0.126036, 0.126044, 0.126131, 0.126493, 0.126539, 0.126549, 0.126597, 0.126834, 0.126966, 0.127223, 0.127897, 0.127903, 0.128285, 0.128319, 0.128448, 0.128784, 0.128941, 0.12924, 0.129402, 0.129463, 0.129559, 0.129612, 0.13001, 0.13019, 0.13027, 0.130402, 0.130737, 0.130761, 0.131107, 0.131547, 0.131876, 0.131937, 0.132069, 0.132349, 0.13308, 0.133623, 0.133816, 0.133925, 0.134036, 0.134288, 0.134411, 0.134518, 0.134693, 0.134747, 0.135274, 0.135432, 0.135722, 0.13665, 0.137265, 0.138038, 0.138061, 0.138214, 0.138642, 0.13878, 0.138801, 0.139025, 0.139128, 0.139141, 0.139339, 0.139672, 0.140549, 0.140989, 0.142564, 0.143738, 0.144048, 0.144221, 0.144367, 0.144624, 0.145196, 0.145217, 0.145568, 0.14557, 0.14613, 0.146382, 0.146478, 0.146577, 0.146609, 0.147068, 0.147407, 0.147638, 0.147817, 0.147946, 0.148055, 0.148062, 0.148382, 0.148485, 0.148508, 0.148673, 0.148677, 0.14925, 0.149553, 0.1498, 0.150016, 0.15188, 0.151929, 0.15264, 0.152811, 0.153122, 0.153302, 0.153397, 0.15371, 0.153754, 0.153833, 0.153959, 0.154209, 0.154302, 0.154348, 0.154537, 0.154654, 0.155084, 0.155474, 0.156656, 0.157061, 0.157066, 0.157106, 0.157179, 0.157194, 0.158189, 0.158509, 0.158945, 0.159101, 0.159337, 0.159455, 0.15948,