{"sigma_r": 1.5244, "sigma_i": 0.4183, "m": 3, "seed": 2942384587, "n_k": {"1": 3321, "2": 835, "3": 218, "4": 64, "5": 7, "6+": 3}, "dlogr": [0.0, 7.9e-05, 0.00015, 0.000581, 0.000681, 0.000772, 0.000826, 0.000885, 0.001423, 0.001583, 0.001679, 0.001827, 0.001849, 0.001952, 0.002041, 0.002115, 0.002292, 0.002321, 0.002368, 0.002388, 0.002677, 0.003128, 0.003748, 0.003937, 0.003939, 0.004017, 0.004168, 0.004188, 0.004281, 0.004366, 0.005037, 0.005224, 0.00524, 0.005858, 0.005882, 0.006074, 0.006085, 0.006105, 0.006145, 0.00646, 0.007478, 0.007611, 0.008117, 0.008386, 0.00872, 0.009094, 0.00931, 0.009538, 0.009769, 0.009831, 0.010341, 0.010371, 0.010377, 0.010585, 0.010759, 0.010874, 0.011135, 0.011236, 0.011514, 0.01171, 0.012205, 0.01252, 0.012628, 0.012679, 0.012899, 0.013215, 0.013518, 0.013713, 0.013931, 0.014209, 0.014264, 0.01439, 0.014515, 0.01514, 0.015762, 0.015793, 0.015934, 0.016042, 0.016196, 0.016446, 0.016632, 0.016638, 0.017006, 0.017197, 0.017382, 0.017506, 0.01777, 0.017835, 0.017867, 0.018024, 0.018044, 0.018063, 0.018107, 0.018388, 0.018715, 0.018779, 0.01898, 0.019014, 0.019307, 0.019349, 0.019407, 0.019981, 0.020716, 0.021008, 0.021026, 0.021333, 0.02153, 0.022095, 0.022196, 0.0223, 0.022466, 0.022803, 0.023117, 0.023883, 0.024034, 0.024068, 0.024144, 0.024264, 0.02427, 0.024778, 0.024787, 0.024797, 0.025035, 0.025199, 0.025474, 0.025708, 0.02576, 0.026032, 0.026074, 0.026163, 0.026488, 0.02682, 0.027453, 0.02781, 0.028016, 0.028091, 0.028095, 0.028101, 0.028511, 0.028599, 0.028721, 0.02879, 0.028826, 0.028853, 0.029233, 0.029255, 0.029271, 0.029405, 0.029416, 0.029449, 0.030038, 0.030266, 0.030468, 0.030665, 0.030772, 0.030855, 0.030925, 0.030965, 0.031103, 0.031339, 0.031443, 0.031553, 0.031556, 0.031787, 0.031807, 0.031914, 0.032048, 0.032176, 0.032912, 0.033107, 0.033171, 0.033402, 0.03348, 0.033519, 0.03372, 0.033787, 0.033788, 0.033875, 0.033976, 0.034138, 0.034207, 0.034347, 0.034545, 0.034711, 0.034807, 0.034836, 0.034891, 0.035012, 0.035062, 0.03519, 0.035216, 0.035487, 0.035624, 0.035733, 0.035966, 0.036205, 0.036244, 0.036245, 0.036296, 0.037041, 0.037596, 0.03761, 0.038455, 0.038624, 0.038681, 0.038933, 0.039168, 0.039576, 0.039594, 0.040314, 0.040561, 0.040596, 0.040938, 0.041492, 0.041551, 0.041668, 0.042409, 0.042509, 0.042664, 0.042795, 0.042946, 0.043006, 0.043318, 0.043894, 0.044122, 0.044352, 0.044579, 0.044687, 0.044718, 0.045259, 0.04557, 0.045668, 0.045884, 0.04631, 0.046771, 0.046857, 0.047244, 0.047578, 0.048121, 0.048128, 0.04853, 0.048914, 0.04952, 0.049908, 0.049976, 0.050023, 0.05008, 0.05009, 0.050391, 0.050453, 0.050838, 0.051477, 0.051593, 0.051613, 0.051661, 0.051666, 0.051709, 0.051776, 0.051793, 0.052148, 0.05216, 0.052202, 0.052285, 0.052351, 0.052636, 0.052657, 0.052701, 0.052727, 0.053041, 0.054097, 0.054174, 0.054259, 0.05485, 0.054926, 0.055337, 0.055625, 0.055627, 0.055971, 0.055992, 0.056044, 0.056054, 0.056122, 0.056147, 0.056389, 0.056485, 0.056769, 0.056792, 0.056848, 0.057576, 0.057632, 0.05791, 0.058699, 0.058822, 0.059071, 0.059177, 0.059178, 0.059402, 0.059463, 0.059502, 0.05964, 0.059696, 0.059854, 0.060126, 0.060321, 0.060376, 0.060543, 0.060686, 0.060951, 0.061008, 0.061352, 0.061365, 0.061379, 0.061387, 0.061556, 0.061598, 0.061721, 0.061761, 0.062391, 0.062535, 0.062605, 0.063236, 0.063787, 0.063996, 0.064058, 0.064078, 0.064378, 0.064397, 0.064413, 0.064912, 0.065093, 0.065123, 0.065331, 0.065346, 0.065734, 0.066083, 0.066451, 0.066634, 0.066813, 0.066841, 0.067276, 0.067374, 0.067742, 0.068055, 0.068217, 0.068227, 0.068308, 0.068573, 0.068622, 0.068676, 0.068842, 0.06904, 0.069268, 0.069431, 0.069442, 0.06947, 0.069511, 0.069622, 0.069793, 0.069909, 0.070345, 0.070643, 0.070646, 0.070774, 0.070777, 0.070857, 0.070929, 0.07098, 0.071368, 0.071392, 0.071605, 0.071702, 0.072155, 0.072536, 0.07258, 0.07264, 0.072828, 0.073002, 0.07302, 0.073114, 0.073131, 0.073238, 0.073267, 0.073297, 0.073687, 0.073746, 0.073793, 0.074817, 0.074879, 0.075017, 0.075027, 0.075059, 0.075313, 0.075473, 0.075541, 0.076095, 0.076291, 0.076418, 0.076476, 0.076512, 0.076557, 0.077086, 0.077128, 0.07732, 0.077336, 0.077479, 0.077669, 0.077869, 0.078151, 0.0783, 0.078709, 0.07889, 0.078933, 0.079138, 0.079214, 0.079403, 0.079682, 0.079708, 0.080086, 0.080196, 0.080296, 0.080306, 0.080608, 0.080785, 0.080855, 0.080909, 0.080952, 0.081082, 0.081263, 0.081441, 0.081803, 0.082253, 0.082294, 0.082298, 0.082334, 0.082462, 0.082599, 0.08311, 0.083341, 0.083985, 0.08401, 0.084413, 0.0845, 0.084715, 0.084959, 0.085352, 0.085592, 0.085594, 0.085647, 0.086255, 0.086383, 0.086672, 0.086883, 0.087087, 0.087122, 0.08731, 0.087491, 0.087503, 0.087864, 0.088167, 0.088207, 0.088441, 0.089078, 0.089222, 0.089845, 0.089901, 0.090217, 0.090342, 0.090358, 0.091582, 0.092426, 0.092454, 0.092673, 0.093032, 0.093141, 0.093142, 0.093481, 0.093493, 0.093889, 0.094043, 0.094081, 0.094166, 0.094316, 0.094596, 0.094727, 0.094848, 0.095263, 0.095515, 0.096087, 0.096307, 0.096481, 0.096492, 0.096558, 0.096633, 0.096984, 0.09745, 0.097919, 0.098065, 0.098239, 0.098276, 0.098329, 0.098594, 0.098617, 0.098845, 0.099006, 0.099875, 0.099912, 0.100303, 0.100327, 0.100334, 0.100497, 0.100922, 0.100974, 0.101111, 0.101246, 0.10125, 0.101662, 0.101762, 0.101968, 0.102057, 0.102188, 0.102349, 0.102354, 0.10238, 0.102731, 0.10294, 0.10297, 0.103462, 0.103613, 0.103937, 0.103954, 0.103986, 0.10423, 0.104307, 0.104367, 0.104454, 0.1053, 0.105645, 0.106109, 0.106483, 0.106665, 0.106818, 0.106937, 0.106983, 0.107019, 0.107252, 0.107385, 0.107627, 0.107645, 0.107719, 0.108002, 0.10805, 0.108297, 0.108445, 0.108472, 0.108807, 0.108963, 0.109018, 0.109405, 0.109563, 0.109975, 0.109997, 0.110089, 0.110242, 0.110349, 0.110406, 0.1106, 0.111067, 0.111327, 0.112214, 0.112392, 0.112415, 0.112826, 0.113294, 0.113394, 0.113412, 0.11379, 0.113892, 0.113893, 0.114041, 0.114391, 0.114432, 0.114634, 0.114682, 0.114751, 0.114857, 0.11527, 0.115335, 0.115735, 0.115785, 0.115846, 0.115898, 0.115974, 0.116668, 0.11696, 0.116972, 0.117731, 0.117773, 0.117806, 0.118107, 0.118109, 0.118232, 0.118676, 0.118763, 0.119266, 0.119515, 0.119673, 0.120035, 0.120379, 0.120552, 0.120667, 0.120842, 0.120959, 0.121157, 0.12123, 0.12132, 0.121774, 0.121917, 0.12211, 0.122145, 0.122217, 0.122344, 0.12252, 0.122679, 0.122737, 0.123112, 0.123156, 0.124172, 0.124258, 0.12437, 0.124458, 0.124468, 0.125688, 0.126053, 0.126327, 0.12635, 0.126514, 0.126565, 0.126782, 0.127777, 0.127988, 0.128278, 0.128303, 0.128763, 0.128854, 0.128919, 0.129208, 0.129335, 0.129398, 0.129793, 0.129926, 0.130175, 0.130381, 0.131224, 0.131411, 0.131463, 0.131494, 0.131522, 0.13167, 0.131693, 0.132167, 0.132521, 0.132555, 0.132595, 0.132664, 0.1333, 0.133348, 0.133436, 0.133987, 0.134522, 0.134891, 0.134942, 0.135184, 0.135202, 0.135363, 0.136798, 0.137002, 0.137094, 0.137175, 0.137244, 0.137362, 0.13799, 0.138065, 0.138206, 0.138217, 0.138318, 0.138521, 0.139162, 0.139182, 0.139236, 0.139603, 0.13998, 0.140015, 0.140942, 0.14095, 0.141225, 0.141529, 0.141561, 0.142188, 0.142337, 0.142349, 0.142541, 0.142616, 0.143515, 0.143697, 0.14373, 0.143777, 0.144255, 0.144382, 0.144387, 0.144625, 0.145076, 0.145712, 0.145818, 0.146175, 0.146663, 0.146763, 0.147326, 0.147522, 0.147766, 0.148208, 0.148598, 0.148891, 0.14926, 0.14928, 0.149396, 0.149466, 0.149517, 0.150894, 0.151026, 0.15145, 0.151792, 0.151918, 0.153087, 0.153401, 0.154237, 0.154309, 0.154377, 0.154402, 0.154616, 0.154692, 0.155795, 0.156547, 0.156748, 0.157088, 0.157248, 0.157594, 0.157987, 0.15838, 0.15853, 0.158866, 0.158997, 0.159098, 0.159306, 0.159553, 0.159564, 0.159646, 0.159768, 0.160389, 0.160411, 0.160467, 0.160592, 0.160728, 0.160732, 0.161266, 0.161683, 0.161866, 0.161984, 0.163514, 0.163661, 0.163853, 0.164872, 0.165069, 0.165078, 0.165696, 0.165707, 0.165807, 0.165997, 0.166882, 0.167077, 0.167213, 0.167723, 0.167882, 0.16831, 0.168438, 0.16853, 0.168748, 0.168977, 0.169096, 0.169262, 0.169319, 0.169798, 0.170013, 0.170082, 0.170192, 