{"sigma_r": 1.2164, "sigma_i": 0.8747, "m": 4, "seed": 2641059293, "n_k": {"1": 3437, "2": 823, "3": 228, "4": 51, "5": 6, "6+": 1}, "dlogr": [0.0, 0.0, 0.0, 5.5e-05, 0.00018, 0.000273, 0.000336, 0.000755, 0.000798, 0.000883, 0.000948, 0.00118, 0.001339, 0.001734, 0.001848, 0.001864, 0.001912, 0.00192, 0.001985, 0.002093, 0.002257, 0.002502, 0.002525, 0.00254, 0.003251, 0.003273, 0.00332, 0.003457, 0.003534, 0.00355, 0.003598, 0.003703, 0.003825, 0.003874, 0.004005, 0.004178, 0.004299, 0.00431, 0.00441, 0.00503, 0.005292, 0.005854, 0.006143, 0.006332, 0.006369, 0.006384, 0.006385, 0.006428, 0.006646, 0.006716, 0.006819, 0.007439, 0.007501, 0.007517, 0.007685, 0.007774, 0.007797, 0.008157, 0.008194, 0.008226, 0.008351, 0.008489, 0.00859, 0.008749, 0.008766, 0.008768, 0.009412, 0.009473, 0.009921, 0.010004, 0.010045, 0.010064, 0.0102, 0.010231, 0.010265, 0.010344, 0.010352, 0.010486, 0.010519, 0.010587, 0.010759, 0.010769, 0.011156, 0.011182, 0.011237, 0.011277, 0.011602, 0.011762, 0.011785, 0.01208, 0.012423, 0.0125, 0.012504, 0.012575, 0.012895, 0.013249, 0.013399, 0.013787, 0.013872, 0.014015, 0.014052, 0.01421, 0.014237, 0.014358, 0.014376, 0.014433, 0.014465, 0.014626, 0.014925, 0.015088, 0.015217, 0.015275, 0.015506, 0.015605, 0.015714, 0.01605, 0.016405, 0.016442, 0.016508, 0.016808, 0.0169, 0.016999, 0.017038, 0.017386, 0.017454, 0.017483, 0.017529, 0.017645, 0.017675, 0.017732, 0.017949, 0.01808, 0.01823, 0.018641, 0.018878, 0.018927, 0.019064, 0.019104, 0.019247, 0.019615, 0.019665, 0.019766, 0.019798, 0.019822, 0.019835, 0.019876, 0.0199, 0.019908, 0.02018, 0.020389, 0.020466, 0.020757, 0.020794, 0.020959, 0.020968, 0.021352, 0.021779, 0.021801, 0.021843, 0.021967, 0.021969, 0.022054, 0.022075, 0.02226, 0.02246, 0.022468, 0.022474, 0.022514, 0.022778, 0.022811, 0.02304, 0.023339, 0.023703, 0.023743, 0.023835, 0.023875, 0.024183, 0.024341, 0.024429, 0.02451, 0.024551, 0.024609, 0.025085, 0.02511, 0.025329, 0.025534, 0.025899, 0.025944, 0.025948, 0.02609, 0.026291, 0.026341, 0.02638, 0.026398, 0.026616, 0.026892, 0.026897, 0.026919, 0.027263, 0.027421, 0.027827, 0.027968, 0.028127, 0.028238, 0.028493, 0.028522, 0.028532, 0.028621, 0.028701, 0.02891, 0.028953, 0.029102, 0.02917, 0.029375, 0.029457, 0.029613, 0.029719, 0.029801, 0.029999, 0.030089, 0.030155, 0.030385, 0.03041, 0.030567, 0.030957, 0.031033, 0.031228, 0.031233, 0.031331, 0.031337, 0.031392, 0.031414, 0.031471, 0.032227, 0.03253, 0.032723, 0.032954, 0.033363, 0.033366, 0.033549, 0.033578, 0.034073, 0.034339, 0.034406, 0.034414, 0.034766, 0.035012, 0.035182, 0.035271, 0.035491, 0.035857, 0.036205, 0.036377, 0.036835, 0.036968, 0.037259, 0.037276, 0.037456, 0.037559, 0.037988, 0.038125, 0.038269, 0.038853, 0.039291, 0.039353, 0.039467, 0.039509, 0.039833, 0.039888, 0.040001, 0.040002, 0.040022, 0.040289, 0.040318, 0.040435, 0.040549, 0.040575, 0.040645, 0.040674, 0.040833, 0.040903, 0.041095, 0.041123, 0.041131, 0.041329, 0.041348, 0.041506, 0.041756, 0.042017, 0.042059, 0.042073, 0.042099, 0.042253, 0.042318, 0.042409, 0.042703, 0.042729, 0.042793, 0.043262, 0.043364, 0.043444, 0.043453, 0.043576, 0.043609, 0.043829, 0.044553, 0.044857, 0.044862, 0.045238, 0.045281, 0.045725, 0.04583, 0.04613, 0.046447, 0.046456, 0.046489, 0.04697, 0.047259, 0.047318, 0.047403, 0.047804, 0.048062, 0.048331, 0.048922, 0.049124, 0.049365, 0.049504, 0.050141, 0.050245, 0.050259, 0.050279, 0.050638, 0.050692, 0.050819, 0.050942, 0.051189, 0.051281, 0.051401, 0.051524, 0.052191, 0.052276, 0.052286, 0.052375, 0.052415, 0.05243, 0.052473, 0.052605, 0.052663, 0.053116, 0.053275, 0.053891, 0.054214, 0.054282, 0.054646, 0.054761, 0.054862, 0.055157, 0.055308, 0.055385, 0.05575, 0.056179, 0.056244, 0.05652, 0.056819, 0.056966, 0.057191, 0.057406, 0.057558, 0.057652, 0.057686, 0.057976, 0.058068, 0.05832, 0.058385, 0.058469, 0.058772, 0.058866, 0.058997, 0.059235, 0.059349, 0.059571, 0.059898, 0.060322, 0.060331, 0.060423, 0.060703, 0.060715, 0.060925, 0.060985, 0.06106, 0.06118, 0.061248, 0.0613, 0.061309, 0.061378, 0.061445, 0.061462, 0.061551, 0.061732, 0.061941, 0.062034, 0.062069, 0.062116, 0.062884, 0.063047, 0.063328, 0.063381, 0.063494, 0.064143, 0.064541, 0.064921, 0.064942, 0.065043, 0.065158, 0.065277, 0.065813, 0.066182, 0.066348, 0.066457, 0.066717, 0.067109, 0.06718, 0.067283, 0.067619, 0.067633, 0.067935, 0.06798, 0.068209, 0.068467, 0.068756, 0.068847, 0.068909, 0.069348, 0.069493, 0.069639, 0.06964, 0.069808, 0.069878, 0.069917, 0.070037, 0.070189, 0.070235, 0.07035, 0.070747, 0.070784, 0.071129, 0.071237, 0.07178, 0.071826, 0.071894, 0.071923, 0.072045, 0.072253, 0.072282, 0.072893, 0.073018, 0.073245, 0.07327, 0.073397, 0.073475, 0.074215, 0.074246, 0.074253, 0.07432, 0.074474, 0.074611, 0.076182, 0.076344, 0.07636, 0.076363, 0.076709, 0.076714, 0.076809, 0.077194, 0.077389, 0.077435, 0.077636, 0.077714, 0.07785, 0.077946, 0.077973, 0.078021, 0.078198, 0.078521, 0.0786, 0.078782, 0.078794, 0.07905, 0.079387, 0.079829, 0.079869, 0.080111, 0.080144, 0.080453, 0.080673, 0.08083, 0.080967, 0.081002, 0.08145, 0.081598, 0.081926, 0.082443, 0.082465, 0.082668, 0.083094, 0.083283, 0.083378, 0.083421, 0.083728, 0.083762, 0.083874, 0.084012, 0.084122, 0.084247, 0.084424, 0.084467, 0.084477, 0.084501, 0.084653, 0.08486, 0.084984, 0.085313, 0.085325, 0.08543, 0.085797, 0.085887, 0.086125, 0.086526, 0.087875, 0.087923, 0.088214, 0.088311, 0.088316, 0.088589, 0.088618, 0.088756, 0.089032, 0.089208, 0.089313, 0.089455, 0.089464, 0.089498, 0.089829, 0.089922, 0.08995, 0.09008, 0.090122, 0.090127, 0.09055, 0.090628, 0.090665, 0.090917, 0.090942, 0.091366, 0.091459, 0.091615, 0.091624, 0.091872, 0.091985, 0.092176, 0.092861, 0.093674, 0.093713, 0.093758, 0.094106, 0.094581, 0.095195, 0.095578, 0.095613, 0.09564, 0.09566, 0.095773, 0.095908, 0.096111, 0.096128, 0.096213, 0.09628, 0.096419, 0.096627, 0.096719, 0.096819, 0.097057, 0.097195, 0.097344, 0.097407, 0.09777, 0.098012, 0.098384, 0.098528, 0.09887, 0.098999, 0.099, 0.099029, 0.099108, 0.099401, 0.099419, 0.099848, 0.100378, 0.100385, 0.100487, 0.100601, 0.10149, 0.102201, 0.102414, 0.10273, 0.102858, 0.103213, 0.10342, 0.103506, 0.103506, 0.103521, 0.103758, 0.103889, 0.104767, 0.105208, 0.105537, 0.105756, 0.106032, 0.106333, 0.106479, 0.106557, 0.106611, 0.106809, 0.107029, 0.107122, 0.107227, 0.107827, 0.108061, 0.10813, 0.108437, 0.109112, 0.10918, 0.109319, 0.109617, 0.10989, 0.110199, 0.110458, 0.110787, 0.111162, 0.111404, 0.111426, 0.111507, 0.111878, 0.111976, 0.111981, 0.112021, 0.11229, 0.112559, 0.112735, 0.11293, 0.114249, 0.11451, 0.114563, 0.114618, 0.114915, 0.115172, 0.11518, 0.11541, 0.115683, 0.115751, 0.115778, 0.115907, 0.116023, 0.116107, 0.11622, 0.116396, 0.116552, 0.116975, 0.117171, 0.117351, 0.117496, 0.117514, 0.117594, 0.117673, 0.117887, 0.117982, 0.11801, 0.118836, 0.118859, 0.119497, 0.119545, 0.119572, 0.119714, 0.119881, 0.120344, 0.120551, 0.121221, 0.121406, 0.121836, 0.122202, 0.122252, 0.12242, 0.122558, 0.122721, 0.122966, 0.124297, 0.12444, 0.124782, 0.124858, 0.12513, 0.125171, 0.125294, 0.125398, 0.125802, 0.125877, 0.126069, 0.126089, 0.126134, 0.127155, 0.127425, 0.12751, 0.127799, 0.128304, 0.128305, 0.128629, 0.129031, 0.129319, 0.129442, 0.129566, 0.130052, 0.130098, 0.131033, 0.13142, 0.131486, 0.131668, 0.132273, 0.132369, 0.132591, 0.132636, 0.132692, 0.132924, 0.133365, 0.133433, 0.133492, 0.133855, 0.134112, 0.134303, 0.134729, 0.134756, 0.135347, 0.135711, 0.135721, 0.135734, 0.136183, 0.13625, 0.136472, 0.136816, 0.137148, 0.137361, 0.137532, 0.137593, 0.137612, 0.137737, 0.137874, 0.137894, 0.137896, 0.137933, 0.138105, 0.138351, 0.138404, 0.138537, 0.13868, 0.13891, 0.138913, 0.139035, 0.13906, 0.139248, 0.139401, 0.139853, 0.139966, 0.140009, 0.140071, 0.14013, 0.140377, 0.140457, 0.140761, 0.140966, 0.141038, 0.141126, 0.141231, 0.141431, 0.141545, 0.141598, 0.141805, 0.14213, 0.142662, 0.142887, 0.143001, 0.143588, 0.143826, 0.14412, 0.144288, 0.144392, 0.144593, 0.144703, 0.144777, 0.145327, 