{"sigma_r": 1.5244, "sigma_i": 0.5349, "m": 1, "seed": 804025453, "n_k": {"1": 3291, "2": 823, "3": 224, "4": 54, "5": 8, "6+": 3}, "dlogr": [0.0, 0.000102, 0.000224, 0.00039, 0.000609, 0.000797, 0.001012, 0.001118, 0.001322, 0.001795, 0.00212, 0.002258, 0.002536, 0.002694, 0.002776, 0.0029, 0.002998, 0.003048, 0.003065, 0.003171, 0.003499, 0.003837, 0.004253, 0.004487, 0.004508, 0.004544, 0.004551, 0.005016, 0.00525, 0.005362, 0.005623, 0.005746, 0.005887, 0.006197, 0.006258, 0.006514, 0.006537, 0.006622, 0.006646, 0.006862, 0.007, 0.007072, 0.007303, 0.007335, 0.007438, 0.007924, 0.007935, 0.007973, 0.008573, 0.008608, 0.009141, 0.009291, 0.009441, 0.009684, 0.009737, 0.009782, 0.009796, 0.009807, 0.00993, 0.010128, 0.010156, 0.01021, 0.010703, 0.011104, 0.011121, 0.011191, 0.011481, 0.011694, 0.012182, 0.012403, 0.012414, 0.012592, 0.012811, 0.012843, 0.013215, 0.013513, 0.013726, 0.013826, 0.013911, 0.014164, 0.014187, 0.014251, 0.014262, 0.014267, 0.014509, 0.014556, 0.014666, 0.014831, 0.015153, 0.015302, 0.015341, 0.015581, 0.015746, 0.015914, 0.015966, 0.016079, 0.016095, 0.016141, 0.016503, 0.01655, 0.017037, 0.017227, 0.017512, 0.01762, 0.017702, 0.017893, 0.017895, 0.018059, 0.018323, 0.018567, 0.01867, 0.018677, 0.018763, 0.018855, 0.018957, 0.019004, 0.019064, 0.01908, 0.019186, 0.01926, 0.019385, 0.01964, 0.019715, 0.019771, 0.019877, 0.019919, 0.020327, 0.020383, 0.020404, 0.020559, 0.020867, 0.021051, 0.021245, 0.021315, 0.021485, 0.021781, 0.021847, 0.02194, 0.021987, 0.022029, 0.022188, 0.02235, 0.022681, 0.022705, 0.023277, 0.023289, 0.023308, 0.02366, 0.023748, 0.023794, 0.023972, 0.024161, 0.024761, 0.025216, 0.025273, 0.025283, 0.025387, 0.025468, 0.025521, 0.025649, 0.025715, 0.025731, 0.025888, 0.0259, 0.026231, 0.026398, 0.026645, 0.026712, 0.026724, 0.027069, 0.02725, 0.02734, 0.02743, 0.027547, 0.027907, 0.028014, 0.028029, 0.028182, 0.028197, 0.028255, 0.028326, 0.02847, 0.02847, 0.028906, 0.029228, 0.029283, 0.029391, 0.029429, 0.02948, 0.029574, 0.029684, 0.029804, 0.029969, 0.029976, 0.029984, 0.030055, 0.030207, 0.030408, 0.030443, 0.030476, 0.030635, 0.030885, 0.031161, 0.031624, 0.031638, 0.031734, 0.031748, 0.031801, 0.032265, 0.032306, 0.032489, 0.032972, 0.033133, 0.03378, 0.033985, 0.034008, 0.034112, 0.034444, 0.034744, 0.035486, 0.035493, 0.035917, 0.036084, 0.036103, 0.036443, 0.036569, 0.036576, 0.036906, 0.036988, 0.037128, 0.03752, 0.037796, 0.037874, 0.038113, 0.038368, 0.038594, 0.039047, 0.039066, 0.039179, 0.039724, 0.039878, 0.040894, 0.040983, 0.041309, 0.041316, 0.041605, 0.041685, 0.041766, 0.041874, 0.041935, 0.042204, 0.042425, 0.042689, 0.042857, 0.042869, 0.042872, 0.043107, 0.043126, 0.043219, 0.043224, 0.043249, 0.043374, 0.043467, 0.043617, 0.043707, 0.043855, 0.04397, 0.044233, 0.044293, 0.044298, 0.044726, 0.044863, 0.044946, 0.045006, 0.045058, 0.045423, 0.045497, 0.045598, 0.045965, 0.047087, 0.047173, 0.047656, 0.047819, 0.047867, 0.047965, 0.047992, 0.048269, 0.048904, 0.048925, 0.049098, 0.049235, 0.049252, 0.049291, 0.049748, 0.049907, 0.050116, 0.050214, 0.050224, 0.050233, 0.050263, 0.050349, 0.050516, 0.050803, 0.050974, 0.05141, 0.051422, 0.051508, 0.051631, 0.051645, 0.051735, 0.05175, 0.051885, 0.052092, 0.052297, 0.052516, 0.052723, 0.052853, 0.05286, 0.052932, 0.052946, 0.053026, 0.053053, 0.053149, 0.053424, 0.053517, 0.053754, 0.053963, 0.054141, 0.054519, 0.054619, 0.054859, 0.054867, 0.054938, 0.05499, 0.055089, 0.055225, 0.055341, 0.055854, 0.055952, 0.056035, 0.0562, 0.056414, 0.056574, 0.056595, 0.056838, 0.0569, 0.057294, 0.057336, 0.057467, 0.057632, 0.057702, 0.057897, 0.058719, 0.05878, 0.058793, 0.058866, 0.059584, 0.059776, 0.060342, 0.060577, 0.060706, 0.060994, 0.06133, 0.061423, 0.06146, 0.061473, 0.06154, 0.061688, 0.061887, 0.061921, 0.062194, 0.06236, 0.062387, 0.062542, 0.062624, 0.062634, 0.063235, 0.063452, 0.063512, 0.063836, 0.063916, 0.063949, 0.064049, 0.064141, 0.0642, 0.06427, 0.064314, 0.064347, 0.064595, 0.064814, 0.064989, 0.065052, 0.065421, 0.06544, 0.065524, 0.065562, 0.065792, 0.06594, 0.066091, 0.066111, 0.066951, 0.06699, 0.067435, 0.067529, 0.067607, 0.067728, 0.067771, 0.067847, 0.067867, 0.06893, 0.069009, 0.069218, 0.069763, 0.070743, 0.071333, 0.071525, 0.071782, 0.071871, 0.071924, 0.072206, 0.072231, 0.072392, 0.07263, 0.073009, 0.073016, 0.073429, 0.073611, 0.073636, 0.074014, 0.074129, 0.074342, 0.074565, 0.074769, 0.074828, 0.074873, 0.07498, 0.075183, 0.075212, 0.07534, 0.075635, 0.076206, 0.07631, 0.076355, 0.076362, 0.076397, 0.076602, 0.076609, 0.076724, 0.07673, 0.076776, 0.076865, 0.07718, 0.077289, 0.077338, 0.077425, 0.077698, 0.077729, 0.077969, 0.078076, 0.078182, 0.07862, 0.078652, 0.078661, 0.079042, 0.079119, 0.079388, 0.079677, 0.079846, 0.079913, 0.080185, 0.080207, 0.080755, 0.080935, 0.081089, 0.081395, 0.081459, 0.081478, 0.081645, 0.081773, 0.082139, 0.082384, 0.082478, 0.082508, 0.082764, 0.082933, 0.083758, 0.084309, 0.084607, 0.084643, 0.084801, 0.084839, 0.085943, 0.086547, 0.086567, 0.086572, 0.086961, 0.087061, 0.087535, 0.087586, 0.08774, 0.087751, 0.088032, 0.088311, 0.088702, 0.088734, 0.088913, 0.089786, 0.090314, 0.090525, 0.09056, 0.091384, 0.091454, 0.091484, 0.091694, 0.092146, 0.092369, 0.092371, 0.092482, 0.092815, 0.092861, 0.092992, 0.093027, 0.093125, 0.093132, 0.093457, 0.093583, 0.094505, 0.09477, 0.095046, 0.09533, 0.095458, 0.095676, 0.096244, 0.096299, 0.096876, 0.097326, 0.097492, 0.098009, 0.098131, 0.098149, 0.09838, 0.098636, 0.098705, 0.099009, 0.099209, 0.099375, 0.099471, 0.099773, 0.100864, 0.101087, 0.101442, 0.101497, 0.101945, 0.101952, 0.102084, 0.103316, 0.103523, 0.103942, 0.104353, 0.104942, 0.105135, 0.10533, 0.105518, 0.105522, 0.105556, 0.105571, 0.105605, 0.105814, 0.105823, 0.106395, 0.106487, 0.106867, 0.106929, 0.106936, 0.107454, 0.107786, 0.108039, 0.108259, 0.10833, 0.108897, 0.1089, 0.108995, 0.109132, 0.109652, 0.109748, 0.109841, 0.109938, 0.109959, 0.110039, 0.110381, 0.110438, 0.110782, 0.110927, 0.111655, 0.112368, 0.112397, 0.113259, 0.114336, 0.114647, 0.114859, 0.11488, 0.115526, 0.115567, 0.115629, 0.115669, 0.115992, 0.116277, 0.116397, 0.116414, 0.116485, 0.116551, 0.11707, 0.117202, 0.117217, 0.117235, 0.117538, 0.117591, 0.11771, 0.117801, 0.118355, 0.118683, 0.119002, 0.119229, 0.119255, 0.11982, 0.120073, 0.120216, 0.120594, 0.121075, 0.121404, 0.121409, 0.121427, 0.122482, 0.122491, 0.122502, 0.122888, 0.12391, 0.124225, 0.124504, 0.124865, 0.124913, 0.12498, 0.125199, 0.12573, 0.126213, 0.126587, 0.126611, 0.126868, 0.127037, 0.12708, 0.127084, 0.127203, 0.127315, 0.127527, 0.127535, 0.127723, 0.127846, 0.127915, 0.128548, 0.129082, 0.129311, 0.129369, 0.129678, 0.12999, 0.130162, 0.130339, 0.130402, 0.130412, 0.130421, 0.13066, 0.130697, 0.131271, 0.131541, 0.131913, 0.131971, 0.132011, 0.132322, 0.132524, 0.132547, 0.132901, 0.133263, 0.134009, 0.134413, 0.13442, 0.134699, 0.134768, 0.134808, 0.135232, 0.135274, 0.135315, 0.135393, 0.135556, 0.136076, 0.136505, 0.137159, 0.13743, 0.137508, 0.138046, 0.138105, 0.138126, 0.138258, 0.139232, 0.139491, 0.139861, 0.139893, 0.140095, 0.140213, 0.141096, 0.141503, 0.142694, 0.143232, 0.143382, 0.143537, 0.143604, 0.143888, 0.143896, 0.144229, 0.144439, 0.14449, 0.144542, 0.144885, 0.145258, 0.145327, 0.145734, 0.145755, 0.145908, 0.14598, 0.14616, 0.14624, 0.146325, 0.146331, 0.146344, 0.146949, 0.147142, 0.147365, 0.147684, 0.147972, 0.148677, 0.148835, 0.149124, 0.149172, 0.149717, 0.150098, 0.150202, 0.150277, 0.150465, 0.150821, 0.150989, 0.152162, 0.153996, 0.154205, 0.15452, 0.154771, 0.155186, 0.155253, 0.15548, 0.155649, 0.156489, 0.156896, 0.156902, 0.157575, 0.15775, 0.15788, 0.157891, 0.158577, 0.159001, 0.159486, 0.159731, 0.159783, 0.16016, 0.160175, 0.160395, 0.160454, 0.160468, 0.160606, 0.160772, 0.161262, 0.161571, 0.161573, 0.161693, 0.162146, 0.163608, 0.163736, 0.164641, 0.164731, 0.164963, 0.165291, 0.165357, 0.165902, 0.166454, 0.167072, 0.167709, 0.167825, 0.168325, 0.168612, 