{"sigma_r": 1.2164, "sigma_i": 0.2558, "m": 2, "seed": 3121239552, "n_k": {"1": 3312, "2": 803, "3": 247, "4": 69, "5": 17, "6+": 2}, "dlogr": [0.0, 0.0, 0.0, 0.000127, 0.000281, 0.000449, 0.00046, 0.00056, 0.000619, 0.000632, 0.000652, 0.00094, 0.000964, 0.000974, 0.001196, 0.001232, 0.001232, 0.001409, 0.001468, 0.001478, 0.002085, 0.002155, 0.002163, 0.002368, 0.002428, 0.002532, 0.002619, 0.002853, 0.003247, 0.00331, 0.003514, 0.003677, 0.003704, 0.003705, 0.003919, 0.003942, 0.003945, 0.004013, 0.004177, 0.004563, 0.004726, 0.004787, 0.004794, 0.005345, 0.005382, 0.005401, 0.005526, 0.00561, 0.0057, 0.00573, 0.005905, 0.005951, 0.006453, 0.006651, 0.007057, 0.007111, 0.007753, 0.007947, 0.007979, 0.008396, 0.008506, 0.00866, 0.008669, 0.008952, 0.009188, 0.009197, 0.009448, 0.00945, 0.009682, 0.009778, 0.009912, 0.010355, 0.01064, 0.010676, 0.010745, 0.010804, 0.010861, 0.011082, 0.01183, 0.011942, 0.012447, 0.012521, 0.012643, 0.013095, 0.013298, 0.013426, 0.013449, 0.013467, 0.013774, 0.013805, 0.014263, 0.014272, 0.014443, 0.014523, 0.014558, 0.014565, 0.014774, 0.015146, 0.015309, 0.015347, 0.015447, 0.015495, 0.01569, 0.015861, 0.016269, 0.016521, 0.01653, 0.016892, 0.017021, 0.017029, 0.017073, 0.017311, 0.017317, 0.017318, 0.017396, 0.017985, 0.01803, 0.01806, 0.018061, 0.018151, 0.01825, 0.018307, 0.01853, 0.018612, 0.018615, 0.018737, 0.018748, 0.01876, 0.01883, 0.01898, 0.019366, 0.019385, 0.019451, 0.020161, 0.020292, 0.020509, 0.02055, 0.020598, 0.02063, 0.020724, 0.020853, 0.021124, 0.021185, 0.021365, 0.021402, 0.021405, 0.021423, 0.021687, 0.021751, 0.0221, 0.022144, 0.022147, 0.022261, 0.022297, 0.022452, 0.022485, 0.022997, 0.023238, 0.023248, 0.023438, 0.023488, 0.023522, 0.02354, 0.02367, 0.023682, 0.023685, 0.024044, 0.024249, 0.024982, 0.025233, 0.025262, 0.025355, 0.025908, 0.026073, 0.026273, 0.026396, 0.026479, 0.026491, 0.026517, 0.02658, 0.026593, 0.026874, 0.027314, 0.027418, 0.02749, 0.02766, 0.027954, 0.028019, 0.028342, 0.028739, 0.028963, 0.029091, 0.029333, 0.029479, 0.029616, 0.029853, 0.029896, 0.030013, 0.030239, 0.030359, 0.030364, 0.030451, 0.03079, 0.030856, 0.031158, 0.031172, 0.031195, 0.031197, 0.031302, 0.031572, 0.031614, 0.031665, 0.031815, 0.032189, 0.032343, 0.032353, 0.032488, 0.032496, 0.032579, 0.032747, 0.032827, 0.032843, 0.032845, 0.032897, 0.03318, 0.033697, 0.033877, 0.033946, 0.033954, 0.033964, 0.034253, 0.034705, 0.034912, 0.034943, 0.03512, 0.035158, 0.035194, 0.035439, 0.035765, 0.035809, 0.035835, 0.035841, 0.035936, 0.035943, 0.036086, 0.036367, 0.036462, 0.036748, 0.036809, 0.036973, 0.037079, 0.037085, 0.037144, 0.037368, 0.037424, 0.037682, 0.03772, 0.037782, 0.038064, 0.038235, 0.038421, 0.03848, 0.038555, 0.038587, 0.038683, 0.03897, 0.039294, 0.039473, 0.039719, 0.039897, 0.040361, 0.040415, 0.040513, 0.040611, 0.04062, 0.040686, 0.040808, 0.040835, 0.041998, 0.042232, 0.042257, 0.042359, 0.042365, 0.042377, 0.042549, 0.042622, 0.042905, 0.042922, 0.043001, 0.043306, 0.043327, 0.043842, 0.043884, 0.043887, 0.043954, 0.044067, 0.044119, 0.044205, 0.044601, 0.044627, 0.044661, 0.044943, 0.044995, 0.045098, 0.045171, 0.045343, 0.045416, 0.045426, 0.045666, 0.045749, 0.04649, 0.046638, 0.046734, 0.046748, 0.047079, 0.047395, 0.047837, 0.047953, 0.048161, 0.04856, 0.04859, 0.04866, 0.048723, 0.049009, 0.049192, 0.049267, 0.049339, 0.049607, 0.049914, 0.050158, 0.050183, 0.050205, 0.050223, 0.050373, 0.050978, 0.051115, 0.051219, 0.051556, 0.051596, 0.051785, 0.052144, 0.052327, 0.052354, 0.052796, 0.052859, 0.052868, 0.052899, 0.05307, 0.053194, 0.053307, 0.053398, 0.053609, 0.053614, 0.053644, 0.053777, 0.053803, 0.053935, 0.054045, 0.054067, 0.054099, 0.054113, 0.054622, 0.054673, 0.054717, 0.054755, 0.054774, 0.054777, 0.054879, 0.054884, 0.055324, 0.055326, 0.055363, 0.055406, 0.056035, 0.056035, 0.05625, 0.056339, 0.056368, 0.056598, 0.056631, 0.056851, 0.056871, 0.057383, 0.057388, 0.05739, 0.057423, 0.057444, 0.057819, 0.057865, 0.057891, 0.057922, 0.05795, 0.058191, 0.058479, 0.058739, 0.058862, 0.059034, 0.059336, 0.059558, 0.060468, 0.060502, 0.060539, 0.060676, 0.060832, 0.061008, 0.06115, 0.061159, 0.061821, 0.062027, 0.062311, 0.062627, 0.062885, 0.063218, 0.063907, 0.064053, 0.064172, 0.064321, 0.064841, 0.065089, 0.065252, 0.065304, 0.065638, 0.065699, 0.066058, 0.066256, 0.066599, 0.066767, 0.066802, 0.067375, 0.067508, 0.067888, 0.067908, 0.067911, 0.067995, 0.068061, 0.068139, 0.06814, 0.068846, 0.069016, 0.069165, 0.06937, 0.069825, 0.070194, 0.070674, 0.071151, 0.071355, 0.07144, 0.071514, 0.071612, 0.071655, 0.071768, 0.071919, 0.071941, 0.072321, 0.072486, 0.072571, 0.072681, 0.072962, 0.07309, 0.073161, 0.073523, 0.073615, 0.073956, 0.074379, 0.074458, 0.074529, 0.074732, 0.074991, 0.07504, 0.075122, 0.07554, 0.075664, 0.075925, 0.075977, 0.076024, 0.076112, 0.076171, 0.076188, 0.076295, 0.076469, 0.076652, 0.076684, 0.07701, 0.077278, 0.077557, 0.077693, 0.077778, 0.07846, 0.078622, 0.078756, 0.078849, 0.078876, 0.078881, 0.078949, 0.079013, 0.079033, 0.079336, 0.079603, 0.079874, 0.079922, 0.080383, 0.080399, 0.080564, 0.080666, 0.080728, 0.080798, 0.080836, 0.08096, 0.08131, 0.081545, 0.081582, 0.081938, 0.082149, 0.082513, 0.082592, 0.082625, 0.082675, 0.082914, 0.08321, 0.083212, 0.083352, 0.083463, 0.083624, 0.083949, 0.08398, 0.084135, 0.084174, 0.084227, 0.084624, 0.084843, 0.085319, 0.085411, 0.085895, 0.085934, 0.085958, 0.086149, 0.086381, 0.086764, 0.086784, 0.087571, 0.08777, 0.088261, 0.089834, 0.089871, 0.089976, 0.090108, 0.090311, 0.090375, 0.090499, 0.09066, 0.090983, 0.091061, 0.091102, 0.091306, 0.091453, 0.092591, 0.092616, 0.092665, 0.093338, 0.093443, 0.093592, 0.093858, 0.094187, 0.094227, 0.094773, 0.094834, 0.09517, 0.095205, 0.095342, 0.095361, 0.095566, 0.095676, 0.095695, 0.095772, 0.09617, 0.096361, 0.096422, 0.096726, 0.096829, 0.097422, 0.097651, 0.097707, 0.098391, 0.098593, 0.098991, 0.099106, 0.099601, 0.099609, 0.099701, 0.100108, 0.10054, 0.100712, 0.100785, 0.100988, 0.101042, 0.101043, 0.10122, 0.101366, 0.101445, 0.1017, 0.101996, 0.102021, 0.102353, 0.102453, 0.102892, 0.102917, 0.102979, 0.103294, 0.10338, 0.104239, 0.104409, 0.104667, 0.104808, 0.105063, 0.105115, 0.105446, 0.105579, 0.106035, 0.106136, 0.10621, 0.106391, 0.106404, 0.106441, 0.106534, 0.10697, 0.106997, 0.107035, 0.107148, 0.107307, 0.107602, 0.107937, 0.108008, 0.108064, 0.108126, 0.108341, 0.108554, 0.108568, 0.108715, 0.108727, 0.109052, 0.109231, 0.109299, 0.109474, 0.109563, 0.10957, 0.109682, 0.10983, 0.109859, 0.10996, 0.110243, 0.110551, 0.110564, 0.110619, 0.111349, 0.111605, 0.111612, 0.111616, 0.111964, 0.111978, 0.11209, 0.112132, 0.112874, 0.113092, 0.113837, 0.113927, 0.113942, 0.114101, 0.114102, 0.114222, 0.114237, 0.114701, 0.114754, 0.114879, 0.115074, 0.115163, 0.115515, 0.115726, 0.116328, 0.116541, 0.11663, 0.116855, 0.117213, 0.117269, 0.117381, 0.11783, 0.118147, 0.118238, 0.118378, 0.118405, 0.118487, 0.118871, 0.119278, 0.119565, 0.120025, 0.120148, 0.120273, 0.120472, 0.12057, 0.120623, 0.120625, 0.121328, 0.121379, 0.121862, 0.121905, 0.121923, 0.122021, 0.122291, 0.122415, 0.122574, 0.122581, 0.122583, 0.122677, 0.122971, 0.123075, 0.123081, 0.123294, 0.123558, 0.12523, 0.125272, 0.125951, 0.126084, 0.126332, 0.126402, 0.126459, 0.12655, 0.126896, 0.127306, 0.127711, 0.128643, 0.128648, 0.12884, 0.129126, 0.12925, 0.129635, 0.129886, 0.13031, 0.130319, 0.131139, 0.131404, 0.13145, 0.131458, 0.13191, 0.131994, 0.132103, 0.132446, 0.13272, 0.133296, 0.13332, 0.13358, 0.13369, 0.134363, 0.134565, 0.134811, 0.135072, 0.135209, 0.135375, 0.135444, 0.135638, 0.135921, 0.136084, 0.136276, 0.136426, 0.136496, 0.136649, 0.136709, 0.136811, 0.137386, 0.137868, 0.137895, 0.137968, 0.138, 0.138511, 0.139094, 0.139169, 0.139327, 0.139614, 0.139619, 0.141217, 0.141489, 0.141935, 0.141947, 0.142014, 0.142166, 0.14222, 0.14235, 0.142447, 0.142899, 0.142952, 0.143045, 0.14311, 0.143182, 0.143386, 0.143444, 0.144009, 0.14407, 0.144369, 