{"sigma_r": 3.0, "sigma_i": 0.5349, "m": 5, "seed": 213824685, "n_k": {"1": 3378, "2": 880, "3": 248, "4": 65, "5": 14, "6+": 1}, "dlogr": [0.0, 1e-06, 0.000161, 0.000206, 0.000352, 0.000436, 0.000671, 0.000958, 0.00098, 0.001551, 0.001786, 0.002424, 0.002788, 0.003047, 0.003052, 0.003189, 0.003319, 0.003398, 0.003695, 0.003855, 0.003904, 0.004021, 0.004061, 0.004247, 0.004249, 0.004922, 0.004996, 0.005154, 0.005547, 0.005556, 0.005755, 0.005791, 0.005845, 0.00621, 0.006318, 0.006523, 0.006815, 0.006846, 0.006872, 0.006879, 0.006929, 0.007182, 0.007295, 0.007412, 0.007517, 0.007519, 0.007633, 0.007782, 0.007998, 0.008235, 0.008943, 0.009372, 0.009418, 0.009581, 0.009928, 0.010396, 0.010589, 0.010626, 0.011077, 0.011356, 0.011409, 0.011489, 0.01158, 0.011672, 0.012034, 0.012066, 0.012262, 0.012393, 0.012656, 0.012724, 0.012761, 0.012874, 0.012965, 0.013179, 0.013181, 0.013262, 0.013359, 0.013367, 0.013654, 0.013673, 0.013807, 0.014242, 0.014274, 0.014338, 0.014339, 0.014707, 0.014864, 0.01509, 0.015214, 0.015265, 0.015462, 0.015845, 0.015902, 0.016609, 0.016658, 0.016964, 0.017111, 0.017305, 0.017331, 0.017337, 0.017412, 0.017754, 0.017756, 0.017772, 0.017809, 0.017982, 0.01801, 0.018045, 0.018569, 0.018777, 0.018844, 0.018878, 0.018881, 0.019362, 0.019494, 0.019809, 0.02001, 0.020385, 0.020586, 0.020728, 0.020744, 0.02077, 0.020913, 0.020993, 0.021164, 0.02128, 0.021332, 0.021487, 0.021712, 0.021778, 0.021852, 0.021962, 0.022198, 0.022537, 0.023002, 0.023086, 0.02345, 0.023649, 0.023742, 0.023792, 0.024052, 0.024066, 0.024149, 0.024295, 0.024926, 0.025112, 0.025512, 0.025832, 0.026162, 0.026195, 0.026372, 0.026433, 0.026666, 0.027064, 0.027243, 0.027272, 0.027372, 0.027385, 0.027438, 0.027758, 0.028345, 0.028402, 0.028571, 0.028843, 0.029061, 0.029107, 0.029185, 0.029225, 0.029361, 0.029474, 0.029491, 0.02955, 0.029619, 0.030119, 0.030149, 0.030446, 0.0305, 0.030615, 0.031034, 0.031141, 0.031333, 0.03136, 0.031412, 0.031493, 0.031967, 0.032126, 0.03223, 0.032286, 0.032432, 0.032662, 0.032907, 0.033042, 0.033189, 0.033281, 0.033603, 0.033644, 0.033913, 0.033986, 0.034185, 0.034436, 0.034487, 0.034513, 0.034856, 0.035007, 0.035011, 0.035055, 0.035078, 0.035682, 0.035729, 0.035755, 0.035772, 0.035827, 0.036058, 0.036089, 0.036265, 0.03636, 0.03638, 0.036538, 0.036872, 0.036976, 0.037117, 0.037182, 0.037302, 0.037481, 0.037501, 0.037575, 0.037836, 0.037992, 0.03808, 0.038105, 0.038291, 0.038547, 0.038659, 0.038751, 0.039612, 0.039664, 0.039882, 0.040441, 0.040483, 0.040488, 0.040535, 0.040751, 0.040764, 0.040849, 0.040977, 0.041346, 0.041407, 0.041426, 0.04165, 0.041678, 0.041702, 0.041723, 0.041841, 0.042553, 0.042665, 0.042671, 0.042903, 0.043286, 0.0433, 0.043646, 0.043912, 0.044373, 0.044435, 0.044885, 0.045006, 0.04551, 0.045567, 0.045928, 0.046195, 0.046367, 0.046508, 0.046591, 0.046649, 0.046758, 0.046875, 0.046908, 0.047168, 0.047196, 0.047272, 0.047333, 0.0474, 0.047472, 0.047495, 0.047601, 0.047656, 0.04776, 0.047796, 0.047895, 0.047952, 0.048044, 0.048185, 0.04826, 0.048371, 0.048625, 0.048761, 0.049097, 0.049352, 0.049569, 0.049604, 0.049676, 0.049729, 0.050131, 0.050155, 0.050364, 0.050822, 0.050829, 0.051393, 0.051664, 0.051884, 0.052079, 0.052241, 0.052613, 0.05285, 0.052917, 0.053126, 0.053161, 0.053635, 0.053782, 0.05382, 0.054023, 0.054183, 0.054496, 0.054798, 0.055158, 0.055296, 0.055339, 0.055391, 0.055446, 0.055449, 0.055954, 0.05616, 0.05618, 0.056337, 0.056342, 0.056436, 0.056561, 0.056797, 0.056963, 0.057048, 0.057461, 0.057504, 0.057586, 0.057857, 0.057954, 0.057955, 0.057997, 0.058117, 0.058328, 0.058767, 0.058943, 0.059167, 0.059224, 0.059592, 0.059686, 0.059766, 0.05989, 0.059941, 0.060191, 0.060866, 0.060931, 0.061035, 0.061053, 0.061236, 0.061304, 0.061523, 0.061561, 0.061588, 0.06166, 0.061818, 0.061934, 0.061974, 0.062013, 0.06203, 0.062125, 0.062594, 0.063047, 0.063165, 0.063717, 0.063772, 0.063827, 0.064417, 0.064619, 0.065012, 0.065087, 0.065122, 0.06513, 0.065176, 0.065259, 0.065334, 0.065517, 0.065524, 0.065662, 0.065672, 0.065716, 0.065759, 0.065762, 0.065778, 0.066039, 0.066094, 0.066199, 0.066311, 0.066408, 0.066584, 0.066639, 0.066741, 0.066799, 0.066834, 0.066954, 0.067309, 0.06754, 0.067599, 0.067679, 0.067713, 0.067717, 0.068084, 0.068399, 0.068437, 0.068533, 0.068947, 0.069309, 0.069619, 0.069876, 0.070097, 0.070323, 0.070515, 0.070616, 0.070936, 0.07101, 0.071013, 0.071058, 0.071265, 0.071567, 0.071609, 0.071625, 0.071647, 0.071774, 0.071776, 0.071869, 0.071878, 0.071915, 0.072077, 0.072234, 0.07233, 0.072527, 0.072673, 0.072783, 0.073047, 0.073158, 0.073234, 0.07329, 0.073455, 0.073637, 0.073658, 0.073935, 0.073974, 0.074017, 0.074072, 0.074109, 0.074162, 0.074444, 0.074459, 0.074487, 0.074511, 0.074974, 0.075296, 0.075506, 0.07651, 0.076542, 0.076632, 0.076655, 0.076838, 0.077004, 0.077312, 0.077749, 0.077917, 0.078155, 0.078359, 0.078365, 0.078378, 0.078484, 0.078802, 0.079028, 0.079261, 0.079366, 0.079411, 0.079419, 0.079829, 0.080009, 0.080275, 0.080463, 0.080484, 0.080733, 0.080738, 0.081024, 0.081399, 0.081532, 0.081635, 0.082855, 0.08295, 0.083006, 0.083124, 0.083403, 0.083464, 0.083562, 0.083573, 0.083885, 0.084129, 0.084328, 0.084511, 0.084514, 0.084594, 0.084778, 0.08483, 0.085106, 0.085443, 0.085545, 0.08583, 0.085865, 0.085888, 0.086069, 0.086104, 0.08649, 0.086741, 0.086863, 0.087128, 0.087158, 0.087478, 0.087728, 0.087799, 0.087947, 0.087987, 0.088173, 0.088241, 0.088353, 0.088376, 0.088475, 0.088649, 0.088985, 0.089246, 0.089355, 0.090169, 0.090224, 0.090253, 0.090767, 0.090834, 0.090897, 0.092138, 0.092206, 0.092208, 0.092224, 0.092719, 0.092806, 0.093007, 0.093331, 0.093467, 0.093567, 0.093891, 0.095204, 0.095307, 0.095365, 0.095469, 0.095527, 0.095569, 0.095847, 0.096336, 0.096621, 0.097102, 0.097229, 0.097294, 0.09751, 0.097595, 0.097705, 0.098291, 0.098453, 0.098463, 0.098555, 0.098629, 0.098717, 0.09899, 0.099257, 0.100057, 0.100272, 0.100275, 0.100303, 0.100851, 0.100971, 0.101518, 0.101821, 0.101858, 0.101892, 0.10221, 0.102228, 0.102447, 0.102538, 0.102611, 0.102803, 0.102811, 0.102957, 0.103097, 0.10312, 0.103225, 0.103694, 0.103831, 0.104046, 0.104117, 0.104206, 0.104418, 0.104538, 0.104619, 0.104652, 0.104751, 0.104947, 0.105096, 0.105134, 0.105261, 0.105511, 0.105609, 0.106758, 0.106838, 0.10686, 0.107109, 0.107609, 0.107879, 0.108755, 0.108977, 0.109018, 0.109682, 0.109973, 0.110003, 0.110006, 0.110094, 0.110228, 0.110378, 0.11051, 0.110589, 0.110813, 0.111432, 0.112238, 0.11229, 0.112401, 0.112471, 0.112506, 0.112878, 0.112977, 0.113206, 0.11322, 0.113305, 0.113545, 0.113546, 0.113627, 0.113641, 0.113657, 0.113779, 0.113829, 0.113974, 0.114115, 0.114514, 0.11454, 0.115113, 0.115727, 0.115795, 0.116382, 0.116503, 0.11674, 0.116803, 0.117246, 0.117494, 0.117884, 0.117939, 0.118272, 0.118457, 0.118657, 0.118712, 0.118852, 0.119164, 0.119297, 0.119303, 0.119766, 0.119788, 0.120101, 0.120508, 0.121144, 0.121312, 0.121399, 0.121593, 0.121726, 0.121998, 0.1221, 0.122139, 0.12255, 0.122656, 0.123058, 0.123378, 0.124046, 0.124236, 0.124522, 0.124611, 0.124873, 0.125092, 0.125223, 0.12523, 0.125374, 0.125696, 0.125748, 0.125844, 0.12594, 0.125995, 0.126319, 0.126427, 0.12669, 0.127075, 0.127709, 0.127731, 0.128096, 0.128402, 0.128896, 0.128909, 0.129135, 0.129473, 0.129536, 0.130136, 0.13033, 0.130988, 0.130998, 0.131147, 0.131297, 0.131385, 0.131568, 0.131803, 0.131981, 0.132065, 0.132162, 0.132506, 0.133865, 0.13387, 0.134072, 0.134371, 0.13448, 0.1349, 0.13492, 0.135058, 0.135159, 0.136046, 0.136331, 0.13635, 0.136388, 0.136806, 0.137618, 0.13781, 0.137813, 0.137927, 0.138331, 0.138372, 0.138728, 0.138897, 0.139003, 0.139042, 0.139159, 0.13959, 0.139621, 0.140244, 0.140304, 0.140346, 0.140454, 0.141014, 0.141075, 0.141103, 0.14123, 0.14157, 0.141737, 0.141828, 0.142713, 0.142915, 0.143449, 0.143473, 0.144097, 0.14421, 0.144779, 0.145122, 0.145623, 0.145934, 0.14594, 0.146124, 0.146165, 0.1462, 0.147657, 0.148544, 0.148912, 0.149167, 0.149259, 0.149616, 0.149937, 0.150201, 0.150515, 