{"sigma_r": 3.0, "sigma_i": 1.1186, "m": 2, "seed": 1749339596, "n_k": {"1": 3415, "2": 829, "3": 201, "4": 39, "5": 8, "6+": 1}, "dlogr": [0.000141, 0.000145, 0.000199, 0.000215, 0.000241, 0.000307, 0.000371, 0.000391, 0.000639, 0.000985, 0.001095, 0.001185, 0.001567, 0.001784, 0.00297, 0.003874, 0.004133, 0.004582, 0.004676, 0.00494, 0.004999, 0.005079, 0.005392, 0.005452, 0.005452, 0.005915, 0.006219, 0.006297, 0.006374, 0.006468, 0.006614, 0.006771, 0.007174, 0.007223, 0.007419, 0.007924, 0.007965, 0.008521, 0.008551, 0.009146, 0.00959, 0.009615, 0.009973, 0.010357, 0.010366, 0.01075, 0.01079, 0.011895, 0.011973, 0.012601, 0.012828, 0.012865, 0.012966, 0.013184, 0.013369, 0.013411, 0.013475, 0.013925, 0.014403, 0.014505, 0.014763, 0.015447, 0.015796, 0.016598, 0.016698, 0.016825, 0.017134, 0.01758, 0.017999, 0.017999, 0.018157, 0.018176, 0.01853, 0.019243, 0.019461, 0.019722, 0.01975, 0.019797, 0.020208, 0.020395, 0.020581, 0.020586, 0.02061, 0.020826, 0.021113, 0.022028, 0.022169, 0.022642, 0.0233, 0.023348, 0.024328, 0.02452, 0.025001, 0.02508, 0.025776, 0.025785, 0.025834, 0.026067, 0.0261, 0.026362, 0.02673, 0.026936, 0.027137, 0.027234, 0.027331, 0.027356, 0.027595, 0.027989, 0.028336, 0.028614, 0.028794, 0.029114, 0.029129, 0.029134, 0.029318, 0.029392, 0.029593, 0.029732, 0.029844, 0.029988, 0.031002, 0.031032, 0.031215, 0.031554, 0.031584, 0.031609, 0.031644, 0.032111, 0.032777, 0.032934, 0.032985, 0.033204, 0.033397, 0.033641, 0.033777, 0.033851, 0.033885, 0.034033, 0.034093, 0.034535, 0.034535, 0.034576, 0.034613, 0.034861, 0.035242, 0.035425, 0.035601, 0.036262, 0.036601, 0.036703, 0.03698, 0.03757, 0.037611, 0.038801, 0.039236, 0.039593, 0.039738, 0.039879, 0.040245, 0.040285, 0.040377, 0.040688, 0.041264, 0.041388, 0.041956, 0.042056, 0.042485, 0.042737, 0.042925, 0.043029, 0.043118, 0.043164, 0.043272, 0.043495, 0.043572, 0.043975, 0.044, 0.044135, 0.044595, 0.044734, 0.045154, 0.045394, 0.045486, 0.045701, 0.045763, 0.045805, 0.046238, 0.046941, 0.047095, 0.047129, 0.047349, 0.047463, 0.047652, 0.047799, 0.048247, 0.04832, 0.048388, 0.048643, 0.048809, 0.049046, 0.049198, 0.049447, 0.049745, 0.050107, 0.050119, 0.05024, 0.050468, 0.050949, 0.050983, 0.051067, 0.051096, 0.051111, 0.051166, 0.052103, 0.052521, 0.052815, 0.052949, 0.053463, 0.053521, 0.054054, 0.054185, 0.054203, 0.054404, 0.054563, 0.054697, 0.054933, 0.05494, 0.055319, 0.055852, 0.056152, 0.056166, 0.056694, 0.056737, 0.057071, 0.057224, 0.05731, 0.057421, 0.057528, 0.057556, 0.057821, 0.057869, 0.058589, 0.058665, 0.059058, 0.059788, 0.060124, 0.06019, 0.060319, 0.060485, 0.060501, 0.06065, 0.06075, 0.06101, 0.061458, 0.061732, 0.061962, 0.062531, 0.062552, 0.062787, 0.062864, 0.063242, 0.063375, 0.063383, 0.06339, 0.063407, 0.064008, 0.064362, 0.064506, 0.064592, 0.065076, 0.065798, 0.065913, 0.066301, 0.066451, 0.066683, 0.066978, 0.067262, 0.0674, 0.067964, 0.06802, 0.068175, 0.068189, 0.068232, 0.068454, 0.068473, 0.068679, 0.06885, 0.069282, 0.069296, 0.06932, 0.069424, 0.069465, 0.069528, 0.069563, 0.069809, 0.070057, 0.070115, 0.070195, 0.070272, 0.070919, 0.071271, 0.071658, 0.071707, 0.071745, 0.071987, 0.072015, 0.072042, 0.072453, 0.072886, 0.073, 0.073193, 0.073246, 0.073338, 0.073664, 0.073791, 0.074122, 0.074352, 0.074625, 0.074754, 0.075186, 0.075559, 0.075674, 0.075689, 0.076052, 0.076106, 0.076383, 0.076473, 0.077503, 0.078233, 0.07828, 0.078308, 0.078597, 0.078611, 0.07929, 0.079565, 0.079783, 0.080032, 0.080141, 0.08036, 0.080704, 0.080786, 0.080818, 0.08085, 0.081128, 0.081264, 0.081467, 0.082188, 0.08293, 0.083015, 0.083042, 0.083044, 0.083536, 0.083769, 0.08441, 0.084443, 0.084637, 0.085011, 0.08513, 0.085203, 0.085394, 0.085961, 0.086129, 0.086356, 0.086556, 0.08674, 0.086981, 0.087414, 0.087437, 0.087503, 0.087699, 0.088001, 0.088076, 0.088099, 0.08826, 0.088287, 0.088341, 0.088493, 0.088941, 0.089069, 0.089244, 0.090066, 0.090317, 0.090649, 0.090723, 0.090856, 0.091092, 0.091145, 0.091782, 0.09185, 0.091891, 0.092096, 0.092164, 0.092705, 0.092907, 0.09316, 0.093306, 0.093343, 0.093508, 0.093655, 0.094216, 0.09425, 0.094513, 0.094638, 0.094798, 0.094911, 0.09532, 0.095375, 0.095625, 0.095983, 0.096174, 0.096855, 0.096856, 0.097187, 0.09736, 0.09797, 0.098085, 0.098194, 0.098502, 0.098548, 0.098737, 0.09893, 0.099281, 0.099473, 0.099475, 0.099549, 0.099961, 0.100017, 0.100121, 0.100405, 0.100828, 0.100915, 0.101107, 0.101177, 0.101289, 0.101564, 0.10169, 0.101704, 0.10173, 0.101922, 0.102025, 0.10203, 0.10211, 0.103003, 0.103247, 0.104619, 0.104857, 0.104969, 0.105134, 0.10525, 0.105267, 0.105409, 0.105963, 0.10657, 0.10663, 0.106682, 0.106748, 0.107115, 0.107144, 0.107338, 0.107467, 0.107555, 0.107592, 0.107834, 0.108303, 0.108323, 0.108588, 0.108843, 0.10887, 0.108901, 0.108902, 0.108928, 0.108973, 0.10935, 0.109427, 0.109994, 0.110077, 0.110287, 0.110927, 0.111466, 0.11233, 0.112411, 0.112537, 0.11325, 0.113302, 0.113547, 0.113584, 0.113614, 0.114361, 0.114918, 0.115106, 0.115422, 0.11546, 0.115801, 0.116098, 0.11618, 0.116476, 0.117176, 0.117449, 0.117875, 0.117921, 0.117979, 0.11798, 0.11804, 0.118325, 0.118344, 0.118345, 0.118648, 0.118754, 0.118769, 0.119643, 0.119844, 0.120096, 0.121021, 0.121056, 0.121127, 0.121682, 0.121687, 0.121841, 0.122189, 0.122244, 0.122418, 0.122776, 0.123105, 0.123277, 0.12338, 0.12368, 0.123873, 0.123899, 0.124176, 0.124423, 0.124546, 0.124649, 0.124991, 0.125387, 0.125516, 0.125698, 0.125707, 0.126382, 0.126595, 0.126892, 0.127018, 0.127238, 0.127396, 0.127537, 0.127705, 0.127943, 0.127948, 0.127949, 0.128021, 0.128335, 0.128365, 0.128623, 0.128894, 0.128903, 0.129432, 0.129457, 0.129514, 0.129815, 0.130205, 0.130307, 0.130498, 0.130652, 0.130666, 0.131194, 0.131346, 0.132059, 0.132142, 0.13221, 0.132389, 0.132558, 0.133142, 0.133284, 0.133416, 0.13362, 0.133735, 0.133753, 0.134572, 0.13476, 0.135677, 0.136538, 0.136574, 0.137263, 0.138076, 0.138257, 0.138819, 0.139006, 0.13939, 0.140313, 0.142014, 0.143154, 0.143204, 0.143233, 0.144225, 0.144592, 0.144837, 0.146211, 0.146241, 0.146473, 0.146526, 0.146535, 0.147231, 0.147237, 0.147549, 0.147722, 0.147736, 0.147898, 0.148035, 0.148194, 0.148217, 0.148556, 0.149142, 0.149429, 0.149717, 0.149982, 0.151113, 0.15142, 0.151466, 0.151806, 0.152264, 0.152283, 0.152364, 0.152675, 0.153803, 0.154144, 0.154677, 0.155368, 0.155452, 0.155541, 0.156063, 0.156078, 0.156392, 0.156394, 0.15646, 0.156477, 0.156726, 0.156738, 0.157236, 0.15744, 0.157547, 0.157771, 0.158134, 0.158724, 0.159022, 0.15909, 0.159308, 0.159664, 0.159728, 0.160091, 0.160274, 0.160999, 0.161044, 0.161084, 0.162352, 0.163367, 0.163556, 0.163864, 0.164015, 0.164246, 0.164333, 0.164338, 0.16437, 0.164509, 0.164795, 0.165347, 0.165471, 0.166463, 0.166755, 0.167362, 0.167402, 0.167456, 0.16746, 0.167944, 0.168363, 0.168695, 0.168721, 0.168759, 0.168815, 0.168936, 0.169171, 0.169938, 0.170278, 0.170588, 0.170999, 0.172236, 0.172276, 0.172912, 0.173145, 0.173704, 0.173758, 0.173903, 0.174005, 0.174425, 0.174657, 0.175483, 0.175642, 0.176813, 0.176832, 0.176912, 0.176991, 0.177051, 0.177624, 0.177892, 0.178266, 0.178792, 0.179045, 0.179166, 0.17924, 0.180227, 0.180521, 0.18066, 0.181712, 0.181728, 0.182862, 0.183633, 0.183683, 0.18688, 0.186964, 0.18704, 0.187399, 0.187754, 0.187871, 0.187978, 0.189563, 0.190286, 0.19066, 0.190767, 0.190822, 0.191396, 0.191489, 0.191657, 0.192292, 0.192802, 0.193734, 0.194065, 0.194284, 0.194734, 0.194978, 0.195231, 0.195527, 0.195812, 0.197911, 0.198129, 0.198316, 0.198618, 0.198736, 0.198894, 0.199592, 0.199643, 0.199967, 0.200233, 0.200326, 0.202053, 0.202388, 0.202507, 0.20261, 0.202669, 0.20315, 0.203347, 0.203894, 0.205357, 0.205452, 0.205497, 0.206194, 0.206285, 0.20634, 0.206616, 0.20701, 0.20716, 0.207482, 0.208328, 0.208412, 0.209298, 0.209375, 0.209622, 0.210046, 0.210308, 0.210786, 0.211077, 0.211104, 0.211125, 0.211171, 0.211249, 0.211552, 0.211792, 0.211839, 0.211916, 0.211938, 0.212473, 0.212701, 0.213115, 0.213209, 0.213281, 0.213667, 0.213854, 0.215089, 