{"sigma_r": 1.5244, "sigma_i": 0.8747, "m": 3, "seed": 2461823572, "n_k": {"1": 3448, "2": 833, "3": 243, "4": 56, "5": 5, "6+": 2}, "dlogr": [0.0, 0.0, 0.000423, 0.000498, 0.000554, 0.000789, 0.000836, 0.001061, 0.001065, 0.001287, 0.001523, 0.001569, 0.001665, 0.001927, 0.001982, 0.002264, 0.00246, 0.002597, 0.002969, 0.003142, 0.003152, 0.003223, 0.003423, 0.004407, 0.004414, 0.004671, 0.004757, 0.004817, 0.00519, 0.005313, 0.005462, 0.005489, 0.005671, 0.005841, 0.005936, 0.006006, 0.006059, 0.006168, 0.0064, 0.006401, 0.006466, 0.006497, 0.007126, 0.007445, 0.0078, 0.00787, 0.008365, 0.008414, 0.008731, 0.008918, 0.00907, 0.009081, 0.009259, 0.00943, 0.009562, 0.010034, 0.010058, 0.010285, 0.010322, 0.010494, 0.010532, 0.011075, 0.01109, 0.01109, 0.011285, 0.011329, 0.011422, 0.011493, 0.011692, 0.011733, 0.011828, 0.012062, 0.012552, 0.012581, 0.0127, 0.012761, 0.012882, 0.013094, 0.013601, 0.013689, 0.013734, 0.014828, 0.014835, 0.014861, 0.014931, 0.015266, 0.015637, 0.016043, 0.01646, 0.016849, 0.017137, 0.017382, 0.017457, 0.017593, 0.017676, 0.017692, 0.017726, 0.018241, 0.018558, 0.018981, 0.019294, 0.019439, 0.019444, 0.019479, 0.019599, 0.019599, 0.019702, 0.020043, 0.020045, 0.020069, 0.020647, 0.020701, 0.020821, 0.020831, 0.020842, 0.020846, 0.020862, 0.02091, 0.021129, 0.021372, 0.021823, 0.022381, 0.023043, 0.023103, 0.023182, 0.023273, 0.023541, 0.023754, 0.023997, 0.024101, 0.02425, 0.024737, 0.02485, 0.024965, 0.025156, 0.025159, 0.025267, 0.025359, 0.025876, 0.025888, 0.025895, 0.025956, 0.026055, 0.026109, 0.026172, 0.026437, 0.027205, 0.027398, 0.02744, 0.027705, 0.027871, 0.028213, 0.028225, 0.02922, 0.029284, 0.029356, 0.029403, 0.029591, 0.030213, 0.030238, 0.030409, 0.03059, 0.030803, 0.030954, 0.031104, 0.032217, 0.032264, 0.032516, 0.032546, 0.032748, 0.033006, 0.033115, 0.033591, 0.033788, 0.033798, 0.033847, 0.033874, 0.033986, 0.034099, 0.034437, 0.034745, 0.034905, 0.035031, 0.035328, 0.035547, 0.035548, 0.035679, 0.035795, 0.035967, 0.036496, 0.036646, 0.036725, 0.037074, 0.03717, 0.037231, 0.037331, 0.037497, 0.037512, 0.037618, 0.037782, 0.037782, 0.038563, 0.038942, 0.039186, 0.039455, 0.039601, 0.039791, 0.040554, 0.040779, 0.04079, 0.040844, 0.04088, 0.040906, 0.040983, 0.040984, 0.041001, 0.041113, 0.041342, 0.041713, 0.041965, 0.042839, 0.043141, 0.043159, 0.043423, 0.043514, 0.043515, 0.043675, 0.043774, 0.044262, 0.044393, 0.044501, 0.044684, 0.045253, 0.045627, 0.046073, 0.046299, 0.046345, 0.046346, 0.046539, 0.046636, 0.047095, 0.047095, 0.04738, 0.04741, 0.047731, 0.047786, 0.048093, 0.04811, 0.048116, 0.04815, 0.04824, 0.048409, 0.0486, 0.048807, 0.048922, 0.049101, 0.049147, 0.049676, 0.04981, 0.049868, 0.049952, 0.050236, 0.050488, 0.050602, 0.050699, 0.051536, 0.051573, 0.051878, 0.051894, 0.052005, 0.052217, 0.052632, 0.05271, 0.052881, 0.052903, 0.053071, 0.053849, 0.053956, 0.05398, 0.054043, 0.054051, 0.054203, 0.054239, 0.054404, 0.054464, 0.054496, 0.0545, 0.054838, 0.054904, 0.05522, 0.055322, 0.055471, 0.055506, 0.055528, 0.055569, 0.055678, 0.055681, 0.055682, 0.055707, 0.055832, 0.055864, 0.055907, 0.055954, 0.056151, 0.056492, 0.056664, 0.056668, 0.056697, 0.0568, 0.056804, 0.056999, 0.057605, 0.058258, 0.058787, 0.058872, 0.05916, 0.059167, 0.059542, 0.060042, 0.060348, 0.060617, 0.060649, 0.06085, 0.060895, 0.060942, 0.060973, 0.061026, 0.061477, 0.061977, 0.06216, 0.062556, 0.062734, 0.063195, 0.063284, 0.063358, 0.063548, 0.063668, 0.064116, 0.064168, 0.064191, 0.064418, 0.064463, 0.064524, 0.065027, 0.065076, 0.065139, 0.065278, 0.065315, 0.065443, 0.065486, 0.065515, 0.065609, 0.065766, 0.066099, 0.06614, 0.06626, 0.066494, 0.066521, 0.066881, 0.067114, 0.06734, 0.06773, 0.067739, 0.067822, 0.068005, 0.068031, 0.068032, 0.068069, 0.068223, 0.06827, 0.068539, 0.068551, 0.068567, 0.068676, 0.068707, 0.068713, 0.068981, 0.069296, 0.069322, 0.06936, 0.06962, 0.069674, 0.070208, 0.070385, 0.070386, 0.07072, 0.071105, 0.071167, 0.071312, 0.071687, 0.071691, 0.071702, 0.071966, 0.071997, 0.072076, 0.072269, 0.072279, 0.072463, 0.072525, 0.072576, 0.072625, 0.072702, 0.072712, 0.072969, 0.073207, 0.073456, 0.073564, 0.073686, 0.073714, 0.073743, 0.073819, 0.074399, 0.074872, 0.075076, 0.075229, 0.075353, 0.075507, 0.076018, 0.076097, 0.076251, 0.076508, 0.076584, 0.076988, 0.07718, 0.077556, 0.077843, 0.077943, 0.077964, 0.077974, 0.078183, 0.078261, 0.078478, 0.078585, 0.078588, 0.079231, 0.079255, 0.079611, 0.079647, 0.079811, 0.079814, 0.079941, 0.080335, 0.080351, 0.080559, 0.080648, 0.081002, 0.081102, 0.081186, 0.081475, 0.081533, 0.081611, 0.081712, 0.081767, 0.081936, 0.082188, 0.082194, 0.082482, 0.082582, 0.082665, 0.082928, 0.083178, 0.083459, 0.083548, 0.083586, 0.083847, 0.083952, 0.084596, 0.084726, 0.0849, 0.084936, 0.085152, 0.085333, 0.085408, 0.085644, 0.086342, 0.086661, 0.086685, 0.086983, 0.087103, 0.08718, 0.087449, 0.087802, 0.087901, 0.088141, 0.088202, 0.088259, 0.088351, 0.088448, 0.088579, 0.089048, 0.089187, 0.089374, 0.089394, 0.089909, 0.090951, 0.090977, 0.091314, 0.091608, 0.09169, 0.092003, 0.092068, 0.092227, 0.092615, 0.092622, 0.092673, 0.09282, 0.0929, 0.092908, 0.092931, 0.092997, 0.093304, 0.09335, 0.093457, 0.093666, 0.093768, 0.093965, 0.09399, 0.0942, 0.094485, 0.094579, 0.094661, 0.095197, 0.0955, 0.095558, 0.096028, 0.096135, 0.096239, 0.096538, 0.096642, 0.097373, 0.097795, 0.098763, 0.098902, 0.099114, 0.099223, 0.100182, 0.100205, 0.100474, 0.100898, 0.101227, 0.101262, 0.101415, 0.101666, 0.101669, 0.10173, 0.101777, 0.101896, 0.102209, 0.102644, 0.102796, 0.102838, 0.102849, 0.103115, 0.103278, 0.103657, 0.103763, 0.103844, 0.104513, 0.104611, 0.105039, 0.105041, 0.10526, 0.105293, 0.105749, 0.10596, 0.106503, 0.107179, 0.107395, 0.107829, 0.107885, 0.107906, 0.108013, 0.108148, 0.108318, 0.108323, 0.108794, 0.108835, 0.108978, 0.109571, 0.109599, 0.109699, 0.109748, 0.109877, 0.109904, 0.11014, 0.110144, 0.110461, 0.111117, 0.111492, 0.111656, 0.111924, 0.112111, 0.11219, 0.11221, 0.112454, 0.112752, 0.112779, 0.113104, 0.113132, 0.113268, 0.113417, 0.113681, 0.113752, 0.114136, 0.114195, 0.114257, 0.114416, 0.115518, 0.116182, 0.116234, 0.116512, 0.116769, 0.116899, 0.117108, 0.117116, 0.117193, 0.117482, 0.118335, 0.118389, 0.118861, 0.119268, 0.119275, 0.120599, 0.120719, 0.121154, 0.121288, 0.121369, 0.121497, 0.121585, 0.121641, 0.121663, 0.122265, 0.122586, 0.122802, 0.123264, 0.123332, 0.123337, 0.123518, 0.123648, 0.123853, 0.123889, 0.123959, 0.124385, 0.124399, 0.124681, 0.124698, 0.124747, 0.125233, 0.126053, 0.126363, 0.126434, 0.126686, 0.126745, 0.126874, 0.126941, 0.126968, 0.12714, 0.127193, 0.127261, 0.127372, 0.127396, 0.127473, 0.127658, 0.128159, 0.12833, 0.128582, 0.128628, 0.128784, 0.128807, 0.128862, 0.128984, 0.128985, 0.129116, 0.130329, 0.130617, 0.13071, 0.131756, 0.132, 0.132148, 0.132604, 0.133773, 0.133779, 0.133859, 0.133957, 0.134066, 0.13422, 0.134517, 0.1346, 0.134873, 0.135229, 0.135504, 0.136029, 0.136764, 0.137098, 0.137263, 0.137367, 0.137858, 0.138027, 0.138433, 0.138808, 0.13929, 0.139678, 0.139851, 0.140474, 0.140957, 0.141305, 0.141431, 0.141476, 0.14152, 0.141975, 0.142216, 0.142283, 0.14259, 0.142593, 0.14277, 0.142909, 0.143002, 0.143249, 0.143667, 0.143672, 0.143747, 0.143934, 0.144093, 0.144279, 0.144802, 0.144965, 0.145065, 0.145353, 0.145618, 0.146124, 0.146422, 0.147063, 0.147098, 0.147226, 0.147376, 0.147509, 0.1476, 0.147717, 0.14783, 0.147841, 0.148042, 0.148153, 0.148273, 0.148289, 0.148844, 0.149258, 0.149657, 0.149721, 0.149894, 0.1499, 0.150019, 0.150028, 0.150549, 0.150629, 0.15063, 0.150708, 0.150844, 0.151072, 0.151279, 0.151663, 0.151723, 0.151733, 0.15174, 0.151807, 0.15182, 0.152213, 0.152723, 0.152829, 0.153145, 0.153362, 0.153399, 0.154207, 0.154224, 0.154552, 0.154616, 0.154716, 0.155338, 0.155385, 0.155805, 0.156421, 0.156509, 0.156857, 0.156858, 0.157072, 0.157164, 0.157337, 0.158379, 0.158483, 0.158852, 0.158914, 0.159173, 0.159485, 0.159713, 0.159736, 0.159812, 