{"sigma_r": 2.3939, "sigma_i": 0.684, "m": 0, "seed": 2280299982, "n_k": {"1": 3397, "2": 810, "3": 219, "4": 41, "5": 4, "6+": 2}, "dlogr": [0.00012, 0.000511, 0.000517, 0.000547, 0.000632, 0.001772, 0.001843, 0.002006, 0.002551, 0.002585, 0.002606, 0.002798, 0.003284, 0.0034, 0.003436, 0.003779, 0.003958, 0.003987, 0.004801, 0.005035, 0.005107, 0.006139, 0.006374, 0.007228, 0.007355, 0.007527, 0.008068, 0.008206, 0.008335, 0.008409, 0.008591, 0.008786, 0.008972, 0.009193, 0.009603, 0.009849, 0.010107, 0.010295, 0.010376, 0.010676, 0.010695, 0.011357, 0.01155, 0.011705, 0.011729, 0.011892, 0.011997, 0.012183, 0.012407, 0.01252, 0.012643, 0.012747, 0.013214, 0.013412, 0.013471, 0.013665, 0.01448, 0.015314, 0.015471, 0.01548, 0.015585, 0.015738, 0.015946, 0.016471, 0.016476, 0.016489, 0.016573, 0.016855, 0.017025, 0.017074, 0.017135, 0.017384, 0.017815, 0.018093, 0.018227, 0.018457, 0.018559, 0.018832, 0.019209, 0.019546, 0.019726, 0.019879, 0.020531, 0.020937, 0.021295, 0.021645, 0.022259, 0.022397, 0.023112, 0.023124, 0.023693, 0.023698, 0.023744, 0.023751, 0.023779, 0.023804, 0.023841, 0.024182, 0.024221, 0.024252, 0.024533, 0.024633, 0.025022, 0.025262, 0.02556, 0.025773, 0.025929, 0.026099, 0.026156, 0.026323, 0.026567, 0.027062, 0.027123, 0.027142, 0.027312, 0.027404, 0.027525, 0.027646, 0.027649, 0.027949, 0.02803, 0.028191, 0.028411, 0.028847, 0.029649, 0.030364, 0.030439, 0.030607, 0.030649, 0.030673, 0.030835, 0.03089, 0.030924, 0.031093, 0.031785, 0.031828, 0.032321, 0.032604, 0.032643, 0.032674, 0.032769, 0.032777, 0.033475, 0.03362, 0.034289, 0.034296, 0.034986, 0.035468, 0.035749, 0.03589, 0.036556, 0.036883, 0.037016, 0.037697, 0.038066, 0.038168, 0.038362, 0.038493, 0.038899, 0.038928, 0.039025, 0.039214, 0.039347, 0.039497, 0.039668, 0.040106, 0.040109, 0.040211, 0.040291, 0.040404, 0.040566, 0.040875, 0.040931, 0.042089, 0.042339, 0.042388, 0.043168, 0.043343, 0.043527, 0.043778, 0.04382, 0.043942, 0.044043, 0.044182, 0.044258, 0.045026, 0.045208, 0.045697, 0.046003, 0.046539, 0.046553, 0.047228, 0.047271, 0.047514, 0.047589, 0.047909, 0.048012, 0.048092, 0.04815, 0.048164, 0.048303, 0.048674, 0.04901, 0.049246, 0.049292, 0.049636, 0.049916, 0.050247, 0.050293, 0.050322, 0.050363, 0.050461, 0.050608, 0.050668, 0.050887, 0.051093, 0.05113, 0.051157, 0.051315, 0.051478, 0.051579, 0.051657, 0.051738, 0.051772, 0.052018, 0.052643, 0.052828, 0.052869, 0.05341, 0.053425, 0.053612, 0.053716, 0.053927, 0.05401, 0.054577, 0.054586, 0.054622, 0.054808, 0.054965, 0.054979, 0.055336, 0.055376, 0.055403, 0.05557, 0.055874, 0.055876, 0.056007, 0.05623, 0.056401, 0.056407, 0.056425, 0.056482, 0.056664, 0.056993, 0.057075, 0.057167, 0.057168, 0.057209, 0.057432, 0.057756, 0.058404, 0.058527, 0.058528, 0.058625, 0.058789, 0.059087, 0.059362, 0.059386, 0.059975, 0.060147, 0.060406, 0.060849, 0.06098, 0.061008, 0.061357, 0.061721, 0.06203, 0.062175, 0.062347, 0.062357, 0.062364, 0.062435, 0.062942, 0.063097, 0.06314, 0.063404, 0.063566, 0.063774, 0.064089, 0.06434, 0.064564, 0.064741, 0.065155, 0.065165, 0.065387, 0.065419, 0.065438, 0.065532, 0.065631, 0.065668, 0.065682, 0.065858, 0.065888, 0.066105, 0.06621, 0.066252, 0.066407, 0.066599, 0.066832, 0.067387, 0.068155, 0.068535, 0.069052, 0.069397, 0.069416, 0.069804, 0.069823, 0.069868, 0.069882, 0.070345, 0.070697, 0.071342, 0.071426, 0.071828, 0.07253, 0.072591, 0.072617, 0.072795, 0.072905, 0.072919, 0.073111, 0.073133, 0.073257, 0.073348, 0.073425, 0.073785, 0.073792, 0.073882, 0.074085, 0.07418, 0.074186, 0.07455, 0.074568, 0.075064, 0.075256, 0.075342, 0.075476, 0.075699, 0.075818, 0.076005, 0.07634, 0.076347, 0.076618, 0.076663, 0.076791, 0.077352, 0.077567, 0.07782, 0.078218, 0.078919, 0.079, 0.079452, 0.079764, 0.079782, 0.07994, 0.080107, 0.080709, 0.080788, 0.081107, 0.081374, 0.08138, 0.081445, 0.08174, 0.082207, 0.082307, 0.082491, 0.082553, 0.082723, 0.08299, 0.083238, 0.083698, 0.083735, 0.083896, 0.084107, 0.084484, 0.084995, 0.085264, 0.085428, 0.085449, 0.085687, 0.086024, 0.086148, 0.086171, 0.086865, 0.086913, 0.087161, 0.087416, 0.087506, 0.087971, 0.088009, 0.088278, 0.088327, 0.088676, 0.08899, 0.089007, 0.089082, 0.089222, 0.089559, 0.089642, 0.090052, 0.090102, 0.090189, 0.0902, 0.090441, 0.090884, 0.090894, 0.091252, 0.091264, 0.091337, 0.091393, 0.091411, 0.091418, 0.091646, 0.09169, 0.091693, 0.091868, 0.091889, 0.091973, 0.092043, 0.092223, 0.092366, 0.09245, 0.092551, 0.092556, 0.093183, 0.093325, 0.09354, 0.093829, 0.093866, 0.093901, 0.094507, 0.094518, 0.094976, 0.095083, 0.095173, 0.095337, 0.095437, 0.095755, 0.095837, 0.096075, 0.096272, 0.096433, 0.096491, 0.096548, 0.096574, 0.09669, 0.096797, 0.097037, 0.097369, 0.097608, 0.097797, 0.097885, 0.098002, 0.098165, 0.098786, 0.098865, 0.098933, 0.099338, 0.099404, 0.099446, 0.099476, 0.099629, 0.099768, 0.099777, 0.100009, 0.100143, 0.100287, 0.100398, 0.101166, 0.10168, 0.101894, 0.102166, 0.102674, 0.103062, 0.103085, 0.103119, 0.10322, 0.104016, 0.104037, 0.104337, 0.104701, 0.10492, 0.104949, 0.105392, 0.106486, 0.106573, 0.106801, 0.106906, 0.106932, 0.107202, 0.107831, 0.107859, 0.108335, 0.108449, 0.108668, 0.108766, 0.109551, 0.109677, 0.1099, 0.110375, 0.110393, 0.110495, 0.110507, 0.110526, 0.11098, 0.111065, 0.111166, 0.111447, 0.111486, 0.111554, 0.111734, 0.111785, 0.112134, 0.112361, 0.112536, 0.112751, 0.11283, 0.113082, 0.113131, 0.113412, 0.11362, 0.113951, 0.113957, 0.114652, 0.114873, 0.115043, 0.115144, 0.115358, 0.115372, 0.11569, 0.116098, 0.116104, 0.11616, 0.116411, 0.116445, 0.116477, 0.117189, 0.11724, 0.117397, 0.117642, 0.118091, 0.11829, 0.118515, 0.118951, 0.119031, 0.119075, 0.11909, 0.119147, 0.119281, 0.119442, 0.119907, 0.12002, 0.120168, 0.120221, 0.120248, 0.120829, 0.120971, 0.121256, 0.121555, 0.121825, 0.121853, 0.12209, 0.122364, 0.122382, 0.122873, 0.122875, 0.123069, 0.123141, 0.123385, 0.123683, 0.123694, 0.124246, 0.124355, 0.125061, 0.125165, 0.125203, 0.125959, 0.126771, 0.127301, 0.12735, 0.127597, 0.12795, 0.128648, 0.129044, 0.129211, 0.129289, 0.129548, 0.129885, 0.129952, 0.13005, 0.130153, 0.130158, 0.130348, 0.130409, 0.130495, 0.130798, 0.130869, 0.1314, 0.131496, 0.13151, 0.1332, 0.133218, 0.133392, 0.133562, 0.133613, 0.13376, 0.134105, 0.134235, 0.134334, 0.135006, 0.135439, 0.135653, 0.135882, 0.136159, 0.136411, 0.137038, 0.137204, 0.13782, 0.137856, 0.138209, 0.138774, 0.138866, 0.138907, 0.138952, 0.13896, 0.139955, 0.140111, 0.140296, 0.140297, 0.140502, 0.14102, 0.141277, 0.141377, 0.141593, 0.141697, 0.141813, 0.142383, 0.142578, 0.142665, 0.142908, 0.143226, 0.143727, 0.144192, 0.144253, 0.144699, 0.144758, 0.145141, 0.14515, 0.145639, 0.146034, 0.146637, 0.146927, 0.147152, 0.147298, 0.147537, 0.147966, 0.148092, 0.148325, 0.148941, 0.149171, 0.149374, 0.149607, 0.149843, 0.150066, 0.150245, 0.150282, 0.150391, 0.150413, 0.150749, 0.1511, 0.151403, 0.151415, 0.151593, 0.151975, 0.152343, 0.152533, 0.152661, 0.152789, 0.15288, 0.153181, 0.153322, 0.154977, 0.1559, 0.156126, 0.156331, 0.156464, 0.156498, 0.156571, 0.157019, 0.157552, 0.157642, 0.157674, 0.158484, 0.159543, 0.160009, 0.160159, 0.160595, 0.160608, 0.160762, 0.160883, 0.16093, 0.161122, 0.161197, 0.161372, 0.161924, 0.162569, 0.162697, 0.16292, 0.16365, 0.164519, 0.164583, 0.165232, 0.16538, 0.165732, 0.166301, 0.166346, 0.167224, 0.169085, 0.169685, 0.16993, 0.169938, 0.170008, 0.17026, 0.170742, 0.171068, 0.171276, 0.172126, 0.172251, 0.172492, 0.172574, 0.172599, 0.172627, 0.172689, 0.172728, 0.173055, 0.173056, 0.173121, 0.173505, 0.173511, 0.174213, 0.175622, 0.175964, 0.176081, 0.176515, 0.17707, 0.178172, 0.178494, 0.178854, 0.179861, 0.180069, 0.18008, 0.180129, 0.180349, 0.180422, 0.180931, 0.180964, 0.181469, 0.181562, 0.181811, 0.181875, 0.182339, 0.1824, 0.183079, 0.183323, 0.183522, 0.183859, 0.184553, 0.185178, 0.185493, 0.185796, 0.185911, 0.186221, 0.18849, 0.188945, 0.188946, 0.189452, 0.189914, 0.190215, 0.190336, 0.191052, 0.191079, 0.191618, 0.191758, 0.191797, 